session,wfz,b2_key,local_bytes,in_b2,b2_bytes,b2_uploaded_utc,error
test/2026-02-17/1,Y:\Subjects\test\2026-02-17\1\widefield.wfz,subjects/test/2026-02-17/1/widefield.wfz,505364720,True,505364720,2026-08-06T09:20:22+00:00,
AL_0033/2025-03-17/1,Y:\Subjects\AL_0033\2025-03-17\1\widefield.wfz,subjects/AL_0033/2025-03-17/1/widefield.wfz,682336506,True,682336506,2026-08-05T16:19:39+00:00,
ZYE_0035/2021-07-17/1,Y:\Subjects\ZYE_0035\2021-07-17\1\widefield.wfz,subjects/ZYE_0035/2021-07-17/1/widefield.wfz,721753613,True,721753613,2026-08-06T07:24:59+00:00,
AL_0048/2026-06-11/4,Y:\Subjects\AL_0048\2026-06-11\4\widefield.wfz,subjects/AL_0048/2026-06-11/4/widefield.wfz,1276669694,True,1276669694,2026-08-05T05:14:21+00:00,
Subjects/test/2025-11-04,Y:\Subjects\test\2025-11-04\1.wfz,subjects/test/2025-11-04/1.wfz,1441369072,True,1441369072,2026-08-06T09:07:32+00:00,
default/2025-03-05/3,Y:\Subjects\default\2025-03-05\3\widefield.wfz,subjects/default/2025-03-05/3/widefield.wfz,1860513193,True,1860513193,2026-08-06T09:13:27+00:00,
test/2025-11-05/1,Y:\Subjects\test\2025-11-05\1\1.wfz,subjects/test/2025-11-05/1/1.wfz,4193621602,True,4193621602,2026-08-06T09:07:48+00:00,
AL_0033/2025-02-24/3,Y:\Subjects\AL_0033\2025-02-24\3\3.wfz,subjects/AL_0033/2025-02-24/3/3.wfz,6001539791,True,6001539791,2026-08-05T16:12:17+00:00,
ZYE_0008/2020-07-25/1,Y:\Subjects\ZYE_0008\2020-07-25\1\widefield.wfz,subjects/ZYE_0008/2020-07-25/1/widefield.wfz,8870590325,True,8870590325,2026-08-06T06:35:34+00:00,
SM_0001/2020-09-03/1,Y:\Subjects\SM_0001\2020-09-03\1\widefield.wfz,subjects/SM_0001/2020-09-03/1/widefield.wfz,12918583663,True,12918583663,2026-08-06T03:04:45+00:00,
AL_0023/2023-05-15/5,Y:\Subjects\AL_0023\2023-05-15\5\widefield.wfz,subjects/AL_0023/2023-05-15/5/widefield.wfz,13216733344,True,13216733344,2026-08-05T05:08:51+00:00,
ZYE_0007/2020-07-29/1,Y:\Subjects\ZYE_0007\2020-07-29\1\widefield.wfz,subjects/ZYE_0007/2020-07-29/1/widefield.wfz,14704817866,True,14704817866,2026-08-06T06:35:58+00:00,
ZYE_0046/2021-11-27/2,Y:\Subjects\ZYE_0046\2021-11-27\2\widefield.wfz,subjects/ZYE_0046/2021-11-27/2/widefield.wfz,192366063076,True,192366063076,2026-08-06T07:37:09+00:00,
AL_0033/2025-01-17/1,\\sahale.biostr.washington.edu\data\Subjects\AL_0033\2025-01-17\1\widefield.wfz,subjects/AL_0033/2025-01-17/1/widefield.wfz,122923655024,True,122923655024,2026-08-05T16:08:55+00:00,
ZYE_0069/2023-11-20/1,\\sahale.biostr.washington.edu\data\Subjects\ZYE_0069\2023-11-20\1\widefield.wfz,subjects/ZYE_0069/2023-11-20/1/widefield.wfz,130299116292,True,130299116292,2026-08-06T07:38:38+00:00,
AL_0033/2025-06-08/2,\\sahale.biostr.washington.edu\data\Subjects\AL_0033\2025-06-08\2\widefield.wfz,subjects/AL_0033/2025-06-08/2/widefield.wfz,121988449690,True,121988449690,2026-08-05T23:01:49+00:00,
AL_0033/2025-06-06/3,\\sahale.biostr.washington.edu\data\Subjects\AL_0033\2025-06-06\3\widefield.wfz,subjects/AL_0033/2025-06-06/3/widefield.wfz,127552796550,True,127552796550,2026-08-05T16:58:21+00:00,
AL_0039/2025-04-26/1,\\sahale.biostr.washington.edu\data\Subjects\AL_0039\2025-04-26\1\widefield.wfz,subjects/AL_0039/2025-04-26/1/widefield.wfz,131702309610,True,131702309610,2026-08-05T05:16:31+00:00,
AL_0033/2025-04-28/1,\\sahale.biostr.washington.edu\data\Subjects\AL_0033\2025-04-28\1\widefield.wfz,subjects/AL_0033/2025-04-28/1/widefield.wfz,129788354030,True,129788354030,2026-08-05T16:37:20+00:00,
ZYE_0046/2021-11-29/1,\\sahale.biostr.washington.edu\data\Subjects\ZYE_0046\2021-11-29\1\widefield.wfz,subjects/ZYE_0046/2021-11-29/1/widefield.wfz,155571900071,True,155571900071,2026-08-06T07:37:50+00:00,
AB_0032/2024-04-16/1,\\sahale.biostr.washington.edu\data\Subjects\AB_0032\2024-04-16\1\widefield.wfz,subjects/AB_0032/2024-04-16/1/widefield.wfz,145981130097,True,145981130097,2026-08-05T05:12:40+00:00,
AL_0033/2025-03-03/2,\\sahale.biostr.washington.edu\data\Subjects\AL_0033\2025-03-03\2\widefield.wfz,subjects/AL_0033/2025-03-03/2/widefield.wfz,112440590229,True,112440590229,2026-08-05T16:17:51+00:00,
AL_0033/2025-06-07/3,\\sahale.biostr.washington.edu\data\Subjects\AL_0033\2025-06-07\3\widefield.wfz,subjects/AL_0033/2025-06-07/3/widefield.wfz,116864674076,True,116864674076,2026-08-05T17:00:35+00:00,
AL_0041/2026-05-27/1,\\sahale.biostr.washington.edu\data\Subjects\AL_0041\2026-05-27\1\widefield.wfz,subjects/AL_0041/2026-05-27/1/widefield.wfz,103444599577,True,103444599577,2026-08-05T16:16:11+00:00,
LK_0003/2021-05-21/3,\\sahale.biostr.washington.edu\data\Subjects\LK_0003\2021-05-21\3\widefield.wfz,subjects/LK_0003/2021-05-21/3/widefield.wfz,118495014848,True,118495014848,2026-08-05T23:09:28+00:00,
ZYE_0012/2020-12-03/1,\\sahale.biostr.washington.edu\data\Subjects\ZYE_0012\2020-12-03\1\widefield.wfz,subjects/ZYE_0012/2020-12-03/1/widefield.wfz,125116891125,True,125116891125,2026-08-06T06:44:58+00:00,
LK_0001/2021-04-06/2,\\sahale.biostr.washington.edu\data\Subjects\LK_0001\2021-04-06\2\widefield.wfz,subjects/LK_0001/2021-04-06/2/widefield.wfz,132876272972,True,132876272972,2026-08-05T21:16:58+00:00,
ZYE_0069/2023-08-17/5,\\sahale.biostr.washington.edu\data\Subjects\ZYE_0069\2023-08-17\5\widefield.wfz,subjects/ZYE_0069/2023-08-17/5/widefield.wfz,115728777689,True,115728777689,2026-08-06T07:39:53+00:00,
LK_0001/2021-04-07/1,\\sahale.biostr.washington.edu\data\Subjects\LK_0001\2021-04-07\1\widefield.wfz,subjects/LK_0001/2021-04-07/1/widefield.wfz,126112644720,True,126112644720,2026-08-05T21:16:11+00:00,
AL_0033/2025-04-18/4,\\sahale.biostr.washington.edu\data\Subjects\AL_0033\2025-04-18\4\widefield.wfz,subjects/AL_0033/2025-04-18/4/widefield.wfz,101477536803,True,101477536803,2026-08-07T21:27:03+00:00,
AL_0033/2024-07-12/1,\\sahale.biostr.washington.edu\data\Subjects\AL_0033\2024-07-12\1\widefield.wfz,subjects/AL_0033/2024-07-12/1/widefield.wfz,104451825215,True,104451825215,2026-08-08T01:13:09+00:00,
AL_0033/2025-01-21/1,\\sahale.biostr.washington.edu\data\Subjects\AL_0033\2025-01-21\1\widefield.wfz,subjects/AL_0033/2025-01-21/1/widefield.wfz,103769452226,True,103769452226,2026-08-07T16:22:45+00:00,
AL_0048/2026-07-10/3,\\sahale.biostr.washington.edu\data\Subjects\AL_0048\2026-07-10\3\widefield.wfz,subjects/AL_0048/2026-07-10/3/widefield.wfz,99197475690,True,99197475690,2026-08-07T01:02:56+00:00,
ZYE_0058/2022-03-09/1,\\sahale.biostr.washington.edu\data\Subjects\ZYE_0058\2022-03-09\1\widefield.wfz,subjects/ZYE_0058/2022-03-09/1/widefield.wfz,113769903627,True,113769903627,2026-08-06T07:39:36+00:00,
AL_0039/2025-04-28/1,\\sahale.biostr.washington.edu\data\Subjects\AL_0039\2025-04-28\1\widefield.wfz,subjects/AL_0039/2025-04-28/1/widefield.wfz,110332315819,True,110332315819,2026-08-07T00:49:08+00:00,
AB_0032/2024-06-28/1,\\sahale.biostr.washington.edu\data\Subjects\AB_0032\2024-06-28\1\widefield.wfz,subjects/AB_0032/2024-06-28/1/widefield.wfz,115379509534,True,115379509534,2026-08-07T19:58:47+00:00,
AL_0041/2026-05-26/1,\\sahale.biostr.washington.edu\data\Subjects\AL_0041\2026-05-26\1\widefield.wfz,subjects/AL_0041/2026-05-26/1/widefield.wfz,93744301772,True,93744301772,2026-08-07T17:16:05+00:00,
AB_0032/2024-07-24/1,\\sahale.biostr.washington.edu\data\Subjects\AB_0032\2024-07-24\1\widefield.wfz,subjects/AB_0032/2024-07-24/1/widefield.wfz,108934842267,True,108934842267,2026-08-07T00:51:21+00:00,
AL_0033/2025-04-30/1,\\sahale.biostr.washington.edu\data\Subjects\AL_0033\2025-04-30\1\widefield.wfz,subjects/AL_0033/2025-04-30/1/widefield.wfz,100105219900,True,100105219900,2026-08-10T22:25:20+00:00,
AL_0035/2025-04-24/1,\\sahale.biostr.washington.edu\data\Subjects\AL_0035\2025-04-24\1\widefield.wfz,subjects/AL_0035/2025-04-24/1/widefield.wfz,102843430840,True,102843430840,2026-08-07T00:51:41+00:00,
AL_0033/2025-01-29/1,\\sahale.biostr.washington.edu\data\Subjects\AL_0033\2025-01-29\1\widefield.wfz,subjects/AL_0033/2025-01-29/1/widefield.wfz,101523992747,True,101523992747,2026-08-07T16:37:27+00:00,
ZYE_0058/2022-01-31/1,\\sahale.biostr.washington.edu\data\Subjects\ZYE_0058\2022-01-31\1\widefield.wfz,subjects/ZYE_0058/2022-01-31/1/widefield.wfz,106119119412,True,106119119412,2026-08-11T01:50:04+00:00,
ZYE_0069/2023-08-24/4,\\sahale.biostr.washington.edu\data\Subjects\ZYE_0069\2023-08-24\4\widefield.wfz,subjects/ZYE_0069/2023-08-24/4/widefield.wfz,108084581329,True,108084581329,2026-08-11T05:55:30+00:00,
ZYE_0057/2022-01-28/1,\\sahale.biostr.washington.edu\data\Subjects\ZYE_0057\2022-01-28\1\widefield.wfz,subjects/ZYE_0057/2022-01-28/1/widefield.wfz,105950720320,True,105950720320,2026-08-11T01:10:44+00:00,
AL_0046/2026-02-22/1,\\sahale.biostr.washington.edu\data\Subjects\AL_0046\2026-02-22\1\widefield.wfz,subjects/AL_0046/2026-02-22/1/widefield.wfz,90569317533,True,90569317533,2026-08-07T00:51:45+00:00,
AL_0039/2025-06-20/3,\\sahale.biostr.washington.edu\data\Subjects\AL_0039\2025-06-20\3\widefield.wfz,subjects/AL_0039/2025-06-20/3/widefield.wfz,96217221427,True,96217221427,2026-08-10T21:02:38+00:00,
AL_0033/2025-01-16/3,\\sahale.biostr.washington.edu\data\Subjects\AL_0033\2025-01-16\3\widefield.wfz,subjects/AL_0033/2025-01-16/3/widefield.wfz,96244698605,True,96244698605,2026-08-10T21:02:16+00:00,
AL_0035/2025-01-08/1,\\sahale.biostr.washington.edu\data\Subjects\AL_0035\2025-01-08\1\widefield.wfz,subjects/AL_0035/2025-01-08/1/widefield.wfz,104623000213,True,104623000213,2026-08-07T00:52:47+00:00,
ZYE_0058/2022-03-10/1,\\sahale.biostr.washington.edu\data\Subjects\ZYE_0058\2022-03-10\1\widefield.wfz,subjects/ZYE_0058/2022-03-10/1/widefield.wfz,105135575699,True,105135575699,2026-08-11T04:56:58+00:00,
ZYE_0058/2022-02-04/1,\\sahale.biostr.washington.edu\data\Subjects\ZYE_0058\2022-02-04\1\widefield.wfz,subjects/ZYE_0058/2022-02-04/1/widefield.wfz,101516309829,True,101516309829,2026-08-11T04:22:16+00:00,
AL_0045/2026-01-30/1,\\sahale.biostr.washington.edu\data\Subjects\AL_0045\2026-01-30\1\widefield.wfz,subjects/AL_0045/2026-01-30/1/widefield.wfz,81766777973,True,81766777973,2026-08-07T00:52:28+00:00,
AL_0033/2025-06-23/1,\\sahale.biostr.washington.edu\data\Subjects\AL_0033\2025-06-23\1\widefield.wfz,subjects/AL_0033/2025-06-23/1/widefield.wfz,88925850844,True,88925850844,2026-08-10T23:18:53+00:00,
ZYE_0058/2022-01-30/1,\\sahale.biostr.washington.edu\data\Subjects\ZYE_0058\2022-01-30\1\widefield.wfz,subjects/ZYE_0058/2022-01-30/1/widefield.wfz,99044019339,True,99044019339,2026-08-11T01:42:00+00:00,
LK_0003/2021-05-20/3,\\sahale.biostr.washington.edu\data\Subjects\LK_0003\2021-05-20\3\widefield.wfz,subjects/LK_0003/2021-05-20/3/widefield.wfz,103503080117,True,103503080117,2026-08-10T23:30:35+00:00,
AL_0039/2025-06-05/1,\\sahale.biostr.washington.edu\data\Subjects\AL_0039\2025-06-05\1\widefield.wfz,subjects/AL_0039/2025-06-05/1/widefield.wfz,92966091452,True,92966091452,2026-08-07T00:53:34+00:00,
AL_0039/2025-06-19/1,\\sahale.biostr.washington.edu\data\Subjects\AL_0039\2025-06-19\1\widefield.wfz,subjects/AL_0039/2025-06-19/1/widefield.wfz,93183732238,True,93183732238,2026-08-10T21:02:35+00:00,
ZYE_0058/2022-02-02/2,\\sahale.biostr.washington.edu\data\Subjects\ZYE_0058\2022-02-02\2\widefield.wfz,subjects/ZYE_0058/2022-02-02/2/widefield.wfz,100870305165,True,100870305165,2026-08-11T04:04:47+00:00,
ZYE_0059/2022-03-14/1,\\sahale.biostr.washington.edu\data\Subjects\ZYE_0059\2022-03-14\1\widefield.wfz,subjects/ZYE_0059/2022-03-14/1/widefield.wfz,103445255389,True,103445255389,2026-08-11T03:42:51+00:00,
ZYE_0009/2020-08-18/1,\\sahale.biostr.washington.edu\data\Subjects\ZYE_0009\2020-08-18\1\widefield.wfz,subjects/ZYE_0009/2020-08-18/1/widefield.wfz,98950145976,True,98950145976,2026-08-10T23:42:11+00:00,
AL_0033/2025-06-18/1,\\sahale.biostr.washington.edu\data\Subjects\AL_0033\2025-06-18\1\widefield.wfz,subjects/AL_0033/2025-06-18/1/widefield.wfz,83664534869,True,83664534869,2026-08-10T22:55:39+00:00,
ZYE_0058/2022-02-01/1,\\sahale.biostr.washington.edu\data\Subjects\ZYE_0058\2022-02-01\1\widefield.wfz,subjects/ZYE_0058/2022-02-01/1/widefield.wfz,102911300987,True,102911300987,2026-08-11T02:55:34+00:00,
ZYE_0085/2024-07-25/3,\\sahale.biostr.washington.edu\data\Subjects\ZYE_0085\2024-07-25\3\widefield.wfz,subjects/ZYE_0085/2024-07-25/3/widefield.wfz,92703762386,True,92703762386,2026-08-11T08:07:47+00:00,
AB_0032/2024-08-14/1,\\sahale.biostr.washington.edu\data\Subjects\AB_0032\2024-08-14\1\widefield.wfz,subjects/AB_0032/2024-08-14/1/widefield.wfz,93748471303,True,93748471303,2026-08-11T22:03:36+00:00,
ZYE_0009/2020-08-17/1,\\sahale.biostr.washington.edu\data\Subjects\ZYE_0009\2020-08-17\1\widefield.wfz,subjects/ZYE_0009/2020-08-17/1/widefield.wfz,98207070777,True,98207070777,2026-08-10T23:39:29+00:00,
AL_0046/2026-02-12/1,\\sahale.biostr.washington.edu\data\Subjects\AL_0046\2026-02-12\1\widefield.wfz,subjects/AL_0046/2026-02-12/1/widefield.wfz,79572518795,True,79572518795,2026-08-12T13:31:19+00:00,
AL_0039/2025-10-03/1,\\sahale.biostr.washington.edu\data\Subjects\AL_0039\2025-10-03\1\widefield.wfz,subjects/AL_0039/2025-10-03/1/widefield.wfz,73752810761,True,73752810761,2026-08-07T16:37:00+00:00,
AL_0023/2023-08-30/1,\\sahale.biostr.washington.edu\data\Subjects\AL_0023\2023-08-30\1\widefield.wfz,subjects/AL_0023/2023-08-30/1/widefield.wfz,95222436473,True,95222436473,2026-08-12T05:50:24+00:00,
LK_0003/2021-04-06/1,\\sahale.biostr.washington.edu\data\Subjects\LK_0003\2021-04-06\1\widefield.wfz,subjects/LK_0003/2021-04-06/1/widefield.wfz,97114576223,True,97114576223,2026-08-10T23:28:25+00:00,
AL_0039/2025-05-13/1,\\sahale.biostr.washington.edu\data\Subjects\AL_0039\2025-05-13\1\widefield.wfz,subjects/AL_0039/2025-05-13/1/widefield.wfz,89498459839,True,89498459839,2026-08-12T21:42:03+00:00,
AL_0039/2025-05-12/1,\\sahale.biostr.washington.edu\data\Subjects\AL_0039\2025-05-12\1\widefield.wfz,subjects/AL_0039/2025-05-12/1/widefield.wfz,88906795786,True,88906795786,2026-08-12T21:43:39+00:00,
AL_0039/2025-06-25/1,\\sahale.biostr.washington.edu\data\Subjects\AL_0039\2025-06-25\1\widefield.wfz,subjects/AL_0039/2025-06-25/1/widefield.wfz,85151734904,True,85151734904,2026-08-13T02:11:36+00:00,
AL_0033/2025-05-12/3,\\sahale.biostr.washington.edu\data\Subjects\AL_0033\2025-05-12\3\widefield.wfz,subjects/AL_0033/2025-05-12/3/widefield.wfz,85369271959,True,85369271959,2026-08-10T22:46:43+00:00,
ZYE_0009/2020-08-30/1,\\sahale.biostr.washington.edu\data\Subjects\ZYE_0009\2020-08-30\1\widefield.wfz,subjects/ZYE_0009/2020-08-30/1/widefield.wfz,91639712045,True,91639712045,2026-08-10T23:52:08+00:00,
AL_0033/2024-09-23/1,\\sahale.biostr.washington.edu\data\Subjects\AL_0033\2024-09-23\1\widefield.wfz,subjects/AL_0033/2024-09-23/1/widefield.wfz,90461735952,True,90461735952,2026-08-12T21:46:23+00:00,
AL_0039/2025-05-14/1,\\sahale.biostr.washington.edu\data\Subjects\AL_0039\2025-05-14\1\widefield.wfz,subjects/AL_0039/2025-05-14/1/widefield.wfz,91876625168,True,91876625168,2026-08-12T21:46:57+00:00,
AL_0033/2024-12-17/1,\\sahale.biostr.washington.edu\data\Subjects\AL_0033\2024-12-17\1\widefield.wfz,subjects/AL_0033/2024-12-17/1/widefield.wfz,91181826996,True,91181826996,2026-08-13T02:12:51+00:00,
ZYE_0085/2024-07-24/1,\\sahale.biostr.washington.edu\data\Subjects\ZYE_0085\2024-07-24\1\widefield.wfz,subjects/ZYE_0085/2024-07-24/1/widefield.wfz,87370529528,True,87370529528,2026-08-11T07:42:01+00:00,
ZYE_0085/2024-07-29/7,\\sahale.biostr.washington.edu\data\Subjects\ZYE_0085\2024-07-29\7\widefield.wfz,subjects/ZYE_0085/2024-07-29/7/widefield.wfz,86460907985,True,86460907985,2026-08-11T08:48:04+00:00,
AL_0033/2024-07-18/1,\\sahale.biostr.washington.edu\data\Subjects\AL_0033\2024-07-18\1\widefield.wfz,subjects/AL_0033/2024-07-18/1/widefield.wfz,87673388684,True,87673388684,2026-08-12T12:58:47+00:00,
AB_0032/2024-05-02/1,\\sahale.biostr.washington.edu\data\Subjects\AB_0032\2024-05-02\1\widefield.wfz,subjects/AB_0032/2024-05-02/1/widefield.wfz,86255371309,True,86255371309,2026-08-11T22:05:18+00:00,
ZYE_0058/2022-01-29/1,\\sahale.biostr.washington.edu\data\Subjects\ZYE_0058\2022-01-29\1\widefield.wfz,subjects/ZYE_0058/2022-01-29/1/widefield.wfz,92549602124,True,92549602124,2026-08-11T01:12:23+00:00,
AL_0033/2024-11-21/1,\\sahale.biostr.washington.edu\data\Subjects\AL_0033\2024-11-21\1\widefield.wfz,subjects/AL_0033/2024-11-21/1/widefield.wfz,87683477207,True,87683477207,2026-08-13T01:49:38+00:00,
AL_0036/2025-01-08/1,\\sahale.biostr.washington.edu\data\Subjects\AL_0036\2025-01-08\1\widefield.wfz,subjects/AL_0036/2025-01-08/1/widefield.wfz,91890037894,True,91890037894,2026-08-12T12:53:14+00:00,
AL_0039/2025-06-18/2,\\sahale.biostr.washington.edu\data\Subjects\AL_0039\2025-06-18\2\widefield.wfz,subjects/AL_0039/2025-06-18/2/widefield.wfz,80933265821,True,80933265821,2026-08-13T02:06:03+00:00,
AL_0039/2025-10-02/1,\\sahale.biostr.washington.edu\data\Subjects\AL_0039\2025-10-02\1\widefield.wfz,subjects/AL_0039/2025-10-02/1/widefield.wfz,102737582949,True,102737582949,2026-08-13T02:57:21+00:00,
AL_0033/2024-08-09/1,\\sahale.biostr.washington.edu\data\Subjects\AL_0033\2024-08-09\1\widefield.wfz,subjects/AL_0033/2024-08-09/1/widefield.wfz,87305399347,True,87305399347,2026-08-12T13:16:37+00:00,
ZYE_0049/2021-12-04/1,\\sahale.biostr.washington.edu\data\Subjects\ZYE_0049\2021-12-04\1\widefield.wfz,subjects/ZYE_0049/2021-12-04/1/widefield.wfz,96260009447,True,96260009447,2026-08-11T03:52:27+00:00,
AL_0033/2024-08-18/1,\\sahale.biostr.washington.edu\data\Subjects\AL_0033\2024-08-18\1\widefield.wfz,subjects/AL_0033/2024-08-18/1/widefield.wfz,84055864052,True,84055864052,2026-08-12T13:34:10+00:00,
ZYE_0049/2021-12-01/2,\\sahale.biostr.washington.edu\data\Subjects\ZYE_0049\2021-12-01\2\widefield.wfz,subjects/ZYE_0049/2021-12-01/2/widefield.wfz,92733745745,True,92733745745,2026-08-11T03:14:35+00:00,
AB_0032/2024-07-29/1,\\sahale.biostr.washington.edu\data\Subjects\AB_0032\2024-07-29\1\widefield.wfz,subjects/AB_0032/2024-07-29/1/widefield.wfz,90634212367,True,90634212367,2026-08-11T22:05:48+00:00,
ZYE_0009/2020-08-15/1,\\sahale.biostr.washington.edu\data\Subjects\ZYE_0009\2020-08-15\1\widefield.wfz,subjects/ZYE_0009/2020-08-15/1/widefield.wfz,88654585848,True,88654585848,2026-08-10T23:36:27+00:00,
AL_0033/2025-02-13/2,\\sahale.biostr.washington.edu\data\Subjects\AL_0033\2025-02-13\2\widefield.wfz,subjects/AL_0033/2025-02-13/2/widefield.wfz,85146418186,True,85146418186,2026-08-13T07:20:33+00:00,
AL_0033/2025-04-03/1,\\sahale.biostr.washington.edu\data\Subjects\AL_0033\2025-04-03\1\widefield.wfz,subjects/AL_0033/2025-04-03/1/widefield.wfz,83070913477,True,83070913477,2026-08-13T10:43:31+00:00,
AL_0039/2025-06-17/1,\\sahale.biostr.washington.edu\data\Subjects\AL_0039\2025-06-17\1\widefield.wfz,subjects/AL_0039/2025-06-17/1/widefield.wfz,81870200196,True,81870200196,2026-08-12T21:48:05+00:00,
AL_0033/2024-09-09/1,\\sahale.biostr.washington.edu\data\Subjects\AL_0033\2024-09-09\1\widefield.wfz,subjects/AL_0033/2024-09-09/1/widefield.wfz,85010438628,True,85010438628,2026-08-12T21:48:29+00:00,
AL_0033/2025-01-18/1,\\sahale.biostr.washington.edu\data\Subjects\AL_0033\2025-01-18\1\widefield.wfz,subjects/AL_0033/2025-01-18/1/widefield.wfz,73954012380,True,73954012380,2026-08-13T02:34:28+00:00,
ZYE_0041/2021-09-02/2,\\sahale.biostr.washington.edu\data\Subjects\ZYE_0041\2021-09-02\2\widefield.wfz,subjects/ZYE_0041/2021-09-02/2/widefield.wfz,87971194094,True,87971194094,2026-08-11T00:38:47+00:00,
AL_0033/2024-07-19/1,\\sahale.biostr.washington.edu\data\Subjects\AL_0033\2024-07-19\1\widefield.wfz,subjects/AL_0033/2024-07-19/1/widefield.wfz,83326587452,True,83326587452,2026-08-12T13:01:01+00:00,
AL_0039/2025-07-03/1,\\sahale.biostr.washington.edu\data\Subjects\AL_0039\2025-07-03\1\widefield.wfz,subjects/AL_0039/2025-07-03/1/widefield.wfz,79419635591,True,79419635591,2026-08-13T02:27:04+00:00,
ZYE_0057/2022-01-30/1,\\sahale.biostr.washington.edu\data\Subjects\ZYE_0057\2022-01-30\1\widefield.wfz,subjects/ZYE_0057/2022-01-30/1/widefield.wfz,88635708134,True,88635708134,2026-08-11T01:48:10+00:00,
AL_0033/2024-06-22/1,\\sahale.biostr.washington.edu\data\Subjects\AL_0033\2024-06-22\1\widefield.wfz,subjects/AL_0033/2024-06-22/1/widefield.wfz,81558255681,True,81558255681,2026-08-11T22:07:53+00:00,
AL_0034/2024-08-13/1,\\sahale.biostr.washington.edu\data\Subjects\AL_0034\2024-08-13\1\widefield.wfz,subjects/AL_0034/2024-08-13/1/widefield.wfz,85792040615,True,85792040615,2026-08-12T12:25:25+00:00,
AL_0033/2025-05-10/1,\\sahale.biostr.washington.edu\data\Subjects\AL_0033\2025-05-10\1\widefield.wfz,subjects/AL_0033/2025-05-10/1/widefield.wfz,79389318430,True,79389318430,2026-08-15T16:29:44+00:00,
AL_0033/2024-08-26/1,\\sahale.biostr.washington.edu\data\Subjects\AL_0033\2024-08-26\1\widefield.wfz,subjects/AL_0033/2024-08-26/1/widefield.wfz,81056923136,True,81056923136,2026-08-12T21:50:02+00:00,
ZYE_0059/2022-03-09/1,\\sahale.biostr.washington.edu\data\Subjects\ZYE_0059\2022-03-09\1\widefield.wfz,subjects/ZYE_0059/2022-03-09/1/widefield.wfz,90813498833,True,90813498833,2026-08-11T03:00:44+00:00,
AL_0032/2024-04-19/1,\\sahale.biostr.washington.edu\data\Subjects\AL_0032\2024-04-19\1\widefield.wfz,subjects/AL_0032/2024-04-19/1/widefield.wfz,80129584131,True,80129584131,2026-08-11T22:08:51+00:00,
AL_0034/2024-08-27/1,\\sahale.biostr.washington.edu\data\Subjects\AL_0034\2024-08-27\1\widefield.wfz,subjects/AL_0034/2024-08-27/1/widefield.wfz,82285347753,True,82285347753,2026-08-12T13:02:01+00:00,
AL_0033/2024-08-23/1,\\sahale.biostr.washington.edu\data\Subjects\AL_0033\2024-08-23\1\widefield.wfz,subjects/AL_0033/2024-08-23/1/widefield.wfz,79578314527,True,79578314527,2026-08-12T21:50:26+00:00,
AL_0034/2024-09-03/1,\\sahale.biostr.washington.edu\data\Subjects\AL_0034\2024-09-03\1\widefield.wfz,subjects/AL_0034/2024-09-03/1/widefield.wfz,84674361220,True,84674361220,2026-08-12T13:31:49+00:00,
ZYE_0046/2021-11-24/1,\\sahale.biostr.washington.edu\data\Subjects\ZYE_0046\2021-11-24\1\widefield.wfz,subjects/ZYE_0046/2021-11-24/1/widefield.wfz,88251027950,True,88251027950,2026-08-11T01:51:13+00:00,
AL_0048/2026-07-15/1,\\sahale.biostr.washington.edu\data\Subjects\AL_0048\2026-07-15\1\widefield.wfz,subjects/AL_0048/2026-07-15/1/widefield.wfz,74082381893,True,74082381893,2026-08-13T02:08:45+00:00,
AL_0033/2024-09-16/1,\\sahale.biostr.washington.edu\data\Subjects\AL_0033\2024-09-16\1\widefield.wfz,subjects/AL_0033/2024-09-16/1/widefield.wfz,81341106681,True,81341106681,2026-08-12T21:50:06+00:00,
AB_0032/2024-04-30/1,\\sahale.biostr.washington.edu\data\Subjects\AB_0032\2024-04-30\1\widefield.wfz,subjects/AB_0032/2024-04-30/1/widefield.wfz,83289731594,True,83289731594,2026-08-11T22:08:51+00:00,
ZYE_0067/2022-10-26/3,\\sahale.biostr.washington.edu\data\Subjects\ZYE_0067\2022-10-26\3\widefield.wfz,subjects/ZYE_0067/2022-10-26/3/widefield.wfz,88181171294,True,88181171294,2026-08-11T05:05:14+00:00,
ZYE_0091/2024-07-13/1,\\sahale.biostr.washington.edu\data\Subjects\ZYE_0091\2024-07-13\1\widefield.wfz,subjects/ZYE_0091/2024-07-13/1/widefield.wfz,77156586633,True,77156586633,2026-08-11T06:51:23+00:00,
AB_0032/2024-08-13/2,\\sahale.biostr.washington.edu\data\Subjects\AB_0032\2024-08-13\2\widefield.wfz,subjects/AB_0032/2024-08-13/2/widefield.wfz,80549036669,True,80549036669,2026-08-11T22:08:16+00:00,
AL_0039/2025-06-26/1,\\sahale.biostr.washington.edu\data\Subjects\AL_0039\2025-06-26\1\widefield.wfz,subjects/AL_0039/2025-06-26/1/widefield.wfz,74665774902,True,74665774902,2026-08-13T02:17:57+00:00,
ZYE_0048/2021-12-07/1,\\sahale.biostr.washington.edu\data\Subjects\ZYE_0048\2021-12-07\1\widefield.wfz,subjects/ZYE_0048/2021-12-07/1/widefield.wfz,84262103754,True,84262103754,2026-08-11T04:46:43+00:00,
AB_0032/2024-06-27/1,\\sahale.biostr.washington.edu\data\Subjects\AB_0032\2024-06-27\1\widefield.wfz,subjects/AB_0032/2024-06-27/1/widefield.wfz,85011481838,True,85011481838,2026-08-11T22:09:26+00:00,
ZYE_0057/2022-01-29/1,\\sahale.biostr.washington.edu\data\Subjects\ZYE_0057\2022-01-29\1\widefield.wfz,subjects/ZYE_0057/2022-01-29/1/widefield.wfz,85772236511,True,85772236511,2026-08-11T01:19:30+00:00,
AB_0026/2024-03-13/1,\\sahale.biostr.washington.edu\data\Subjects\AB_0026\2024-03-13\1\widefield.wfz,subjects/AB_0026/2024-03-13/1/widefield.wfz,83683699319,True,83683699319,2026-08-11T17:18:40+00:00,
AB_0032/2024-03-13/1,\\sahale.biostr.washington.edu\data\Subjects\AB_0032\2024-03-13\1\widefield.wfz,subjects/AB_0032/2024-03-13/1/widefield.wfz,83683699319,True,83683699319,2026-08-11T17:19:04+00:00,
AL_0033/2024-08-24/1,\\sahale.biostr.washington.edu\data\Subjects\AL_0033\2024-08-24\1\widefield.wfz,subjects/AL_0033/2024-08-24/1/widefield.wfz,75640273544,True,75640273544,2026-08-12T21:50:53+00:00,
AL_0039/2025-05-25/1,\\sahale.biostr.washington.edu\data\Subjects\AL_0039\2025-05-25\1\widefield.wfz,subjects/AL_0039/2025-05-25/1/widefield.wfz,79243746762,True,79243746762,2026-08-12T21:51:30+00:00,
ZYE_0009/2020-08-16/1,\\sahale.biostr.washington.edu\data\Subjects\ZYE_0009\2020-08-16\1\widefield.wfz,subjects/ZYE_0009/2020-08-16/1/widefield.wfz,83117802873,True,83117802873,2026-08-10T23:37:57+00:00,
AL_0032/2024-05-15/1,\\sahale.biostr.washington.edu\data\Subjects\AL_0032\2024-05-15\1\widefield.wfz,subjects/AL_0032/2024-05-15/1/widefield.wfz,77942716370,True,77942716370,2026-08-12T12:41:55+00:00,
AL_0033/2025-02-24/2,\\sahale.biostr.washington.edu\data\Subjects\AL_0033\2025-02-24\2\widefield.wfz,subjects/AL_0033/2025-02-24/2/widefield.wfz,75587614645,True,75587614645,2026-08-13T07:28:49+00:00,
AL_0035/2025-04-27/1,\\sahale.biostr.washington.edu\data\Subjects\AL_0035\2025-04-27\1\widefield.wfz,subjects/AL_0035/2025-04-27/1/widefield.wfz,79917312819,True,79917312819,2026-08-12T21:52:09+00:00,
AL_0048/2026-07-21/1,\\sahale.biostr.washington.edu\data\Subjects\AL_0048\2026-07-21\1\widefield.wfz,subjects/AL_0048/2026-07-21/1/widefield.wfz,73531455035,True,73531455035,2026-08-13T02:11:12+00:00,
AL_0033/2025-02-12/2,\\sahale.biostr.washington.edu\data\Subjects\AL_0033\2025-02-12\2\widefield.wfz,subjects/AL_0033/2025-02-12/2/widefield.wfz,75230804757,True,75230804757,2026-08-13T07:14:37+00:00,
AL_0035/2025-01-19/1,\\sahale.biostr.washington.edu\data\Subjects\AL_0035\2025-01-19\1\widefield.wfz,subjects/AL_0035/2025-01-19/1/widefield.wfz,83901202143,True,83901202143,2026-08-12T21:52:55+00:00,
ZYE_0085/2024-07-14/2,\\sahale.biostr.washington.edu\data\Subjects\ZYE_0085\2024-07-14\2\widefield.wfz,subjects/ZYE_0085/2024-07-14/2/widefield.wfz,77677631805,True,77677631805,2026-08-11T07:15:14+00:00,
FD_004/2025-11-17/1,\\sahale.biostr.washington.edu\data\Subjects\FD_004\2025-11-17\1\widefield.wfz,subjects/FD_004/2025-11-17/1/widefield.wfz,43964377439,True,43964377439,2026-08-13T02:40:16+00:00,
ZYE_0052/2021-12-20/1,\\sahale.biostr.washington.edu\data\Subjects\ZYE_0052\2021-12-20\1\widefield.wfz,subjects/ZYE_0052/2021-12-20/1/widefield.wfz,83527645002,True,83527645002,2026-08-11T01:03:06+00:00,
ZYE_0058/2022-03-11/1,\\sahale.biostr.washington.edu\data\Subjects\ZYE_0058\2022-03-11\1\widefield.wfz,subjects/ZYE_0058/2022-03-11/1/widefield.wfz,85039488951,True,85039488951,2026-08-11T05:26:15+00:00,
AB_0032/2024-03-14/1,\\sahale.biostr.washington.edu\data\Subjects\AB_0032\2024-03-14\1\widefield.wfz,subjects/AB_0032/2024-03-14/1/widefield.wfz,80405867355,True,80405867355,2026-08-11T22:10:08+00:00,
AL_0032/2024-06-12/1,\\sahale.biostr.washington.edu\data\Subjects\AL_0032\2024-06-12\1\widefield.wfz,subjects/AL_0032/2024-06-12/1/widefield.wfz,74990806433,True,74990806433,2026-08-12T13:03:22+00:00,
AL_0034/2024-07-25/1,\\sahale.biostr.washington.edu\data\Subjects\AL_0034\2024-07-25\1\widefield.wfz,subjects/AL_0034/2024-07-25/1/widefield.wfz,78799730822,True,78799730822,2026-08-11T22:10:26+00:00,
AL_0039/2025-07-01/1,\\sahale.biostr.washington.edu\data\Subjects\AL_0039\2025-07-01\1\widefield.wfz,subjects/AL_0039/2025-07-01/1/widefield.wfz,72640159655,True,72640159655,2026-08-13T02:23:34+00:00,
AL_0039/2025-05-11/1,\\sahale.biostr.washington.edu\data\Subjects\AL_0039\2025-05-11\1\widefield.wfz,subjects/AL_0039/2025-05-11/1/widefield.wfz,80389751653,True,80389751653,2026-08-12T13:42:04+00:00,
AB_0032/2024-04-25/1,\\sahale.biostr.washington.edu\data\Subjects\AB_0032\2024-04-25\1\widefield.wfz,subjects/AB_0032/2024-04-25/1/widefield.wfz,77410504675,True,77410504675,2026-08-11T22:09:58+00:00,
ZYE_0059/2022-03-16/1,\\sahale.biostr.washington.edu\data\Subjects\ZYE_0059\2022-03-16\1\widefield.wfz,subjects/ZYE_0059/2022-03-16/1/widefield.wfz,81966409414,True,81966409414,2026-08-11T04:42:11+00:00,
ZYE_0045/2021-09-22/1,\\sahale.biostr.washington.edu\data\Subjects\ZYE_0045\2021-09-22\1\widefield.wfz,subjects/ZYE_0045/2021-09-22/1/widefield.wfz,80691064604,True,80691064604,2026-08-15T19:19:20+00:00,
AL_0033/2024-07-09/1,\\sahale.biostr.washington.edu\data\Subjects\AL_0033\2024-07-09\1\widefield.wfz,subjects/AL_0033/2024-07-09/1/widefield.wfz,75977832896,True,75977832896,2026-08-12T12:30:27+00:00,
AL_0038/2025-02-18/1,\\sahale.biostr.washington.edu\data\Subjects\AL_0038\2025-02-18\1\widefield.wfz,subjects/AL_0038/2025-02-18/1/widefield.wfz,69272315337,True,69272315337,2026-08-12T13:00:16+00:00,
AB_0032/2024-04-15/1,\\sahale.biostr.washington.edu\data\Subjects\AB_0032\2024-04-15\1\widefield.wfz,subjects/AB_0032/2024-04-15/1/widefield.wfz,72994129787,True,72994129787,2026-08-11T22:10:35+00:00,
ZYE_0098/2025-07-26/1,\\sahale.biostr.washington.edu\data\Subjects\ZYE_0098\2025-07-26\1\widefield.wfz,subjects/ZYE_0098/2025-07-26/1/widefield.wfz,67212590763,True,67212590763,2026-08-11T06:27:01+00:00,
AL_0039/2025-07-05/2,\\sahale.biostr.washington.edu\data\Subjects\AL_0039\2025-07-05\2\widefield.wfz,subjects/AL_0039/2025-07-05/2/widefield.wfz,71769598696,True,71769598696,2026-08-13T02:29:09+00:00,
AB_0004/2021-03-30/1,\\sahale.biostr.washington.edu\data\Subjects\AB_0004\2021-03-30\1\widefield.wfz,subjects/AB_0004/2021-03-30/1/widefield.wfz,85185484475,True,85185484475,2026-08-11T17:19:24+00:00,
AL_0035/2025-04-25/1,\\sahale.biostr.washington.edu\data\Subjects\AL_0035\2025-04-25\1\widefield.wfz,subjects/AL_0035/2025-04-25/1/widefield.wfz,74055122711,True,74055122711,2026-08-12T21:52:40+00:00,
AL_0035/2025-04-25/2,\\sahale.biostr.washington.edu\data\Subjects\AL_0035\2025-04-25\2\widefield.wfz,subjects/AL_0035/2025-04-25/2/widefield.wfz,74055122711,True,74055122711,2026-08-12T23:41:05+00:00,
AL_0033/2025-06-24/1,\\sahale.biostr.washington.edu\data\Subjects\AL_0033\2025-06-24\1\widefield.wfz,subjects/AL_0033/2025-06-24/1/widefield.wfz,70830783483,True,70830783483,2026-08-15T16:30:12+00:00,
AB_0032/2024-06-21/1,\\sahale.biostr.washington.edu\data\Subjects\AB_0032\2024-06-21\1\widefield.wfz,subjects/AB_0032/2024-06-21/1/widefield.wfz,77986009498,True,77986009498,2026-08-11T22:10:09+00:00,
ZYE_0062/2022-03-29/1,\\sahale.biostr.washington.edu\data\Subjects\ZYE_0062\2022-03-29\1\widefield.wfz,subjects/ZYE_0062/2022-03-29/1/widefield.wfz,79653686578,True,79653686578,2026-08-15T21:31:57+00:00,
AL_0035/2024-08-14/1,\\sahale.biostr.washington.edu\data\Subjects\AL_0035\2024-08-14\1\widefield.wfz,subjects/AL_0035/2024-08-14/1/widefield.wfz,75687580453,True,75687580453,2026-08-12T06:07:44+00:00,
ZYE_0091/2024-07-11/1,\\sahale.biostr.washington.edu\data\Subjects\ZYE_0091\2024-07-11\1\widefield.wfz,subjects/ZYE_0091/2024-07-11/1/widefield.wfz,72377416755,True,72377416755,2026-08-11T06:27:57+00:00,
AL_0039/2025-07-02/1,\\sahale.biostr.washington.edu\data\Subjects\AL_0039\2025-07-02\1\widefield.wfz,subjects/AL_0039/2025-07-02/1/widefield.wfz,70472290794,True,70472290794,2026-08-13T02:24:12+00:00,
FD_004/2025-11-14/4,\\sahale.biostr.washington.edu\data\Subjects\FD_004\2025-11-14\4\widefield.wfz,subjects/FD_004/2025-11-14/4/widefield.wfz,42165363056,True,42165363056,2026-08-13T02:51:31+00:00,
ZYE_0049/2021-12-02/1,\\sahale.biostr.washington.edu\data\Subjects\ZYE_0049\2021-12-02\1\widefield.wfz,subjects/ZYE_0049/2021-12-02/1/widefield.wfz,79520568350,True,79520568350,2026-08-15T20:19:36+00:00,
ZYE_0090/2024-08-12/1,\\sahale.biostr.washington.edu\data\Subjects\ZYE_0090\2024-08-12\1\widefield.wfz,subjects/ZYE_0090/2024-08-12/1/widefield.wfz,72312861447,True,72312861447,2026-08-11T07:21:54+00:00,
AL_0034/2024-09-19/2,\\sahale.biostr.washington.edu\data\Subjects\AL_0034\2024-09-19\2\widefield.wfz,subjects/AL_0034/2024-09-19/2/widefield.wfz,75069958172,True,75069958172,2026-08-12T21:52:42+00:00,
AL_0033/2025-03-05/1,\\sahale.biostr.washington.edu\data\Subjects\AL_0033\2025-03-05\1\widefield.wfz,subjects/AL_0033/2025-03-05/1/widefield.wfz,74619219130,True,74619219130,2026-08-13T08:36:50+00:00,
AL_0033/2024-08-30/2,\\sahale.biostr.washington.edu\data\Subjects\AL_0033\2024-08-30\2\widefield.wfz,subjects/AL_0033/2024-08-30/2/widefield.wfz,72453869885,True,72453869885,2026-08-12T21:52:37+00:00,
ZYE_0085/2024-07-11/1,\\sahale.biostr.washington.edu\data\Subjects\ZYE_0085\2024-07-11\1\widefield.wfz,subjects/ZYE_0085/2024-07-11/1/widefield.wfz,73161418469,True,73161418469,2026-08-16T08:43:23+00:00,
AL_0039/2025-06-27/1,\\sahale.biostr.washington.edu\data\Subjects\AL_0039\2025-06-27\1\widefield.wfz,subjects/AL_0039/2025-06-27/1/widefield.wfz,68429933719,True,68429933719,2026-08-13T02:23:13+00:00,
AL_0036/2024-12-19/1,\\sahale.biostr.washington.edu\data\Subjects\AL_0036\2024-12-19\1\widefield.wfz,subjects/AL_0036/2024-12-19/1/widefield.wfz,77009653161,True,77009653161,2026-08-12T12:35:04+00:00,
AL_0033/2024-07-26/1,\\sahale.biostr.washington.edu\data\Subjects\AL_0033\2024-07-26\1\widefield.wfz,subjects/AL_0033/2024-07-26/1/widefield.wfz,71877214874,True,71877214874,2026-08-12T13:11:05+00:00,
AL_0034/2024-08-20/1,\\sahale.biostr.washington.edu\data\Subjects\AL_0034\2024-08-20\1\widefield.wfz,subjects/AL_0034/2024-08-20/1/widefield.wfz,76461902411,True,76461902411,2026-08-12T12:54:50+00:00,
ZYE_0089/2024-07-09/1,\\sahale.biostr.washington.edu\data\Subjects\ZYE_0089\2024-07-09\1\widefield.wfz,subjects/ZYE_0089/2024-07-09/1/widefield.wfz,70658157871,True,70658157871,2026-08-16T10:20:18+00:00,
ZYE_0085/2024-07-10/1,\\sahale.biostr.washington.edu\data\Subjects\ZYE_0085\2024-07-10\1\widefield.wfz,subjects/ZYE_0085/2024-07-10/1/widefield.wfz,72064338440,True,72064338440,2026-08-16T08:40:17+00:00,
ZYE_0041/2021-09-03/2,\\sahale.biostr.washington.edu\data\Subjects\ZYE_0041\2021-09-03\2\widefield.wfz,subjects/ZYE_0041/2021-09-03/2/widefield.wfz,74726288387,True,74726288387,2026-08-15T17:14:13+00:00,
ZYE_0088/2024-07-11/1,\\sahale.biostr.washington.edu\data\Subjects\ZYE_0088\2024-07-11\1\widefield.wfz,subjects/ZYE_0088/2024-07-11/1/widefield.wfz,73937138593,True,73937138593,2026-08-16T10:33:31+00:00,
ZYE_0085/2024-07-16/1,\\sahale.biostr.washington.edu\data\Subjects\ZYE_0085\2024-07-16\1\widefield.wfz,subjects/ZYE_0085/2024-07-16/1/widefield.wfz,72066814067,True,72066814067,2026-08-16T10:41:52+00:00,
ZYE_0046/2021-11-22/1,\\sahale.biostr.washington.edu\data\Subjects\ZYE_0046\2021-11-22\1\widefield.wfz,subjects/ZYE_0046/2021-11-22/1/widefield.wfz,77009828725,True,77009828725,2026-08-15T19:58:08+00:00,
ZYE_0062/2022-03-30/1,\\sahale.biostr.washington.edu\data\Subjects\ZYE_0062\2022-03-30\1\widefield.wfz,subjects/ZYE_0062/2022-03-30/1/widefield.wfz,77671332655,True,77671332655,2026-08-15T22:10:13+00:00,
AL_0033/2025-08-05/4,\\sahale.biostr.washington.edu\data\Subjects\AL_0033\2025-08-05\4\widefield.wfz,subjects/AL_0033/2025-08-05/4/widefield.wfz,66762322481,True,66762322481,2026-08-15T16:31:40+00:00,
AL_0036/2025-01-16/2,\\sahale.biostr.washington.edu\data\Subjects\AL_0036\2025-01-16\2\widefield.wfz,subjects/AL_0036/2025-01-16/2/widefield.wfz,72597134441,True,72597134441,2026-08-12T13:19:23+00:00,
AL_0033/2025-04-15/1,\\sahale.biostr.washington.edu\data\Subjects\AL_0033\2025-04-15\1\widefield.wfz,subjects/AL_0033/2025-04-15/1/widefield.wfz,69461410139,True,69461410139,2026-08-15T16:29:07+00:00,
AL_0033/2025-02-26/2,\\sahale.biostr.washington.edu\data\Subjects\AL_0033\2025-02-26\2\widefield.wfz,subjects/AL_0033/2025-02-26/2/widefield.wfz,69602838388,True,69602838388,2026-08-13T07:37:40+00:00,
AB_0005/2021-03-30/1,\\sahale.biostr.washington.edu\data\Subjects\AB_0005\2021-03-30\1\widefield.wfz,subjects/AB_0005/2021-03-30/1/widefield.wfz,77263434270,True,77263434270,2026-08-11T17:19:34+00:00,
AL_0033/2024-06-21/2,\\sahale.biostr.washington.edu\data\Subjects\AL_0033\2024-06-21\2\widefield.wfz,subjects/AL_0033/2024-06-21/2/widefield.wfz,70940782071,True,70940782071,2026-08-11T22:11:06+00:00,
ZYE_0067/2022-10-23/2,\\sahale.biostr.washington.edu\data\Subjects\ZYE_0067\2022-10-23\2\widefield.wfz,subjects/ZYE_0067/2022-10-23/2/widefield.wfz,80222738252,True,80222738252,2026-08-15T22:50:34+00:00,
AL_0032/2024-04-19/2,\\sahale.biostr.washington.edu\data\Subjects\AL_0032\2024-04-19\2\widefield.wfz,subjects/AL_0032/2024-04-19/2/widefield.wfz,69248939984,True,69248939984,2026-08-11T22:10:59+00:00,
ZYE_0085/2024-07-23/1,\\sahale.biostr.washington.edu\data\Subjects\ZYE_0085\2024-07-23\1\widefield.wfz,subjects/ZYE_0085/2024-07-23/1/widefield.wfz,70615861708,True,70615861708,2026-08-16T14:09:28+00:00,
ZYE_0055/2022-01-10/1,\\sahale.biostr.washington.edu\data\Subjects\ZYE_0055\2022-01-10\1\widefield.wfz,subjects/ZYE_0055/2022-01-10/1/widefield.wfz,78429963118,True,78429963118,2026-08-15T20:09:50+00:00,
ZYE_0091/2024-07-16/1,\\sahale.biostr.washington.edu\data\Subjects\ZYE_0091\2024-07-16\1\widefield.wfz,subjects/ZYE_0091/2024-07-16/1/widefield.wfz,68954230814,True,68954230814,2026-08-16T04:33:38+00:00,
AL_0035/2025-01-25/1,\\sahale.biostr.washington.edu\data\Subjects\AL_0035\2025-01-25\1\widefield.wfz,subjects/AL_0035/2025-01-25/1/widefield.wfz,74476795122,True,74476795122,2026-08-12T21:53:42+00:00,
ZYE_0070/2023-01-16/1,\\sahale.biostr.washington.edu\data\Subjects\ZYE_0070\2023-01-16\1\widefield.wfz,subjects/ZYE_0070/2023-01-16/1/widefield.wfz,74396371953,True,74396371953,2026-08-15T23:35:41+00:00,
ZYE_0043/2021-09-25/1,\\sahale.biostr.washington.edu\data\Subjects\ZYE_0043\2021-09-25\1\widefield.wfz,subjects/ZYE_0043/2021-09-25/1/widefield.wfz,74829612861,True,74829612861,2026-08-15T19:19:32+00:00,
ZYE_0071/2023-01-17/3,\\sahale.biostr.washington.edu\data\Subjects\ZYE_0071\2023-01-17\3\widefield.wfz,subjects/ZYE_0071/2023-01-17/3/widefield.wfz,72915105556,True,72915105556,2026-08-16T01:48:51+00:00,
ZYE_0066/2022-10-23/6,\\sahale.biostr.washington.edu\data\Subjects\ZYE_0066\2022-10-23\6\widefield.wfz,subjects/ZYE_0066/2022-10-23/6/widefield.wfz,74457947832,True,74457947832,2026-08-16T00:08:53+00:00,
ZYE_0091/2024-07-17/2,\\sahale.biostr.washington.edu\data\Subjects\ZYE_0091\2024-07-17\2\widefield.wfz,subjects/ZYE_0091/2024-07-17/2/widefield.wfz,67859167746,True,67859167746,2026-08-16T06:54:37+00:00,
AL_0033/2025-03-28/3,\\sahale.biostr.washington.edu\data\Subjects\AL_0033\2025-03-28\3\widefield.wfz,subjects/AL_0033/2025-03-28/3/widefield.wfz,65635193902,True,65635193902,2026-08-13T10:46:22+00:00,
AL_0033/2025-08-04/1,\\sahale.biostr.washington.edu\data\Subjects\AL_0033\2025-08-04\1\widefield.wfz,subjects/AL_0033/2025-08-04/1/widefield.wfz,64191425947,True,64191425947,2026-08-15T16:30:37+00:00,
ZYE_0072/2023-01-22/1,\\sahale.biostr.washington.edu\data\Subjects\ZYE_0072\2023-01-22\1\widefield.wfz,subjects/ZYE_0072/2023-01-22/1/widefield.wfz,66466635583,True,66466635583,2026-08-15T23:54:57+00:00,
FD_012/2026-04-23/1,\\sahale.biostr.washington.edu\data\Subjects\FD_012\2026-04-23\1\widefield.wfz,subjects/FD_012/2026-04-23/1/widefield.wfz,42991937505,True,42991937505,2026-08-13T08:03:31+00:00,
FD_012/2026-04-21/1,\\sahale.biostr.washington.edu\data\Subjects\FD_012\2026-04-21\1\widefield.wfz,subjects/FD_012/2026-04-21/1/widefield.wfz,43757735598,True,43757735598,2026-08-13T07:37:31+00:00,
FD_011/2026-03-03/1,\\sahale.biostr.washington.edu\data\Subjects\FD_011\2026-03-03\1\widefield.wfz,subjects/FD_011/2026-03-03/1/widefield.wfz,44586924187,True,44586924187,2026-08-13T07:43:03+00:00,
FD_011/2026-04-13/1,\\sahale.biostr.washington.edu\data\Subjects\FD_011\2026-04-13\1\widefield.wfz,subjects/FD_011/2026-04-13/1/widefield.wfz,39881150064,True,39881150064,2026-08-13T10:20:58+00:00,
FD_011/2026-03-02/2,\\sahale.biostr.washington.edu\data\Subjects\FD_011\2026-03-02\2\widefield.wfz,subjects/FD_011/2026-03-02/2/widefield.wfz,49238370184,True,49238370184,2026-08-13T07:49:06+00:00,
FD_011/2026-02-25/1,\\sahale.biostr.washington.edu\data\Subjects\FD_011\2026-02-25\1\widefield.wfz,subjects/FD_011/2026-02-25/1/widefield.wfz,51404634215,True,51404634215,2026-08-13T07:20:22+00:00,
FD_011/2026-02-28/1,\\sahale.biostr.washington.edu\data\Subjects\FD_011\2026-02-28\1\widefield.wfz,subjects/FD_011/2026-02-28/1/widefield.wfz,53028007662,True,53028007662,2026-08-13T07:32:44+00:00,
AL_0038/2025-05-02/1,\\sahale.biostr.washington.edu\data\Subjects\AL_0038\2025-05-02\1\widefield.wfz,subjects/AL_0038/2025-05-02/1/widefield.wfz,56232822204,True,56232822204,2026-08-12T13:37:20+00:00,
FD_011/2026-04-06/1,\\sahale.biostr.washington.edu\data\Subjects\FD_011\2026-04-06\1\widefield.wfz,subjects/FD_011/2026-04-06/1/widefield.wfz,39814009609,True,39814009609,2026-08-13T09:54:56+00:00,
ZYE_0053/2021-12-19/2,\\sahale.biostr.washington.edu\data\Subjects\ZYE_0053\2021-12-19\2\widefield.wfz,subjects/ZYE_0053/2021-12-19/2/widefield.wfz,75632310897,True,75632310897,2026-08-15T19:45:44+00:00,
AL_0041/2026-04-16/1,\\sahale.biostr.washington.edu\data\Subjects\AL_0041\2026-04-16\1\widefield.wfz,subjects/AL_0041/2026-04-16/1/widefield.wfz,61672924287,True,61672924287,2026-08-13T05:47:28+00:00,
AL_0032/2024-04-27/1,\\sahale.biostr.washington.edu\data\Subjects\AL_0032\2024-04-27\1\widefield.wfz,subjects/AL_0032/2024-04-27/1/widefield.wfz,67403461757,True,67403461757,2026-08-11T22:10:37+00:00,
ZYE_0078/2024-07-23/1,\\sahale.biostr.washington.edu\data\Subjects\ZYE_0078\2024-07-23\1\widefield.wfz,subjects/ZYE_0078/2024-07-23/1/widefield.wfz,64670861250,True,64670861250,2026-08-16T07:16:48+00:00,
ZYE_0094/2025-07-18/1,\\sahale.biostr.washington.edu\data\Subjects\ZYE_0094\2025-07-18\1\widefield.wfz,subjects/ZYE_0094/2025-07-18/1/widefield.wfz,60079077564,True,60079077564,2026-08-16T03:02:45+00:00,
ZYE_0091/2024-07-15/1,\\sahale.biostr.washington.edu\data\Subjects\ZYE_0091\2024-07-15\1\widefield.wfz,subjects/ZYE_0091/2024-07-15/1/widefield.wfz,66864336914,True,66864336914,2026-08-16T03:51:27+00:00,
ZYE_0091/2024-07-14/3,\\sahale.biostr.washington.edu\data\Subjects\ZYE_0091\2024-07-14\3\widefield.wfz,subjects/ZYE_0091/2024-07-14/3/widefield.wfz,66981034703,True,66981034703,2026-08-16T03:58:24+00:00,
AL_0033/2025-01-28/1,\\sahale.biostr.washington.edu\data\Subjects\AL_0033\2025-01-28\1\widefield.wfz,subjects/AL_0033/2025-01-28/1/widefield.wfz,67466248948,True,67466248948,2026-08-13T02:45:27+00:00,
ZYE_0046/2021-12-01/1,\\sahale.biostr.washington.edu\data\Subjects\ZYE_0046\2021-12-01\1\widefield.wfz,subjects/ZYE_0046/2021-12-01/1/widefield.wfz,71585416882,True,71585416882,2026-08-15T22:35:51+00:00,
ZYE_0043/2021-09-26/1,\\sahale.biostr.washington.edu\data\Subjects\ZYE_0043\2021-09-26\1\widefield.wfz,subjects/ZYE_0043/2021-09-26/1/widefield.wfz,73766907534,True,73766907534,2026-08-15T19:32:39+00:00,
ZYE_0089/2024-07-12/2,\\sahale.biostr.washington.edu\data\Subjects\ZYE_0089\2024-07-12\2\widefield.wfz,subjects/ZYE_0089/2024-07-12/2/widefield.wfz,65573530499,True,65573530499,2026-08-16T11:22:38+00:00,
AL_0036/2024-12-13/1,\\sahale.biostr.washington.edu\data\Subjects\AL_0036\2024-12-13\1\widefield.wfz,subjects/AL_0036/2024-12-13/1/widefield.wfz,69916612621,True,69916612621,2026-08-12T06:23:45+00:00,
ZYE_0090/2024-07-17/1,\\sahale.biostr.washington.edu\data\Subjects\ZYE_0090\2024-07-17\1\widefield.wfz,subjects/ZYE_0090/2024-07-17/1/widefield.wfz,65759464761,True,65759464761,2026-08-16T03:35:46+00:00,
ZYE_0031/2021-09-30/2,\\sahale.biostr.washington.edu\data\Subjects\ZYE_0031\2021-09-30\2\widefield.wfz,subjects/ZYE_0031/2021-09-30/2/widefield.wfz,72158155822,True,72158155822,2026-08-15T19:30:18+00:00,
ZYE_0085/2024-07-08/1,\\sahale.biostr.washington.edu\data\Subjects\ZYE_0085\2024-07-08\1\widefield.wfz,subjects/ZYE_0085/2024-07-08/1/widefield.wfz,65886240006,True,65886240006,2026-08-16T08:11:03+00:00,
ZYE_0085/2024-07-27/3,\\sahale.biostr.washington.edu\data\Subjects\ZYE_0085\2024-07-27\3\widefield.wfz,subjects/ZYE_0085/2024-07-27/3/widefield.wfz,67217057253,True,67217057253,2026-08-16T14:43:00+00:00,
ZYE_0091/2024-07-10/1,\\sahale.biostr.washington.edu\data\Subjects\ZYE_0091\2024-07-10\1\widefield.wfz,subjects/ZYE_0091/2024-07-10/1/widefield.wfz,64646968967,True,64646968967,2026-08-16T03:25:32+00:00,
AL_0045/2026-01-29/2,\\sahale.biostr.washington.edu\data\Subjects\AL_0045\2026-01-29\2\widefield.wfz,subjects/AL_0045/2026-01-29/2/widefield.wfz,57631731203,True,57631731203,2026-08-14T05:14:35+00:00,
ZYE_0088/2024-07-09/1,\\sahale.biostr.washington.edu\data\Subjects\ZYE_0088\2024-07-09\1\widefield.wfz,subjects/ZYE_0088/2024-07-09/1/widefield.wfz,67216688378,True,67216688378,2026-08-16T09:46:37+00:00,
ZYE_0038/2021-09-01/1,\\sahale.biostr.washington.edu\data\Subjects\ZYE_0038\2021-09-01\1\widefield.wfz,subjects/ZYE_0038/2021-09-01/1/widefield.wfz,71487607045,True,71487607045,2026-08-15T16:55:51+00:00,
AL_0023/2023-08-24/1,\\sahale.biostr.washington.edu\data\Subjects\AL_0023\2023-08-24\1\widefield.wfz,subjects/AL_0023/2023-08-24/1/widefield.wfz,69923786543,True,69923786543,2026-08-14T05:16:28+00:00,
ZYE_0009/2020-09-10/1,\\sahale.biostr.washington.edu\data\Subjects\ZYE_0009\2020-09-10\1\widefield.wfz,subjects/ZYE_0009/2020-09-10/1/widefield.wfz,70317436648,True,70317436648,2026-08-15T16:50:36+00:00,
AL_0032/2024-04-14/1,\\sahale.biostr.washington.edu\data\Subjects\AL_0032\2024-04-14\1\widefield.wfz,subjects/AL_0032/2024-04-14/1/widefield.wfz,67990951969,True,67990951969,2026-08-14T05:15:59+00:00,
ZYE_0085/2024-07-28/1,\\sahale.biostr.washington.edu\data\Subjects\ZYE_0085\2024-07-28\1\widefield.wfz,subjects/ZYE_0085/2024-07-28/1/widefield.wfz,66558793836,True,66558793836,2026-08-16T14:41:50+00:00,
AL_0023/2023-08-23/3,\\sahale.biostr.washington.edu\data\Subjects\AL_0023\2023-08-23\3\widefield.wfz,subjects/AL_0023/2023-08-23/3/widefield.wfz,68857642098,True,68857642098,2026-08-14T05:15:21+00:00,
ZYE_0009/2020-08-31/1,\\sahale.biostr.washington.edu\data\Subjects\ZYE_0009\2020-08-31\1\widefield.wfz,subjects/ZYE_0009/2020-08-31/1/widefield.wfz,69339145933,True,69339145933,2026-08-15T16:32:32+00:00,
AL_0014/2022-08-17/1,\\sahale.biostr.washington.edu\data\Subjects\AL_0014\2022-08-17\1\widefield.wfz,subjects/AL_0014/2022-08-17/1/widefield.wfz,60480065463,True,60480065463,2026-08-14T05:15:42+00:00,
ZYE_0090/2025-05-02/2,\\sahale.biostr.washington.edu\data\Subjects\ZYE_0090\2025-05-02\2\widefield.wfz,subjects/ZYE_0090/2025-05-02/2/widefield.wfz,65333631964,True,65333631964,2026-08-16T15:37:16+00:00,
ZYE_0062/2022-03-31/2,\\sahale.biostr.washington.edu\data\Subjects\ZYE_0062\2022-03-31\2\widefield.wfz,subjects/ZYE_0062/2022-03-31/2/widefield.wfz,71096018802,True,71096018802,2026-08-15T22:41:20+00:00,
ZYE_0089/2025-05-02/1,\\sahale.biostr.washington.edu\data\Subjects\ZYE_0089\2025-05-02\1\widefield.wfz,subjects/ZYE_0089/2025-05-02/1/widefield.wfz,63512012449,True,63512012449,2026-08-16T17:03:07+00:00,
ZYE_0089/2024-07-11/5,\\sahale.biostr.washington.edu\data\Subjects\ZYE_0089\2024-07-11\5\widefield.wfz,subjects/ZYE_0089/2024-07-11/5/widefield.wfz,63922723058,True,63922723058,2026-08-16T12:46:04+00:00,
ZYE_0070/2023-01-15/1,\\sahale.biostr.washington.edu\data\Subjects\ZYE_0070\2023-01-15\1\widefield.wfz,subjects/ZYE_0070/2023-01-15/1/widefield.wfz,66561369042,True,66561369042,2026-08-15T23:27:06+00:00,
ZYE_0071/2023-01-17/7,\\sahale.biostr.washington.edu\data\Subjects\ZYE_0071\2023-01-17\7\widefield.wfz,subjects/ZYE_0071/2023-01-17/7/widefield.wfz,68098872000,True,68098872000,2026-08-16T02:15:38+00:00,
ZYE_0060/2022-03-25/1,\\sahale.biostr.washington.edu\data\Subjects\ZYE_0060\2022-03-25\1\widefield.wfz,subjects/ZYE_0060/2022-03-25/1/widefield.wfz,69287238672,True,69287238672,2026-08-15T22:50:08+00:00,
AL_0033/2024-12-20/1,\\sahale.biostr.washington.edu\data\Subjects\AL_0033\2024-12-20\1\widefield.wfz,subjects/AL_0033/2024-12-20/1/widefield.wfz,67644542180,True,67644542180,2026-08-14T20:52:22+00:00,
ZYE_0060/2022-03-24/1,\\sahale.biostr.washington.edu\data\Subjects\ZYE_0060\2022-03-24\1\widefield.wfz,subjects/ZYE_0060/2022-03-24/1/widefield.wfz,69336281221,True,69336281221,2026-08-15T22:47:39+00:00,
ZYE_0053/2022-01-02/1,\\sahale.biostr.washington.edu\data\Subjects\ZYE_0053\2022-01-02\1\widefield.wfz,subjects/ZYE_0053/2022-01-02/1/widefield.wfz,71990958469,True,71990958469,2026-08-15T20:11:48+00:00,
ZYE_0009/2020-09-03/1,\\sahale.biostr.washington.edu\data\Subjects\ZYE_0009\2020-09-03\1\widefield.wfz,subjects/ZYE_0009/2020-09-03/1/widefield.wfz,70777240730,True,70777240730,2026-08-15T16:49:09+00:00,
AL_0033/2025-01-07/1,\\sahale.biostr.washington.edu\data\Subjects\AL_0033\2025-01-07\1\widefield.wfz,subjects/AL_0033/2025-01-07/1/widefield.wfz,65336814915,True,65336814915,2026-08-15T16:26:54+00:00,
ZYE_0098/2025-12-18/1,\\sahale.biostr.washington.edu\data\Subjects\ZYE_0098\2025-12-18\1\widefield.wfz,subjects/ZYE_0098/2025-12-18/1/widefield.wfz,33497517949,True,33497517949,2026-08-16T06:50:46+00:00,
AL_0033/2025-06-13/3,\\sahale.biostr.washington.edu\data\Subjects\AL_0033\2025-06-13\3\widefield.wfz,subjects/AL_0033/2025-06-13/3/widefield.wfz,59472002320,True,59472002320,2026-08-15T16:28:33+00:00,
ZYE_0009/2020-09-02/1,\\sahale.biostr.washington.edu\data\Subjects\ZYE_0009\2020-09-02\1\widefield.wfz,subjects/ZYE_0009/2020-09-02/1/widefield.wfz,67364577782,True,67364577782,2026-08-15T16:46:31+00:00,
AL_0033/2025-01-20/2,\\sahale.biostr.washington.edu\data\Subjects\AL_0033\2025-01-20\2\widefield.wfz,subjects/AL_0033/2025-01-20/2/widefield.wfz,56889765357,True,56889765357,2026-08-15T16:27:57+00:00,
ZYE_0071/2023-01-14/1,\\sahale.biostr.washington.edu\data\Subjects\ZYE_0071\2023-01-14\1\widefield.wfz,subjects/ZYE_0071/2023-01-14/1/widefield.wfz,66745479527,True,66745479527,2026-08-15T23:17:36+00:00,
AL_0046/2026-02-18/3,\\sahale.biostr.washington.edu\data\Subjects\AL_0046\2026-02-18\3\widefield.wfz,subjects/AL_0046/2026-02-18/3/widefield.wfz,60901961030,True,60901961030,2026-08-14T05:16:53+00:00,
ZYE_0014/2020-12-09/1,\\sahale.biostr.washington.edu\data\Subjects\ZYE_0014\2020-12-09\1\widefield.wfz,subjects/ZYE_0014/2020-12-09/1/widefield.wfz,70171127576,True,70171127576,2026-08-15T19:49:57+00:00,
ZYE_0055/2022-01-23/2,\\sahale.biostr.washington.edu\data\Subjects\ZYE_0055\2022-01-23\2\widefield.wfz,subjects/ZYE_0055/2022-01-23/2/widefield.wfz,68377053751,True,68377053751,2026-08-15T20:13:34+00:00,
AL_0041/2026-02-17/1,\\sahale.biostr.washington.edu\data\Subjects\AL_0041\2026-02-17\1\widefield.wfz,subjects/AL_0041/2026-02-17/1/widefield.wfz,57739565667,True,57739565667,2026-08-14T20:36:35+00:00,
AL_0035/2025-05-24/1,\\sahale.biostr.washington.edu\data\Subjects\AL_0035\2025-05-24\1\widefield.wfz,subjects/AL_0035/2025-05-24/1/widefield.wfz,65953580807,True,65953580807,2026-08-14T20:52:33+00:00,
ZYE_0089/2024-05-23/1,\\sahale.biostr.washington.edu\data\Subjects\ZYE_0089\2024-05-23\1\widefield.wfz,subjects/ZYE_0089/2024-05-23/1/widefield.wfz,56562947756,True,56562947756,2026-08-16T02:26:41+00:00,
ZYE_0086/2025-03-06/1,\\sahale.biostr.washington.edu\data\Subjects\ZYE_0086\2025-03-06\1\widefield.wfz,subjects/ZYE_0086/2025-03-06/1/widefield.wfz,59326746239,True,59326746239,2026-08-16T16:53:35+00:00,
ZYE_0088/2024-09-06/1,\\sahale.biostr.washington.edu\data\Subjects\ZYE_0088\2024-09-06\1\widefield.wfz,subjects/ZYE_0088/2024-09-06/1/widefield.wfz,61448809575,True,61448809575,2026-08-16T16:06:50+00:00,
ZYE_0088/2024-05-23/1,\\sahale.biostr.washington.edu\data\Subjects\ZYE_0088\2024-05-23\1\widefield.wfz,subjects/ZYE_0088/2024-05-23/1/widefield.wfz,57343787837,True,57343787837,2026-08-16T02:24:49+00:00,
ZYE_0097/2025-07-16/1,\\sahale.biostr.washington.edu\data\Subjects\ZYE_0097\2025-07-16\1\widefield.wfz,subjects/ZYE_0097/2025-07-16/1/widefield.wfz,59150071316,True,59150071316,2026-08-16T02:33:57+00:00,
AL_0032/2024-04-28/1,\\sahale.biostr.washington.edu\data\Subjects\AL_0032\2024-04-28\1\widefield.wfz,subjects/AL_0032/2024-04-28/1/widefield.wfz,64441528746,True,64441528746,2026-08-14T05:16:33+00:00,
AL_0034/2024-08-12/1,\\sahale.biostr.washington.edu\data\Subjects\AL_0034\2024-08-12\1\widefield.wfz,subjects/AL_0034/2024-08-12/1/widefield.wfz,63227494812,True,63227494812,2026-08-14T05:15:42+00:00,
ZYE_0095/2025-07-17/1,\\sahale.biostr.washington.edu\data\Subjects\ZYE_0095\2025-07-17\1\widefield.wfz,subjects/ZYE_0095/2025-07-17/1/widefield.wfz,57889298616,True,57889298616,2026-08-16T02:33:32+00:00,
AL_0033/2024-12-20/7,\\sahale.biostr.washington.edu\data\Subjects\AL_0033\2024-12-20\7\widefield.wfz,subjects/AL_0033/2024-12-20/7/widefield.wfz,65605579581,True,65605579581,2026-08-15T16:27:34+00:00,
AL_0023/2023-08-25/2,\\sahale.biostr.washington.edu\data\Subjects\AL_0023\2023-08-25\2\widefield.wfz,subjects/AL_0023/2023-08-25/2/widefield.wfz,64315974376,True,64315974376,2026-08-14T05:16:51+00:00,
AB_0032/2024-07-08/1,\\sahale.biostr.washington.edu\data\Subjects\AB_0032\2024-07-08\1\widefield.wfz,subjects/AB_0032/2024-07-08/1/widefield.wfz,65705722562,True,65705722562,2026-08-14T05:15:53+00:00,
AL_0035/2024-09-04/1,\\sahale.biostr.washington.edu\data\Subjects\AL_0035\2024-09-04\1\widefield.wfz,subjects/AL_0035/2024-09-04/1/widefield.wfz,65167266515,True,65167266515,2026-08-14T05:16:32+00:00,
ZYE_0097/2025-07-26/1,\\sahale.biostr.washington.edu\data\Subjects\ZYE_0097\2025-07-26\1\widefield.wfz,subjects/ZYE_0097/2025-07-26/1/widefield.wfz,56535625734,True,56535625734,2026-08-16T03:15:28+00:00,
ZYE_0052/2021-12-31/1,\\sahale.biostr.washington.edu\data\Subjects\ZYE_0052\2021-12-31\1\widefield.wfz,subjects/ZYE_0052/2021-12-31/1/widefield.wfz,66963190062,True,66963190062,2026-08-15T19:51:50+00:00,
ZYE_0088/2024-07-16/2,\\sahale.biostr.washington.edu\data\Subjects\ZYE_0088\2024-07-16\2\widefield.wfz,subjects/ZYE_0088/2024-07-16/2/widefield.wfz,61005162023,True,61005162023,2026-08-16T13:20:55+00:00,
ZYE_0088/2024-07-13/2,\\sahale.biostr.washington.edu\data\Subjects\ZYE_0088\2024-07-13\2\widefield.wfz,subjects/ZYE_0088/2024-07-13/2/widefield.wfz,61988835581,True,61988835581,2026-08-16T12:41:52+00:00,
ZYE_0053/2021-12-20/1,\\sahale.biostr.washington.edu\data\Subjects\ZYE_0053\2021-12-20\1\widefield.wfz,subjects/ZYE_0053/2021-12-20/1/widefield.wfz,66436055059,True,66436055059,2026-08-15T19:42:31+00:00,
AL_0035/2024-12-09/1,\\sahale.biostr.washington.edu\data\Subjects\AL_0035\2024-12-09\1\widefield.wfz,subjects/AL_0035/2024-12-09/1/widefield.wfz,65210889294,True,65210889294,2026-08-14T05:16:57+00:00,
ZYE_0043/2021-09-27/1,\\sahale.biostr.washington.edu\data\Subjects\ZYE_0043\2021-09-27\1\widefield.wfz,subjects/ZYE_0043/2021-09-27/1/widefield.wfz,65664931726,True,65664931726,2026-08-15T19:32:32+00:00,
ZYE_0090/2024-08-13/3,\\sahale.biostr.washington.edu\data\Subjects\ZYE_0090\2024-08-13\3\widefield.wfz,subjects/ZYE_0090/2024-08-13/3/widefield.wfz,60440557641,True,60440557641,2026-08-16T13:28:46+00:00,
ZYE_0091/2024-07-12/1,\\sahale.biostr.washington.edu\data\Subjects\ZYE_0091\2024-07-12\1\widefield.wfz,subjects/ZYE_0091/2024-07-12/1/widefield.wfz,59900836437,True,59900836437,2026-08-16T03:28:37+00:00,
AB_0032/2024-07-19/1,\\sahale.biostr.washington.edu\data\Subjects\AB_0032\2024-07-19\1\widefield.wfz,subjects/AB_0032/2024-07-19/1/widefield.wfz,63600345054,True,63600345054,2026-08-14T05:16:00+00:00,
ZYE_0072/2023-01-15/1,\\sahale.biostr.washington.edu\data\Subjects\ZYE_0072\2023-01-15\1\widefield.wfz,subjects/ZYE_0072/2023-01-15/1/widefield.wfz,61858282414,True,61858282414,2026-08-15T23:35:22+00:00,
ZYE_0090/2025-03-14/3,\\sahale.biostr.washington.edu\data\Subjects\ZYE_0090\2025-03-14\3\widefield.wfz,subjects/ZYE_0090/2025-03-14/3/widefield.wfz,62475266391,True,62475266391,2026-08-16T15:06:40+00:00,
ZYE_0026/2021-03-22/1,\\sahale.biostr.washington.edu\data\Subjects\ZYE_0026\2021-03-22\1\widefield.wfz,subjects/ZYE_0026/2021-03-22/1/widefield.wfz,68666344782,True,68666344782,2026-08-15T23:27:57+00:00,
ZYE_0054/2022-01-03/1,\\sahale.biostr.washington.edu\data\Subjects\ZYE_0054\2022-01-03\1\widefield.wfz,subjects/ZYE_0054/2022-01-03/1/widefield.wfz,65574837835,True,65574837835,2026-08-15T19:37:58+00:00,
ZYE_0038/2021-09-02/2,\\sahale.biostr.washington.edu\data\Subjects\ZYE_0038\2021-09-02\2\widefield.wfz,subjects/ZYE_0038/2021-09-02/2/widefield.wfz,65038900837,True,65038900837,2026-08-15T19:10:31+00:00,
ZYE_0091/2025-02-28/3,\\sahale.biostr.washington.edu\data\Subjects\ZYE_0091\2025-02-28\3\widefield.wfz,subjects/ZYE_0091/2025-02-28/3/widefield.wfz,59998424279,True,59998424279,2026-08-16T07:38:20+00:00,
AL_0041/2026-02-19/2,\\sahale.biostr.washington.edu\data\Subjects\AL_0041\2026-02-19\2\widefield.wfz,subjects/AL_0041/2026-02-19/2/widefield.wfz,56138860310,True,56138860310,2026-08-14T20:37:50+00:00,
ZYE_0026/2021-03-19/1,\\sahale.biostr.washington.edu\data\Subjects\ZYE_0026\2021-03-19\1\widefield.wfz,subjects/ZYE_0026/2021-03-19/1/widefield.wfz,67476679333,True,67476679333,2026-08-15T23:05:12+00:00,
ZYE_0090/2025-06-07/1,\\sahale.biostr.washington.edu\data\Subjects\ZYE_0090\2025-06-07\1\widefield.wfz,subjects/ZYE_0090/2025-06-07/1/widefield.wfz,59338981372,True,59338981372,2026-08-16T16:03:57+00:00,
ZYE_0092/2025-06-14/1,\\sahale.biostr.washington.edu\data\Subjects\ZYE_0092\2025-06-14\1\widefield.wfz,subjects/ZYE_0092/2025-06-14/1/widefield.wfz,51843317420,True,51843317420,2026-08-16T02:31:28+00:00,
AL_0035/2024-09-10/1,\\sahale.biostr.washington.edu\data\Subjects\AL_0035\2024-09-10\1\widefield.wfz,subjects/AL_0035/2024-09-10/1/widefield.wfz,61847362125,True,61847362125,2026-08-14T05:17:00+00:00,
ZYE_0087/2024-09-07/1,\\sahale.biostr.washington.edu\data\Subjects\ZYE_0087\2024-09-07\1\widefield.wfz,subjects/ZYE_0087/2024-09-07/1/widefield.wfz,58857221693,True,58857221693,2026-08-16T08:21:22+00:00,
ZYE_0085/2024-07-18/3,\\sahale.biostr.washington.edu\data\Subjects\ZYE_0085\2024-07-18\3\widefield.wfz,subjects/ZYE_0085/2024-07-18/3/widefield.wfz,58106223188,True,58106223188,2026-08-16T13:11:08+00:00,
ZYE_0090/2025-06-10/2,\\sahale.biostr.washington.edu\data\Subjects\ZYE_0090\2025-06-10\2\widefield.wfz,subjects/ZYE_0090/2025-06-10/2/widefield.wfz,57283595801,True,57283595801,2026-08-16T16:04:01+00:00,
ZYE_0070/2023-01-14/1,\\sahale.biostr.washington.edu\data\Subjects\ZYE_0070\2023-01-14\1\widefield.wfz,subjects/ZYE_0070/2023-01-14/1/widefield.wfz,62374271525,True,62374271525,2026-08-15T22:58:31+00:00,
ZYE_0050/2021-12-11/1,\\sahale.biostr.washington.edu\data\Subjects\ZYE_0050\2021-12-11\1\widefield.wfz,subjects/ZYE_0050/2021-12-11/1/widefield.wfz,65680976418,True,65680976418,2026-08-15T22:56:59+00:00,
AL_0033/2024-12-23/1,\\sahale.biostr.washington.edu\data\Subjects\AL_0033\2024-12-23\1\widefield.wfz,subjects/AL_0033/2024-12-23/1/widefield.wfz,60944010459,True,60944010459,2026-08-15T16:26:58+00:00,
ZYE_0055/2022-01-07/4,\\sahale.biostr.washington.edu\data\Subjects\ZYE_0055\2022-01-07\4\widefield.wfz,subjects/ZYE_0055/2022-01-07/4/widefield.wfz,67000437610,True,67000437610,2026-08-15T20:17:55+00:00,
ZYE_0072/2023-01-22/5,\\sahale.biostr.washington.edu\data\Subjects\ZYE_0072\2023-01-22\5\widefield.wfz,subjects/ZYE_0072/2023-01-22/5/widefield.wfz,57200406159,True,57200406159,2026-08-16T02:10:44+00:00,
ZYE_0090/2025-03-06/5,\\sahale.biostr.washington.edu\data\Subjects\ZYE_0090\2025-03-06\5\widefield.wfz,subjects/ZYE_0090/2025-03-06/5/widefield.wfz,61057989294,True,61057989294,2026-08-16T15:19:31+00:00,
ZYE_0016/2020-12-21/1,\\sahale.biostr.washington.edu\data\Subjects\ZYE_0016\2020-12-21\1\widefield.wfz,subjects/ZYE_0016/2020-12-21/1/widefield.wfz,62997509396,True,62997509396,2026-08-15T16:32:03+00:00,
ZYE_0095/2025-07-26/1,\\sahale.biostr.washington.edu\data\Subjects\ZYE_0095\2025-07-26\1\widefield.wfz,subjects/ZYE_0095/2025-07-26/1/widefield.wfz,55266191433,True,55266191433,2026-08-16T02:51:01+00:00,
ZYE_0060/2022-03-23/2,\\sahale.biostr.washington.edu\data\Subjects\ZYE_0060\2022-03-23\2\widefield.wfz,subjects/ZYE_0060/2022-03-23/2/widefield.wfz,63413699158,True,63413699158,2026-08-15T22:46:09+00:00,
ZYE_0089/2024-07-08/1,\\sahale.biostr.washington.edu\data\Subjects\ZYE_0089\2024-07-08\1\widefield.wfz,subjects/ZYE_0089/2024-07-08/1/widefield.wfz,57552039545,True,57552039545,2026-08-16T09:24:12+00:00,
AL_0032/2024-05-12/1,\\sahale.biostr.washington.edu\data\Subjects\AL_0032\2024-05-12\1\widefield.wfz,subjects/AL_0032/2024-05-12/1/widefield.wfz,57934816102,True,57934816102,2026-08-14T05:16:06+00:00,
ZYE_0098/2025-12-17/2,\\sahale.biostr.washington.edu\data\Subjects\ZYE_0098\2025-12-17\2\widefield.wfz,subjects/ZYE_0098/2025-12-17/2/widefield.wfz,32514339901,True,32514339901,2026-08-16T04:47:20+00:00,
AL_0035/2024-08-12/1,\\sahale.biostr.washington.edu\data\Subjects\AL_0035\2024-08-12\1\widefield.wfz,subjects/AL_0035/2024-08-12/1/widefield.wfz,59289722123,True,59289722123,2026-08-14T05:16:44+00:00,
AL_0041/2026-02-28/2,\\sahale.biostr.washington.edu\data\Subjects\AL_0041\2026-02-28\2\widefield.wfz,subjects/AL_0041/2026-02-28/2/widefield.wfz,55745430238,True,55745430238,2026-08-15T18:59:20+00:00,
ZYE_0090/2025-06-05/1,\\sahale.biostr.washington.edu\data\Subjects\ZYE_0090\2025-06-05\1\widefield.wfz,subjects/ZYE_0090/2025-06-05/1/widefield.wfz,57796670077,True,57796670077,2026-08-16T15:43:26+00:00,
ZYE_0091/2024-07-09/1,\\sahale.biostr.washington.edu\data\Subjects\ZYE_0091\2024-07-09\1\widefield.wfz,subjects/ZYE_0091/2024-07-09/1/widefield.wfz,56929382038,True,56929382038,2026-08-16T03:07:48+00:00,
AL_0041/2025-11-03/1,\\sahale.biostr.washington.edu\data\Subjects\AL_0041\2025-11-03\1\widefield.wfz,subjects/AL_0041/2025-11-03/1/widefield.wfz,57342460698,True,57342460698,2026-08-16T19:03:21+00:00,
AL_0016/2022-10-04/1,\\sahale.biostr.washington.edu\data\Subjects\AL_0016\2022-10-04\1\widefield.wfz,subjects/AL_0016/2022-10-04/1/widefield.wfz,61821484753,True,61821484753,2026-08-16T19:02:06+00:00,
ZYE_0055/2022-01-24/3,\\sahale.biostr.washington.edu\data\Subjects\ZYE_0055\2022-01-24\3\widefield.wfz,subjects/ZYE_0055/2022-01-24/3/widefield.wfz,65953960426,True,65953960426,2026-08-15T20:45:18+00:00,
ZYE_0088/2024-07-15/2,\\sahale.biostr.washington.edu\data\Subjects\ZYE_0088\2024-07-15\2\widefield.wfz,subjects/ZYE_0088/2024-07-15/2/widefield.wfz,59344172777,True,59344172777,2026-08-16T13:03:35+00:00,
ZYE_0014/2020-10-28/1,\\sahale.biostr.washington.edu\data\Subjects\ZYE_0014\2020-10-28\1\widefield.wfz,subjects/ZYE_0014/2020-10-28/1/widefield.wfz,64859471295,True,64859471295,2026-08-15T16:32:11+00:00,
ZYE_0097/2025-07-18/1,\\sahale.biostr.washington.edu\data\Subjects\ZYE_0097\2025-07-18\1\widefield.wfz,subjects/ZYE_0097/2025-07-18/1/widefield.wfz,55192515391,True,55192515391,2026-08-16T02:34:44+00:00,
ZYE_0087/2024-09-06/3,\\sahale.biostr.washington.edu\data\Subjects\ZYE_0087\2024-09-06\3\widefield.wfz,subjects/ZYE_0087/2024-09-06/3/widefield.wfz,55529073446,True,55529073446,2026-08-16T08:30:51+00:00,
ZYE_0077/2024-07-22/1,\\sahale.biostr.washington.edu\data\Subjects\ZYE_0077\2024-07-22\1\widefield.wfz,subjects/ZYE_0077/2024-07-22/1/widefield.wfz,57180166833,True,57180166833,2026-08-16T10:03:24+00:00,
AL_0048/2026-07-14/1,\\sahale.biostr.washington.edu\data\Subjects\AL_0048\2026-07-14\1\widefield.wfz,subjects/AL_0048/2026-07-14/1/widefield.wfz,55903875696,True,55903875696,2026-08-16T19:24:12+00:00,
ZYE_0090/2025-02-25/1,\\sahale.biostr.washington.edu\data\Subjects\ZYE_0090\2025-02-25\1\widefield.wfz,subjects/ZYE_0090/2025-02-25/1/widefield.wfz,59329485012,True,59329485012,2026-08-16T14:48:48+00:00,
ZYE_0060/2022-03-26/1,\\sahale.biostr.washington.edu\data\Subjects\ZYE_0060\2022-03-26\1\widefield.wfz,subjects/ZYE_0060/2022-03-26/1/widefield.wfz,64262700873,True,64262700873,2026-08-15T23:01:37+00:00,
ZYE_0055/2022-01-06/1,\\sahale.biostr.washington.edu\data\Subjects\ZYE_0055\2022-01-06\1\widefield.wfz,subjects/ZYE_0055/2022-01-06/1/widefield.wfz,65671550550,True,65671550550,2026-08-15T19:45:54+00:00,
ZYE_0085/2024-07-17/1,\\sahale.biostr.washington.edu\data\Subjects\ZYE_0085\2024-07-17\1\widefield.wfz,subjects/ZYE_0085/2024-07-17/1/widefield.wfz,58588737492,True,58588737492,2026-08-16T10:47:05+00:00,
ZYE_0085/2024-09-08/1,\\sahale.biostr.washington.edu\data\Subjects\ZYE_0085\2024-09-08\1\widefield.wfz,subjects/ZYE_0085/2024-09-08/1/widefield.wfz,59624230003,True,59624230003,2026-08-16T14:54:51+00:00,
ZYE_0089/2025-05-03/1,\\sahale.biostr.washington.edu\data\Subjects\ZYE_0089\2025-05-03\1\widefield.wfz,subjects/ZYE_0089/2025-05-03/1/widefield.wfz,57621950875,True,57621950875,2026-08-16T17:03:50+00:00,
ZYE_0085/2024-07-22/1,\\sahale.biostr.washington.edu\data\Subjects\ZYE_0085\2024-07-22\1\widefield.wfz,subjects/ZYE_0085/2024-07-22/1/widefield.wfz,58588071174,True,58588071174,2026-08-16T13:53:45+00:00,
ZYE_0050/2021-12-12/3,\\sahale.biostr.washington.edu\data\Subjects\ZYE_0050\2021-12-12\3\widefield.wfz,subjects/ZYE_0050/2021-12-12/3/widefield.wfz,62996160636,True,62996160636,2026-08-15T23:52:54+00:00,
AL_0041/2026-02-27/1,\\sahale.biostr.washington.edu\data\Subjects\AL_0041\2026-02-27\1\widefield.wfz,subjects/AL_0041/2026-02-27/1/widefield.wfz,55354378228,True,55354378228,2026-08-16T21:13:01+00:00,
ZYE_0091/2024-09-08/1,\\sahale.biostr.washington.edu\data\Subjects\ZYE_0091\2024-09-08\1\widefield.wfz,subjects/ZYE_0091/2024-09-08/1/widefield.wfz,59215204920,True,59215204920,2026-08-16T07:15:02+00:00,
ZYE_0090/2024-07-27/1,\\sahale.biostr.washington.edu\data\Subjects\ZYE_0090\2024-07-27\1\widefield.wfz,subjects/ZYE_0090/2024-07-27/1/widefield.wfz,57230608218,True,57230608218,2026-08-16T07:23:28+00:00,
ZYE_0086/2025-03-05/1,\\sahale.biostr.washington.edu\data\Subjects\ZYE_0086\2025-03-05\1\widefield.wfz,subjects/ZYE_0086/2025-03-05/1/widefield.wfz,55875135627,True,55875135627,2026-08-16T16:13:34+00:00,
AL_0037/2025-02-28/2,\\sahale.biostr.washington.edu\data\Subjects\AL_0037\2025-02-28\2\widefield.wfz,subjects/AL_0037/2025-02-28/2/widefield.wfz,54251041894,True,54251041894,2026-08-18T05:10:06+00:00,
AL_0037/2025-02-11/4,\\sahale.biostr.washington.edu\data\Subjects\AL_0037\2025-02-11\4\widefield.wfz,subjects/AL_0037/2025-02-11/4/widefield.wfz,56634695268,True,56634695268,2026-08-18T05:10:06+00:00,
ZYE_0066/2022-10-25/6,\\sahale.biostr.washington.edu\data\Subjects\ZYE_0066\2022-10-25\6\widefield.wfz,subjects/ZYE_0066/2022-10-25/6/widefield.wfz,58147106861,True,58147106861,2026-08-18T15:43:47+00:00,
ZYE_0090/2024-08-14/1,\\sahale.biostr.washington.edu\data\Subjects\ZYE_0090\2024-08-14\1\widefield.wfz,subjects/ZYE_0090/2024-08-14/1/widefield.wfz,56271815091,True,56271815091,2026-08-18T15:51:00+00:00,
ZYE_0087/2024-08-19/1,\\sahale.biostr.washington.edu\data\Subjects\ZYE_0087\2024-08-19\1\widefield.wfz,subjects/ZYE_0087/2024-08-19/1/widefield.wfz,55865907757,True,55865907757,2026-08-18T15:51:02+00:00,
AL_0032/2024-04-09/1,\\sahale.biostr.washington.edu\data\Subjects\AL_0032\2024-04-09\1\widefield.wfz,subjects/AL_0032/2024-04-09/1/widefield.wfz,58786392694,True,58786392694,2026-08-18T05:10:09+00:00,
ZYE_0052/2021-12-18/2,\\sahale.biostr.washington.edu\data\Subjects\ZYE_0052\2021-12-18\2\widefield.wfz,subjects/ZYE_0052/2021-12-18/2/widefield.wfz,62884590354,True,62884590354,2026-08-18T15:43:50+00:00,
AL_0014/2022-08-09/2,\\sahale.biostr.washington.edu\data\Subjects\AL_0014\2022-08-09\2\widefield.wfz,subjects/AL_0014/2022-08-09/2/widefield.wfz,62623767180,True,62623767180,2026-08-18T05:10:26+00:00,
ZYE_0041/2021-09-02/7,\\sahale.biostr.washington.edu\data\Subjects\ZYE_0041\2021-09-02\7\widefield.wfz,subjects/ZYE_0041/2021-09-02/7/widefield.wfz,60590726226,True,60590726226,2026-08-18T15:45:45+00:00,
ZYE_0091/2024-07-28/1,\\sahale.biostr.washington.edu\data\Subjects\ZYE_0091\2024-07-28\1\widefield.wfz,subjects/ZYE_0091/2024-07-28/1/widefield.wfz,56216727522,True,56216727522,2026-08-18T15:46:52+00:00,
AL_0027/2023-12-07/1,\\sahale.biostr.washington.edu\data\Subjects\AL_0027\2023-12-07\1\widefield.wfz,subjects/AL_0027/2023-12-07/1/widefield.wfz,60008741519,True,60008741519,2026-08-18T19:09:49+00:00,
AL_0041/2026-02-10/1,\\sahale.biostr.washington.edu\data\Subjects\AL_0041\2026-02-10\1\widefield.wfz,subjects/AL_0041/2026-02-10/1/widefield.wfz,59711158849,True,59711158849,2026-08-18T19:50:32+00:00,
ZYE_0053/2021-12-22/1,\\sahale.biostr.washington.edu\data\Subjects\ZYE_0053\2021-12-22\1\widefield.wfz,subjects/ZYE_0053/2021-12-22/1/widefield.wfz,61525269141,True,61525269141,2026-08-18T17:41:38+00:00,
ZYE_0014/2020-12-23/1,\\sahale.biostr.washington.edu\data\Subjects\ZYE_0014\2020-12-23\1\widefield.wfz,subjects/ZYE_0014/2020-12-23/1/widefield.wfz,61879557481,True,61879557481,2026-08-18T15:47:08+00:00,
ZYE_0052/2021-12-22/4,\\sahale.biostr.washington.edu\data\Subjects\ZYE_0052\2021-12-22\4\widefield.wfz,subjects/ZYE_0052/2021-12-22/4/widefield.wfz,61438298522,True,61438298522,2026-08-18T15:47:03+00:00,
ZYE_0098/2025-07-16/1,\\sahale.biostr.washington.edu\data\Subjects\ZYE_0098\2025-07-16\1\widefield.wfz,subjects/ZYE_0098/2025-07-16/1/widefield.wfz,50849122383,True,50849122383,2026-08-18T17:40:11+00:00,
AL_0030/2024-01-23/1,\\sahale.biostr.washington.edu\data\Subjects\AL_0030\2024-01-23\1\widefield.wfz,subjects/AL_0030/2024-01-23/1/widefield.wfz,25990932550,True,25990932550,2026-08-18T19:09:06+00:00,
AL_0023/2023-10-27/1,\\sahale.biostr.washington.edu\data\Subjects\AL_0023\2023-10-27\1\widefield.wfz,subjects/AL_0023/2023-10-27/1/widefield.wfz,38684634249,True,38684634249,2026-08-18T19:12:15+00:00,
AL_0034/2024-08-19/1,\\sahale.biostr.washington.edu\data\Subjects\AL_0034\2024-08-19\1\widefield.wfz,subjects/AL_0034/2024-08-19/1/widefield.wfz,54513552607,True,54513552607,2026-08-18T19:11:53+00:00,
ZYE_0014/2020-12-10/1,\\sahale.biostr.washington.edu\data\Subjects\ZYE_0014\2020-12-10\1\widefield.wfz,subjects/ZYE_0014/2020-12-10/1/widefield.wfz,61353466158,True,61353466158,2026-08-18T15:47:46+00:00,
ZYE_0088/2024-09-05/1,\\sahale.biostr.washington.edu\data\Subjects\ZYE_0088\2024-09-05\1\widefield.wfz,subjects/ZYE_0088/2024-09-05/1/widefield.wfz,56734781383,True,56734781383,2026-08-18T15:52:18+00:00,
AL_0033/2024-07-25/1,\\sahale.biostr.washington.edu\data\Subjects\AL_0033\2024-07-25\1\widefield.wfz,subjects/AL_0033/2024-07-25/1/widefield.wfz,55470916045,True,55470916045,2026-08-18T21:53:54+00:00,
FD_011/2026-04-14/2,\\sahale.biostr.washington.edu\data\Subjects\FD_011\2026-04-14\2\widefield.wfz,subjects/FD_011/2026-04-14/2/widefield.wfz,43955658425,True,43955658425,2026-08-19T02:47:24+00:00,
AL_0038/2025-04-04/2,\\sahale.biostr.washington.edu\data\Subjects\AL_0038\2025-04-04\2\widefield.wfz,subjects/AL_0038/2025-04-04/2/widefield.wfz,49630853311,True,49630853311,2026-08-18T21:53:26+00:00,
AL_0038/2025-03-04/1,\\sahale.biostr.washington.edu\data\Subjects\AL_0038\2025-03-04\1\widefield.wfz,subjects/AL_0038/2025-03-04/1/widefield.wfz,51959565020,True,51959565020,2026-08-18T19:13:37+00:00,
ZYE_0094/2025-06-16/3,\\sahale.biostr.washington.edu\data\Subjects\ZYE_0094\2025-06-16\3\widefield.wfz,subjects/ZYE_0094/2025-06-16/3/widefield.wfz,47747309332,True,47747309332,2026-08-18T15:48:00+00:00,
ZYE_0091/2025-03-13/1,\\sahale.biostr.washington.edu\data\Subjects\ZYE_0091\2025-03-13\1\widefield.wfz,subjects/ZYE_0091/2025-03-13/1/widefield.wfz,54864067419,True,54864067419,2026-08-18T15:52:10+00:00,
ZYE_0092/2025-06-14/3,\\sahale.biostr.washington.edu\data\Subjects\ZYE_0092\2025-06-14\3\widefield.wfz,subjects/ZYE_0092/2025-06-14/3/widefield.wfz,48046008755,True,48046008755,2026-08-18T17:56:43+00:00,
FD_009/2026-06-25/1,\\sahale.biostr.washington.edu\data\Subjects\FD_009\2026-06-25\1\widefield.wfz,subjects/FD_009/2026-06-25/1/widefield.wfz,51271688467,True,51271688467,2026-08-19T02:13:54+00:00,
AL_0030/2024-01-18/2,\\sahale.biostr.washington.edu\data\Subjects\AL_0030\2024-01-18\2\widefield.wfz,subjects/AL_0030/2024-01-18/2/widefield.wfz,53899081450,True,53899081450,2026-08-18T19:12:48+00:00,
ZYE_0014/2021-04-06/3,\\sahale.biostr.washington.edu\data\Subjects\ZYE_0014\2021-04-06\3\widefield.wfz,subjects/ZYE_0014/2021-04-06/3/widefield.wfz,56394627649,True,56394627649,2026-08-18T15:53:02+00:00,
AB_0003/2021-04-19/1,\\sahale.biostr.washington.edu\data\Subjects\AB_0003\2021-04-19\1\widefield.wfz,subjects/AB_0003/2021-04-19/1/widefield.wfz,65149088729,True,65149088729,2026-08-18T19:12:56+00:00,
AL_0033/2025-04-11/1,\\sahale.biostr.washington.edu\data\Subjects\AL_0033\2025-04-11\1\widefield.wfz,subjects/AL_0033/2025-04-11/1/widefield.wfz,54542192374,True,54542192374,2026-08-19T02:56:18+00:00,
FD_004/2025-10-22/1,\\sahale.biostr.washington.edu\data\Subjects\FD_004\2025-10-22\1\widefield.wfz,subjects/FD_004/2025-10-22/1/widefield.wfz,29948736665,True,29948736665,2026-08-19T01:48:44+00:00,
ZYE_0052/2022-01-04/1,\\sahale.biostr.washington.edu\data\Subjects\ZYE_0052\2022-01-04\1\widefield.wfz,subjects/ZYE_0052/2022-01-04/1/widefield.wfz,59633213772,True,59633213772,2026-08-19T04:54:36+00:00,
ZYE_0090/2024-07-16/1,\\sahale.biostr.washington.edu\data\Subjects\ZYE_0090\2024-07-16\1\widefield.wfz,subjects/ZYE_0090/2024-07-16/1/widefield.wfz,54704146588,True,54704146588,2026-08-19T05:35:08+00:00,
ZYE_0085/2024-07-09/3,\\sahale.biostr.washington.edu\data\Subjects\ZYE_0085\2024-07-09\3\widefield.wfz,subjects/ZYE_0085/2024-07-09/3/widefield.wfz,56199082452,True,56199082452,2026-08-19T06:59:18+00:00,
ZYE_0094/2025-07-19/1,\\sahale.biostr.washington.edu\data\Subjects\ZYE_0094\2025-07-19\1\widefield.wfz,subjects/ZYE_0094/2025-07-19/1/widefield.wfz,50132203034,True,50132203034,2026-08-19T05:31:10+00:00,
ZYE_0095/2025-07-10/1,\\sahale.biostr.washington.edu\data\Subjects\ZYE_0095\2025-07-10\1\widefield.wfz,subjects/ZYE_0095/2025-07-10/1/widefield.wfz,48524934382,True,48524934382,2026-08-19T05:22:36+00:00,
ZYE_0090/2025-06-11/1,\\sahale.biostr.washington.edu\data\Subjects\ZYE_0090\2025-06-11\1\widefield.wfz,subjects/ZYE_0090/2025-06-11/1/widefield.wfz,53935676827,True,53935676827,2026-08-19T10:15:38+00:00,
ZYE_0088/2024-07-10/1,\\sahale.biostr.washington.edu\data\Subjects\ZYE_0088\2024-07-10\1\widefield.wfz,subjects/ZYE_0088/2024-07-10/1/widefield.wfz,55683536810,True,55683536810,2026-08-19T07:45:50+00:00,
AL_0033/2025-04-29/1,\\sahale.biostr.washington.edu\data\Subjects\AL_0033\2025-04-29\1\widefield.wfz,subjects/AL_0033/2025-04-29/1/widefield.wfz,53533815987,True,53533815987,2026-08-19T03:00:20+00:00,
ZYE_0027/2021-04-19/1,\\sahale.biostr.washington.edu\data\Subjects\ZYE_0027\2021-04-19\1\widefield.wfz,subjects/ZYE_0027/2021-04-19/1/widefield.wfz,61592710896,True,61592710896,2026-08-19T05:16:13+00:00,
AL_0039/2025-07-05/3,\\sahale.biostr.washington.edu\data\Subjects\AL_0039\2025-07-05\3\widefield.wfz,subjects/AL_0039/2025-07-05/3/widefield.wfz,53095200169,True,53095200169,2026-08-19T01:34:12+00:00,
ZYE_0088/2024-08-23/1,\\sahale.biostr.washington.edu\data\Subjects\ZYE_0088\2024-08-23\1\widefield.wfz,subjects/ZYE_0088/2024-08-23/1/widefield.wfz,55470065931,True,55470065931,2026-08-19T10:09:15+00:00,
ZYE_0014/2020-12-22/1,\\sahale.biostr.washington.edu\data\Subjects\ZYE_0014\2020-12-22\1\widefield.wfz,subjects/ZYE_0014/2020-12-22/1/widefield.wfz,60362041087,True,60362041087,2026-08-19T05:03:07+00:00,
ZYE_0093/2025-06-02/2,\\sahale.biostr.washington.edu\data\Subjects\ZYE_0093\2025-06-02\2\widefield.wfz,subjects/ZYE_0093/2025-06-02/2/widefield.wfz,50084103361,True,50084103361,2026-08-19T05:19:16+00:00,
ZYE_0056/2022-01-10/1,\\sahale.biostr.washington.edu\data\Subjects\ZYE_0056\2022-01-10\1\widefield.wfz,subjects/ZYE_0056/2022-01-10/1/widefield.wfz,60985259579,True,60985259579,2026-08-19T04:53:54+00:00,
ZYE_0086/2025-02-11/1,\\sahale.biostr.washington.edu\data\Subjects\ZYE_0086\2025-02-11\1\widefield.wfz,subjects/ZYE_0086/2025-02-11/1/widefield.wfz,53544783926,True,53544783926,2026-08-19T10:17:09+00:00,
ZYE_0095/2025-07-18/1,\\sahale.biostr.washington.edu\data\Subjects\ZYE_0095\2025-07-18\1\widefield.wfz,subjects/ZYE_0095/2025-07-18/1/widefield.wfz,49570830450,True,49570830450,2026-08-19T05:27:27+00:00,
AL_0034/2024-11-17/1,\\sahale.biostr.washington.edu\data\Subjects\AL_0034\2024-11-17\1\widefield.wfz,subjects/AL_0034/2024-11-17/1/widefield.wfz,56248391093,True,56248391093,2026-08-19T16:07:04+00:00,
ZYE_0052/2021-12-21/1,\\sahale.biostr.washington.edu\data\Subjects\ZYE_0052\2021-12-21\1\widefield.wfz,subjects/ZYE_0052/2021-12-21/1/widefield.wfz,60534575927,True,60534575927,2026-08-19T04:53:38+00:00,
ZYE_0094/2025-07-10/1,\\sahale.biostr.washington.edu\data\Subjects\ZYE_0094\2025-07-10\1\widefield.wfz,subjects/ZYE_0094/2025-07-10/1/widefield.wfz,47542800424,True,47542800424,2026-08-19T05:28:20+00:00,
AL_0035/2024-12-19/2,\\sahale.biostr.washington.edu\data\Subjects\AL_0035\2024-12-19\2\widefield.wfz,subjects/AL_0035/2024-12-19/2/widefield.wfz,57058092119,True,57058092119,2026-08-19T15:31:19+00:00,
ZYE_0059/2022-03-15/5,\\sahale.biostr.washington.edu\data\Subjects\ZYE_0059\2022-03-15\5\widefield.wfz,subjects/ZYE_0059/2022-03-15/5/widefield.wfz,59293614071,True,59293614071,2026-08-19T05:01:49+00:00,
ZYE_0094/2025-07-21/1,\\sahale.biostr.washington.edu\data\Subjects\ZYE_0094\2025-07-21\1\widefield.wfz,subjects/ZYE_0094/2025-07-21/1/widefield.wfz,49539071764,True,49539071764,2026-08-19T05:33:07+00:00,
ZYE_0062/2022-03-30/5,\\sahale.biostr.washington.edu\data\Subjects\ZYE_0062\2022-03-30\5\widefield.wfz,subjects/ZYE_0062/2022-03-30/5/widefield.wfz,57778880830,True,57778880830,2026-08-19T05:02:13+00:00,
FD_012/2026-05-06/1,\\sahale.biostr.washington.edu\data\Subjects\FD_012\2026-05-06\1\widefield.wfz,subjects/FD_012/2026-05-06/1/widefield.wfz,44873768130,True,44873768130,2026-08-20T10:27:13+00:00,
ZYE_0091/2025-03-11/1,\\sahale.biostr.washington.edu\data\Subjects\ZYE_0091\2025-03-11\1\widefield.wfz,subjects/ZYE_0091/2025-03-11/1/widefield.wfz,52373368941,True,52373368941,2026-08-19T06:54:24+00:00,
ZYE_0095/2025-07-19/1,\\sahale.biostr.washington.edu\data\Subjects\ZYE_0095\2025-07-19\1\widefield.wfz,subjects/ZYE_0095/2025-07-19/1/widefield.wfz,48992261740,True,48992261740,2026-08-19T05:28:31+00:00,
ZYE_0089/2024-07-16/1,\\sahale.biostr.washington.edu\data\Subjects\ZYE_0089\2024-07-16\1\widefield.wfz,subjects/ZYE_0089/2024-07-16/1/widefield.wfz,51978240392,True,51978240392,2026-08-19T07:48:12+00:00,
ZYE_0090/2025-06-10/1,\\sahale.biostr.washington.edu\data\Subjects\ZYE_0090\2025-06-10\1\widefield.wfz,subjects/ZYE_0090/2025-06-10/1/widefield.wfz,52032413717,True,52032413717,2026-08-19T10:11:52+00:00,
ZYE_0091/2025-06-06/5,\\sahale.biostr.washington.edu\data\Subjects\ZYE_0091\2025-06-06\5\widefield.wfz,subjects/ZYE_0091/2025-06-06/5/widefield.wfz,51654683164,True,51654683164,2026-08-19T07:14:42+00:00,
ZYE_0053/2022-01-04/1,\\sahale.biostr.washington.edu\data\Subjects\ZYE_0053\2022-01-04\1\widefield.wfz,subjects/ZYE_0053/2022-01-04/1/widefield.wfz,57773069093,True,57773069093,2026-08-20T17:04:59+00:00,
AL_0035/2024-08-22/1,\\sahale.biostr.washington.edu\data\Subjects\AL_0035\2024-08-22\1\widefield.wfz,subjects/AL_0035/2024-08-22/1/widefield.wfz,55027163730,True,55027163730,2026-08-19T15:29:57+00:00,
AB_0026/2024-03-12/1,\\sahale.biostr.washington.edu\data\Subjects\AB_0026\2024-03-12\1\widefield.wfz,subjects/AB_0026/2024-03-12/1/widefield.wfz,56659468530,True,56659468530,2026-08-19T15:26:20+00:00,
AB_0032/2024-03-12/1,\\sahale.biostr.washington.edu\data\Subjects\AB_0032\2024-03-12\1\widefield.wfz,subjects/AB_0032/2024-03-12/1/widefield.wfz,56659468529,True,56659468529,2026-08-19T15:26:36+00:00,
FD_008/2026-06-23/1,\\sahale.biostr.washington.edu\data\Subjects\FD_008\2026-06-23\1\widefield.wfz,subjects/FD_008/2026-06-23/1/widefield.wfz,48701976961,True,48701976961,2026-08-20T10:20:41+00:00,
FD_009/2026-06-23/1,\\sahale.biostr.washington.edu\data\Subjects\FD_009\2026-06-23\1\widefield.wfz,subjects/FD_009/2026-06-23/1/widefield.wfz,48862742321,True,48862742321,2026-08-20T10:21:12+00:00,
AL_0038/2025-01-06/1,\\sahale.biostr.washington.edu\data\Subjects\AL_0038\2025-01-06\1\widefield.wfz,subjects/AL_0038/2025-01-06/1/widefield.wfz,47576997783,True,47576997783,2026-08-19T15:30:15+00:00,
ZYE_0098/2025-07-20/1,\\sahale.biostr.washington.edu\data\Subjects\ZYE_0098\2025-07-20\1\widefield.wfz,subjects/ZYE_0098/2025-07-20/1/widefield.wfz,47900126003,True,47900126003,2026-08-21T00:31:39+00:00,
ZYE_0085/2024-07-26/1,\\sahale.biostr.washington.edu\data\Subjects\ZYE_0085\2024-07-26\1\widefield.wfz,subjects/ZYE_0085/2024-07-26/1/widefield.wfz,53735842336,True,53735842336,2026-08-21T01:40:05+00:00,
AL_0023/2023-07-10/1,\\sahale.biostr.washington.edu\data\Subjects\AL_0023\2023-07-10\1\widefield.wfz,subjects/AL_0023/2023-07-10/1/widefield.wfz,56284823321,True,56284823321,2026-08-19T15:27:45+00:00,
ZYE_0096/2025-07-12/1,\\sahale.biostr.washington.edu\data\Subjects\ZYE_0096\2025-07-12\1\widefield.wfz,subjects/ZYE_0096/2025-07-12/1/widefield.wfz,45237518259,True,45237518259,2026-08-20T22:47:16+00:00,
ZYE_0097/2025-07-22/1,\\sahale.biostr.washington.edu\data\Subjects\ZYE_0097\2025-07-22\1\widefield.wfz,subjects/ZYE_0097/2025-07-22/1/widefield.wfz,49556640968,True,49556640968,2026-08-21T00:33:10+00:00,
AL_0035/2025-04-14/1,\\sahale.biostr.washington.edu\data\Subjects\AL_0035\2025-04-14\1\widefield.wfz,subjects/AL_0035/2025-04-14/1/widefield.wfz,53923173324,True,53923173324,2026-08-19T15:32:31+00:00,
ZYE_0091/2025-06-17/1,\\sahale.biostr.washington.edu\data\Subjects\ZYE_0091\2025-06-17\1\widefield.wfz,subjects/ZYE_0091/2025-06-17/1/widefield.wfz,47866374996,True,47866374996,2026-08-21T01:14:44+00:00,
AL_0014/2022-08-08/1,\\sahale.biostr.washington.edu\data\Subjects\AL_0014\2022-08-08\1\widefield.wfz,subjects/AL_0014/2022-08-08/1/widefield.wfz,56537226330,True,56537226330,2026-08-19T15:27:22+00:00,
ZYE_0097/2025-07-19/1,\\sahale.biostr.washington.edu\data\Subjects\ZYE_0097\2025-07-19\1\widefield.wfz,subjects/ZYE_0097/2025-07-19/1/widefield.wfz,49663530916,True,49663530916,2026-08-20T22:53:20+00:00,
ZYE_0091/2025-06-08/3,\\sahale.biostr.washington.edu\data\Subjects\ZYE_0091\2025-06-08\3\widefield.wfz,subjects/ZYE_0091/2025-06-08/3/widefield.wfz,50113609364,True,50113609364,2026-08-21T01:06:18+00:00,
FD_009/2026-06-26/1,\\sahale.biostr.washington.edu\data\Subjects\FD_009\2026-06-26\1\widefield.wfz,subjects/FD_009/2026-06-26/1/widefield.wfz,48346806278,True,48346806278,2026-08-20T10:21:55+00:00,
AL_0041/2025-11-20/2,\\sahale.biostr.washington.edu\data\Subjects\AL_0041\2025-11-20\2\widefield.wfz,subjects/AL_0041/2025-11-20/2/widefield.wfz,50889873274,True,50889873274,2026-08-19T15:32:16+00:00,
ZYE_0094/2025-06-18/3,\\sahale.biostr.washington.edu\data\Subjects\ZYE_0094\2025-06-18\3\widefield.wfz,subjects/ZYE_0094/2025-06-18/3/widefield.wfz,45711088274,True,45711088274,2026-08-20T22:47:24+00:00,
ZYE_0090/2024-08-11/4,\\sahale.biostr.washington.edu\data\Subjects\ZYE_0090\2024-08-11\4\widefield.wfz,subjects/ZYE_0090/2024-08-11/4/widefield.wfz,51869448962,True,51869448962,2026-08-21T01:17:51+00:00,
AL_0035/2024-08-29/1,\\sahale.biostr.washington.edu\data\Subjects\AL_0035\2024-08-29\1\widefield.wfz,subjects/AL_0035/2024-08-29/1/widefield.wfz,51870584553,True,51870584553,2026-08-21T06:32:34+00:00,
ZYE_0090/2024-08-16/3,\\sahale.biostr.washington.edu\data\Subjects\ZYE_0090\2024-08-16\3\widefield.wfz,subjects/ZYE_0090/2024-08-16/3/widefield.wfz,50792677457,True,50792677457,2026-08-21T01:28:14+00:00,
ZYE_0090/2025-06-16/1,\\sahale.biostr.washington.edu\data\Subjects\ZYE_0090\2025-06-16\1\widefield.wfz,subjects/ZYE_0090/2025-06-16/1/widefield.wfz,47932422661,True,47932422661,2026-08-21T04:31:20+00:00,
ZYE_0097/2025-07-20/1,\\sahale.biostr.washington.edu\data\Subjects\ZYE_0097\2025-07-20\1\widefield.wfz,subjects/ZYE_0097/2025-07-20/1/widefield.wfz,49439421679,True,49439421679,2026-08-20T23:13:08+00:00,
FD_012/2026-04-20/1,\\sahale.biostr.washington.edu\data\Subjects\FD_012\2026-04-20\1\widefield.wfz,subjects/FD_012/2026-04-20/1/widefield.wfz,45854785750,True,45854785750,2026-08-20T10:23:57+00:00,
ZYE_0090/2025-06-08/1,\\sahale.biostr.washington.edu\data\Subjects\ZYE_0090\2025-06-08\1\widefield.wfz,subjects/ZYE_0090/2025-06-08/1/widefield.wfz,50616065075,True,50616065075,2026-08-21T04:16:36+00:00,
ZYE_0055/2022-01-03/1,\\sahale.biostr.washington.edu\data\Subjects\ZYE_0055\2022-01-03\1\widefield.wfz,subjects/ZYE_0055/2022-01-03/1/widefield.wfz,57864879039,True,57864879039,2026-08-20T16:58:20+00:00,
ZYE_0094/2025-07-20/1,\\sahale.biostr.washington.edu\data\Subjects\ZYE_0094\2025-07-20\1\widefield.wfz,subjects/ZYE_0094/2025-07-20/1/widefield.wfz,46956585075,True,46956585075,2026-08-21T00:49:37+00:00,
AL_0039/2025-07-06/3,\\sahale.biostr.washington.edu\data\Subjects\AL_0039\2025-07-06\3\widefield.wfz,subjects/AL_0039/2025-07-06/3/widefield.wfz,50759928250,True,50759928250,2026-08-20T07:11:24+00:00,
FD_012/2026-05-05/1,\\sahale.biostr.washington.edu\data\Subjects\FD_012\2026-05-05\1\widefield.wfz,subjects/FD_012/2026-05-05/1/widefield.wfz,42907880516,True,42907880516,2026-08-20T10:26:09+00:00,
AL_0035/2024-08-16/1,\\sahale.biostr.washington.edu\data\Subjects\AL_0035\2024-08-16\1\widefield.wfz,subjects/AL_0035/2024-08-16/1/widefield.wfz,52232273250,True,52232273250,2026-08-21T06:32:23+00:00,
ZYE_0091/2025-06-13/2,\\sahale.biostr.washington.edu\data\Subjects\ZYE_0091\2025-06-13\2\widefield.wfz,subjects/ZYE_0091/2025-06-13/2/widefield.wfz,48812757332,True,48812757332,2026-08-21T01:08:47+00:00,
AL_0041/2026-02-24/1,\\sahale.biostr.washington.edu\data\Subjects\AL_0041\2026-02-24\1\widefield.wfz,subjects/AL_0041/2026-02-24/1/widefield.wfz,45166216765,True,45166216765,2026-08-21T09:05:10+00:00,
AL_0035/2025-04-11/1,\\sahale.biostr.washington.edu\data\Subjects\AL_0035\2025-04-11\1\widefield.wfz,subjects/AL_0035/2025-04-11/1/widefield.wfz,53938545818,True,53938545818,2026-08-21T06:35:11+00:00,
ZYE_0096/2025-07-12/2,\\sahale.biostr.washington.edu\data\Subjects\ZYE_0096\2025-07-12\2\widefield.wfz,subjects/ZYE_0096/2025-07-12/2/widefield.wfz,43923203254,True,43923203254,2026-08-20T22:53:49+00:00,
ZYE_0089/2024-07-17/1,\\sahale.biostr.washington.edu\data\Subjects\ZYE_0089\2024-07-17\1\widefield.wfz,subjects/ZYE_0089/2024-07-17/1/widefield.wfz,50454348558,True,50454348558,2026-08-21T01:20:25+00:00,
ZYE_0098/2025-07-19/1,\\sahale.biostr.washington.edu\data\Subjects\ZYE_0098\2025-07-19\1\widefield.wfz,subjects/ZYE_0098/2025-07-19/1/widefield.wfz,45846202772,True,45846202772,2026-08-20T22:54:28+00:00,
AL_0033/2025-06-14/1,\\sahale.biostr.washington.edu\data\Subjects\AL_0033\2025-06-14\1\widefield.wfz,subjects/AL_0033/2025-06-14/1/widefield.wfz,48245676310,True,48245676310,2026-08-20T11:33:06+00:00,
ZYE_0088/2024-09-06/2,\\sahale.biostr.washington.edu\data\Subjects\ZYE_0088\2024-09-06\2\widefield.wfz,subjects/ZYE_0088/2024-09-06/2/widefield.wfz,49745641797,True,49745641797,2026-08-21T04:23:18+00:00,
ZYE_0046/2021-11-30/6,\\sahale.biostr.washington.edu\data\Subjects\ZYE_0046\2021-11-30\6\widefield.wfz,subjects/ZYE_0046/2021-11-30/6/widefield.wfz,54729357143,True,54729357143,2026-08-20T17:20:05+00:00,
AL_0033/2024-08-16/1,\\sahale.biostr.washington.edu\data\Subjects\AL_0033\2024-08-16\1\widefield.wfz,subjects/AL_0033/2024-08-16/1/widefield.wfz,50563629109,True,50563629109,2026-08-21T06:34:53+00:00,
ZYE_0091/2025-05-07/1,\\sahale.biostr.washington.edu\data\Subjects\ZYE_0091\2025-05-07\1\widefield.wfz,subjects/ZYE_0091/2025-05-07/1/widefield.wfz,49850347209,True,49850347209,2026-08-21T00:55:03+00:00,
ZYE_0095/2025-07-20/1,\\sahale.biostr.washington.edu\data\Subjects\ZYE_0095\2025-07-20\1\widefield.wfz,subjects/ZYE_0095/2025-07-20/1/widefield.wfz,47007965836,True,47007965836,2026-08-21T00:28:14+00:00,
ZYE_0053/2021-12-21/1,\\sahale.biostr.washington.edu\data\Subjects\ZYE_0053\2021-12-21\1\widefield.wfz,subjects/ZYE_0053/2021-12-21/1/widefield.wfz,56544067841,True,56544067841,2026-08-20T16:58:36+00:00,
ZYE_0085/2024-07-13/2,\\sahale.biostr.washington.edu\data\Subjects\ZYE_0085\2024-07-13\2\widefield.wfz,subjects/ZYE_0085/2024-07-13/2/widefield.wfz,50289031021,True,50289031021,2026-08-21T01:15:06+00:00,
ZYE_0091/2025-06-04/1,\\sahale.biostr.washington.edu\data\Subjects\ZYE_0091\2025-06-04\1\widefield.wfz,subjects/ZYE_0091/2025-06-04/1/widefield.wfz,50732811848,True,50732811848,2026-08-21T00:56:01+00:00,
ZYE_0096/2025-07-08/1,\\sahale.biostr.washington.edu\data\Subjects\ZYE_0096\2025-07-08\1\widefield.wfz,subjects/ZYE_0096/2025-07-08/1/widefield.wfz,43415775600,True,43415775600,2026-08-20T22:41:16+00:00,
ZYE_0090/2025-06-13/1,\\sahale.biostr.washington.edu\data\Subjects\ZYE_0090\2025-06-13\1\widefield.wfz,subjects/ZYE_0090/2025-06-13/1/widefield.wfz,47960926269,True,47960926269,2026-08-21T04:18:58+00:00,
ZYE_0076/2024-05-20/1,\\sahale.biostr.washington.edu\data\Subjects\ZYE_0076\2024-05-20\1\widefield.wfz,subjects/ZYE_0076/2024-05-20/1/widefield.wfz,43973575220,True,43973575220,2026-08-20T22:40:01+00:00,
ZYE_0088/2024-09-07/1,\\sahale.biostr.washington.edu\data\Subjects\ZYE_0088\2024-09-07\1\widefield.wfz,subjects/ZYE_0088/2024-09-07/1/widefield.wfz,49295944358,True,49295944358,2026-08-21T04:23:53+00:00,
AL_0035/2025-05-10/1,\\sahale.biostr.washington.edu\data\Subjects\AL_0035\2025-05-10\1\widefield.wfz,subjects/AL_0035/2025-05-10/1/widefield.wfz,51890082700,True,51890082700,2026-08-21T07:24:34+00:00,
ZYE_0076/2024-05-17/1,\\sahale.biostr.washington.edu\data\Subjects\ZYE_0076\2024-05-17\1\widefield.wfz,subjects/ZYE_0076/2024-05-17/1/widefield.wfz,44347640303,True,44347640303,2026-08-20T17:51:48+00:00,
FD_012/2026-04-15/1,\\sahale.biostr.washington.edu\data\Subjects\FD_012\2026-04-15\1\widefield.wfz,subjects/FD_012/2026-04-15/1/widefield.wfz,43861704089,True,43861704089,2026-08-20T10:23:22+00:00,
XL_009/2026-06-03/1,\\sahale.biostr.washington.edu\data\Subjects\XL_009\2026-06-03\1\widefield.wfz,subjects/XL_009/2026-06-03/1/widefield.wfz,49037479558,True,49037479558,2026-08-20T16:17:42+00:00,
ZYE_0090/2024-09-08/1,\\sahale.biostr.washington.edu\data\Subjects\ZYE_0090\2024-09-08\1\widefield.wfz,subjects/ZYE_0090/2024-09-08/1/widefield.wfz,49648469840,True,49648469840,2026-08-21T01:59:51+00:00,
ZYE_0094/2025-06-18/1,\\sahale.biostr.washington.edu\data\Subjects\ZYE_0094\2025-06-18\1\widefield.wfz,subjects/ZYE_0094/2025-06-18/1/widefield.wfz,43624653695,True,43624653695,2026-08-20T22:45:50+00:00,
AL_0048/2026-07-01/4,\\sahale.biostr.washington.edu\data\Subjects\AL_0048\2026-07-01\4\widefield.wfz,subjects/AL_0048/2026-07-01/4/widefield.wfz,46972334134,True,46972334134,2026-08-21T07:20:36+00:00,
ZYE_0090/2025-06-07/2,\\sahale.biostr.washington.edu\data\Subjects\ZYE_0090\2025-06-07\2\widefield.wfz,subjects/ZYE_0090/2025-06-07/2/widefield.wfz,47497419952,True,47497419952,2026-08-21T04:14:06+00:00,
AL_0038/2024-12-27/1,\\sahale.biostr.washington.edu\data\Subjects\AL_0038\2024-12-27\1\widefield.wfz,subjects/AL_0038/2024-12-27/1/widefield.wfz,40820614329,True,40820614329,2026-08-21T06:34:29+00:00,
AL_0048/2026-06-24/2,\\sahale.biostr.washington.edu\data\Subjects\AL_0048\2026-06-24\2\widefield.wfz,subjects/AL_0048/2026-06-24/2/widefield.wfz,46843361192,True,46843361192,2026-08-21T06:38:41+00:00,
AL_0039/2025-07-04/2,\\sahale.biostr.washington.edu\data\Subjects\AL_0039\2025-07-04\2\widefield.wfz,subjects/AL_0039/2025-07-04/2/widefield.wfz,47227534878,True,47227534878,2026-08-24T00:53:25+00:00,
ZYE_0090/2025-05-05/1,\\sahale.biostr.washington.edu\data\Subjects\ZYE_0090\2025-05-05\1\widefield.wfz,subjects/ZYE_0090/2025-05-05/1/widefield.wfz,47786962010,True,47786962010,2026-08-21T03:35:37+00:00,
ZYE_0091/2025-06-06/2,\\sahale.biostr.washington.edu\data\Subjects\ZYE_0091\2025-06-06\2\widefield.wfz,subjects/ZYE_0091/2025-06-06/2/widefield.wfz,48410887130,True,48410887130,2026-08-21T01:03:07+00:00,
ZYE_0086/2024-05-24/1,\\sahale.biostr.washington.edu\data\Subjects\ZYE_0086\2024-05-24\1\widefield.wfz,subjects/ZYE_0086/2024-05-24/1/widefield.wfz,43119155878,True,43119155878,2026-08-20T17:40:02+00:00,
ZYE_0085/2024-07-22/7,\\sahale.biostr.washington.edu\data\Subjects\ZYE_0085\2024-07-22\7\widefield.wfz,subjects/ZYE_0085/2024-07-22/7/widefield.wfz,49461934884,True,49461934884,2026-08-21T03:27:41+00:00,
ZYE_0052/2021-12-19/4,\\sahale.biostr.washington.edu\data\Subjects\ZYE_0052\2021-12-19\4\widefield.wfz,subjects/ZYE_0052/2021-12-19/4/widefield.wfz,51092134262,True,51092134262,2026-08-20T16:59:52+00:00,
ZYE_0043/2021-09-23/1,\\sahale.biostr.washington.edu\data\Subjects\ZYE_0043\2021-09-23\1\widefield.wfz,subjects/ZYE_0043/2021-09-23/1/widefield.wfz,53884700819,True,53884700819,2026-08-20T16:45:48+00:00,
ZYE_0070/2023-01-16/5,\\sahale.biostr.washington.edu\data\Subjects\ZYE_0070\2023-01-16\5\widefield.wfz,subjects/ZYE_0070/2023-01-16/5/widefield.wfz,51843471573,True,51843471573,2026-08-20T17:28:52+00:00,
ZYE_0088/2024-07-17/1,\\sahale.biostr.washington.edu\data\Subjects\ZYE_0088\2024-07-17\1\widefield.wfz,subjects/ZYE_0088/2024-07-17/1/widefield.wfz,49831210287,True,49831210287,2026-08-21T01:19:15+00:00,
ZYE_0091/2025-05-06/6,\\sahale.biostr.washington.edu\data\Subjects\ZYE_0091\2025-05-06\6\widefield.wfz,subjects/ZYE_0091/2025-05-06/6/widefield.wfz,48214022742,True,48214022742,2026-08-21T00:58:36+00:00,
AL_0035/2025-05-01/1,\\sahale.biostr.washington.edu\data\Subjects\AL_0035\2025-05-01\1\widefield.wfz,subjects/AL_0035/2025-05-01/1/widefield.wfz,50311919102,True,50311919102,2026-08-21T06:49:14+00:00,
ZYE_0090/2025-05-03/6,\\sahale.biostr.washington.edu\data\Subjects\ZYE_0090\2025-05-03\6\widefield.wfz,subjects/ZYE_0090/2025-05-03/6/widefield.wfz,49255095497,True,49255095497,2026-08-21T03:57:31+00:00,
FD_012/2026-02-20/1,\\sahale.biostr.washington.edu\data\Subjects\FD_012\2026-02-20\1\widefield.wfz,subjects/FD_012/2026-02-20/1/widefield.wfz,41955268893,True,41955268893,2026-08-24T01:06:56+00:00,
AL_0032/2024-06-10/1,\\sahale.biostr.washington.edu\data\Subjects\AL_0032\2024-06-10\1\widefield.wfz,subjects/AL_0032/2024-06-10/1/widefield.wfz,48191484631,True,48191484631,2026-08-21T06:35:34+00:00,
ZYE_0091/2025-06-04/3,\\sahale.biostr.washington.edu\data\Subjects\ZYE_0091\2025-06-04\3\widefield.wfz,subjects/ZYE_0091/2025-06-04/3/widefield.wfz,46813377654,True,46813377654,2026-08-21T01:02:55+00:00,
ZYE_0090/2025-06-04/2,\\sahale.biostr.washington.edu\data\Subjects\ZYE_0090\2025-06-04\2\widefield.wfz,subjects/ZYE_0090/2025-06-04/2/widefield.wfz,47693011777,True,47693011777,2026-08-21T03:46:05+00:00,
AL_0035/2025-01-11/1,\\sahale.biostr.washington.edu\data\Subjects\AL_0035\2025-01-11\1\widefield.wfz,subjects/AL_0035/2025-01-11/1/widefield.wfz,49555280497,True,49555280497,2026-08-21T06:36:52+00:00,
ZYE_0059/2022-03-15/1,\\sahale.biostr.washington.edu\data\Subjects\ZYE_0059\2022-03-15\1\widefield.wfz,subjects/ZYE_0059/2022-03-15/1/widefield.wfz,53527816661,True,53527816661,2026-08-20T17:09:56+00:00,
AL_0033/2024-06-24/1,\\sahale.biostr.washington.edu\data\Subjects\AL_0033\2024-06-24\1\widefield.wfz,subjects/AL_0033/2024-06-24/1/widefield.wfz,48236066038,True,48236066038,2026-08-21T06:33:48+00:00,
ZYE_0091/2025-06-08/1,\\sahale.biostr.washington.edu\data\Subjects\ZYE_0091\2025-06-08\1\widefield.wfz,subjects/ZYE_0091/2025-06-08/1/widefield.wfz,45900968706,True,45900968706,2026-08-21T01:04:03+00:00,
FD_005/2025-12-19/1,\\sahale.biostr.washington.edu\data\Subjects\FD_005\2025-12-19\1\widefield.wfz,subjects/FD_005/2025-12-19/1/widefield.wfz,40633421510,True,40633421510,2026-08-24T00:54:58+00:00,
AL_0041/2025-11-07/1,\\sahale.biostr.washington.edu\data\Subjects\AL_0041\2025-11-07\1\widefield.wfz,subjects/AL_0041/2025-11-07/1/widefield.wfz,49064763826,True,49064763826,2026-08-21T06:37:19+00:00,
AL_0041/2026-04-15/2,\\sahale.biostr.washington.edu\data\Subjects\AL_0041\2026-04-15\2\widefield.wfz,subjects/AL_0041/2026-04-15/2/widefield.wfz,44196203579,True,44196203579,2026-08-24T01:12:53+00:00,
ZYE_0090/2025-06-12/1,\\sahale.biostr.washington.edu\data\Subjects\ZYE_0090\2025-06-12\1\widefield.wfz,subjects/ZYE_0090/2025-06-12/1/widefield.wfz,46020224359,True,46020224359,2026-08-21T04:16:42+00:00,
ZYE_0098/2025-07-18/1,\\sahale.biostr.washington.edu\data\Subjects\ZYE_0098\2025-07-18\1\widefield.wfz,subjects/ZYE_0098/2025-07-18/1/widefield.wfz,42945885743,True,42945885743,2026-08-24T10:32:30+00:00,
ZYE_0092/2025-06-09/3,\\sahale.biostr.washington.edu\data\Subjects\ZYE_0092\2025-06-09\3\widefield.wfz,subjects/ZYE_0092/2025-06-09/3/widefield.wfz,42619285197,True,42619285197,2026-08-24T07:01:21+00:00,
AL_0033/2024-08-22/1,\\sahale.biostr.washington.edu\data\Subjects\AL_0033\2024-08-22\1\widefield.wfz,subjects/AL_0033/2024-08-22/1/widefield.wfz,48550293192,True,48550293192,2026-08-21T06:37:28+00:00,
ZYE_0092/2025-06-15/1,\\sahale.biostr.washington.edu\data\Subjects\ZYE_0092\2025-06-15\1\widefield.wfz,subjects/ZYE_0092/2025-06-15/1/widefield.wfz,41450671741,True,41450671741,2026-08-24T06:57:52+00:00,
AL_0041/2025-11-21/1,\\sahale.biostr.washington.edu\data\Subjects\AL_0041\2025-11-21\1\widefield.wfz,subjects/AL_0041/2025-11-21/1/widefield.wfz,46679436091,True,46679436091,2026-08-21T06:37:46+00:00,
ZYE_0091/2025-06-05/2,\\sahale.biostr.washington.edu\data\Subjects\ZYE_0091\2025-06-05\2\widefield.wfz,subjects/ZYE_0091/2025-06-05/2/widefield.wfz,47103358896,True,47103358896,2026-08-24T11:50:34+00:00,
AL_0039/2025-07-06/4,\\sahale.biostr.washington.edu\data\Subjects\AL_0039\2025-07-06\4\widefield.wfz,subjects/AL_0039/2025-07-06/4/widefield.wfz,46524148269,True,46524148269,2026-08-24T01:03:35+00:00,
ZYE_0092/2025-06-22/1,\\sahale.biostr.washington.edu\data\Subjects\ZYE_0092\2025-06-22\1\widefield.wfz,subjects/ZYE_0092/2025-06-22/1/widefield.wfz,40723838879,True,40723838879,2026-08-24T08:56:46+00:00,
ZYE_0094/2025-06-17/3,\\sahale.biostr.washington.edu\data\Subjects\ZYE_0094\2025-06-17\3\widefield.wfz,subjects/ZYE_0094/2025-06-17/3/widefield.wfz,41022162983,True,41022162983,2026-08-24T07:36:49+00:00,
FD_011/2026-04-09/2,\\sahale.biostr.washington.edu\data\Subjects\FD_011\2026-04-09\2\widefield.wfz,subjects/FD_011/2026-04-09/2/widefield.wfz,24752831704,True,24752831704,2026-08-24T03:46:32+00:00,
AL_0035/2025-05-08/1,\\sahale.biostr.washington.edu\data\Subjects\AL_0035\2025-05-08\1\widefield.wfz,subjects/AL_0035/2025-05-08/1/widefield.wfz,49715205586,True,49715205586,2026-08-21T07:00:15+00:00,
ZYE_0091/2025-06-14/1,\\sahale.biostr.washington.edu\data\Subjects\ZYE_0091\2025-06-14\1\widefield.wfz,subjects/ZYE_0091/2025-06-14/1/widefield.wfz,44030338611,True,44030338611,2026-08-24T11:54:44+00:00,
FD_011/2026-02-20/1,\\sahale.biostr.washington.edu\data\Subjects\FD_011\2026-02-20\1\widefield.wfz,subjects/FD_011/2026-02-20/1/widefield.wfz,40733995030,True,40733995030,2026-08-24T01:16:19+00:00,
AL_0039/2025-07-06/1,\\sahale.biostr.washington.edu\data\Subjects\AL_0039\2025-07-06\1\widefield.wfz,subjects/AL_0039/2025-07-06/1/widefield.wfz,46647983107,True,46647983107,2026-08-24T00:55:15+00:00,
FD_005/2026-02-06/1,\\sahale.biostr.washington.edu\data\Subjects\FD_005\2026-02-06\1\widefield.wfz,subjects/FD_005/2026-02-06/1/widefield.wfz,25084760063,True,25084760063,2026-08-24T01:05:08+00:00,
FD_012/2026-02-23/1,\\sahale.biostr.washington.edu\data\Subjects\FD_012\2026-02-23\1\widefield.wfz,subjects/FD_012/2026-02-23/1/widefield.wfz,40680803081,True,40680803081,2026-08-24T01:30:41+00:00,
ZYE_0091/2025-06-13/3,\\sahale.biostr.washington.edu\data\Subjects\ZYE_0091\2025-06-13\3\widefield.wfz,subjects/ZYE_0091/2025-06-13/3/widefield.wfz,45021112288,True,45021112288,2026-08-24T11:59:23+00:00,
FD_011/2026-02-23/1,\\sahale.biostr.washington.edu\data\Subjects\FD_011\2026-02-23\1\widefield.wfz,subjects/FD_011/2026-02-23/1/widefield.wfz,40609022096,True,40609022096,2026-08-24T02:29:21+00:00,
AL_0023/2023-10-23/1,\\sahale.biostr.washington.edu\data\Subjects\AL_0023\2023-10-23\1\widefield.wfz,subjects/AL_0023/2023-10-23/1/widefield.wfz,50250447183,True,50250447183,2026-08-21T06:36:54+00:00,
AL_0039/2025-07-06/6,\\sahale.biostr.washington.edu\data\Subjects\AL_0039\2025-07-06\6\widefield.wfz,subjects/AL_0039/2025-07-06/6/widefield.wfz,46243372898,True,46243372898,2026-08-24T01:04:57+00:00,
ZYE_0090/2025-06-06/1,\\sahale.biostr.washington.edu\data\Subjects\ZYE_0090\2025-06-06\1\widefield.wfz,subjects/ZYE_0090/2025-06-06/1/widefield.wfz,45114114936,True,45114114936,2026-08-24T14:35:25+00:00,
ZYE_0091/2025-06-18/1,\\sahale.biostr.washington.edu\data\Subjects\ZYE_0091\2025-06-18\1\widefield.wfz,subjects/ZYE_0091/2025-06-18/1/widefield.wfz,41611179005,True,41611179005,2026-08-24T12:00:11+00:00,
ZYE_0085/2024-07-15/2,\\sahale.biostr.washington.edu\data\Subjects\ZYE_0085\2024-07-15\2\widefield.wfz,subjects/ZYE_0085/2024-07-15/2/widefield.wfz,47668039456,True,47668039456,2026-08-24T12:30:02+00:00,
AB_0032/2024-05-09/1,\\sahale.biostr.washington.edu\data\Subjects\AB_0032\2024-05-09\1\widefield.wfz,subjects/AB_0032/2024-05-09/1/widefield.wfz,48457066000,True,48457066000,2026-08-22T06:48:44+00:00,
AL_0039/2025-04-20/2,\\sahale.biostr.washington.edu\data\Subjects\AL_0039\2025-04-20\2\widefield.wfz,subjects/AL_0039/2025-04-20/2/widefield.wfz,49166816134,True,49166816134,2026-08-21T06:37:35+00:00,
ZYE_0089/2024-07-10/1,\\sahale.biostr.washington.edu\data\Subjects\ZYE_0089\2024-07-10\1\widefield.wfz,subjects/ZYE_0089/2024-07-10/1/widefield.wfz,45965608918,True,45965608918,2026-08-24T12:04:28+00:00,
AL_0033/2025-06-11/1,\\sahale.biostr.washington.edu\data\Subjects\AL_0033\2025-06-11\1\widefield.wfz,subjects/AL_0033/2025-06-11/1/widefield.wfz,45795245338,True,45795245338,2026-08-24T03:49:14+00:00,
ZYE_0090/2025-06-12/2,\\sahale.biostr.washington.edu\data\Subjects\ZYE_0090\2025-06-12\2\widefield.wfz,subjects/ZYE_0090/2025-06-12/2/widefield.wfz,45011219473,True,45011219473,2026-08-24T14:39:10+00:00,
FD_012/2026-03-03/1,\\sahale.biostr.washington.edu\data\Subjects\FD_012\2026-03-03\1\widefield.wfz,subjects/FD_012/2026-03-03/1/widefield.wfz,37640682009,True,37640682009,2026-08-24T02:57:37+00:00,
ZYE_0094/2025-06-21/2,\\sahale.biostr.washington.edu\data\Subjects\ZYE_0094\2025-06-21\2\widefield.wfz,subjects/ZYE_0094/2025-06-21/2/widefield.wfz,40622707207,True,40622707207,2026-08-24T11:14:53+00:00,
ZYE_0089/2025-05-03/2,\\sahale.biostr.washington.edu\data\Subjects\ZYE_0089\2025-05-03\2\widefield.wfz,subjects/ZYE_0089/2025-05-03/2/widefield.wfz,46592544624,True,46592544624,2026-08-24T15:37:04+00:00,
FD_012/2026-02-22/1,\\sahale.biostr.washington.edu\data\Subjects\FD_012\2026-02-22\1\widefield.wfz,subjects/FD_012/2026-02-22/1/widefield.wfz,39567798502,True,39567798502,2026-08-24T01:17:11+00:00,
AL_0041/2026-01-28/3,\\sahale.biostr.washington.edu\data\Subjects\AL_0041\2026-01-28\3\widefield.wfz,subjects/AL_0041/2026-01-28/3/widefield.wfz,41874045834,False,,,FileNotPresent
AL_0039/2025-07-04/1,\\sahale.biostr.washington.edu\data\Subjects\AL_0039\2025-07-04\1\widefield.wfz,subjects/AL_0039/2025-07-04/1/widefield.wfz,44463736848,True,44463736848,2026-08-23T23:13:32+00:00,
ZYE_0095/2025-07-12/3,\\sahale.biostr.washington.edu\data\Subjects\ZYE_0095\2025-07-12\3\widefield.wfz,subjects/ZYE_0095/2025-07-12/3/widefield.wfz,41165872294,True,41165872294,2026-08-24T10:32:39+00:00,
AL_0033/2025-06-10/1,\\sahale.biostr.washington.edu\data\Subjects\AL_0033\2025-06-10\1\widefield.wfz,subjects/AL_0033/2025-06-10/1/widefield.wfz,43767316415,True,43767316415,2026-08-24T03:49:14+00:00,
ZYE_0094/2025-06-17/1,\\sahale.biostr.washington.edu\data\Subjects\ZYE_0094\2025-06-17\1\widefield.wfz,subjects/ZYE_0094/2025-06-17/1/widefield.wfz,40267193581,True,40267193581,2026-08-24T07:04:12+00:00,
ZYE_0090/2025-06-16/2,\\sahale.biostr.washington.edu\data\Subjects\ZYE_0090\2025-06-16\2\widefield.wfz,subjects/ZYE_0090/2025-06-16/2/widefield.wfz,43119251839,True,43119251839,2026-08-24T14:42:53+00:00,
ZYE_0043/2021-09-13/1,\\sahale.biostr.washington.edu\data\Subjects\ZYE_0043\2021-09-13\1\widefield.wfz,subjects/ZYE_0043/2021-09-13/1/widefield.wfz,51518654910,True,51518654910,2026-08-24T03:57:31+00:00,
AL_0039/2025-06-12/1,\\sahale.biostr.washington.edu\data\Subjects\AL_0039\2025-06-12\1\widefield.wfz,subjects/AL_0039/2025-06-12/1/widefield.wfz,45810629709,False,,,FileNotPresent
ZYE_0078/2024-05-20/4,\\sahale.biostr.washington.edu\data\Subjects\ZYE_0078\2024-05-20\4\widefield.wfz,subjects/ZYE_0078/2024-05-20/4/widefield.wfz,40246923122,True,40246923122,2026-08-24T09:48:43+00:00,
AL_0034/2024-09-02/1,\\sahale.biostr.washington.edu\data\Subjects\AL_0034\2024-09-02\1\widefield.wfz,subjects/AL_0034/2024-09-02/1/widefield.wfz,48091569872,False,,,FileNotPresent
FD_008/2026-06-26/1,\\sahale.biostr.washington.edu\data\Subjects\FD_008\2026-06-26\1\widefield.wfz,subjects/FD_008/2026-06-26/1/widefield.wfz,42405328365,True,42405328365,2026-08-24T01:08:38+00:00,
ZYE_0090/2024-08-19/1,\\sahale.biostr.washington.edu\data\Subjects\ZYE_0090\2024-08-19\1\widefield.wfz,subjects/ZYE_0090/2024-08-19/1/widefield.wfz,47138582509,True,47138582509,2026-08-24T13:56:10+00:00,
ZYE_0090/2025-06-04/4,\\sahale.biostr.washington.edu\data\Subjects\ZYE_0090\2025-06-04\4\widefield.wfz,subjects/ZYE_0090/2025-06-04/4/widefield.wfz,45982864613,True,45982864613,2026-08-24T14:39:22+00:00,
AL_0033/2025-02-21/2,\\sahale.biostr.washington.edu\data\Subjects\AL_0033\2025-02-21\2\widefield.wfz,subjects/AL_0033/2025-02-21/2/widefield.wfz,45874433515,True,45874433515,2026-08-24T02:30:45+00:00,
FD_001/2025-08-22/1,\\sahale.biostr.washington.edu\data\Subjects\FD_001\2025-08-22\1\widefield.wfz,subjects/FD_001/2025-08-22/1/widefield.wfz,35191710944,True,35191710944,2026-08-24T00:56:30+00:00,
ZYE_0092/2025-06-15/3,\\sahale.biostr.washington.edu\data\Subjects\ZYE_0092\2025-06-15\3\widefield.wfz,subjects/ZYE_0092/2025-06-15/3/widefield.wfz,40611192888,True,40611192888,2026-08-24T07:21:12+00:00,
FD_011/2026-02-21/1,\\sahale.biostr.washington.edu\data\Subjects\FD_011\2026-02-21\1\widefield.wfz,subjects/FD_011/2026-02-21/1/widefield.wfz,39845151106,True,39845151106,2026-08-24T01:20:48+00:00,
AL_0033/2025-03-18/1,\\sahale.biostr.washington.edu\data\Subjects\AL_0033\2025-03-18\1\widefield.wfz,subjects/AL_0033/2025-03-18/1/widefield.wfz,47961818718,True,47961818718,2026-08-24T03:05:28+00:00,
AL_0030/2024-01-22/2,\\sahale.biostr.washington.edu\data\Subjects\AL_0030\2024-01-22\2\widefield.wfz,subjects/AL_0030/2024-01-22/2/widefield.wfz,43830817421,True,43830817421,2026-08-26T13:00:49+00:00,
ZYE_0087/2024-09-06/2,\\sahale.biostr.washington.edu\data\Subjects\ZYE_0087\2024-09-06\2\widefield.wfz,subjects/ZYE_0087/2024-09-06/2/widefield.wfz,44100808382,True,44100808382,2026-08-24T11:55:11+00:00,
AL_0034/2024-08-29/1,\\sahale.biostr.washington.edu\data\Subjects\AL_0034\2024-08-29\1\widefield.wfz,subjects/AL_0034/2024-08-29/1/widefield.wfz,45404062938,False,,,FileNotPresent
AL_0039/2025-06-10/1,\\sahale.biostr.washington.edu\data\Subjects\AL_0039\2025-06-10\1\widefield.wfz,subjects/AL_0039/2025-06-10/1/widefield.wfz,42874375488,False,,,FileNotPresent
ZYE_0087/2024-05-23/5,\\sahale.biostr.washington.edu\data\Subjects\ZYE_0087\2024-05-23\5\widefield.wfz,subjects/ZYE_0087/2024-05-23/5/widefield.wfz,41648309373,True,41648309373,2026-08-24T06:56:14+00:00,
AL_0033/2025-03-17/3,\\sahale.biostr.washington.edu\data\Subjects\AL_0033\2025-03-17\3\widefield.wfz,subjects/AL_0033/2025-03-17/3/widefield.wfz,47298305244,True,47298305244,2026-08-24T03:50:07+00:00,
FD_011/2026-02-11/1,\\sahale.biostr.washington.edu\data\Subjects\FD_011\2026-02-11\1\widefield.wfz,subjects/FD_011/2026-02-11/1/widefield.wfz,38647409523,True,38647409523,2026-08-24T01:01:34+00:00,
ZYE_0090/2024-08-10/5,\\sahale.biostr.washington.edu\data\Subjects\ZYE_0090\2024-08-10\5\widefield.wfz,subjects/ZYE_0090/2024-08-10/5/widefield.wfz,45101103455,True,45101103455,2026-08-24T12:52:45+00:00,
FD_008/2026-06-25/1,\\sahale.biostr.washington.edu\data\Subjects\FD_008\2026-06-25\1\widefield.wfz,subjects/FD_008/2026-06-25/1/widefield.wfz,41612118003,True,41612118003,2026-08-24T01:06:20+00:00,
ZYE_0009/2020-08-20/2,\\sahale.biostr.washington.edu\data\Subjects\ZYE_0009\2020-08-20\2\widefield.wfz,subjects/ZYE_0009/2020-08-20/2/widefield.wfz,50547033603,True,50547033603,2026-08-24T03:51:58+00:00,
FD_012/2026-02-21/1,\\sahale.biostr.washington.edu\data\Subjects\FD_012\2026-02-21\1\widefield.wfz,subjects/FD_012/2026-02-21/1/widefield.wfz,38987024771,True,38987024771,2026-08-24T01:14:24+00:00,
ZYE_0097/2025-07-08/1,\\sahale.biostr.washington.edu\data\Subjects\ZYE_0097\2025-07-08\1\widefield.wfz,subjects/ZYE_0097/2025-07-08/1/widefield.wfz,40851073956,True,40851073956,2026-08-24T07:22:58+00:00,
ZYE_0097/2025-07-09/1,\\sahale.biostr.washington.edu\data\Subjects\ZYE_0097\2025-07-09\1\widefield.wfz,subjects/ZYE_0097/2025-07-09/1/widefield.wfz,40656244452,True,40656244452,2026-08-24T09:31:11+00:00,
ZYE_0009/2020-09-04/1,\\sahale.biostr.washington.edu\data\Subjects\ZYE_0009\2020-09-04\1\widefield.wfz,subjects/ZYE_0009/2020-09-04/1/widefield.wfz,49836701582,True,49836701582,2026-08-24T03:52:28+00:00,
AL_0036/2024-12-17/1,\\sahale.biostr.washington.edu\data\Subjects\AL_0036\2024-12-17\1\widefield.wfz,subjects/AL_0036/2024-12-17/1/widefield.wfz,49380791951,True,49380791951,2026-08-24T17:18:20+00:00,
AL_0033/2025-03-27/5,\\sahale.biostr.washington.edu\data\Subjects\AL_0033\2025-03-27\5\widefield.wfz,subjects/AL_0033/2025-03-27/5/widefield.wfz,43948091087,True,43948091087,2026-08-24T03:52:07+00:00,
ZYE_0090/2024-08-20/1,\\sahale.biostr.washington.edu\data\Subjects\ZYE_0090\2024-08-20\1\widefield.wfz,subjects/ZYE_0090/2024-08-20/1/widefield.wfz,45383253762,True,45383253762,2026-08-24T14:19:06+00:00,
FD_009/2026-06-22/1,\\sahale.biostr.washington.edu\data\Subjects\FD_009\2026-06-22\1\widefield.wfz,subjects/FD_009/2026-06-22/1/widefield.wfz,41691224714,True,41691224714,2026-08-24T01:05:28+00:00,
AL_0023/2023-10-10/1,\\sahale.biostr.washington.edu\data\Subjects\AL_0023\2023-10-10\1\widefield.wfz,subjects/AL_0023/2023-10-10/1/widefield.wfz,48373592073,True,48373592073,2026-08-24T17:18:34+00:00,
ZYE_0090/2025-06-17/1,\\sahale.biostr.washington.edu\data\Subjects\ZYE_0090\2025-06-17\1\widefield.wfz,subjects/ZYE_0090/2025-06-17/1/widefield.wfz,40416705551,True,40416705551,2026-08-24T14:51:13+00:00,
AL_0034/2024-08-26/1,\\sahale.biostr.washington.edu\data\Subjects\AL_0034\2024-08-26\1\widefield.wfz,subjects/AL_0034/2024-08-26/1/widefield.wfz,44875203538,True,44875203538,2026-08-26T13:06:49+00:00,
ZYE_0009/2020-08-25/1,\\sahale.biostr.washington.edu\data\Subjects\ZYE_0009\2020-08-25\1\widefield.wfz,subjects/ZYE_0009/2020-08-25/1/widefield.wfz,49055511467,True,49055511467,2026-08-24T03:52:58+00:00,
ZYE_0066/2022-10-25/1,\\sahale.biostr.washington.edu\data\Subjects\ZYE_0066\2022-10-25\1\widefield.wfz,subjects/ZYE_0066/2022-10-25/1/widefield.wfz,45811757737,True,45811757737,2026-08-24T06:41:21+00:00,
ZYE_0092/2025-07-09/2,\\sahale.biostr.washington.edu\data\Subjects\ZYE_0092\2025-07-09\2\widefield.wfz,subjects/ZYE_0092/2025-07-09/2/widefield.wfz,39508773304,True,39508773304,2026-08-24T10:32:54+00:00,
ZYE_0085/2024-05-24/1,\\sahale.biostr.washington.edu\data\Subjects\ZYE_0085\2024-05-24\1\widefield.wfz,subjects/ZYE_0085/2024-05-24/1/widefield.wfz,40432734284,True,40432734284,2026-08-24T06:52:34+00:00,
ZYE_0098/2025-07-09/1,\\sahale.biostr.washington.edu\data\Subjects\ZYE_0098\2025-07-09\1\widefield.wfz,subjects/ZYE_0098/2025-07-09/1/widefield.wfz,39920312324,True,39920312324,2026-08-24T09:50:20+00:00,
ZYE_0096/2025-07-10/1,\\sahale.biostr.washington.edu\data\Subjects\ZYE_0096\2025-07-10\1\widefield.wfz,subjects/ZYE_0096/2025-07-10/1/widefield.wfz,37345896971,True,37345896971,2026-08-24T09:42:56+00:00,
ZYE_0096/2025-07-09/1,\\sahale.biostr.washington.edu\data\Subjects\ZYE_0096\2025-07-09\1\widefield.wfz,subjects/ZYE_0096/2025-07-09/1/widefield.wfz,38600558107,True,38600558107,2026-08-24T07:24:28+00:00,
ZYE_0092/2025-06-19/2,\\sahale.biostr.washington.edu\data\Subjects\ZYE_0092\2025-06-19\2\widefield.wfz,subjects/ZYE_0092/2025-06-19/2/widefield.wfz,38308735233,True,38308735233,2026-08-24T07:13:33+00:00,
ZYE_0090/2024-08-16/1,\\sahale.biostr.washington.edu\data\Subjects\ZYE_0090\2024-08-16\1\widefield.wfz,subjects/ZYE_0090/2024-08-16/1/widefield.wfz,43177079890,True,43177079890,2026-08-24T12:57:42+00:00,
ZYE_0095/2025-07-08/1,\\sahale.biostr.washington.edu\data\Subjects\ZYE_0095\2025-07-08\1\widefield.wfz,subjects/ZYE_0095/2025-07-08/1/widefield.wfz,39534772521,True,39534772521,2026-08-24T07:09:19+00:00,
FD_012/2026-02-11/1,\\sahale.biostr.washington.edu\data\Subjects\FD_012\2026-02-11\1\widefield.wfz,subjects/FD_012/2026-02-11/1/widefield.wfz,37790614128,False,,,FileNotPresent
ZYE_0095/2025-07-09/3,\\sahale.biostr.washington.edu\data\Subjects\ZYE_0095\2025-07-09\3\widefield.wfz,subjects/ZYE_0095/2025-07-09/3/widefield.wfz,39883621083,True,39883621083,2026-08-24T09:44:39+00:00,
FD_001/2025-08-13/1,\\sahale.biostr.washington.edu\data\Subjects\FD_001\2025-08-13\1\widefield.wfz,subjects/FD_001/2025-08-13/1/widefield.wfz,35846012725,False,,,FileNotPresent
AL_0036/2025-01-12/1,\\sahale.biostr.washington.edu\data\Subjects\AL_0036\2025-01-12\1\widefield.wfz,subjects/AL_0036/2025-01-12/1/widefield.wfz,47968585517,False,,,FileNotPresent
ZYE_0098/2025-07-08/1,\\sahale.biostr.washington.edu\data\Subjects\ZYE_0098\2025-07-08\1\widefield.wfz,subjects/ZYE_0098/2025-07-08/1/widefield.wfz,39381867545,True,39381867545,2026-08-24T09:27:54+00:00,
FD_009/2026-06-20/1,\\sahale.biostr.washington.edu\data\Subjects\FD_009\2026-06-20\1\widefield.wfz,subjects/FD_009/2026-06-20/1/widefield.wfz,41143617387,False,,,FileNotPresent
FD_012/2026-03-02/1,\\sahale.biostr.washington.edu\data\Subjects\FD_012\2026-03-02\1\widefield.wfz,subjects/FD_012/2026-03-02/1/widefield.wfz,37455582979,False,,,FileNotPresent
ZYE_0087/2024-09-05/1,\\sahale.biostr.washington.edu\data\Subjects\ZYE_0087\2024-09-05\1\widefield.wfz,subjects/ZYE_0087/2024-09-05/1/widefield.wfz,42726832578,True,42726832578,2026-08-24T11:48:49+00:00,
AL_0033/2025-01-09/1,\\sahale.biostr.washington.edu\data\Subjects\AL_0033\2025-01-09\1\widefield.wfz,subjects/AL_0033/2025-01-09/1/widefield.wfz,45032945959,False,,,FileNotPresent
AL_0036/2025-01-11/1,\\sahale.biostr.washington.edu\data\Subjects\AL_0036\2025-01-11\1\widefield.wfz,subjects/AL_0036/2025-01-11/1/widefield.wfz,45669766901,False,,,FileNotPresent
ZYE_0091/2025-06-06/1,\\sahale.biostr.washington.edu\data\Subjects\ZYE_0091\2025-06-06\1\widefield.wfz,subjects/ZYE_0091/2025-06-06/1/widefield.wfz,42542576932,True,42542576932,2026-08-24T11:52:27+00:00,
AL_0041/2026-04-22/3,\\sahale.biostr.washington.edu\data\Subjects\AL_0041\2026-04-22\3\widefield.wfz,subjects/AL_0041/2026-04-22/3/widefield.wfz,40965110194,False,,,FileNotPresent
ZYE_0090/2025-06-19/2,\\sahale.biostr.washington.edu\data\Subjects\ZYE_0090\2025-06-19\2\widefield.wfz,subjects/ZYE_0090/2025-06-19/2/widefield.wfz,40057171242,True,40057171242,2026-08-24T14:54:55+00:00,
ZYE_0090/2024-08-21/1,\\sahale.biostr.washington.edu\data\Subjects\ZYE_0090\2024-08-21\1\widefield.wfz,subjects/ZYE_0090/2024-08-21/1/widefield.wfz,43884614872,True,43884614872,2026-08-24T14:25:25+00:00,
AL_0041/2026-03-19/1,\\sahale.biostr.washington.edu\data\Subjects\AL_0041\2026-03-19\1\widefield.wfz,subjects/AL_0041/2026-03-19/1/widefield.wfz,40108630370,False,,,FileNotPresent
ZYE_0085/2024-07-12/1,\\sahale.biostr.washington.edu\data\Subjects\ZYE_0085\2024-07-12\1\widefield.wfz,subjects/ZYE_0085/2024-07-12/1/widefield.wfz,43390302127,True,43390302127,2026-08-24T12:00:58+00:00,
AL_0033/2024-12-08/1,\\sahale.biostr.washington.edu\data\Subjects\AL_0033\2024-12-08\1\widefield.wfz,subjects/AL_0033/2024-12-08/1/widefield.wfz,44198150336,False,,,FileNotPresent
AL_0035/2025-01-12/1,\\sahale.biostr.washington.edu\data\Subjects\AL_0035\2025-01-12\1\widefield.wfz,subjects/AL_0035/2025-01-12/1/widefield.wfz,47545920447,False,,,FileNotPresent
ZYE_0012/2020-12-17/1,\\sahale.biostr.washington.edu\data\Subjects\ZYE_0012\2020-12-17\1\widefield.wfz,subjects/ZYE_0012/2020-12-17/1/widefield.wfz,47396420640,True,47396420640,2026-08-24T03:52:54+00:00,
FD_008/2026-06-20/1,\\sahale.biostr.washington.edu\data\Subjects\FD_008\2026-06-20\1\widefield.wfz,subjects/FD_008/2026-06-20/1/widefield.wfz,39450960678,False,,,FileNotPresent
AL_0041/2026-04-23/3,\\sahale.biostr.washington.edu\data\Subjects\AL_0041\2026-04-23\3\widefield.wfz,subjects/AL_0041/2026-04-23/3/widefield.wfz,39657712955,False,,,FileNotPresent
FD_011/2026-02-22/1,\\sahale.biostr.washington.edu\data\Subjects\FD_011\2026-02-22\1\widefield.wfz,subjects/FD_011/2026-02-22/1/widefield.wfz,36152038483,False,,,FileNotPresent
ZYE_0089/2025-05-01/1,\\sahale.biostr.washington.edu\data\Subjects\ZYE_0089\2025-05-01\1\widefield.wfz,subjects/ZYE_0089/2025-05-01/1/widefield.wfz,41925347769,True,41925347769,2026-08-24T15:23:26+00:00,
FD_004/2025-10-03/1,\\sahale.biostr.washington.edu\data\Subjects\FD_004\2025-10-03\1\widefield.wfz,subjects/FD_004/2025-10-03/1/widefield.wfz,36724829558,False,,,FileNotPresent
FD_011/2026-02-24/1,\\sahale.biostr.washington.edu\data\Subjects\FD_011\2026-02-24\1\widefield.wfz,subjects/FD_011/2026-02-24/1/widefield.wfz,34321986636,False,,,FileNotPresent
AB_0032/2024-05-12/1,\\sahale.biostr.washington.edu\data\Subjects\AB_0032\2024-05-12\1\widefield.wfz,subjects/AB_0032/2024-05-12/1/widefield.wfz,42469052665,True,42469052665,2026-08-24T17:17:43+00:00,
ZYE_0098/2025-07-15/1,\\sahale.biostr.washington.edu\data\Subjects\ZYE_0098\2025-07-15\1\widefield.wfz,subjects/ZYE_0098/2025-07-15/1/widefield.wfz,38911494682,True,38911494682,2026-08-24T09:58:06+00:00,
ZYE_0009/2020-08-26/1,\\sahale.biostr.washington.edu\data\Subjects\ZYE_0009\2020-08-26\1\widefield.wfz,subjects/ZYE_0009/2020-08-26/1/widefield.wfz,46290705466,True,46290705466,2026-08-24T03:53:22+00:00,
AB_0032/2024-07-26/1,\\sahale.biostr.washington.edu\data\Subjects\AB_0032\2024-07-26\1\widefield.wfz,subjects/AB_0032/2024-07-26/1/widefield.wfz,45211414160,True,45211414160,2026-08-24T17:19:33+00:00,
ZYE_0077/2024-05-17/1,\\sahale.biostr.washington.edu\data\Subjects\ZYE_0077\2024-05-17\1\widefield.wfz,subjects/ZYE_0077/2024-05-17/1/widefield.wfz,37803846954,True,37803846954,2026-08-24T06:56:58+00:00,
ZYE_0094/2025-07-16/1,\\sahale.biostr.washington.edu\data\Subjects\ZYE_0094\2025-07-16\1\widefield.wfz,subjects/ZYE_0094/2025-07-16/1/widefield.wfz,39032701223,True,39032701223,2026-08-24T10:33:34+00:00,
AL_0033/2024-06-27/1,\\sahale.biostr.washington.edu\data\Subjects\AL_0033\2024-06-27\1\widefield.wfz,subjects/AL_0033/2024-06-27/1/widefield.wfz,41736871806,True,41736871806,2026-08-24T17:20:30+00:00,
FD_012/2026-02-10/1,\\sahale.biostr.washington.edu\data\Subjects\FD_012\2026-02-10\1\widefield.wfz,subjects/FD_012/2026-02-10/1/widefield.wfz,35863602132,False,,,FileNotPresent
ZYE_0091/2024-07-08/1,\\sahale.biostr.washington.edu\data\Subjects\ZYE_0091\2024-07-08\1\widefield.wfz,subjects/ZYE_0091/2024-07-08/1/widefield.wfz,41141533240,True,41141533240,2026-08-24T11:18:20+00:00,
DO_0005/2020-11-16/1,\\sahale.biostr.washington.edu\data\Subjects\DO_0005\2020-11-16\1\widefield.wfz,subjects/DO_0005/2020-11-16/1/widefield.wfz,46723942768,False,,,FileNotPresent
AL_0032/2024-06-11/1,\\sahale.biostr.washington.edu\data\Subjects\AL_0032\2024-06-11\1\widefield.wfz,subjects/AL_0032/2024-06-11/1/widefield.wfz,41152614901,False,,,FileNotPresent
ZYE_0097/2025-07-15/1,\\sahale.biostr.washington.edu\data\Subjects\ZYE_0097\2025-07-15\1\widefield.wfz,subjects/ZYE_0097/2025-07-15/1/widefield.wfz,40849342871,True,40849342871,2026-08-24T09:54:28+00:00,
ZYE_0094/2025-07-26/1,\\sahale.biostr.washington.edu\data\Subjects\ZYE_0094\2025-07-26\1\widefield.wfz,subjects/ZYE_0094/2025-07-26/1/widefield.wfz,38396033765,True,38396033765,2026-08-24T11:39:36+00:00,
FD_008/2026-06-22/1,\\sahale.biostr.washington.edu\data\Subjects\FD_008\2026-06-22\1\widefield.wfz,subjects/FD_008/2026-06-22/1/widefield.wfz,38314931212,False,,,FileNotPresent
DO_0005/2020-12-03/1,\\sahale.biostr.washington.edu\data\Subjects\DO_0005\2020-12-03\1\widefield.wfz,subjects/DO_0005/2020-12-03/1/widefield.wfz,45562411121,False,,,FileNotPresent
FD_011/2026-04-02/1,\\sahale.biostr.washington.edu\data\Subjects\FD_011\2026-04-02\1\widefield.wfz,subjects/FD_011/2026-04-02/1/widefield.wfz,35714360778,False,,,FileNotPresent
AL_0033/2025-08-07/1,\\sahale.biostr.washington.edu\data\Subjects\AL_0033\2025-08-07\1\widefield.wfz,subjects/AL_0033/2025-08-07/1/widefield.wfz,40244078818,False,,,FileNotPresent
AL_0033/2025-01-20/3,\\sahale.biostr.washington.edu\data\Subjects\AL_0033\2025-01-20\3\widefield.wfz,subjects/AL_0033/2025-01-20/3/widefield.wfz,37641680633,False,,,FileNotPresent
ZYE_0090/2024-08-18/3,\\sahale.biostr.washington.edu\data\Subjects\ZYE_0090\2024-08-18\3\widefield.wfz,subjects/ZYE_0090/2024-08-18/3/widefield.wfz,41031374794,True,41031374794,2026-08-24T14:21:51+00:00,
AL_0033/2025-08-08/2,\\sahale.biostr.washington.edu\data\Subjects\AL_0033\2025-08-08\2\widefield.wfz,subjects/AL_0033/2025-08-08/2/widefield.wfz,39946722288,False,,,FileNotPresent
ZYE_0092/2025-06-24/1,\\sahale.biostr.washington.edu\data\Subjects\ZYE_0092\2025-06-24\1\widefield.wfz,subjects/ZYE_0092/2025-06-24/1/widefield.wfz,35584205943,True,35584205943,2026-08-24T09:57:41+00:00,
AL_0039/2025-04-19/1,\\sahale.biostr.washington.edu\data\Subjects\AL_0039\2025-04-19\1\widefield.wfz,subjects/AL_0039/2025-04-19/1/widefield.wfz,42207487363,False,,,FileNotPresent
AL_0041/2025-12-10/1,\\sahale.biostr.washington.edu\data\Subjects\AL_0041\2025-12-10\1\widefield.wfz,subjects/AL_0041/2025-12-10/1/widefield.wfz,40106040938,False,,,FileNotPresent
ZYE_0092/2025-06-21/2,\\sahale.biostr.washington.edu\data\Subjects\ZYE_0092\2025-06-21\2\widefield.wfz,subjects/ZYE_0092/2025-06-21/2/widefield.wfz,34966980318,True,34966980318,2026-08-24T08:08:26+00:00,
ZYE_0098/2025-12-16/1,\\sahale.biostr.washington.edu\data\Subjects\ZYE_0098\2025-12-16\1\widefield.wfz,subjects/ZYE_0098/2025-12-16/1/widefield.wfz,36692669503,True,36692669503,2026-08-24T11:45:39+00:00,
AL_0033/2025-03-04/1,\\sahale.biostr.washington.edu\data\Subjects\AL_0033\2025-03-04\1\widefield.wfz,subjects/AL_0033/2025-03-04/1/widefield.wfz,40615146489,False,,,FileNotPresent
ZYE_0091/2025-06-19/2,\\sahale.biostr.washington.edu\data\Subjects\ZYE_0091\2025-06-19\2\widefield.wfz,subjects/ZYE_0091/2025-06-19/2/widefield.wfz,35962383979,True,35962383979,2026-08-24T12:05:59+00:00,
ZYE_0091/2025-05-06/3,\\sahale.biostr.washington.edu\data\Subjects\ZYE_0091\2025-05-06\3\widefield.wfz,subjects/ZYE_0091/2025-05-06/3/widefield.wfz,40712652232,True,40712652232,2026-08-24T11:47:06+00:00,
AL_0023/2023-08-09/1,\\sahale.biostr.washington.edu\data\Subjects\AL_0023\2023-08-09\1\widefield.wfz,subjects/AL_0023/2023-08-09/1/widefield.wfz,43813541848,True,43813541848,2026-08-24T17:20:50+00:00,
FD_001/2025-10-08/4,\\sahale.biostr.washington.edu\data\Subjects\FD_001\2025-10-08\4\widefield.wfz,subjects/FD_001/2025-10-08/4/widefield.wfz,34375347209,False,,,FileNotPresent
FD_011/2026-05-25/1,\\sahale.biostr.washington.edu\data\Subjects\FD_011\2026-05-25\1\widefield.wfz,subjects/FD_011/2026-05-25/1/widefield.wfz,34991353996,False,,,FileNotPresent
FD_011/2026-05-23/1,\\sahale.biostr.washington.edu\data\Subjects\FD_011\2026-05-23\1\widefield.wfz,subjects/FD_011/2026-05-23/1/widefield.wfz,34431190617,False,,,FileNotPresent
ZYE_0009/2020-08-14/4,\\sahale.biostr.washington.edu\data\Subjects\ZYE_0009\2020-08-14\4\widefield.wfz,subjects/ZYE_0009/2020-08-14/4/widefield.wfz,42150724047,True,42150724047,2026-08-24T03:54:01+00:00,
FD_004/2025-10-17/1,\\sahale.biostr.washington.edu\data\Subjects\FD_004\2025-10-17\1\widefield.wfz,subjects/FD_004/2025-10-17/1/widefield.wfz,36437389666,False,,,FileNotPresent
ZYE_0070/2023-01-17/1,\\sahale.biostr.washington.edu\data\Subjects\ZYE_0070\2023-01-17\1\widefield.wfz,subjects/ZYE_0070/2023-01-17/1/widefield.wfz,35995103794,True,35995103794,2026-08-24T06:48:26+00:00,
ZYE_0070/2023-01-17/5,\\sahale.biostr.washington.edu\data\Subjects\ZYE_0070\2023-01-17\5\widefield.wfz,subjects/ZYE_0070/2023-01-17/5/widefield.wfz,35995100194,True,35995100194,2026-08-24T06:50:16+00:00,
ZYE_0095/2025-07-16/1,\\sahale.biostr.washington.edu\data\Subjects\ZYE_0095\2025-07-16\1\widefield.wfz,subjects/ZYE_0095/2025-07-16/1/widefield.wfz,37536439360,True,37536439360,2026-08-24T09:57:26+00:00,
FD_012/2026-02-24/1,\\sahale.biostr.washington.edu\data\Subjects\FD_012\2026-02-24\1\widefield.wfz,subjects/FD_012/2026-02-24/1/widefield.wfz,32544341079,False,,,FileNotPresent
AL_0033/2024-12-11/1,\\sahale.biostr.washington.edu\data\Subjects\AL_0033\2024-12-11\1\widefield.wfz,subjects/AL_0033/2024-12-11/1/widefield.wfz,41683165503,False,,,FileNotPresent
FD_011/2026-04-03/1,\\sahale.biostr.washington.edu\data\Subjects\FD_011\2026-04-03\1\widefield.wfz,subjects/FD_011/2026-04-03/1/widefield.wfz,33853350431,False,,,FileNotPresent
ZYE_0094/2025-06-21/3,\\sahale.biostr.washington.edu\data\Subjects\ZYE_0094\2025-06-21\3\widefield.wfz,subjects/ZYE_0094/2025-06-21/3/widefield.wfz,34416348876,True,34416348876,2026-08-24T10:33:52+00:00,
AL_0041/2025-11-12/1,\\sahale.biostr.washington.edu\data\Subjects\AL_0041\2025-11-12\1\widefield.wfz,subjects/AL_0041/2025-11-12/1/widefield.wfz,40562413153,False,,,FileNotPresent
ZYE_0094/2025-06-19/1,\\sahale.biostr.washington.edu\data\Subjects\ZYE_0094\2025-06-19\1\widefield.wfz,subjects/ZYE_0094/2025-06-19/1/widefield.wfz,34720746026,True,34720746026,2026-08-24T07:24:23+00:00,
ZYE_0069/2023-07-17/1,\\sahale.biostr.washington.edu\data\Subjects\ZYE_0069\2023-07-17\1\widefield.wfz,subjects/ZYE_0069/2023-07-17/1/widefield.wfz,41996197059,True,41996197059,2026-08-24T05:21:30+00:00,
FD_005/2026-01-02/1,\\sahale.biostr.washington.edu\data\Subjects\FD_005\2026-01-02\1\widefield.wfz,subjects/FD_005/2026-01-02/1/widefield.wfz,33924677903,False,,,FileNotPresent
ZYE_0045/2021-09-23/2,\\sahale.biostr.washington.edu\data\Subjects\ZYE_0045\2021-09-23\2\widefield.wfz,subjects/ZYE_0045/2021-09-23/2/widefield.wfz,43488219482,True,43488219482,2026-08-24T04:19:33+00:00,
ZYE_0016/2021-02-16/3,\\sahale.biostr.washington.edu\data\Subjects\ZYE_0016\2021-02-16\3\widefield.wfz,subjects/ZYE_0016/2021-02-16/3/widefield.wfz,41323901822,True,41323901822,2026-08-24T03:54:07+00:00,
AB_0032/2024-05-21/1,\\sahale.biostr.washington.edu\data\Subjects\AB_0032\2024-05-21\1\widefield.wfz,subjects/AB_0032/2024-05-21/1/widefield.wfz,39144065492,True,39144065492,2026-08-24T17:19:05+00:00,
ZYE_0069/2023-09-06/1,\\sahale.biostr.washington.edu\data\Subjects\ZYE_0069\2023-09-06\1\widefield.wfz,subjects/ZYE_0069/2023-09-06/1/widefield.wfz,41574701735,True,41574701735,2026-08-24T06:49:04+00:00,
FD_001/2025-10-03/1,\\sahale.biostr.washington.edu\data\Subjects\FD_001\2025-10-03\1\widefield.wfz,subjects/FD_001/2025-10-03/1/widefield.wfz,31576901372,False,,,FileNotPresent
AB_0032/2024-06-20/3,\\sahale.biostr.washington.edu\data\Subjects\AB_0032\2024-06-20\3\widefield.wfz,subjects/AB_0032/2024-06-20/3/widefield.wfz,41125843973,True,41125843973,2026-08-26T13:08:01+00:00,
AL_0041/2026-03-16/2,\\sahale.biostr.washington.edu\data\Subjects\AL_0041\2026-03-16\2\widefield.wfz,subjects/AL_0041/2026-03-16/2/widefield.wfz,36532029770,False,,,FileNotPresent
ZYE_0089/2025-05-02/5,\\sahale.biostr.washington.edu\data\Subjects\ZYE_0089\2025-05-02\5\widefield.wfz,subjects/ZYE_0089/2025-05-02/5/widefield.wfz,38458461288,True,38458461288,2026-08-24T15:41:19+00:00,
ZYE_0090/2024-08-18/5,\\sahale.biostr.washington.edu\data\Subjects\ZYE_0090\2024-08-18\5\widefield.wfz,subjects/ZYE_0090/2024-08-18/5/widefield.wfz,38777778390,True,38777778390,2026-08-24T14:31:45+00:00,
FD_004/2025-08-14/1,\\sahale.biostr.washington.edu\data\Subjects\FD_004\2025-08-14\1\widefield.wfz,subjects/FD_004/2025-08-14/1/widefield.wfz,32551477249,False,,,FileNotPresent
ZYE_0092/2025-06-21/1,\\sahale.biostr.washington.edu\data\Subjects\ZYE_0092\2025-06-21\1\widefield.wfz,subjects/ZYE_0092/2025-06-21/1/widefield.wfz,33188634147,True,33188634147,2026-08-24T07:17:05+00:00,
ZYE_0092/2025-06-23/2,\\sahale.biostr.washington.edu\data\Subjects\ZYE_0092\2025-06-23\2\widefield.wfz,subjects/ZYE_0092/2025-06-23/2/widefield.wfz,33829932324,True,33829932324,2026-08-24T09:58:15+00:00,
ZYE_0094/2025-06-22/1,\\sahale.biostr.washington.edu\data\Subjects\ZYE_0094\2025-06-22\1\widefield.wfz,subjects/ZYE_0094/2025-06-22/1/widefield.wfz,33526690737,True,33526690737,2026-08-24T09:56:44+00:00,
AL_0034/2024-07-29/1,\\sahale.biostr.washington.edu\data\Subjects\AL_0034\2024-07-29\1\widefield.wfz,subjects/AL_0034/2024-07-29/1/widefield.wfz,40815580367,True,40815580367,2026-08-24T17:21:46+00:00,
AL_0046/2026-03-03/1,\\sahale.biostr.washington.edu\data\Subjects\AL_0046\2026-03-03\1\widefield.wfz,subjects/AL_0046/2026-03-03/1/widefield.wfz,32326072216,False,,,FileNotPresent
FD_009/2026-06-21/1,\\sahale.biostr.washington.edu\data\Subjects\FD_009\2026-06-21\1\widefield.wfz,subjects/FD_009/2026-06-21/1/widefield.wfz,36726764229,False,,,FileNotPresent
AL_0037/2024-10-01/1,\\sahale.biostr.washington.edu\data\Subjects\AL_0037\2024-10-01\1\widefield.wfz,subjects/AL_0037/2024-10-01/1/widefield.wfz,39183239491,False,,,FileNotPresent
ZYE_0094/2025-06-24/1,\\sahale.biostr.washington.edu\data\Subjects\ZYE_0094\2025-06-24\1\widefield.wfz,subjects/ZYE_0094/2025-06-24/1/widefield.wfz,33597878018,True,33597878018,2026-08-24T10:01:21+00:00,
FD_008/2026-06-21/1,\\sahale.biostr.washington.edu\data\Subjects\FD_008\2026-06-21\1\widefield.wfz,subjects/FD_008/2026-06-21/1/widefield.wfz,35883447314,False,,,FileNotPresent
ZYE_0031/2021-06-28/1,\\sahale.biostr.washington.edu\data\Subjects\ZYE_0031\2021-06-28\1\widefield.wfz,subjects/ZYE_0031/2021-06-28/1/widefield.wfz,44052553581,True,44052553581,2026-08-24T03:54:57+00:00,
AL_0036/2025-01-15/1,\\sahale.biostr.washington.edu\data\Subjects\AL_0036\2025-01-15\1\widefield.wfz,subjects/AL_0036/2025-01-15/1/widefield.wfz,39923560570,False,,,FileNotPresent
XL_009/2026-06-17/1,\\sahale.biostr.washington.edu\data\Subjects\XL_009\2026-06-17\1\widefield.wfz,subjects/XL_009/2026-06-17/1/widefield.wfz,38565671533,True,38565671533,2026-08-24T03:54:57+00:00,
ZYE_0009/2020-09-01/1,\\sahale.biostr.washington.edu\data\Subjects\ZYE_0009\2020-09-01\1\widefield.wfz,subjects/ZYE_0009/2020-09-01/1/widefield.wfz,42931783168,True,42931783168,2026-08-24T03:55:05+00:00,
FD_005/2025-12-29/1,\\sahale.biostr.washington.edu\data\Subjects\FD_005\2025-12-29\1\widefield.wfz,subjects/FD_005/2025-12-29/1/widefield.wfz,31754067304,False,,,FileNotPresent
FD_012/2026-02-12/1,\\sahale.biostr.washington.edu\data\Subjects\FD_012\2026-02-12\1\widefield.wfz,subjects/FD_012/2026-02-12/1/widefield.wfz,32243121278,False,,,FileNotPresent
AL_0041/2026-03-24/1,\\sahale.biostr.washington.edu\data\Subjects\AL_0041\2026-03-24\1\widefield.wfz,subjects/AL_0041/2026-03-24/1/widefield.wfz,34826999232,False,,,FileNotPresent
AL_0033/2025-04-19/1,\\sahale.biostr.washington.edu\data\Subjects\AL_0033\2025-04-19\1\widefield.wfz,subjects/AL_0033/2025-04-19/1/widefield.wfz,37603604270,False,,,FileNotPresent
AL_0041/2025-11-12/2,\\sahale.biostr.washington.edu\data\Subjects\AL_0041\2025-11-12\2\widefield.wfz,subjects/AL_0041/2025-11-12/2/widefield.wfz,38668622287,False,,,FileNotPresent
ZYE_0051/2022-02-21/1,\\sahale.biostr.washington.edu\data\Subjects\ZYE_0051\2022-02-21\1\widefield.wfz,subjects/ZYE_0051/2022-02-21/1/widefield.wfz,40696102790,True,40696102790,2026-08-24T04:23:34+00:00,
AL_0033/2025-01-14/7,\\sahale.biostr.washington.edu\data\Subjects\AL_0033\2025-01-14\7\widefield.wfz,subjects/AL_0033/2025-01-14/7/widefield.wfz,38615013571,False,,,FileNotPresent
FD_003/2025-09-11/1,\\sahale.biostr.washington.edu\data\Subjects\FD_003\2025-09-11\1\widefield.wfz,subjects/FD_003/2025-09-11/1/widefield.wfz,32271933928,False,,,FileNotPresent
ZYE_0090/2024-08-13/5,\\sahale.biostr.washington.edu\data\Subjects\ZYE_0090\2024-08-13\5\widefield.wfz,subjects/ZYE_0090/2024-08-13/5/widefield.wfz,37689817085,True,37689817085,2026-08-24T13:44:07+00:00,
FD_001/2025-10-10/4,\\sahale.biostr.washington.edu\data\Subjects\FD_001\2025-10-10\4\widefield.wfz,subjects/FD_001/2025-10-10/4/widefield.wfz,31052558626,False,,,FileNotPresent
AL_0046/2026-03-04/1,\\sahale.biostr.washington.edu\data\Subjects\AL_0046\2026-03-04\1\widefield.wfz,subjects/AL_0046/2026-03-04/1/widefield.wfz,30480411605,False,,,FileNotPresent
AL_0041/2025-11-05/3,\\sahale.biostr.washington.edu\data\Subjects\AL_0041\2025-11-05\3\widefield.wfz,subjects/AL_0041/2025-11-05/3/widefield.wfz,37100606436,False,,,FileNotPresent
ZYE_0090/2024-08-21/3,\\sahale.biostr.washington.edu\data\Subjects\ZYE_0090\2024-08-21\3\widefield.wfz,subjects/ZYE_0090/2024-08-21/3/widefield.wfz,38236405191,True,38236405191,2026-08-24T14:33:42+00:00,
AB_0032/2024-05-25/1,\\sahale.biostr.washington.edu\data\Subjects\AB_0032\2024-05-25\1\widefield.wfz,subjects/AB_0032/2024-05-25/1/widefield.wfz,37434851579,True,37434851579,2026-08-24T17:21:27+00:00,
FD_001/2025-10-09/3,\\sahale.biostr.washington.edu\data\Subjects\FD_001\2025-10-09\3\widefield.wfz,subjects/FD_001/2025-10-09/3/widefield.wfz,32070328737,False,,,FileNotPresent
FD_001/2025-08-18/1,\\sahale.biostr.washington.edu\data\Subjects\FD_001\2025-08-18\1\widefield.wfz,subjects/FD_001/2025-08-18/1/widefield.wfz,30017297862,False,,,FileNotPresent
ZYE_0085/2024-07-23/3,\\sahale.biostr.washington.edu\data\Subjects\ZYE_0085\2024-07-23\3\widefield.wfz,subjects/ZYE_0085/2024-07-23/3/widefield.wfz,37979625401,True,37979625401,2026-08-24T14:11:32+00:00,
FD_001/2025-10-13/3,\\sahale.biostr.washington.edu\data\Subjects\FD_001\2025-10-13\3\widefield.wfz,subjects/FD_001/2025-10-13/3/widefield.wfz,29829301456,False,,,FileNotPresent
AB_0032/2024-05-23/1,\\sahale.biostr.washington.edu\data\Subjects\AB_0032\2024-05-23\1\widefield.wfz,subjects/AB_0032/2024-05-23/1/widefield.wfz,37277389766,True,37277389766,2026-08-24T17:21:07+00:00,
AL_0034/2024-08-30/1,\\sahale.biostr.washington.edu\data\Subjects\AL_0034\2024-08-30\1\widefield.wfz,subjects/AL_0034/2024-08-30/1/widefield.wfz,36752142158,False,,,FileNotPresent
FD_006/2025-12-15/4,\\sahale.biostr.washington.edu\data\Subjects\FD_006\2025-12-15\4\widefield.wfz,subjects/FD_006/2025-12-15/4/widefield.wfz,33152547821,False,,,FileNotPresent
FD_011/2026-02-18/1,\\sahale.biostr.washington.edu\data\Subjects\FD_011\2026-02-18\1\widefield.wfz,subjects/FD_011/2026-02-18/1/widefield.wfz,32045469847,False,,,FileNotPresent
FD_006/2025-11-10/3,\\sahale.biostr.washington.edu\data\Subjects\FD_006\2025-11-10\3\widefield.wfz,subjects/FD_006/2025-11-10/3/widefield.wfz,32385371803,False,,,FileNotPresent
ZYE_0012/2020-10-16/5,\\sahale.biostr.washington.edu\data\Subjects\ZYE_0012\2020-10-16\5\widefield.wfz,subjects/ZYE_0012/2020-10-16/5/widefield.wfz,40275313913,True,40275313913,2026-08-24T03:55:27+00:00,
ZYE_0089/2025-05-04/1,\\sahale.biostr.washington.edu\data\Subjects\ZYE_0089\2025-05-04\1\widefield.wfz,subjects/ZYE_0089/2025-05-04/1/widefield.wfz,34081357853,True,34081357853,2026-08-24T15:35:09+00:00,
AL_0033/2025-03-12/1,\\sahale.biostr.washington.edu\data\Subjects\AL_0033\2025-03-12\1\widefield.wfz,subjects/AL_0033/2025-03-12/1/widefield.wfz,35700317171,False,,,FileNotPresent
ZYE_0090/2024-08-15/1,\\sahale.biostr.washington.edu\data\Subjects\ZYE_0090\2024-08-15\1\widefield.wfz,subjects/ZYE_0090/2024-08-15/1/widefield.wfz,36038222940,True,36038222940,2026-08-24T12:47:08+00:00,
FD_006/2025-12-10/5,\\sahale.biostr.washington.edu\data\Subjects\FD_006\2025-12-10\5\widefield.wfz,subjects/FD_006/2025-12-10/5/widefield.wfz,31699283885,False,,,FileNotPresent
DO_0005/2021-03-03/1,\\sahale.biostr.washington.edu\data\Subjects\DO_0005\2021-03-03\1\widefield.wfz,subjects/DO_0005/2021-03-03/1/widefield.wfz,40972916106,False,,,FileNotPresent
ZYE_0046/2021-11-23/2,\\sahale.biostr.washington.edu\data\Subjects\ZYE_0046\2021-11-23\2\widefield.wfz,subjects/ZYE_0046/2021-11-23/2/widefield.wfz,40651556230,True,40651556230,2026-08-24T05:13:18+00:00,
ZYE_0090/2025-06-22/2,\\sahale.biostr.washington.edu\data\Subjects\ZYE_0090\2025-06-22\2\widefield.wfz,subjects/ZYE_0090/2025-06-22/2/widefield.wfz,33217757903,True,33217757903,2026-08-24T14:58:55+00:00,
FD_007/2026-01-06/2,\\sahale.biostr.washington.edu\data\Subjects\FD_007\2026-01-06\2\widefield.wfz,subjects/FD_007/2026-01-06/2/widefield.wfz,29024239945,False,,,FileNotPresent
AL_0041/2026-02-10/2,\\sahale.biostr.washington.edu\data\Subjects\AL_0041\2026-02-10\2\widefield.wfz,subjects/AL_0041/2026-02-10/2/widefield.wfz,37373274353,False,,,FileNotPresent
AL_0023/2023-09-06/1,\\sahale.biostr.washington.edu\data\Subjects\AL_0023\2023-09-06\1\widefield.wfz,subjects/AL_0023/2023-09-06/1/widefield.wfz,37439226199,True,37439226199,2026-08-24T17:21:59+00:00,
AL_0015/2022-08-22/1,\\sahale.biostr.washington.edu\data\Subjects\AL_0015\2022-08-22\1\widefield.wfz,subjects/AL_0015/2022-08-22/1/widefield.wfz,39683599163,True,39683599163,2026-08-24T17:22:16+00:00,
FD_011/2026-02-19/1,\\sahale.biostr.washington.edu\data\Subjects\FD_011\2026-02-19\1\widefield.wfz,subjects/FD_011/2026-02-19/1/widefield.wfz,29853664047,False,,,FileNotPresent
FD_009/2026-06-18/1,\\sahale.biostr.washington.edu\data\Subjects\FD_009\2026-06-18\1\widefield.wfz,subjects/FD_009/2026-06-18/1/widefield.wfz,32806991507,False,,,FileNotPresent
AL_0023/2023-08-15/1,\\sahale.biostr.washington.edu\data\Subjects\AL_0023\2023-08-15\1\widefield.wfz,subjects/AL_0023/2023-08-15/1/widefield.wfz,37501564449,True,37501564449,2026-08-24T17:22:38+00:00,
ZYE_0089/2024-07-11/7,\\sahale.biostr.washington.edu\data\Subjects\ZYE_0089\2024-07-11\7\widefield.wfz,subjects/ZYE_0089/2024-07-11/7/widefield.wfz,34778417969,True,34778417969,2026-08-24T13:37:23+00:00,
AL_0033/2025-03-20/4,\\sahale.biostr.washington.edu\data\Subjects\AL_0033\2025-03-20\4\widefield.wfz,subjects/AL_0033/2025-03-20/4/widefield.wfz,34700005201,False,,,FileNotPresent
AL_0039/2025-09-30/4,\\sahale.biostr.washington.edu\data\Subjects\AL_0039\2025-09-30\4\widefield.wfz,subjects/AL_0039/2025-09-30/4/widefield.wfz,32169831552,False,,,FileNotPresent
AL_0023/2023-08-14/1,\\sahale.biostr.washington.edu\data\Subjects\AL_0023\2023-08-14\1\widefield.wfz,subjects/AL_0023/2023-08-14/1/widefield.wfz,37358365061,True,37358365061,2026-08-24T17:22:55+00:00,
ZYE_0090/2024-08-14/3,\\sahale.biostr.washington.edu\data\Subjects\ZYE_0090\2024-08-14\3\widefield.wfz,subjects/ZYE_0090/2024-08-14/3/widefield.wfz,34502913293,True,34502913293,2026-08-24T12:48:06+00:00,
AL_0039/2025-04-20/1,\\sahale.biostr.washington.edu\data\Subjects\AL_0039\2025-04-20\1\widefield.wfz,subjects/AL_0039/2025-04-20/1/widefield.wfz,36563331333,False,,,FileNotPresent
ZYE_0090/2024-08-15/3,\\sahale.biostr.washington.edu\data\Subjects\ZYE_0090\2024-08-15\3\widefield.wfz,subjects/ZYE_0090/2024-08-15/3/widefield.wfz,34859739807,True,34859739807,2026-08-24T13:55:16+00:00,
ZYE_0009/2021-01-20/1,\\sahale.biostr.washington.edu\data\Subjects\ZYE_0009\2021-01-20\1\widefield.wfz,subjects/ZYE_0009/2021-01-20/1/widefield.wfz,38583913836,False,,,FileNotPresent
AL_0033/2025-04-20/2,\\sahale.biostr.washington.edu\data\Subjects\AL_0033\2025-04-20\2\widefield.wfz,subjects/AL_0033/2025-04-20/2/widefield.wfz,33916256228,False,,,FileNotPresent
FD_001/2025-05-20/1,\\sahale.biostr.washington.edu\data\Subjects\FD_001\2025-05-20\1\widefield.wfz,subjects/FD_001/2025-05-20/1/widefield.wfz,29711762257,False,,,FileNotPresent
FD_008/2026-06-18/1,\\sahale.biostr.washington.edu\data\Subjects\FD_008\2026-06-18\1\widefield.wfz,subjects/FD_008/2026-06-18/1/widefield.wfz,32459671063,False,,,FileNotPresent
ZYE_0090/2024-08-20/3,\\sahale.biostr.washington.edu\data\Subjects\ZYE_0090\2024-08-20\3\widefield.wfz,subjects/ZYE_0090/2024-08-20/3/widefield.wfz,35018798374,False,,,FileNotPresent
AL_0041/2026-02-09/3,\\sahale.biostr.washington.edu\data\Subjects\AL_0041\2026-02-09\3\widefield.wfz,subjects/AL_0041/2026-02-09/3/widefield.wfz,35881268590,False,,,FileNotPresent
AL_0033/2025-01-10/2,\\sahale.biostr.washington.edu\data\Subjects\AL_0033\2025-01-10\2\widefield.wfz,subjects/AL_0033/2025-01-10/2/widefield.wfz,34881998991,False,,,FileNotPresent
AL_0033/2025-08-07/3,\\sahale.biostr.washington.edu\data\Subjects\AL_0033\2025-08-07\3\widefield.wfz,subjects/AL_0033/2025-08-07/3/widefield.wfz,33254110730,False,,,FileNotPresent
AL_0041/2026-02-21/4,\\sahale.biostr.washington.edu\data\Subjects\AL_0041\2026-02-21\4\widefield.wfz,subjects/AL_0041/2026-02-21/4/widefield.wfz,33592798031,False,,,FileNotPresent
FD_012/2026-02-17/1,\\sahale.biostr.washington.edu\data\Subjects\FD_012\2026-02-17\1\widefield.wfz,subjects/FD_012/2026-02-17/1/widefield.wfz,27735511971,False,,,FileNotPresent
ZYE_0053/2022-01-01/4,\\sahale.biostr.washington.edu\data\Subjects\ZYE_0053\2022-01-01\4\widefield.wfz,subjects/ZYE_0053/2022-01-01/4/widefield.wfz,37896228684,False,,,FileNotPresent
AL_0023/2023-06-27/1,\\sahale.biostr.washington.edu\data\Subjects\AL_0023\2023-06-27\1\widefield.wfz,subjects/AL_0023/2023-06-27/1/widefield.wfz,36254560363,True,36254560363,2026-08-24T17:22:50+00:00,
AL_0039/2025-04-30/3,\\sahale.biostr.washington.edu\data\Subjects\AL_0039\2025-04-30\3\widefield.wfz,subjects/AL_0039/2025-04-30/3/widefield.wfz,36341187030,False,,,FileNotPresent
AL_0041/2026-02-21/3,\\sahale.biostr.washington.edu\data\Subjects\AL_0041\2026-02-21\3\widefield.wfz,subjects/AL_0041/2026-02-21/3/widefield.wfz,33085909551,False,,,FileNotPresent
AL_0041/2026-02-07/2,\\sahale.biostr.washington.edu\data\Subjects\AL_0041\2026-02-07\2\widefield.wfz,subjects/AL_0041/2026-02-07/2/widefield.wfz,32407920912,False,,,FileNotPresent
FD_006/2025-08-18/1,\\sahale.biostr.washington.edu\data\Subjects\FD_006\2025-08-18\1\widefield.wfz,subjects/FD_006/2025-08-18/1/widefield.wfz,27160523630,False,,,FileNotPresent
AL_0045/2026-02-06/1,\\sahale.biostr.washington.edu\data\Subjects\AL_0045\2026-02-06\1\widefield.wfz,subjects/AL_0045/2026-02-06/1/widefield.wfz,28288451751,False,,,FileNotPresent
ZYE_0009/2020-09-26/1,\\sahale.biostr.washington.edu\data\Subjects\ZYE_0009\2020-09-26\1\widefield.wfz,subjects/ZYE_0009/2020-09-26/1/widefield.wfz,37019909114,False,,,FileNotPresent
KM_052/2025-05-20/1,\\sahale.biostr.washington.edu\data\Subjects\KM_052\2025-05-20\1\widefield.wfz,subjects/KM_052/2025-05-20/1/widefield.wfz,32489721903,False,,,FileNotPresent
AL_0030/2024-01-19/3,\\sahale.biostr.washington.edu\data\Subjects\AL_0030\2024-01-19\3\widefield.wfz,subjects/AL_0030/2024-01-19/3/widefield.wfz,34985524960,True,34985524960,2026-08-24T17:23:10+00:00,
FD_004/2025-08-13/1,\\sahale.biostr.washington.edu\data\Subjects\FD_004\2025-08-13\1\widefield.wfz,subjects/FD_004/2025-08-13/1/widefield.wfz,28805007772,False,,,FileNotPresent
ZYE_0090/2024-08-19/3,\\sahale.biostr.washington.edu\data\Subjects\ZYE_0090\2024-08-19\3\widefield.wfz,subjects/ZYE_0090/2024-08-19/3/widefield.wfz,33679570237,False,,,FileNotPresent
ZYE_0091/2024-07-13/4,\\sahale.biostr.washington.edu\data\Subjects\ZYE_0091\2024-07-13\4\widefield.wfz,subjects/ZYE_0091/2024-07-13/4/widefield.wfz,32505387538,False,,,FileNotPresent
AL_0046/2026-02-19/1,\\sahale.biostr.washington.edu\data\Subjects\AL_0046\2026-02-19\1\widefield.wfz,subjects/AL_0046/2026-02-19/1/widefield.wfz,30060407028,False,,,FileNotPresent
ZYE_0047/2021-11-26/2,\\sahale.biostr.washington.edu\data\Subjects\ZYE_0047\2021-11-26\2\widefield.wfz,subjects/ZYE_0047/2021-11-26/2/widefield.wfz,33007902878,False,,,FileNotPresent
FD_005/2025-11-04/2,\\sahale.biostr.washington.edu\data\Subjects\FD_005\2025-11-04\2\widefield.wfz,subjects/FD_005/2025-11-04/2/widefield.wfz,27770134250,False,,,FileNotPresent
ZYE_0085/2024-07-10/3,\\sahale.biostr.washington.edu\data\Subjects\ZYE_0085\2024-07-10\3\widefield.wfz,subjects/ZYE_0085/2024-07-10/3/widefield.wfz,33046784824,False,,,FileNotPresent
ZYE_0090/2025-05-03/1,\\sahale.biostr.washington.edu\data\Subjects\ZYE_0090\2025-05-03\1\widefield.wfz,subjects/ZYE_0090/2025-05-03/1/widefield.wfz,32476590687,False,,,FileNotPresent
AL_0023/2023-05-15/1,\\sahale.biostr.washington.edu\data\Subjects\AL_0023\2023-05-15\1\widefield.wfz,subjects/AL_0023/2023-05-15/1/widefield.wfz,34199080679,True,34199080679,2026-08-24T17:23:03+00:00,
AL_0046/2026-03-05/3,\\sahale.biostr.washington.edu\data\Subjects\AL_0046\2026-03-05\3\widefield.wfz,subjects/AL_0046/2026-03-05/3/widefield.wfz,26347491728,False,,,FileNotPresent
FD_006/2025-11-26/1,\\sahale.biostr.washington.edu\data\Subjects\FD_006\2025-11-26\1\widefield.wfz,subjects/FD_006/2025-11-26/1/widefield.wfz,29540890408,False,,,FileNotPresent
FD_011/2026-02-16/2,\\sahale.biostr.washington.edu\data\Subjects\FD_011\2026-02-16\2\widefield.wfz,subjects/FD_011/2026-02-16/2/widefield.wfz,26130920414,False,,,FileNotPresent
SM_0001/2020-09-29/1,\\sahale.biostr.washington.edu\data\Subjects\SM_0001\2020-09-29\1\widefield.wfz,subjects/SM_0001/2020-09-29/1/widefield.wfz,35482447310,False,,,FileNotPresent
ZYE_0091/2024-07-16/3,\\sahale.biostr.washington.edu\data\Subjects\ZYE_0091\2024-07-16\3\widefield.wfz,subjects/ZYE_0091/2024-07-16/3/widefield.wfz,31821887258,False,,,FileNotPresent
FD_011/2026-02-13/1,\\sahale.biostr.washington.edu\data\Subjects\FD_011\2026-02-13\1\widefield.wfz,subjects/FD_011/2026-02-13/1/widefield.wfz,25885005171,False,,,FileNotPresent
ZYE_0078/2024-05-14/2,\\sahale.biostr.washington.edu\data\Subjects\ZYE_0078\2024-05-14\2\widefield.wfz,subjects/ZYE_0078/2024-05-14/2/widefield.wfz,27199201664,False,,,FileNotPresent
ZYE_0034/2021-05-21/2,\\sahale.biostr.washington.edu\data\Subjects\ZYE_0034\2021-05-21\2\widefield.wfz,subjects/ZYE_0034/2021-05-21/2/widefield.wfz,35534900281,False,,,FileNotPresent
ZYE_0031/2021-03-31/1,\\sahale.biostr.washington.edu\data\Subjects\ZYE_0031\2021-03-31\1\widefield.wfz,subjects/ZYE_0031/2021-03-31/1/widefield.wfz,35011135036,False,,,FileNotPresent
FD_012/2026-02-16/1,\\sahale.biostr.washington.edu\data\Subjects\FD_012\2026-02-16\1\widefield.wfz,subjects/FD_012/2026-02-16/1/widefield.wfz,25398253108,False,,,FileNotPresent
AL_0036/2025-02-26/1,\\sahale.biostr.washington.edu\data\Subjects\AL_0036\2025-02-26\1\widefield.wfz,subjects/AL_0036/2025-02-26/1/widefield.wfz,29892520606,False,,,FileNotPresent
FD_005/2026-01-30/1,\\sahale.biostr.washington.edu\data\Subjects\FD_005\2026-01-30\1\widefield.wfz,subjects/FD_005/2026-01-30/1/widefield.wfz,23938331287,False,,,FileNotPresent
AL_0041/2026-04-22/1,\\sahale.biostr.washington.edu\data\Subjects\AL_0041\2026-04-22\1\widefield.wfz,subjects/AL_0041/2026-04-22/1/widefield.wfz,7325624474,False,,,FileNotPresent
ZYE_0088/2024-07-08/2,\\sahale.biostr.washington.edu\data\Subjects\ZYE_0088\2024-07-08\2\widefield.wfz,subjects/ZYE_0088/2024-07-08/2/widefield.wfz,31774642934,False,,,FileNotPresent
ZYE_0085/2024-07-29/9,\\sahale.biostr.washington.edu\data\Subjects\ZYE_0085\2024-07-29\9\widefield.wfz,subjects/ZYE_0085/2024-07-29/9/widefield.wfz,31172245850,False,,,FileNotPresent
FD_005/2025-11-26/1,\\sahale.biostr.washington.edu\data\Subjects\FD_005\2025-11-26\1\widefield.wfz,subjects/FD_005/2025-11-26/1/widefield.wfz,27808962760,False,,,FileNotPresent
FD_010/2026-02-24/1,\\sahale.biostr.washington.edu\data\Subjects\FD_010\2026-02-24\1\widefield.wfz,subjects/FD_010/2026-02-24/1/widefield.wfz,24574680648,False,,,FileNotPresent
AL_0046/2026-02-18/1,\\sahale.biostr.washington.edu\data\Subjects\AL_0046\2026-02-18\1\widefield.wfz,subjects/AL_0046/2026-02-18/1/widefield.wfz,30066236893,False,,,FileNotPresent
ZYE_0085/2024-07-25/5,\\sahale.biostr.washington.edu\data\Subjects\ZYE_0085\2024-07-25\5\widefield.wfz,subjects/ZYE_0085/2024-07-25/5/widefield.wfz,31630552756,False,,,FileNotPresent
FD_012/2026-02-13/1,\\sahale.biostr.washington.edu\data\Subjects\FD_012\2026-02-13\1\widefield.wfz,subjects/FD_012/2026-02-13/1/widefield.wfz,24921484755,False,,,FileNotPresent
ZYE_0048/2021-12-08/6,\\sahale.biostr.washington.edu\data\Subjects\ZYE_0048\2021-12-08\6\widefield.wfz,subjects/ZYE_0048/2021-12-08/6/widefield.wfz,32992364841,False,,,FileNotPresent
LK_0003/2021-07-06/1,\\sahale.biostr.washington.edu\data\Subjects\LK_0003\2021-07-06\1\widefield.wfz,subjects/LK_0003/2021-07-06/1/widefield.wfz,32958864513,False,,,FileNotPresent
ZYE_0031/2021-09-30/1,\\sahale.biostr.washington.edu\data\Subjects\ZYE_0031\2021-09-30\1\widefield.wfz,subjects/ZYE_0031/2021-09-30/1/widefield.wfz,33933972100,False,,,FileNotPresent
AL_0047/2026-02-27/1,\\sahale.biostr.washington.edu\data\Subjects\AL_0047\2026-02-27\1\widefield.wfz,subjects/AL_0047/2026-02-27/1/widefield.wfz,27184647636,False,,,FileNotPresent
ZYE_0069/2023-07-27/3,\\sahale.biostr.washington.edu\data\Subjects\ZYE_0069\2023-07-27\3\widefield.wfz,subjects/ZYE_0069/2023-07-27/3/widefield.wfz,32275137450,False,,,FileNotPresent
AL_0023/2023-05-18/1,\\sahale.biostr.washington.edu\data\Subjects\AL_0023\2023-05-18\1\widefield.wfz,subjects/AL_0023/2023-05-18/1/widefield.wfz,32055415045,True,32055415045,2026-08-24T17:22:57+00:00,
ZYE_0085/2024-07-17/3,\\sahale.biostr.washington.edu\data\Subjects\ZYE_0085\2024-07-17\3\widefield.wfz,subjects/ZYE_0085/2024-07-17/3/widefield.wfz,30952504355,False,,,FileNotPresent
AL_0033/2025-02-04/1,\\sahale.biostr.washington.edu\data\Subjects\AL_0033\2025-02-04\1\widefield.wfz,subjects/AL_0033/2025-02-04/1/widefield.wfz,29411182018,False,,,FileNotPresent
FD_011/2026-02-17/1,\\sahale.biostr.washington.edu\data\Subjects\FD_011\2026-02-17\1\widefield.wfz,subjects/FD_011/2026-02-17/1/widefield.wfz,24942385897,False,,,FileNotPresent
FD_005/2026-01-29/3,\\sahale.biostr.washington.edu\data\Subjects\FD_005\2026-01-29\3\widefield.wfz,subjects/FD_005/2026-01-29/3/widefield.wfz,24676631561,False,,,FileNotPresent
AL_0033/2025-05-12/1,\\sahale.biostr.washington.edu\data\Subjects\AL_0033\2025-05-12\1\widefield.wfz,subjects/AL_0033/2025-05-12/1/widefield.wfz,29623395081,False,,,FileNotPresent
FD_005/2025-08-18/1,\\sahale.biostr.washington.edu\data\Subjects\FD_005\2025-08-18\1\widefield.wfz,subjects/FD_005/2025-08-18/1/widefield.wfz,23368641966,False,,,FileNotPresent
ZYE_0027/2021-02-16/2,\\sahale.biostr.washington.edu\data\Subjects\ZYE_0027\2021-02-16\2\widefield.wfz,subjects/ZYE_0027/2021-02-16/2/widefield.wfz,34043474342,False,,,FileNotPresent
ZYE_0090/2025-06-22/1,\\sahale.biostr.washington.edu\data\Subjects\ZYE_0090\2025-06-22\1\widefield.wfz,subjects/ZYE_0090/2025-06-22/1/widefield.wfz,27870393987,False,,,FileNotPresent
AL_0033/2025-08-08/4,\\sahale.biostr.washington.edu\data\Subjects\AL_0033\2025-08-08\4\widefield.wfz,subjects/AL_0033/2025-08-08/4/widefield.wfz,28845028273,False,,,FileNotPresent
FD_012/2026-02-15/1,\\sahale.biostr.washington.edu\data\Subjects\FD_012\2026-02-15\1\widefield.wfz,subjects/FD_012/2026-02-15/1/widefield.wfz,23945717472,False,,,FileNotPresent
ZYE_0012/2020-10-16/1,\\sahale.biostr.washington.edu\data\Subjects\ZYE_0012\2020-10-16\1\widefield.wfz,subjects/ZYE_0012/2020-10-16/1/widefield.wfz,32713437644,False,,,FileNotPresent
FD_011/2026-02-15/1,\\sahale.biostr.washington.edu\data\Subjects\FD_011\2026-02-15\1\widefield.wfz,subjects/FD_011/2026-02-15/1/widefield.wfz,24189208166,False,,,FileNotPresent
LK_0003/2021-03-31/1,\\sahale.biostr.washington.edu\data\Subjects\LK_0003\2021-03-31\1\widefield.wfz,subjects/LK_0003/2021-03-31/1/widefield.wfz,32286891903,False,,,FileNotPresent
ZYE_0071/2023-01-19/1,\\sahale.biostr.washington.edu\data\Subjects\ZYE_0071\2023-01-19\1\widefield.wfz,subjects/ZYE_0071/2023-01-19/1/widefield.wfz,31822629835,False,,,FileNotPresent
AL_0014/2022-08-15/1,\\sahale.biostr.washington.edu\data\Subjects\AL_0014\2022-08-15\1\widefield.wfz,subjects/AL_0014/2022-08-15/1/widefield.wfz,32221679431,False,,,FileNotPresent
ZYE_0055/2022-01-02/1,\\sahale.biostr.washington.edu\data\Subjects\ZYE_0055\2022-01-02\1\widefield.wfz,subjects/ZYE_0055/2022-01-02/1/widefield.wfz,33460620778,False,,,FileNotPresent
ZYE_0091/2025-02-02/1,\\sahale.biostr.washington.edu\data\Subjects\ZYE_0091\2025-02-02\1\widefield.wfz,subjects/ZYE_0091/2025-02-02/1/widefield.wfz,27034338517,False,,,FileNotPresent
ZYE_0035/2021-05-12/2,\\sahale.biostr.washington.edu\data\Subjects\ZYE_0035\2021-05-12\2\widefield.wfz,subjects/ZYE_0035/2021-05-12/2/widefield.wfz,32662027261,False,,,FileNotPresent
AL_0041/2025-12-02/2,\\sahale.biostr.washington.edu\data\Subjects\AL_0041\2025-12-02\2\widefield.wfz,subjects/AL_0041/2025-12-02/2/widefield.wfz,29691304120,False,,,FileNotPresent
FD_011/2026-02-12/1,\\sahale.biostr.washington.edu\data\Subjects\FD_011\2026-02-12\1\widefield.wfz,subjects/FD_011/2026-02-12/1/widefield.wfz,24525332143,False,,,FileNotPresent
ZYE_0089/2024-07-10/3,\\sahale.biostr.washington.edu\data\Subjects\ZYE_0089\2024-07-10\3\widefield.wfz,subjects/ZYE_0089/2024-07-10/3/widefield.wfz,28418445227,False,,,FileNotPresent
ZYE_0091/2024-07-14/5,\\sahale.biostr.washington.edu\data\Subjects\ZYE_0091\2024-07-14\5\widefield.wfz,subjects/ZYE_0091/2024-07-14/5/widefield.wfz,29065040853,False,,,FileNotPresent
AL_0030/2024-01-25/1,\\sahale.biostr.washington.edu\data\Subjects\AL_0030\2024-01-25\1\widefield.wfz,subjects/AL_0030/2024-01-25/1/widefield.wfz,25897515271,False,,,FileNotPresent
AL_0035/2025-05-11/1,\\sahale.biostr.washington.edu\data\Subjects\AL_0035\2025-05-11\1\widefield.wfz,subjects/AL_0035/2025-05-11/1/widefield.wfz,29584111082,False,,,FileNotPresent
FD_006/2025-11-20/2,\\sahale.biostr.washington.edu\data\Subjects\FD_006\2025-11-20\2\widefield.wfz,subjects/FD_006/2025-11-20/2/widefield.wfz,30496636989,False,,,FileNotPresent
ZYE_0048/2021-12-10/1,\\sahale.biostr.washington.edu\data\Subjects\ZYE_0048\2021-12-10\1\widefield.wfz,subjects/ZYE_0048/2021-12-10/1/widefield.wfz,30911087146,False,,,FileNotPresent
ZYE_0013/2020-11-11/3,\\sahale.biostr.washington.edu\data\Subjects\ZYE_0013\2020-11-11\3\widefield.wfz,subjects/ZYE_0013/2020-11-11/3/widefield.wfz,33229361266,False,,,FileNotPresent
ZYE_0050/2021-12-03/1,\\sahale.biostr.washington.edu\data\Subjects\ZYE_0050\2021-12-03\1\widefield.wfz,subjects/ZYE_0050/2021-12-03/1/widefield.wfz,31645478247,False,,,FileNotPresent
AL_0047/2026-02-27/3,\\sahale.biostr.washington.edu\data\Subjects\AL_0047\2026-02-27\3\widefield.wfz,subjects/AL_0047/2026-02-27/3/widefield.wfz,25444355964,False,,,FileNotPresent
AL_0039/2025-06-10/2,\\sahale.biostr.washington.edu\data\Subjects\AL_0039\2025-06-10\2\widefield.wfz,subjects/AL_0039/2025-06-10/2/widefield.wfz,26441760536,False,,,FileNotPresent
AL_0041/2025-12-02/1,\\sahale.biostr.washington.edu\data\Subjects\AL_0041\2025-12-02\1\widefield.wfz,subjects/AL_0041/2025-12-02/1/widefield.wfz,28617614411,False,,,FileNotPresent
ZYE_0067/2022-08-15/2,\\sahale.biostr.washington.edu\data\Subjects\ZYE_0067\2022-08-15\2\widefield.wfz,subjects/ZYE_0067/2022-08-15/2/widefield.wfz,32836009808,False,,,FileNotPresent
AL_0051/2026-07-29/2,\\sahale.biostr.washington.edu\data\Subjects\AL_0051\2026-07-29\2\widefield.wfz,subjects/AL_0051/2026-07-29/2/widefield.wfz,28203275219,False,,,FileNotPresent
AL_0039/2025-05-26/1,\\sahale.biostr.washington.edu\data\Subjects\AL_0039\2025-05-26\1\widefield.wfz,subjects/AL_0039/2025-05-26/1/widefield.wfz,29097362751,False,,,FileNotPresent
ZYE_0035/2021-07-18/1,\\sahale.biostr.washington.edu\data\Subjects\ZYE_0035\2021-07-18\1\widefield.wfz,subjects/ZYE_0035/2021-07-18/1/widefield.wfz,31077269818,False,,,FileNotPresent
ZYE_0068/2022-08-15/1,\\sahale.biostr.washington.edu\data\Subjects\ZYE_0068\2022-08-15\1\widefield.wfz,subjects/ZYE_0068/2022-08-15/1/widefield.wfz,31545988721,False,,,FileNotPresent
AL_0048/2026-07-29/2,\\sahale.biostr.washington.edu\data\Subjects\AL_0048\2026-07-29\2\widefield.wfz,subjects/AL_0048/2026-07-29/2/widefield.wfz,27161359158,False,,,FileNotPresent
ZYE_0035/2021-07-01/1,\\sahale.biostr.washington.edu\data\Subjects\ZYE_0035\2021-07-01\1\widefield.wfz,subjects/ZYE_0035/2021-07-01/1/widefield.wfz,30799368985,False,,,FileNotPresent
ZYE_0085/2024-07-22/9,\\sahale.biostr.washington.edu\data\Subjects\ZYE_0085\2024-07-22\9\widefield.wfz,subjects/ZYE_0085/2024-07-22/9/widefield.wfz,27245319505,False,,,FileNotPresent
ZYE_0057/2022-01-10/1,\\sahale.biostr.washington.edu\data\Subjects\ZYE_0057\2022-01-10\1\widefield.wfz,subjects/ZYE_0057/2022-01-10/1/widefield.wfz,30286646611,False,,,FileNotPresent
ZYE_0026/2021-02-16/2,\\sahale.biostr.washington.edu\data\Subjects\ZYE_0026\2021-02-16\2\widefield.wfz,subjects/ZYE_0026/2021-02-16/2/widefield.wfz,30851053375,False,,,FileNotPresent
AB_0004/2021-03-29/2,\\sahale.biostr.washington.edu\data\Subjects\AB_0004\2021-03-29\2\widefield.wfz,subjects/AB_0004/2021-03-29/2/widefield.wfz,30989982072,False,,,FileNotPresent
FD_001/2025-07-28/1,\\sahale.biostr.washington.edu\data\Subjects\FD_001\2025-07-28\1\widefield.wfz,subjects/FD_001/2025-07-28/1/widefield.wfz,21535720170,False,,,FileNotPresent
ZYE_0091/2024-07-15/5,\\sahale.biostr.washington.edu\data\Subjects\ZYE_0091\2024-07-15\5\widefield.wfz,subjects/ZYE_0091/2024-07-15/5/widefield.wfz,26573721643,False,,,FileNotPresent
AB_0005/2021-03-29/2,\\sahale.biostr.washington.edu\data\Subjects\AB_0005\2021-03-29\2\widefield.wfz,subjects/AB_0005/2021-03-29/2/widefield.wfz,29767384149,False,,,FileNotPresent
ZYE_0035/2021-07-05/1,\\sahale.biostr.washington.edu\data\Subjects\ZYE_0035\2021-07-05\1\widefield.wfz,subjects/ZYE_0035/2021-07-05/1/widefield.wfz,29647439233,False,,,FileNotPresent
XL_004/2026-06-17/1,\\sahale.biostr.washington.edu\data\Subjects\XL_004\2026-06-17\1\widefield.wfz,subjects/XL_004/2026-06-17/1/widefield.wfz,25146448200,False,,,FileNotPresent
ZYE_0069/2023-10-03/1,\\sahale.biostr.washington.edu\data\Subjects\ZYE_0069\2023-10-03\1\widefield.wfz,subjects/ZYE_0069/2023-10-03/1/widefield.wfz,27697992401,False,,,FileNotPresent
FD_003/2025-09-10/1,\\sahale.biostr.washington.edu\data\Subjects\FD_003\2025-09-10\1\widefield.wfz,subjects/FD_003/2025-09-10/1/widefield.wfz,21985012455,False,,,FileNotPresent
FD_008/2026-06-16/1,\\sahale.biostr.washington.edu\data\Subjects\FD_008\2026-06-16\1\widefield.wfz,subjects/FD_008/2026-06-16/1/widefield.wfz,24262633816,False,,,FileNotPresent
AL_0027/2023-10-24/1,\\sahale.biostr.washington.edu\data\Subjects\AL_0027\2023-10-24\1\widefield.wfz,subjects/AL_0027/2023-10-24/1/widefield.wfz,27262245535,False,,,FileNotPresent
ZYE_0090/2025-02-02/3,\\sahale.biostr.washington.edu\data\Subjects\ZYE_0090\2025-02-02\3\widefield.wfz,subjects/ZYE_0090/2025-02-02/3/widefield.wfz,24872081283,False,,,FileNotPresent
FD_004/2025-08-20/3,\\sahale.biostr.washington.edu\data\Subjects\FD_004\2025-08-20\3\widefield.wfz,subjects/FD_004/2025-08-20/3/widefield.wfz,20864298500,False,,,FileNotPresent
FD_004/2025-07-28/1,\\sahale.biostr.washington.edu\data\Subjects\FD_004\2025-07-28\1\widefield.wfz,subjects/FD_004/2025-07-28/1/widefield.wfz,22662254456,False,,,FileNotPresent
ZYE_0048/2021-12-03/3,\\sahale.biostr.washington.edu\data\Subjects\ZYE_0048\2021-12-03\3\widefield.wfz,subjects/ZYE_0048/2021-12-03/3/widefield.wfz,28552604751,False,,,FileNotPresent
AL_0046/2026-02-19/2,\\sahale.biostr.washington.edu\data\Subjects\AL_0046\2026-02-19\2\widefield.wfz,subjects/AL_0046/2026-02-19/2/widefield.wfz,22984106608,False,,,FileNotPresent
ZYE_0047/2021-11-24/2,\\sahale.biostr.washington.edu\data\Subjects\ZYE_0047\2021-11-24\2\widefield.wfz,subjects/ZYE_0047/2021-11-24/2/widefield.wfz,26922162108,False,,,FileNotPresent
ZYE_0091/2024-07-12/3,\\sahale.biostr.washington.edu\data\Subjects\ZYE_0091\2024-07-12\3\widefield.wfz,subjects/ZYE_0091/2024-07-12/3/widefield.wfz,24923352128,False,,,FileNotPresent
ZYE_0085/2024-07-14/4,\\sahale.biostr.washington.edu\data\Subjects\ZYE_0085\2024-07-14\4\widefield.wfz,subjects/ZYE_0085/2024-07-14/4/widefield.wfz,26084747275,False,,,FileNotPresent
AL_0023/2023-08-11/1,\\sahale.biostr.washington.edu\data\Subjects\AL_0023\2023-08-11\1\widefield.wfz,subjects/AL_0023/2023-08-11/1/widefield.wfz,26925082510,False,,,FileNotPresent
ZYE_0090/2024-08-11/6,\\sahale.biostr.washington.edu\data\Subjects\ZYE_0090\2024-08-11\6\widefield.wfz,subjects/ZYE_0090/2024-08-11/6/widefield.wfz,25162641177,False,,,FileNotPresent
ZYE_0088/2024-07-11/3,\\sahale.biostr.washington.edu\data\Subjects\ZYE_0088\2024-07-11\3\widefield.wfz,subjects/ZYE_0088/2024-07-11/3/widefield.wfz,26121291817,False,,,FileNotPresent
ZYE_0091/2024-07-28/3,\\sahale.biostr.washington.edu\data\Subjects\ZYE_0091\2024-07-28\3\widefield.wfz,subjects/ZYE_0091/2024-07-28/3/widefield.wfz,25497059241,False,,,FileNotPresent
ZYE_0091/2024-07-11/3,\\sahale.biostr.washington.edu\data\Subjects\ZYE_0091\2024-07-11\3\widefield.wfz,subjects/ZYE_0091/2024-07-11/3/widefield.wfz,25046841363,False,,,FileNotPresent
ZYE_0085/2025-01-31/2,\\sahale.biostr.washington.edu\data\Subjects\ZYE_0085\2025-01-31\2\widefield.wfz,subjects/ZYE_0085/2025-01-31/2/widefield.wfz,24140423262,False,,,FileNotPresent
ZYE_0085/2024-07-27/5,\\sahale.biostr.washington.edu\data\Subjects\ZYE_0085\2024-07-27\5\widefield.wfz,subjects/ZYE_0085/2024-07-27/5/widefield.wfz,25799287157,False,,,FileNotPresent
ZYE_0085/2024-07-28/3,\\sahale.biostr.washington.edu\data\Subjects\ZYE_0085\2024-07-28\3\widefield.wfz,subjects/ZYE_0085/2024-07-28/3/widefield.wfz,25458607969,False,,,FileNotPresent
ZYE_0088/2024-07-15/4,\\sahale.biostr.washington.edu\data\Subjects\ZYE_0088\2024-07-15\4\widefield.wfz,subjects/ZYE_0088/2024-07-15/4/widefield.wfz,25651269578,False,,,FileNotPresent
ZYE_0069/2023-08-16/1,\\sahale.biostr.washington.edu\data\Subjects\ZYE_0069\2023-08-16\1\widefield.wfz,subjects/ZYE_0069/2023-08-16/1/widefield.wfz,26621756317,False,,,FileNotPresent
FD_010/2026-02-23/1,\\sahale.biostr.washington.edu\data\Subjects\FD_010\2026-02-23\1\widefield.wfz,subjects/FD_010/2026-02-23/1/widefield.wfz,21349933077,False,,,FileNotPresent
FD_004/2025-08-22/4,\\sahale.biostr.washington.edu\data\Subjects\FD_004\2025-08-22\4\widefield.wfz,subjects/FD_004/2025-08-22/4/widefield.wfz,20118134008,False,,,FileNotPresent
FD_005/2026-02-05/1,\\sahale.biostr.washington.edu\data\Subjects\FD_005\2026-02-05\1\widefield.wfz,subjects/FD_005/2026-02-05/1/widefield.wfz,20506502929,False,,,FileNotPresent
ZYE_0091/2024-07-26/2,\\sahale.biostr.washington.edu\data\Subjects\ZYE_0091\2024-07-26\2\widefield.wfz,subjects/ZYE_0091/2024-07-26/2/widefield.wfz,25079854353,False,,,FileNotPresent
ZYE_0050/2021-12-08/2,\\sahale.biostr.washington.edu\data\Subjects\ZYE_0050\2021-12-08\2\widefield.wfz,subjects/ZYE_0050/2021-12-08/2/widefield.wfz,28029087391,False,,,FileNotPresent
LK_0003/2021-07-17/1,\\sahale.biostr.washington.edu\data\Subjects\LK_0003\2021-07-17\1\widefield.wfz,subjects/LK_0003/2021-07-17/1/widefield.wfz,27493398507,False,,,FileNotPresent
ZYE_0091/2024-07-17/4,\\sahale.biostr.washington.edu\data\Subjects\ZYE_0091\2024-07-17\4\widefield.wfz,subjects/ZYE_0091/2024-07-17/4/widefield.wfz,24916737564,False,,,FileNotPresent
ZYE_0089/2024-07-12/4,\\sahale.biostr.washington.edu\data\Subjects\ZYE_0089\2024-07-12\4\widefield.wfz,subjects/ZYE_0089/2024-07-12/4/widefield.wfz,24673559452,False,,,FileNotPresent
ZYE_0090/2024-08-12/3,\\sahale.biostr.washington.edu\data\Subjects\ZYE_0090\2024-08-12\3\widefield.wfz,subjects/ZYE_0090/2024-08-12/3/widefield.wfz,24616044734,False,,,FileNotPresent
ZYE_0090/2024-08-10/10,\\sahale.biostr.washington.edu\data\Subjects\ZYE_0090\2024-08-10\10\widefield.wfz,subjects/ZYE_0090/2024-08-10/10/widefield.wfz,24437477831,False,,,FileNotPresent
ZYE_0092/2025-06-02/1,\\sahale.biostr.washington.edu\data\Subjects\ZYE_0092\2025-06-02\1\widefield.wfz,subjects/ZYE_0092/2025-06-02/1/widefield.wfz,22465862766,False,,,FileNotPresent
ZYE_0090/2024-07-16/3,\\sahale.biostr.washington.edu\data\Subjects\ZYE_0090\2024-07-16\3\widefield.wfz,subjects/ZYE_0090/2024-07-16/3/widefield.wfz,24527114281,False,,,FileNotPresent
FD_008/2026-06-15/1,\\sahale.biostr.washington.edu\data\Subjects\FD_008\2026-06-15\1\widefield.wfz,subjects/FD_008/2026-06-15/1/widefield.wfz,23070829788,False,,,FileNotPresent
ZYE_0088/2024-07-12/8,\\sahale.biostr.washington.edu\data\Subjects\ZYE_0088\2024-07-12\8\widefield.wfz,subjects/ZYE_0088/2024-07-12/8/widefield.wfz,24814545915,False,,,FileNotPresent
AL_0033/2025-03-04/2,\\sahale.biostr.washington.edu\data\Subjects\AL_0033\2025-03-04\2\widefield.wfz,subjects/AL_0033/2025-03-04/2/widefield.wfz,24258899343,False,,,FileNotPresent
ZYE_0085/2024-07-26/3,\\sahale.biostr.washington.edu\data\Subjects\ZYE_0085\2024-07-26\3\widefield.wfz,subjects/ZYE_0085/2024-07-26/3/widefield.wfz,25053637094,False,,,FileNotPresent
FD_009/2026-06-15/1,\\sahale.biostr.washington.edu\data\Subjects\FD_009\2026-06-15\1\widefield.wfz,subjects/FD_009/2026-06-15/1/widefield.wfz,22873456398,False,,,FileNotPresent
ZYE_0016/2021-02-25/1,\\sahale.biostr.washington.edu\data\Subjects\ZYE_0016\2021-02-25\1\widefield.wfz,subjects/ZYE_0016/2021-02-25/1/widefield.wfz,26274897217,False,,,FileNotPresent
AL_0048/2026-07-01/6,\\sahale.biostr.washington.edu\data\Subjects\AL_0048\2026-07-01\6\widefield.wfz,subjects/AL_0048/2026-07-01/6/widefield.wfz,23045603166,False,,,FileNotPresent
AL_0041/2026-03-05/3,\\sahale.biostr.washington.edu\data\Subjects\AL_0041\2026-03-05\3\widefield.wfz,subjects/AL_0041/2026-03-05/3/widefield.wfz,23045802298,False,,,FileNotPresent
FD_009/2026-06-17/1,\\sahale.biostr.washington.edu\data\Subjects\FD_009\2026-06-17\1\widefield.wfz,subjects/FD_009/2026-06-17/1/widefield.wfz,22535489742,False,,,FileNotPresent
ZYE_0085/2024-07-24/3,\\sahale.biostr.washington.edu\data\Subjects\ZYE_0085\2024-07-24\3\widefield.wfz,subjects/ZYE_0085/2024-07-24/3/widefield.wfz,24289227419,False,,,FileNotPresent
AL_0033/2025-06-10/2,\\sahale.biostr.washington.edu\data\Subjects\AL_0033\2025-06-10\2\widefield.wfz,subjects/AL_0033/2025-06-10/2/widefield.wfz,22387320761,False,,,FileNotPresent
FD_009/2026-06-16/1,\\sahale.biostr.washington.edu\data\Subjects\FD_009\2026-06-16\1\widefield.wfz,subjects/FD_009/2026-06-16/1/widefield.wfz,22513029072,False,,,FileNotPresent
FD_008/2026-06-17/2,\\sahale.biostr.washington.edu\data\Subjects\FD_008\2026-06-17\2\widefield.wfz,subjects/FD_008/2026-06-17/2/widefield.wfz,22129418938,False,,,FileNotPresent
ZYE_0090/2024-07-27/3,\\sahale.biostr.washington.edu\data\Subjects\ZYE_0090\2024-07-27\3\widefield.wfz,subjects/ZYE_0090/2024-07-27/3/widefield.wfz,23655838442,False,,,FileNotPresent
AL_0033/2025-06-10/3,\\sahale.biostr.washington.edu\data\Subjects\AL_0033\2025-06-10\3\widefield.wfz,subjects/AL_0033/2025-06-10/3/widefield.wfz,21943479184,False,,,FileNotPresent
ZYE_0069/2023-08-22/1,\\sahale.biostr.washington.edu\data\Subjects\ZYE_0069\2023-08-22\1\widefield.wfz,subjects/ZYE_0069/2023-08-22/1/widefield.wfz,24524327274,False,,,FileNotPresent
AL_0041/2025-10-17/1,\\sahale.biostr.washington.edu\data\Subjects\AL_0041\2025-10-17\1\widefield.wfz,subjects/AL_0041/2025-10-17/1/widefield.wfz,23230873516,False,,,FileNotPresent
ZYE_0090/2025-02-02/1,\\sahale.biostr.washington.edu\data\Subjects\ZYE_0090\2025-02-02\1\widefield.wfz,subjects/ZYE_0090/2025-02-02/1/widefield.wfz,22301712554,False,,,FileNotPresent
AL_0033/2024-06-21/1,\\sahale.biostr.washington.edu\data\Subjects\AL_0033\2024-06-21\1\widefield.wfz,subjects/AL_0033/2024-06-21/1/widefield.wfz,23164840068,False,,,FileNotPresent
AL_0023/2023-10-27/4,\\sahale.biostr.washington.edu\data\Subjects\AL_0023\2023-10-27\4\widefield.wfz,subjects/AL_0023/2023-10-27/4/widefield.wfz,15614637913,False,,,FileNotPresent
AL_0033/2025-03-06/1,\\sahale.biostr.washington.edu\data\Subjects\AL_0033\2025-03-06\1\widefield.wfz,subjects/AL_0033/2025-03-06/1/widefield.wfz,22636340045,False,,,FileNotPresent
AL_0048/2026-06-24/5,\\sahale.biostr.washington.edu\data\Subjects\AL_0048\2026-06-24\5\widefield.wfz,subjects/AL_0048/2026-06-24/5/widefield.wfz,21598837251,False,,,FileNotPresent
AL_0033/2024-11-25/1,\\sahale.biostr.washington.edu\data\Subjects\AL_0033\2024-11-25\1\widefield.wfz,subjects/AL_0033/2024-11-25/1/widefield.wfz,23907181964,False,,,FileNotPresent
FD_006/2025-11-05/1,\\sahale.biostr.washington.edu\data\Subjects\FD_006\2025-11-05\1\widefield.wfz,subjects/FD_006/2025-11-05/1/widefield.wfz,19763986548,False,,,FileNotPresent
ZYE_0088/2024-07-10/3,\\sahale.biostr.washington.edu\data\Subjects\ZYE_0088\2024-07-10\3\widefield.wfz,subjects/ZYE_0088/2024-07-10/3/widefield.wfz,23130754270,False,,,FileNotPresent
AL_0039/2025-06-10/5,\\sahale.biostr.washington.edu\data\Subjects\AL_0039\2025-06-10\5\widefield.wfz,subjects/AL_0039/2025-06-10/5/widefield.wfz,20707949256,False,,,FileNotPresent
AL_0041/2026-03-23/5,\\sahale.biostr.washington.edu\data\Subjects\AL_0041\2026-03-23\5\widefield.wfz,subjects/AL_0041/2026-03-23/5/widefield.wfz,21153748948,False,,,FileNotPresent
AL_0023/2023-05-18/4,\\sahale.biostr.washington.edu\data\Subjects\AL_0023\2023-05-18\4\widefield.wfz,subjects/AL_0023/2023-05-18/4/widefield.wfz,23950230159,False,,,FileNotPresent
XL_004/2026-06-03/1,\\sahale.biostr.washington.edu\data\Subjects\XL_004\2026-06-03\1\widefield.wfz,subjects/XL_004/2026-06-03/1/widefield.wfz,21505929252,False,,,FileNotPresent
AL_0033/2025-02-25/1,\\sahale.biostr.washington.edu\data\Subjects\AL_0033\2025-02-25\1\widefield.wfz,subjects/AL_0033/2025-02-25/1/widefield.wfz,22219821600,False,,,FileNotPresent
AL_0023/2023-05-18/7,\\sahale.biostr.washington.edu\data\Subjects\AL_0023\2023-05-18\7\widefield.wfz,subjects/AL_0023/2023-05-18/7/widefield.wfz,23711340048,False,,,FileNotPresent
FD_003/2025-09-13/8,\\sahale.biostr.washington.edu\data\Subjects\FD_003\2025-09-13\8\widefield.wfz,subjects/FD_003/2025-09-13/8/widefield.wfz,17666198116,False,,,FileNotPresent
FD_001/2025-07-27/1,\\sahale.biostr.washington.edu\data\Subjects\FD_001\2025-07-27\1\widefield.wfz,subjects/FD_001/2025-07-27/1/widefield.wfz,17757574577,False,,,FileNotPresent
ZYE_0098/2025-11-21/2,\\sahale.biostr.washington.edu\data\Subjects\ZYE_0098\2025-11-21\2\widefield.wfz,subjects/ZYE_0098/2025-11-21/2/widefield.wfz,20107423870,False,,,FileNotPresent
AL_0041/2026-03-06/2,\\sahale.biostr.washington.edu\data\Subjects\AL_0041\2026-03-06\2\widefield.wfz,subjects/AL_0041/2026-03-06/2/widefield.wfz,20855683517,False,,,FileNotPresent
AL_0033/2025-04-15/2,\\sahale.biostr.washington.edu\data\Subjects\AL_0033\2025-04-15\2\widefield.wfz,subjects/AL_0033/2025-04-15/2/widefield.wfz,21737585969,False,,,FileNotPresent
AL_0050/2026-07-29/3,\\sahale.biostr.washington.edu\data\Subjects\AL_0050\2026-07-29\3\widefield.wfz,subjects/AL_0050/2026-07-29/3/widefield.wfz,22694315498,False,,,FileNotPresent
AL_0033/2025-05-26/1,\\sahale.biostr.washington.edu\data\Subjects\AL_0033\2025-05-26\1\widefield.wfz,subjects/AL_0033/2025-05-26/1/widefield.wfz,21793438611,False,,,FileNotPresent
ZYE_0069/2023-07-14/6,\\sahale.biostr.washington.edu\data\Subjects\ZYE_0069\2023-07-14\6\widefield.wfz,subjects/ZYE_0069/2023-07-14/6/widefield.wfz,23253046727,False,,,FileNotPresent
AL_0041/2026-04-13/5,\\sahale.biostr.washington.edu\data\Subjects\AL_0041\2026-04-13\5\widefield.wfz,subjects/AL_0041/2026-04-13/5/widefield.wfz,19881704766,False,,,FileNotPresent
FD_003/2025-09-12/1,\\sahale.biostr.washington.edu\data\Subjects\FD_003\2025-09-12\1\widefield.wfz,subjects/FD_003/2025-09-12/1/widefield.wfz,18121491036,False,,,FileNotPresent
ZYE_0098/2025-11-20/6,\\sahale.biostr.washington.edu\data\Subjects\ZYE_0098\2025-11-20\6\widefield.wfz,subjects/ZYE_0098/2025-11-20/6/widefield.wfz,22747056873,False,,,FileNotPresent
ZYE_0038/2021-07-21/1,\\sahale.biostr.washington.edu\data\Subjects\ZYE_0038\2021-07-21\1\widefield.wfz,subjects/ZYE_0038/2021-07-21/1/widefield.wfz,22771911563,False,,,FileNotPresent
AL_0048/2026-06-07/1,\\sahale.biostr.washington.edu\data\Subjects\AL_0048\2026-06-07\1\widefield.wfz,subjects/AL_0048/2026-06-07/1/widefield.wfz,20028145091,False,,,FileNotPresent
FD_001/2025-06-11/3,\\sahale.biostr.washington.edu\data\Subjects\FD_001\2025-06-11\3\widefield.wfz,subjects/FD_001/2025-06-11/3/widefield.wfz,18016975879,False,,,FileNotPresent
ZYE_0087/2024-09-06/1,\\sahale.biostr.washington.edu\data\Subjects\ZYE_0087\2024-09-06\1\widefield.wfz,subjects/ZYE_0087/2024-09-06/1/widefield.wfz,19900381178,False,,,FileNotPresent
FD_003/2025-07-27/1,\\sahale.biostr.washington.edu\data\Subjects\FD_003\2025-07-27\1\widefield.wfz,subjects/FD_003/2025-07-27/1/widefield.wfz,17651914493,False,,,FileNotPresent
FD_003/2025-06-24/3,\\sahale.biostr.washington.edu\data\Subjects\FD_003\2025-06-24\3\widefield.wfz,subjects/FD_003/2025-06-24/3/widefield.wfz,17451525793,False,,,FileNotPresent
AL_0048/2026-06-20/1,\\sahale.biostr.washington.edu\data\Subjects\AL_0048\2026-06-20\1\widefield.wfz,subjects/AL_0048/2026-06-20/1/widefield.wfz,19848691344,False,,,FileNotPresent
FD_003/2025-06-18/1,\\sahale.biostr.washington.edu\data\Subjects\FD_003\2025-06-18\1\widefield.wfz,subjects/FD_003/2025-06-18/1/widefield.wfz,17248098450,False,,,FileNotPresent
FD_011/2026-07-16/1,\\sahale.biostr.washington.edu\data\Subjects\FD_011\2026-07-16\1\widefield.wfz,subjects/FD_011/2026-07-16/1/widefield.wfz,16802935598,False,,,FileNotPresent
ZYE_0091/2025-05-06/2,\\sahale.biostr.washington.edu\data\Subjects\ZYE_0091\2025-05-06\2\widefield.wfz,subjects/ZYE_0091/2025-05-06/2/widefield.wfz,20323891813,False,,,FileNotPresent
ZYE_0016/2021-02-26/2,\\sahale.biostr.washington.edu\data\Subjects\ZYE_0016\2021-02-26\2\widefield.wfz,subjects/ZYE_0016/2021-02-26/2/widefield.wfz,21162837929,False,,,FileNotPresent
AL_0036/2025-01-16/5,\\sahale.biostr.washington.edu\data\Subjects\AL_0036\2025-01-16\5\widefield.wfz,subjects/AL_0036/2025-01-16/5/widefield.wfz,21162336720,False,,,FileNotPresent
AL_0038/2025-05-01/1,\\sahale.biostr.washington.edu\data\Subjects\AL_0038\2025-05-01\1\widefield.wfz,subjects/AL_0038/2025-05-01/1/widefield.wfz,18400612549,False,,,FileNotPresent
ZYE_0051/2021-12-15/3,\\sahale.biostr.washington.edu\data\Subjects\ZYE_0051\2021-12-15\3\widefield.wfz,subjects/ZYE_0051/2021-12-15/3/widefield.wfz,22394270998,False,,,FileNotPresent
AL_0034/2024-10-16/1,\\sahale.biostr.washington.edu\data\Subjects\AL_0034\2024-10-16\1\widefield.wfz,subjects/AL_0034/2024-10-16/1/widefield.wfz,21026640905,False,,,FileNotPresent
ZYE_0031/2021-03-21/3,\\sahale.biostr.washington.edu\data\Subjects\ZYE_0031\2021-03-21\3\widefield.wfz,subjects/ZYE_0031/2021-03-21/3/widefield.wfz,22019812946,False,,,FileNotPresent
XL_004/2026-06-04/3,\\sahale.biostr.washington.edu\data\Subjects\XL_004\2026-06-04\3\widefield.wfz,subjects/XL_004/2026-06-04/3/widefield.wfz,15965772544,False,,,FileNotPresent
ZYE_0085/2025-01-31/6,\\sahale.biostr.washington.edu\data\Subjects\ZYE_0085\2025-01-31\6\widefield.wfz,subjects/ZYE_0085/2025-01-31/6/widefield.wfz,19100370747,False,,,FileNotPresent
ZYE_0091/2025-06-19/1,\\sahale.biostr.washington.edu\data\Subjects\ZYE_0091\2025-06-19\1\widefield.wfz,subjects/ZYE_0091/2025-06-19/1/widefield.wfz,17500055033,False,,,FileNotPresent
ZYE_0069/2023-07-19/1,\\sahale.biostr.washington.edu\data\Subjects\ZYE_0069\2023-07-19\1\widefield.wfz,subjects/ZYE_0069/2023-07-19/1/widefield.wfz,20559886021,False,,,FileNotPresent
ZYE_0046/2021-10-06/1,\\sahale.biostr.washington.edu\data\Subjects\ZYE_0046\2021-10-06\1\widefield.wfz,subjects/ZYE_0046/2021-10-06/1/widefield.wfz,21815669138,False,,,FileNotPresent
AL_0041/2025-10-16/1,\\sahale.biostr.washington.edu\data\Subjects\AL_0041\2025-10-16\1\widefield.wfz,subjects/AL_0041/2025-10-16/1/widefield.wfz,18380325637,False,,,FileNotPresent
ZYE_0041/2021-09-03/1,\\sahale.biostr.washington.edu\data\Subjects\ZYE_0041\2021-09-03\1\widefield.wfz,subjects/ZYE_0041/2021-09-03/1/widefield.wfz,20436214079,False,,,FileNotPresent
AL_0041/2025-10-28/1,\\sahale.biostr.washington.edu\data\Subjects\AL_0041\2025-10-28\1\widefield.wfz,subjects/AL_0041/2025-10-28/1/widefield.wfz,18554819263,False,,,FileNotPresent
FD_003/2025-07-20/1,\\sahale.biostr.washington.edu\data\Subjects\FD_003\2025-07-20\1\widefield.wfz,subjects/FD_003/2025-07-20/1/widefield.wfz,16540217977,False,,,FileNotPresent
ZYE_0097/2025-11-18/1,\\sahale.biostr.washington.edu\data\Subjects\ZYE_0097\2025-11-18\1\widefield.wfz,subjects/ZYE_0097/2025-11-18/1/widefield.wfz,16207262599,False,,,FileNotPresent
ZYE_0069/2023-07-14/4,\\sahale.biostr.washington.edu\data\Subjects\ZYE_0069\2023-07-14\4\widefield.wfz,subjects/ZYE_0069/2023-07-14/4/widefield.wfz,19893243643,False,,,FileNotPresent
ZYE_0098/2025-11-19/1,\\sahale.biostr.washington.edu\data\Subjects\ZYE_0098\2025-11-19\1\widefield.wfz,subjects/ZYE_0098/2025-11-19/1/widefield.wfz,16581714478,False,,,FileNotPresent
XL_009/2026-07-23/1,\\sahale.biostr.washington.edu\data\Subjects\XL_009\2026-07-23\1\widefield.wfz,subjects/XL_009/2026-07-23/1/widefield.wfz,19257948171,False,,,FileNotPresent
ZYE_0089/2025-05-07/3,\\sahale.biostr.washington.edu\data\Subjects\ZYE_0089\2025-05-07\3\widefield.wfz,subjects/ZYE_0089/2025-05-07/3/widefield.wfz,16677304194,False,,,FileNotPresent
ZYE_0085/2024-07-25/1,\\sahale.biostr.washington.edu\data\Subjects\ZYE_0085\2024-07-25\1\widefield.wfz,subjects/ZYE_0085/2024-07-25/1/widefield.wfz,18777765801,False,,,FileNotPresent
ZYE_0088/2024-07-12/1,\\sahale.biostr.washington.edu\data\Subjects\ZYE_0088\2024-07-12\1\widefield.wfz,subjects/ZYE_0088/2024-07-12/1/widefield.wfz,18547313699,False,,,FileNotPresent
FD_010/2026-02-06/1,\\sahale.biostr.washington.edu\data\Subjects\FD_010\2026-02-06\1\widefield.wfz,subjects/FD_010/2026-02-06/1/widefield.wfz,15112314474,False,,,FileNotPresent
AL_0034/2024-11-18/7,\\sahale.biostr.washington.edu\data\Subjects\AL_0034\2024-11-18\7\widefield.wfz,subjects/AL_0034/2024-11-18/7/widefield.wfz,18074001984,False,,,FileNotPresent
ZYE_0093/2025-06-14/1,\\sahale.biostr.washington.edu\data\Subjects\ZYE_0093\2025-06-14\1\widefield.wfz,subjects/ZYE_0093/2025-06-14/1/widefield.wfz,15803849030,False,,,FileNotPresent
FD_005/2026-02-01/2,\\sahale.biostr.washington.edu\data\Subjects\FD_005\2026-02-01\2\widefield.wfz,subjects/FD_005/2026-02-01/2/widefield.wfz,14642759013,False,,,FileNotPresent
ZYE_0055/2022-01-07/1,\\sahale.biostr.washington.edu\data\Subjects\ZYE_0055\2022-01-07\1\widefield.wfz,subjects/ZYE_0055/2022-01-07/1/widefield.wfz,19845459208,False,,,FileNotPresent
LK_0001/2021-03-09/5,\\sahale.biostr.washington.edu\data\Subjects\LK_0001\2021-03-09\5\widefield.wfz,subjects/LK_0001/2021-03-09/5/widefield.wfz,19593509376,False,,,FileNotPresent
ZYE_0093/2025-06-03/1,\\sahale.biostr.washington.edu\data\Subjects\ZYE_0093\2025-06-03\1\widefield.wfz,subjects/ZYE_0093/2025-06-03/1/widefield.wfz,15879697470,False,,,FileNotPresent
ZYE_0058/2022-03-08/2,\\sahale.biostr.washington.edu\data\Subjects\ZYE_0058\2022-03-08\2\widefield.wfz,subjects/ZYE_0058/2022-03-08/2/widefield.wfz,19519786898,False,,,FileNotPresent
ZYE_0098/2025-11-19/5,\\sahale.biostr.washington.edu\data\Subjects\ZYE_0098\2025-11-19\5\widefield.wfz,subjects/ZYE_0098/2025-11-19/5/widefield.wfz,14874918071,False,,,FileNotPresent
FD_004/2025-08-19/1,\\sahale.biostr.washington.edu\data\Subjects\FD_004\2025-08-19\1\widefield.wfz,subjects/FD_004/2025-08-19/1/widefield.wfz,14836063761,False,,,FileNotPresent
ZYE_0089/2025-05-07/1,\\sahale.biostr.washington.edu\data\Subjects\ZYE_0089\2025-05-07\1\widefield.wfz,subjects/ZYE_0089/2025-05-07/1/widefield.wfz,16011093950,False,,,FileNotPresent
AL_0035/2024-12-05/1,\\sahale.biostr.washington.edu\data\Subjects\AL_0035\2024-12-05\1\widefield.wfz,subjects/AL_0035/2024-12-05/1/widefield.wfz,18361214712,False,,,FileNotPresent
AL_0041/2026-03-24/6,\\sahale.biostr.washington.edu\data\Subjects\AL_0041\2026-03-24\6\widefield.wfz,subjects/AL_0041/2026-03-24/6/widefield.wfz,14667715902,False,,,FileNotPresent
AL_0048/2026-06-12/4,\\sahale.biostr.washington.edu\data\Subjects\AL_0048\2026-06-12\4\widefield.wfz,subjects/AL_0048/2026-06-12/4/widefield.wfz,15198167505,False,,,FileNotPresent
ZYE_0059/2022-03-08/1,\\sahale.biostr.washington.edu\data\Subjects\ZYE_0059\2022-03-08\1\widefield.wfz,subjects/ZYE_0059/2022-03-08/1/widefield.wfz,18489765183,False,,,FileNotPresent
ZYE_0045/2021-09-21/1,\\sahale.biostr.washington.edu\data\Subjects\ZYE_0045\2021-09-21\1\widefield.wfz,subjects/ZYE_0045/2021-09-21/1/widefield.wfz,18012506386,False,,,FileNotPresent
ZYE_0038/2021-07-21/2,\\sahale.biostr.washington.edu\data\Subjects\ZYE_0038\2021-07-21\2\widefield.wfz,subjects/ZYE_0038/2021-07-21/2/widefield.wfz,17160412602,False,,,FileNotPresent
FD_007/2026-01-02/1,\\sahale.biostr.washington.edu\data\Subjects\FD_007\2026-01-02\1\widefield.wfz,subjects/FD_007/2026-01-02/1/widefield.wfz,12872787904,False,,,FileNotPresent
ZYE_0094/2025-06-03/1,\\sahale.biostr.washington.edu\data\Subjects\ZYE_0094\2025-06-03\1\widefield.wfz,subjects/ZYE_0094/2025-06-03/1/widefield.wfz,14705968785,False,,,FileNotPresent
ZYE_0064/2022-04-14/1,\\sahale.biostr.washington.edu\data\Subjects\ZYE_0064\2022-04-14\1\widefield.wfz,subjects/ZYE_0064/2022-04-14/1/widefield.wfz,17173756386,False,,,FileNotPresent
ZYE_0058/2022-01-28/1,\\sahale.biostr.washington.edu\data\Subjects\ZYE_0058\2022-01-28\1\widefield.wfz,subjects/ZYE_0058/2022-01-28/1/widefield.wfz,16544014817,False,,,FileNotPresent
ZYE_0031/2021-09-29/3,\\sahale.biostr.washington.edu\data\Subjects\ZYE_0031\2021-09-29\3\widefield.wfz,subjects/ZYE_0031/2021-09-29/3/widefield.wfz,17435174831,False,,,FileNotPresent
ZYE_0034/2021-05-06/3,\\sahale.biostr.washington.edu\data\Subjects\ZYE_0034\2021-05-06\3\widefield.wfz,subjects/ZYE_0034/2021-05-06/3/widefield.wfz,17930203144,False,,,FileNotPresent
AL_0041/2026-04-13/3,\\sahale.biostr.washington.edu\data\Subjects\AL_0041\2026-04-13\3\widefield.wfz,subjects/AL_0041/2026-04-13/3/widefield.wfz,14569268829,False,,,FileNotPresent
FD_008/2026-02-09/1,\\sahale.biostr.washington.edu\data\Subjects\FD_008\2026-02-09\1\widefield.wfz,subjects/FD_008/2026-02-09/1/widefield.wfz,14118072730,False,,,FileNotPresent
AL_0041/2026-04-13/4,\\sahale.biostr.washington.edu\data\Subjects\AL_0041\2026-04-13\4\widefield.wfz,subjects/AL_0041/2026-04-13/4/widefield.wfz,14216432807,False,,,FileNotPresent
FD_005/2026-02-10/2,\\sahale.biostr.washington.edu\data\Subjects\FD_005\2026-02-10\2\widefield.wfz,subjects/FD_005/2026-02-10/2/widefield.wfz,12914573919,False,,,FileNotPresent
ZYE_0048/2021-10-08/1,\\sahale.biostr.washington.edu\data\Subjects\ZYE_0048\2021-10-08\1\widefield.wfz,subjects/ZYE_0048/2021-10-08/1/widefield.wfz,16523051994,False,,,FileNotPresent
AL_0038/2025-04-16/1,\\sahale.biostr.washington.edu\data\Subjects\AL_0038\2025-04-16\1\widefield.wfz,subjects/AL_0038/2025-04-16/1/widefield.wfz,12918892626,False,,,FileNotPresent
ZYE_0087/2024-05-23/1,\\sahale.biostr.washington.edu\data\Subjects\ZYE_0087\2024-05-23\1\widefield.wfz,subjects/ZYE_0087/2024-05-23/1/widefield.wfz,13976257646,False,,,FileNotPresent
AL_0033/2025-06-11/2,\\sahale.biostr.washington.edu\data\Subjects\AL_0033\2025-06-11\2\widefield.wfz,subjects/AL_0033/2025-06-11/2/widefield.wfz,14527570752,False,,,FileNotPresent
AL_0046/2026-02-11/1,\\sahale.biostr.washington.edu\data\Subjects\AL_0046\2026-02-11\1\widefield.wfz,subjects/AL_0046/2026-02-11/1/widefield.wfz,14113596539,False,,,FileNotPresent
test/2025-04-30/3,\\sahale.biostr.washington.edu\data\Subjects\test\2025-04-30\3\widefield.wfz,subjects/test/2025-04-30/3/widefield.wfz,16003350941,False,,,FileNotPresent
ZYE_0046/2021-11-24/3,\\sahale.biostr.washington.edu\data\Subjects\ZYE_0046\2021-11-24\3\widefield.wfz,subjects/ZYE_0046/2021-11-24/3/widefield.wfz,16392408303,False,,,FileNotPresent
ZYE_0047/2021-10-02/1,\\sahale.biostr.washington.edu\data\Subjects\ZYE_0047\2021-10-02\1\widefield.wfz,subjects/ZYE_0047/2021-10-02/1/widefield.wfz,15963811828,False,,,FileNotPresent
ZYE_0090/2025-05-03/4,\\sahale.biostr.washington.edu\data\Subjects\ZYE_0090\2025-05-03\4\widefield.wfz,subjects/ZYE_0090/2025-05-03/4/widefield.wfz,15362027558,False,,,FileNotPresent
ZYE_0090/2025-04-26/1,\\sahale.biostr.washington.edu\data\Subjects\ZYE_0090\2025-04-26\1\widefield.wfz,subjects/ZYE_0090/2025-04-26/1/widefield.wfz,14383771247,False,,,FileNotPresent
ZYE_0053/2021-12-17/2,\\sahale.biostr.washington.edu\data\Subjects\ZYE_0053\2021-12-17\2\widefield.wfz,subjects/ZYE_0053/2021-12-17/2/widefield.wfz,16271081942,False,,,FileNotPresent
SM_0001/2020-11-06/2,\\sahale.biostr.washington.edu\data\Subjects\SM_0001\2020-11-06\2\widefield.wfz,subjects/SM_0001/2020-11-06/2/widefield.wfz,16434742094,False,,,FileNotPresent
ZYE_0089/2024-07-09/3,\\sahale.biostr.washington.edu\data\Subjects\ZYE_0089\2024-07-09\3\widefield.wfz,subjects/ZYE_0089/2024-07-09/3/widefield.wfz,14375012238,False,,,FileNotPresent
ZYE_0085/2024-07-26/5,\\sahale.biostr.washington.edu\data\Subjects\ZYE_0085\2024-07-26\5\widefield.wfz,subjects/ZYE_0085/2024-07-26/5/widefield.wfz,14907056649,False,,,FileNotPresent
FD_009/2026-02-09/1,\\sahale.biostr.washington.edu\data\Subjects\FD_009\2026-02-09\1\widefield.wfz,subjects/FD_009/2026-02-09/1/widefield.wfz,13033774568,False,,,FileNotPresent
ZYE_0026/2021-01-13/1,\\sahale.biostr.washington.edu\data\Subjects\ZYE_0026\2021-01-13\1\widefield.wfz,subjects/ZYE_0026/2021-01-13/1/widefield.wfz,15558235081,False,,,FileNotPresent
LK_0003/2021-03-24/1,\\sahale.biostr.washington.edu\data\Subjects\LK_0003\2021-03-24\1\widefield.wfz,subjects/LK_0003/2021-03-24/1/widefield.wfz,16131146167,False,,,FileNotPresent
AL_0041/2026-02-28/4,\\sahale.biostr.washington.edu\data\Subjects\AL_0041\2026-02-28\4\widefield.wfz,subjects/AL_0041/2026-02-28/4/widefield.wfz,13479209736,False,,,FileNotPresent
FD_004/2025-07-20/1,\\sahale.biostr.washington.edu\data\Subjects\FD_004\2025-07-20\1\widefield.wfz,subjects/FD_004/2025-07-20/1/widefield.wfz,12149289964,False,,,FileNotPresent
AL_0048/2026-06-20/2,\\sahale.biostr.washington.edu\data\Subjects\AL_0048\2026-06-20\2\widefield.wfz,subjects/AL_0048/2026-06-20/2/widefield.wfz,13388958546,False,,,FileNotPresent
ZYE_0007/2020-07-25/1,\\sahale.biostr.washington.edu\data\Subjects\ZYE_0007\2020-07-25\1\widefield.wfz,subjects/ZYE_0007/2020-07-25/1/widefield.wfz,15166166434,False,,,FileNotPresent
ZYE_0052/2021-12-15/1,\\sahale.biostr.washington.edu\data\Subjects\ZYE_0052\2021-12-15\1\widefield.wfz,subjects/ZYE_0052/2021-12-15/1/widefield.wfz,14965674048,False,,,FileNotPresent
ZYE_0095/2025-07-07/1,\\sahale.biostr.washington.edu\data\Subjects\ZYE_0095\2025-07-07\1\widefield.wfz,subjects/ZYE_0095/2025-07-07/1/widefield.wfz,12023607561,False,,,FileNotPresent
AL_0041/2025-11-21/3,\\sahale.biostr.washington.edu\data\Subjects\AL_0041\2025-11-21\3\widefield.wfz,subjects/AL_0041/2025-11-21/3/widefield.wfz,13417087954,False,,,FileNotPresent
ZYE_0034/2021-05-06/8,\\sahale.biostr.washington.edu\data\Subjects\ZYE_0034\2021-05-06\8\widefield.wfz,subjects/ZYE_0034/2021-05-06/8/widefield.wfz,15740126246,False,,,FileNotPresent
AL_0041/2026-03-10/2,\\sahale.biostr.washington.edu\data\Subjects\AL_0041\2026-03-10\2\widefield.wfz,subjects/AL_0041/2026-03-10/2/widefield.wfz,12839864035,False,,,FileNotPresent
ZYE_0078/2024-05-30/5,\\sahale.biostr.washington.edu\data\Subjects\ZYE_0078\2024-05-30\5\widefield.wfz,subjects/ZYE_0078/2024-05-30/5/widefield.wfz,11678181726,False,,,FileNotPresent
ZYE_0031/2021-03-20/1,\\sahale.biostr.washington.edu\data\Subjects\ZYE_0031\2021-03-20\1\widefield.wfz,subjects/ZYE_0031/2021-03-20/1/widefield.wfz,14851810750,False,,,FileNotPresent
ZYE_0035/2021-07-17/2,\\sahale.biostr.washington.edu\data\Subjects\ZYE_0035\2021-07-17\2\widefield.wfz,subjects/ZYE_0035/2021-07-17/2/widefield.wfz,15271894145,False,,,FileNotPresent
AL_0029/2023-11-30/1,\\sahale.biostr.washington.edu\data\Subjects\AL_0029\2023-11-30\1\widefield.wfz,subjects/AL_0029/2023-11-30/1/widefield.wfz,13668082310,False,,,FileNotPresent
AL_0041/2026-03-10/4,\\sahale.biostr.washington.edu\data\Subjects\AL_0041\2026-03-10\4\widefield.wfz,subjects/AL_0041/2026-03-10/4/widefield.wfz,12611560840,False,,,FileNotPresent
ZYE_0076/2024-05-30/5,\\sahale.biostr.washington.edu\data\Subjects\ZYE_0076\2024-05-30\5\widefield.wfz,subjects/ZYE_0076/2024-05-30/5/widefield.wfz,11791573834,False,,,FileNotPresent
FD_007/2025-12-19/3,\\sahale.biostr.washington.edu\data\Subjects\FD_007\2025-12-19\3\widefield.wfz,subjects/FD_007/2025-12-19/3/widefield.wfz,11102929477,False,,,FileNotPresent
ZYE_0070/2023-01-13/1,\\sahale.biostr.washington.edu\data\Subjects\ZYE_0070\2023-01-13\1\widefield.wfz,subjects/ZYE_0070/2023-01-13/1/widefield.wfz,14432768343,False,,,FileNotPresent
ZYE_0090/2025-04-26/5,\\sahale.biostr.washington.edu\data\Subjects\ZYE_0090\2025-04-26\5\widefield.wfz,subjects/ZYE_0090/2025-04-26/5/widefield.wfz,13017532639,False,,,FileNotPresent
ZYE_0016/2020-12-03/1,\\sahale.biostr.washington.edu\data\Subjects\ZYE_0016\2020-12-03\1\widefield.wfz,subjects/ZYE_0016/2020-12-03/1/widefield.wfz,14007334808,False,,,FileNotPresent
FD_011/2026-01-28/4,\\sahale.biostr.washington.edu\data\Subjects\FD_011\2026-01-28\4\widefield.wfz,subjects/FD_011/2026-01-28/4/widefield.wfz,10987766631,False,,,FileNotPresent
AL_0039/2025-06-12/2,\\sahale.biostr.washington.edu\data\Subjects\AL_0039\2025-06-12\2\widefield.wfz,subjects/AL_0039/2025-06-12/2/widefield.wfz,12885453507,False,,,FileNotPresent
FD_010/2026-02-02/5,\\sahale.biostr.washington.edu\data\Subjects\FD_010\2026-02-02\5\widefield.wfz,subjects/FD_010/2026-02-02/5/widefield.wfz,10346750828,False,,,FileNotPresent
LK_0001/2021-09-16/1,\\sahale.biostr.washington.edu\data\Subjects\LK_0001\2021-09-16\1\widefield.wfz,subjects/LK_0001/2021-09-16/1/widefield.wfz,15121482490,False,,,FileNotPresent
ZYE_0051/2021-12-15/1,\\sahale.biostr.washington.edu\data\Subjects\ZYE_0051\2021-12-15\1\widefield.wfz,subjects/ZYE_0051/2021-12-15/1/widefield.wfz,14585918058,False,,,FileNotPresent
ZYE_0083/2024-04-30/4,\\sahale.biostr.washington.edu\data\Subjects\ZYE_0083\2024-04-30\4\widefield.wfz,subjects/ZYE_0083/2024-04-30/4/widefield.wfz,11344429561,False,,,FileNotPresent
ZYE_0096/2025-07-07/1,\\sahale.biostr.washington.edu\data\Subjects\ZYE_0096\2025-07-07\1\widefield.wfz,subjects/ZYE_0096/2025-07-07/1/widefield.wfz,11313953469,False,,,FileNotPresent
ZYE_0077/2024-05-30/3,\\sahale.biostr.washington.edu\data\Subjects\ZYE_0077\2024-05-30\3\widefield.wfz,subjects/ZYE_0077/2024-05-30/3/widefield.wfz,11337697530,False,,,FileNotPresent
LK_0001/2021-03-08/1,\\sahale.biostr.washington.edu\data\Subjects\LK_0001\2021-03-08\1\widefield.wfz,subjects/LK_0001/2021-03-08/1/widefield.wfz,14570721406,False,,,FileNotPresent
FD_001/2025-10-16/1,\\sahale.biostr.washington.edu\data\Subjects\FD_001\2025-10-16\1\widefield.wfz,subjects/FD_001/2025-10-16/1/widefield.wfz,10823346315,False,,,FileNotPresent
ZYE_0097/2025-07-07/1,\\sahale.biostr.washington.edu\data\Subjects\ZYE_0097\2025-07-07\1\widefield.wfz,subjects/ZYE_0097/2025-07-07/1/widefield.wfz,11360720413,False,,,FileNotPresent
AL_0041/2025-11-05/1,\\sahale.biostr.washington.edu\data\Subjects\AL_0041\2025-11-05\1\1.wfz,subjects/AL_0041/2025-11-05/1/1.wfz,12308417171,False,,,FileNotPresent
ZYE_0091/2024-07-09/3,\\sahale.biostr.washington.edu\data\Subjects\ZYE_0091\2024-07-09\3\widefield.wfz,subjects/ZYE_0091/2024-07-09/3/widefield.wfz,12184702612,False,,,FileNotPresent
ZYE_0091/2024-07-26/4,\\sahale.biostr.washington.edu\data\Subjects\ZYE_0091\2024-07-26\4\widefield.wfz,subjects/ZYE_0091/2024-07-26/4/widefield.wfz,12488569039,False,,,FileNotPresent
ZYE_0091/2024-07-27/2,\\sahale.biostr.washington.edu\data\Subjects\ZYE_0091\2024-07-27\2\widefield.wfz,subjects/ZYE_0091/2024-07-27/2/widefield.wfz,12313016696,False,,,FileNotPresent
ZYE_0046/2021-10-02/1,\\sahale.biostr.washington.edu\data\Subjects\ZYE_0046\2021-10-02\1\widefield.wfz,subjects/ZYE_0046/2021-10-02/1/widefield.wfz,13713316891,False,,,FileNotPresent
FD_001/2025-05-14/1,\\sahale.biostr.washington.edu\data\Subjects\FD_001\2025-05-14\1\widefield.wfz,subjects/FD_001/2025-05-14/1/widefield.wfz,10388522672,False,,,FileNotPresent
ZYE_0054/2021-12-17/2,\\sahale.biostr.washington.edu\data\Subjects\ZYE_0054\2021-12-17\2\widefield.wfz,subjects/ZYE_0054/2021-12-17/2/widefield.wfz,13794094222,False,,,FileNotPresent
ZYE_0072/2023-01-13/3,\\sahale.biostr.washington.edu\data\Subjects\ZYE_0072\2023-01-13\3\widefield.wfz,subjects/ZYE_0072/2023-01-13/3/widefield.wfz,12392354851,False,,,FileNotPresent
ZYE_0077/2024-05-04/2,\\sahale.biostr.washington.edu\data\Subjects\ZYE_0077\2024-05-04\2\widefield.wfz,subjects/ZYE_0077/2024-05-04/2/widefield.wfz,11438353893,False,,,FileNotPresent
AL_0041/2026-03-23/3,\\sahale.biostr.washington.edu\data\Subjects\AL_0041\2026-03-23\3\widefield.wfz,subjects/AL_0041/2026-03-23/3/widefield.wfz,11603447099,False,,,FileNotPresent
ZYE_0012/2020-10-14/1,\\sahale.biostr.washington.edu\data\Subjects\ZYE_0012\2020-10-14\1\widefield.wfz,subjects/ZYE_0012/2020-10-14/1/widefield.wfz,13549778505,False,,,FileNotPresent
ZYE_0088/2024-09-04/1,\\sahale.biostr.washington.edu\data\Subjects\ZYE_0088\2024-09-04\1\widefield.wfz,subjects/ZYE_0088/2024-09-04/1/widefield.wfz,12336151904,False,,,FileNotPresent
ZYE_0091/2024-07-08/3,\\sahale.biostr.washington.edu\data\Subjects\ZYE_0091\2024-07-08\3\widefield.wfz,subjects/ZYE_0091/2024-07-08/3/widefield.wfz,11817951699,False,,,FileNotPresent
ZYE_0090/2024-06-25/2,\\sahale.biostr.washington.edu\data\Subjects\ZYE_0090\2024-06-25\2\widefield.wfz,subjects/ZYE_0090/2024-06-25/2/widefield.wfz,11522682747,False,,,FileNotPresent
AL_0041/2026-04-23/1,\\sahale.biostr.washington.edu\data\Subjects\AL_0041\2026-04-23\1\widefield.wfz,subjects/AL_0041/2026-04-23/1/widefield.wfz,11216719252,False,,,FileNotPresent
ZYE_0087/2024-09-04/1,\\sahale.biostr.washington.edu\data\Subjects\ZYE_0087\2024-09-04\1\widefield.wfz,subjects/ZYE_0087/2024-09-04/1/widefield.wfz,11884934210,False,,,FileNotPresent
FD_001/2025-05-30/1,\\sahale.biostr.washington.edu\data\Subjects\FD_001\2025-05-30\1\widefield.wfz,subjects/FD_001/2025-05-30/1/widefield.wfz,10400227455,False,,,FileNotPresent
ZYE_0056/2021-12-18/1,\\sahale.biostr.washington.edu\data\Subjects\ZYE_0056\2021-12-18\1\widefield.wfz,subjects/ZYE_0056/2021-12-18/1/widefield.wfz,13394005201,False,,,FileNotPresent
ZYE_0078/2024-04-28/1,\\sahale.biostr.washington.edu\data\Subjects\ZYE_0078\2024-04-28\1\widefield.wfz,subjects/ZYE_0078/2024-04-28/1/widefield.wfz,10756679955,False,,,FileNotPresent
AB_0032/2024-06-25/1,\\sahale.biostr.washington.edu\data\Subjects\AB_0032\2024-06-25\1\widefield.wfz,subjects/AB_0032/2024-06-25/1/widefield.wfz,12729439749,False,,,FileNotPresent
ZYE_0085/2024-07-08/3,\\sahale.biostr.washington.edu\data\Subjects\ZYE_0085\2024-07-08\3\widefield.wfz,subjects/ZYE_0085/2024-07-08/3/widefield.wfz,11921351456,False,,,FileNotPresent
ZYE_0048/2021-12-08/1,\\sahale.biostr.washington.edu\data\Subjects\ZYE_0048\2021-12-08\1\widefield.wfz,subjects/ZYE_0048/2021-12-08/1/widefield.wfz,12726987340,False,,,FileNotPresent
LK_0003/2021-07-07/1,\\sahale.biostr.washington.edu\data\Subjects\LK_0003\2021-07-07\1\widefield.wfz,subjects/LK_0003/2021-07-07/1/widefield.wfz,13334586628,False,,,FileNotPresent
FD_006/2025-11-18/1,\\sahale.biostr.washington.edu\data\Subjects\FD_006\2025-11-18\1\widefield.wfz,subjects/FD_006/2025-11-18/1/widefield.wfz,10813119788,False,,,FileNotPresent
ZYE_0082/2024-04-30/1,\\sahale.biostr.washington.edu\data\Subjects\ZYE_0082\2024-04-30\1\widefield.wfz,subjects/ZYE_0082/2024-04-30/1/widefield.wfz,10273591787,False,,,FileNotPresent
ZYE_0080/2024-04-29/2,\\sahale.biostr.washington.edu\data\Subjects\ZYE_0080\2024-04-29\2\widefield.wfz,subjects/ZYE_0080/2024-04-29/2/widefield.wfz,11115680157,False,,,FileNotPresent
ZYE_0079/2024-04-29/1,\\sahale.biostr.washington.edu\data\Subjects\ZYE_0079\2024-04-29\1\widefield.wfz,subjects/ZYE_0079/2024-04-29/1/widefield.wfz,10602550598,False,,,FileNotPresent
ZYE_0053/2021-12-20/5,\\sahale.biostr.washington.edu\data\Subjects\ZYE_0053\2021-12-20\5\widefield.wfz,subjects/ZYE_0053/2021-12-20/5/widefield.wfz,12897385147,False,,,FileNotPresent
ZYE_0090/2025-04-26/3,\\sahale.biostr.washington.edu\data\Subjects\ZYE_0090\2025-04-26\3\widefield.wfz,subjects/ZYE_0090/2025-04-26/3/widefield.wfz,11487333867,False,,,FileNotPresent
AL_0039/2025-09-30/6,\\sahale.biostr.washington.edu\data\Subjects\AL_0039\2025-09-30\6\widefield.wfz,subjects/AL_0039/2025-09-30/6/widefield.wfz,6928775741,False,,,FileNotPresent
ZYE_0089/2025-04-30/5,\\sahale.biostr.washington.edu\data\Subjects\ZYE_0089\2025-04-30\5\widefield.wfz,subjects/ZYE_0089/2025-04-30/5/widefield.wfz,11378797955,False,,,FileNotPresent
ZYE_0098/2025-07-07/1,\\sahale.biostr.washington.edu\data\Subjects\ZYE_0098\2025-07-07\1\widefield.wfz,subjects/ZYE_0098/2025-07-07/1/widefield.wfz,10262581560,False,,,FileNotPresent
FD_001/2025-10-09/1,\\sahale.biostr.washington.edu\data\Subjects\FD_001\2025-10-09\1\widefield.wfz,subjects/FD_001/2025-10-09/1/widefield.wfz,9866960450,False,,,FileNotPresent
AL_0041/2026-03-10/3,\\sahale.biostr.washington.edu\data\Subjects\AL_0041\2026-03-10\3\widefield.wfz,subjects/AL_0041/2026-03-10/3/widefield.wfz,11028587822,False,,,FileNotPresent
FD_006/2025-08-15/1,\\sahale.biostr.washington.edu\data\Subjects\FD_006\2025-08-15\1\widefield.wfz,subjects/FD_006/2025-08-15/1/widefield.wfz,9445323416,False,,,FileNotPresent
ZYE_0091/2024-06-25/2,\\sahale.biostr.washington.edu\data\Subjects\ZYE_0091\2024-06-25\2\widefield.wfz,subjects/ZYE_0091/2024-06-25/2/widefield.wfz,11107042207,False,,,FileNotPresent
ZYE_0071/2023-01-13/1,\\sahale.biostr.washington.edu\data\Subjects\ZYE_0071\2023-01-13\1\widefield.wfz,subjects/ZYE_0071/2023-01-13/1/widefield.wfz,12283298543,False,,,FileNotPresent
ZYE_0049/2021-12-02/3,\\sahale.biostr.washington.edu\data\Subjects\ZYE_0049\2021-12-02\3\widefield.wfz,subjects/ZYE_0049/2021-12-02/3/widefield.wfz,12553307544,False,,,FileNotPresent
ZYE_0088/2024-07-09/3,\\sahale.biostr.washington.edu\data\Subjects\ZYE_0088\2024-07-09\3\widefield.wfz,subjects/ZYE_0088/2024-07-09/3/widefield.wfz,11790368078,False,,,FileNotPresent
ZYE_0084/2024-04-29/1,\\sahale.biostr.washington.edu\data\Subjects\ZYE_0084\2024-04-29\1\widefield.wfz,subjects/ZYE_0084/2024-04-29/1/widefield.wfz,10752847513,False,,,FileNotPresent
AL_0050/2026-07-29/1,\\sahale.biostr.washington.edu\data\Subjects\AL_0050\2026-07-29\1\widefield.wfz,subjects/AL_0050/2026-07-29/1/widefield.wfz,12138129656,False,,,FileNotPresent
ZYE_0055/2022-01-07/2,\\sahale.biostr.washington.edu\data\Subjects\ZYE_0055\2022-01-07\2\widefield.wfz,subjects/ZYE_0055/2022-01-07/2/widefield.wfz,13087905700,False,,,FileNotPresent
AL_0041/2026-04-13/6,\\sahale.biostr.washington.edu\data\Subjects\AL_0041\2026-04-13\6\widefield.wfz,subjects/AL_0041/2026-04-13/6/widefield.wfz,10736312217,False,,,FileNotPresent
ZYE_0076/2024-05-04/2,\\sahale.biostr.washington.edu\data\Subjects\ZYE_0076\2024-05-04\2\widefield.wfz,subjects/ZYE_0076/2024-05-04/2/widefield.wfz,10533386824,False,,,FileNotPresent
ZYE_0081/2024-04-29/2,\\sahale.biostr.washington.edu\data\Subjects\ZYE_0081\2024-04-29\2\widefield.wfz,subjects/ZYE_0081/2024-04-29/2/widefield.wfz,10581556781,False,,,FileNotPresent
ZYE_0089/2025-05-02/6,\\sahale.biostr.washington.edu\data\Subjects\ZYE_0089\2025-05-02\6\widefield.wfz,subjects/ZYE_0089/2025-05-02/6/widefield.wfz,11102994078,False,,,FileNotPresent
FD_005/2026-02-01/1,\\sahale.biostr.washington.edu\data\Subjects\FD_005\2026-02-01\1\widefield.wfz,subjects/FD_005/2026-02-01/1/widefield.wfz,9383364172,False,,,FileNotPresent
ZYE_0014/2020-10-26/1,\\sahale.biostr.washington.edu\data\Subjects\ZYE_0014\2020-10-26\1\widefield.wfz,subjects/ZYE_0014/2020-10-26/1/widefield.wfz,12150908338,False,,,FileNotPresent
AL_0033/2025-03-05/2,\\sahale.biostr.washington.edu\data\Subjects\AL_0033\2025-03-05\2\widefield.wfz,subjects/AL_0033/2025-03-05/2/widefield.wfz,11578243964,False,,,FileNotPresent
FD_001/2025-10-13/1,\\sahale.biostr.washington.edu\data\Subjects\FD_001\2025-10-13\1\widefield.wfz,subjects/FD_001/2025-10-13/1/widefield.wfz,8991863717,False,,,FileNotPresent
AL_0036/2025-02-27/3,\\sahale.biostr.washington.edu\data\Subjects\AL_0036\2025-02-27\3\widefield.wfz,subjects/AL_0036/2025-02-27/3/widefield.wfz,11016485620,False,,,FileNotPresent
ZYE_0097/2025-11-18/8,\\sahale.biostr.washington.edu\data\Subjects\ZYE_0097\2025-11-18\8\widefield.wfz,subjects/ZYE_0097/2025-11-18/8/widefield.wfz,9108660002,False,,,FileNotPresent
ZYE_0016/2020-11-06/1,\\sahale.biostr.washington.edu\data\Subjects\ZYE_0016\2020-11-06\1\widefield.wfz,subjects/ZYE_0016/2020-11-06/1/widefield.wfz,11723985812,False,,,FileNotPresent
AL_0041/2026-03-23/2,\\sahale.biostr.washington.edu\data\Subjects\AL_0041\2026-03-23\2\widefield.wfz,subjects/AL_0041/2026-03-23/2/widefield.wfz,9843549186,False,,,FileNotPresent
ZYE_0066/2022-08-15/1,\\sahale.biostr.washington.edu\data\Subjects\ZYE_0066\2022-08-15\1\widefield.wfz,subjects/ZYE_0066/2022-08-15/1/widefield.wfz,11667012474,False,,,FileNotPresent
