server,path,bytes,kind,member_bytes,est_frames,rows,cols,shift,payload_bits,maxval,has_svd,first_member,error
Y,\\sahale.biostr.washington.edu\data\Subjects\ZYE_0057\2022-01-10\1\widefield.tar,66537856512,basler-tiff,631826,105143,560,560,4,12,65520,True,1/Basler_acA2440-75um__23040354__20220110_163210783_0001.tiff,
Y,\\sahale.biostr.washington.edu\data\Subjects\ZYE_0057\2022-01-28\1\widefield.tar,238267123200,basler-tiff,724946,328416,600,600,4,12,65520,True,1/Basler_acA2440-75um__23040354__20220128_164300670_0001.tiff,
Y,\\sahale.biostr.washington.edu\data\Subjects\ZYE_0057\2022-01-29\1\widefield.tar,192777296896,basler-tiff,724946,265715,600,600,4,12,65520,True,1/Basler_acA2440-75um__23040354__20220129_173005844_0001.tiff,
Y,\\sahale.biostr.washington.edu\data\Subjects\ZYE_0057\2022-01-30\1\widefield.tar,201648759808,basler-tiff,724946,277943,600,600,4,12,65520,True,1/Basler_acA2440-75um__23040354__20220130_191313879_0001.tiff,
Y,\\sahale.biostr.washington.edu\data\Subjects\ZYE_0012\2020-10-14\1\widefield.tar,30081493504,basler-tiff,528530,56821,512,512,4,12,65520,True,1/Basler_acA2440-75um__23040354__20201014_153538460_0001.tiff,
Y,\\sahale.biostr.washington.edu\data\Subjects\ZYE_0012\2020-10-16\1\widefield.tar,72661249536,basler-tiff,528530,137250,512,512,4,12,65520,True,1/Basler_acA2440-75um__23040354__20201016_123719744_0001.tiff,
Y,\\sahale.biostr.washington.edu\data\Subjects\ZYE_0012\2020-10-16\5\widefield.tar,89568952832,basler-tiff,528530,169187,512,512,4,12,59200,True,5/Basler_acA2440-75um__23040354__20201016_131721171_0001.tiff,
Y,\\sahale.biostr.washington.edu\data\Subjects\ZYE_0012\2020-12-03\1\widefield.tar,280892239360,basler-tiff,528530,530578,512,512,4,12,50448,True,1/Basler_acA2440-75um__23040354__20201203_164930235_0001.tiff,
Y,\\sahale.biostr.washington.edu\data\Subjects\ZYE_0012\2020-12-17\1\widefield.tar,105345840640,basler-tiff,528530,198988,512,512,4,12,61152,True,1/Basler_acA2440-75um__23040354__20201217_172237329_0001.tiff,
Y,\\sahale.biostr.washington.edu\data\Subjects\AB_0004\2021-03-24\1\widefield.tar,24430592512,basler-tiff,528530,46147,512,512,4,12,65520,True,1/Basler_acA2440-75um__23040354__20210324_125922581_0001.tiff,
Y,\\sahale.biostr.washington.edu\data\Subjects\AB_0004\2021-03-29\2\widefield.tar,66685821440,basler-tiff,528530,125963,512,512,4,12,59408,True,2/Basler_acA2440-75um__23040354__20210329_143216146_0001.tiff,
Y,\\sahale.biostr.washington.edu\data\Subjects\AB_0004\2021-03-30\1\widefield.tar,182436115968,basler-tiff,528530,344604,512,512,4,12,65520,True,1/Basler_acA2440-75um__23040354__20210330_153021280_0001.tiff,
Y,\\sahale.biostr.washington.edu\data\Subjects\AL_0034\2024-07-25\1\widefield.tar,185006538240,basler-tiff,631826,292347,560,560,4,12,63040,True,1/Basler_acA2440-75um__23040354__20240725_093347585_0001.tiff,
Y,\\sahale.biostr.washington.edu\data\Subjects\AL_0034\2024-07-29\1\widefield.tar,95219701248,basler-tiff,631826,150466,560,560,4,12,65520,True,1/Basler_acA2440-75um__23040354__20240729_111611084_0001.tiff,
Y,\\sahale.biostr.washington.edu\data\Subjects\AL_0034\2024-08-12\1\widefield.tar,151596172800,basler-tiff,631826,239552,560,560,4,12,48816,True,1/Basler_acA2440-75um__23040354__20240812_144231309_0001.tiff,
Y,\\sahale.biostr.washington.edu\data\Subjects\AL_0034\2024-08-12\5\widefield.tar,1024,,0,0,0,0,-1,0,0,False,,
Y,\\sahale.biostr.washington.edu\data\Subjects\AL_0034\2024-08-13\1\widefield.tar,200368535040,basler-tiff,631826,316622,560,560,4,12,62176,True,1/Basler_acA2440-75um__23040354__20240813_093021265_0001.tiff,
Y,\\sahale.biostr.washington.edu\data\Subjects\AL_0034\2024-08-19\1\widefield.tar,137334038016,basler-tiff,631826,217015,560,560,4,12,55456,True,1/Basler_acA2440-75um__23040354__20240819_111305562_0001.tiff,
Y,\\sahale.biostr.washington.edu\data\Subjects\AL_0034\2024-08-20\1\widefield.tar,175636827648,basler-tiff,631826,277541,560,560,4,12,65520,True,1/Basler_acA2440-75um__23040354__20240820_094443484_0001.tiff,
Y,\\sahale.biostr.washington.edu\data\Subjects\AL_0034\2024-08-26\1\widefield.tar,109105300992,basler-tiff,631826,172408,560,560,4,12,59680,True,1/Basler_acA2440-75um__23040354__20240826_111243609_0001.tiff,
Y,\\sahale.biostr.washington.edu\data\Subjects\AL_0034\2024-08-27\1\widefield.tar,197432194560,basler-tiff,631826,311982,560,560,4,12,65040,True,1/Basler_acA2440-75um__23040354__20240827_132926747_0001.tiff,
Y,\\sahale.biostr.washington.edu\data\Subjects\AL_0034\2024-08-29\1\widefield.tar,112905457152,basler-tiff,631826,178413,560,560,4,12,41744,True,1/Basler_acA2440-75um__23040354__20240829_110139644_0001.tiff,
Y,\\sahale.biostr.washington.edu\data\Subjects\AL_0034\2024-08-30\1\widefield.tar,90580409856,basler-tiff,631826,143135,560,560,4,12,36096,True,1/Basler_acA2440-75um__23040354__20240830_114215783_0001.tiff,
Y,\\sahale.biostr.washington.edu\data\Subjects\AL_0034\2024-09-02\1\widefield.tar,113997725184,basler-tiff,631826,180139,560,560,4,12,54496,True,1/Basler_acA2440-75um__23040354__20240902_095715595_0001.tiff,
Y,\\sahale.biostr.washington.edu\data\Subjects\AL_0034\2024-09-03\1\widefield.tar,195762150912,basler-tiff,631826,309343,560,560,4,12,65072,True,1/Basler_acA2440-75um__23040354__20240903_135714438_0001.tiff,
Y,\\sahale.biostr.washington.edu\data\Subjects\AL_0034\2024-09-19\2\widefield.tar,177902366208,basler-tiff,631826,281121,560,560,4,12,44720,True,2/Basler_acA2440-75um__23040354__20240919_130202644_0001.tiff,
Y,\\sahale.biostr.washington.edu\data\Subjects\AL_0034\2024-10-16\1\widefield.tar,49169782272,basler-tiff,631826,77698,560,560,4,12,65520,True,1/Basler_acA2440-75um__23040354__20241016_123911051_0001.tiff,
Y,\\sahale.biostr.washington.edu\data\Subjects\AL_0034\2024-11-17\1\widefield.tar,132251131392,basler-tiff,631826,208983,560,560,4,12,51216,True,1/Basler_acA2440-75um__23040354__20241117_134919636_0001.tiff,
Y,\\sahale.biostr.washington.edu\data\Subjects\AL_0034\2024-11-18\10\widefield.tar,23680574976,basler-tiff,631826,37420,560,560,4,12,43632,True,10/Basler_acA2440-75um__23040354__20241118_161651113_0001.tiff,
Y,\\sahale.biostr.washington.edu\data\Subjects\AL_0034\2024-11-18\7\widefield.tar,43789444608,basler-tiff,631826,69196,560,560,4,12,46064,True,7/Basler_acA2440-75um__23040354__20241118_153945984_0001.tiff,
Y,\\sahale.biostr.washington.edu\data\Subjects\AL_0034\2024-11-19\3\widefield.tar,23130643968,basler-tiff,631826,36551,560,560,4,12,45488,True,3/Basler_acA2440-75um__23040354__20241119_110828539_0001.tiff,
Y,\\sahale.biostr.washington.edu\data\Subjects\AL_0034\2024-11-19\5\widefield.tar,22074447360,basler-tiff,631826,34882,560,560,4,12,44352,True,5/Basler_acA2440-75um__23040354__20241119_111839550_0001.tiff,
Y,\\sahale.biostr.washington.edu\data\Subjects\ZYE_0081\2024-04-29\2\widefield.tar,27852836352,basler-tiff,631826,44013,560,560,4,12,38944,True,2/Basler_acA2440-75um__23040354__20240429_201505156_0001.tiff,
Y,\\sahale.biostr.washington.edu\data\Subjects\AL_0015\2022-08-22\1\widefield.tar,87434601984,basler-tiff,631826,138164,560,560,4,12,65520,True,1/Basler_acA2440-75um__23040354__20220822_132023241_0001.tiff,
Y,\\sahale.biostr.washington.edu\data\Subjects\AL_0015\2022-09-22\1\widefield.tar,24443137536,basler-tiff,631826,38625,560,560,4,12,61008,True,1/Basler_acA2440-75um__23040354__20220922_135712596_0001.tiff,
Y,\\sahale.biostr.washington.edu\data\Subjects\ZYE_0092\2025-06-02\1\widefield.tar,60521522688,basler-tiff,631826,95636,560,560,4,11,18448,True,1/Basler_acA2440-75um__23040354__20250602_161733246_0001.tiff,
Y,\\sahale.biostr.washington.edu\data\Subjects\ZYE_0092\2025-06-09\3\widefield.tar,116866985472,basler-tiff,631826,184673,560,560,4,10,12256,True,3/Basler_acA2440-75um__23040354__20250609_174247174_0001.tiff,
Y,\\sahale.biostr.washington.edu\data\Subjects\ZYE_0092\2025-06-14\1\widefield.tar,145947514368,basler-tiff,631826,230626,560,560,4,10,8192,True,1/Basler_acA2440-75um__23040354__20250614_183223626_0001.tiff,
Y,\\sahale.biostr.washington.edu\data\Subjects\ZYE_0092\2025-06-14\3\widefield.tar,135119758848,basler-tiff,631826,213516,560,560,4,9,8000,True,3/Basler_acA2440-75um__23040354__20250614_193004759_0001.tiff,
Y,\\sahale.biostr.washington.edu\data\Subjects\ZYE_0092\2025-06-15\1\widefield.tar,116401853952,basler-tiff,631826,183938,560,560,4,10,10912,True,1/Basler_acA2440-75um__23040354__20250615_173529070_0001.tiff,
Y,\\sahale.biostr.washington.edu\data\Subjects\ZYE_0092\2025-06-15\3\widefield.tar,113855970816,basler-tiff,631826,179915,560,560,4,10,9232,True,3/Basler_acA2440-75um__23040354__20250615_182319854_0001.tiff,
Y,\\sahale.biostr.washington.edu\data\Subjects\ZYE_0092\2025-06-19\2\widefield.tar,108526892544,basler-tiff,631826,171494,560,560,4,9,7648,True,2/Basler_acA2440-75um__23040354__20250619_144959968_0001.tiff,
Y,\\sahale.biostr.washington.edu\data\Subjects\ZYE_0092\2025-06-21\1\widefield.tar,95612057088,basler-tiff,631826,151086,560,560,4,9,5648,True,1/Basler_acA2440-75um__23040354__20250621_144752535_0001.tiff,
Y,\\sahale.biostr.washington.edu\data\Subjects\ZYE_0092\2025-06-21\2\widefield.tar,100675345920,basler-tiff,631826,159087,560,560,4,10,8944,True,2/Basler_acA2440-75um__23040354__20250621_160506622_0001.tiff,
Y,\\sahale.biostr.washington.edu\data\Subjects\ZYE_0092\2025-06-22\1\widefield.tar,116060124672,basler-tiff,631826,183398,560,560,4,9,7120,True,1/Basler_acA2440-75um__23040354__20250622_143712719_0001.tiff,
Y,\\sahale.biostr.washington.edu\data\Subjects\ZYE_0092\2025-06-23\2\widefield.tar,95407019520,basler-tiff,631826,150762,560,560,4,9,7504,True,2/Basler_acA2440-75um__23040354__20250623_181510456_0001.tiff,
Y,\\sahale.biostr.washington.edu\data\Subjects\ZYE_0092\2025-06-24\1\widefield.tar,101039224320,basler-tiff,631826,159662,560,560,4,9,7920,True,1/Basler_acA2440-75um__23040354__20250624_155138851_0001.tiff,
Y,\\sahale.biostr.washington.edu\data\Subjects\ZYE_0092\2025-07-09\2\widefield.tar,108724336128,basler-tiff,631826,171806,560,560,4,10,16032,True,2/Basler_acA2440-75um__23040354__20250709_185658602_0001.tiff,
Y,\\sahale.biostr.washington.edu\data\Subjects\AL_0050\2026-05-06\1\widefield.tar,12656008704,basler-tiff,631826,19999,560,560,4,11,22400,True,1/Basler_acA2440-75um__23040354__20260506_140419803_0001.tiff,
Y,\\sahale.biostr.washington.edu\data\Subjects\AL_0050\2026-06-25\1\widefield.tar,25372134912,basler-tiff,631826,40093,560,560,4,11,25472,True,1/Basler_acA2440-75um__23040354__20260625_122348309_0001.tiff,
Y,\\sahale.biostr.washington.edu\data\Subjects\AL_0050\2026-07-29\1\widefield.tar,28355008000,frame-N,627200,45172,560,560,0,12,3274,True,1/frame-0,
Y,\\sahale.biostr.washington.edu\data\Subjects\AL_0050\2026-07-29\2\widefield.tar,25837882880,frame-N,627200,41162,560,560,0,11,2025,True,2/frame-0,
Y,\\sahale.biostr.washington.edu\data\Subjects\AL_0050\2026-07-29\3\widefield.tar,53133939200,frame-N,627200,84647,560,560,0,12,2051,True,3/frame-0,
Y,\\sahale.biostr.washington.edu\data\Subjects\AL_0027\2023-10-24\1\widefield.tar,63553420800,basler-tiff,631826,100427,560,560,4,12,65520,True,1/Basler_acA2440-75um__23040354__20231024_114129574_0001.tiff,
Y,\\sahale.biostr.washington.edu\data\Subjects\AL_0027\2023-12-07\1\widefield.tar,138092803584,basler-tiff,631826,218214,560,560,4,12,65520,True,1/Basler_acA2440-75um__23040354__20231207_095354467_0001.tiff,
Y,\\sahale.biostr.washington.edu\data\Subjects\ZYE_0076\2024-04-28\1\widefield.tar,17291503104,basler-tiff,631826,27324,560,560,4,11,29344,True,1/Basler_acA2440-75um__23040354__20240428_184846461_0001.tiff,
Y,\\sahale.biostr.washington.edu\data\Subjects\ZYE_0076\2024-05-04\2\widefield.tar,27889540608,basler-tiff,631826,44071,560,560,4,11,18656,True,2/Basler_acA2440-75um__23040354__20240504_155858442_0001.tiff,
Y,\\sahale.biostr.washington.edu\data\Subjects\ZYE_0076\2024-05-17\1\widefield.tar,121715111424,basler-tiff,631826,192334,560,560,4,12,65408,True,1/Basler_acA2440-75um__23040354__20240517_115120084_0001.tiff,
Y,\\sahale.biostr.washington.edu\data\Subjects\ZYE_0076\2024-05-20\1\widefield.tar,122362498560,basler-tiff,631826,193357,560,560,4,10,15056,True,1/Basler_acA2440-75um__23040354__20240520_115000521_0001.tiff,
Y,\\sahale.biostr.washington.edu\data\Subjects\ZYE_0076\2024-05-30\5\widefield.tar,32979408384,basler-tiff,631826,52114,560,560,4,12,63632,True,5/Basler_acA2440-75um__23040354__20240530_180106071_0001.tiff,
Y,\\sahale.biostr.washington.edu\data\Subjects\ZYE_0098\2025-07-07\1\widefield.tar,28848913920,basler-tiff,631826,45587,560,560,4,10,15392,True,1/Basler_acA2440-75um__23040354__20250707_164701779_0001.tiff,
Y,\\sahale.biostr.washington.edu\data\Subjects\ZYE_0098\2025-07-08\1\widefield.tar,107885200896,basler-tiff,631826,170480,560,560,4,10,15888,True,1/Basler_acA2440-75um__23040354__20250708_173716377_0001.tiff,
Y,\\sahale.biostr.washington.edu\data\Subjects\ZYE_0098\2025-07-09\1\widefield.tar,108638903808,basler-tiff,631826,171671,560,560,4,11,18560,True,1/Basler_acA2440-75um__23040354__20250709_173153331_0001.tiff,
Y,\\sahale.biostr.washington.edu\data\Subjects\ZYE_0098\2025-07-15\1\widefield.tar,103566755328,basler-tiff,631826,163656,560,560,4,11,22864,True,1/Basler_acA2440-75um__23040354__20250715_150946716_0001.tiff,
Y,\\sahale.biostr.washington.edu\data\Subjects\ZYE_0098\2025-07-16\1\widefield.tar,137711205888,basler-tiff,631826,217611,560,560,4,12,40000,True,1/Basler_acA2440-75um__23040354__20250716_163113583_0001.tiff,
Y,\\sahale.biostr.washington.edu\data\Subjects\ZYE_0098\2025-07-18\1\widefield.tar,116963808768,basler-tiff,631826,184826,560,560,4,11,21632,True,1/Basler_acA2440-75um__23040354__20250718_114902825_0001.tiff,
Y,\\sahale.biostr.washington.edu\data\Subjects\ZYE_0098\2025-07-19\1\widefield.tar,124984954368,basler-tiff,631826,197501,560,560,4,11,17744,True,1/Basler_acA2440-75um__23040354__20250719_174419415_0001.tiff,
Y,\\sahale.biostr.washington.edu\data\Subjects\ZYE_0098\2025-07-20\1\widefield.tar,129033813504,basler-tiff,631826,203899,560,560,4,11,30768,True,1/Basler_acA2440-75um__23040354__20250720_173805014_0001.tiff,
Y,\\sahale.biostr.washington.edu\data\Subjects\ZYE_0098\2025-07-26\1\widefield.tar,182918825472,basler-tiff,631826,289048,560,560,4,11,25392,True,1/Basler_acA2440-75um__23040354__20250726_132717224_0001.tiff,
Y,\\sahale.biostr.washington.edu\data\Subjects\ZYE_0098\2025-11-19\1\widefield.tar,46415064576,basler-tiff,631826,73345,560,560,4,11,18496,True,1/Basler_acA2440-75um__23040354__20251119_090212673_0001.tiff,
Y,\\sahale.biostr.washington.edu\data\Subjects\ZYE_0098\2025-11-19\5\widefield.tar,42071938560,basler-tiff,631826,66482,560,560,4,11,17008,True,5/Basler_acA2440-75um__23040354__20251119_092728869_0001.tiff,
Y,\\sahale.biostr.washington.edu\data\Subjects\ZYE_0098\2025-11-20\6\widefield.tar,52774393344,basler-tiff,631826,83394,560,560,4,12,39056,True,6/Basler_acA2440-75um__23040354__20251120_132135997_0001.tiff,
Y,\\sahale.biostr.washington.edu\data\Subjects\ZYE_0098\2025-11-21\2\widefield.tar,53751485952,basler-tiff,631826,84938,560,560,4,11,28112,True,2/Basler_acA2440-75um__23040354__20251121_112225987_0001.tiff,
Y,\\sahale.biostr.washington.edu\data\Subjects\ZYE_0098\2025-12-16\1\widefield.tar,100861398528,basler-tiff,631826,159381,560,560,4,11,25760,True,1/Basler_acA2440-75um__23040354__20251216_102310937_0001.tiff,
Y,\\sahale.biostr.washington.edu\data\Subjects\ZYE_0098\2025-12-17\2\widefield.tar,143120932864,basler-tiff,631826,226159,560,560,4,10,12864,True,2/Basler_acA2440-75um__23040354__20251217_133552772_0001.tiff,
Y,\\sahale.biostr.washington.edu\data\Subjects\ZYE_0098\2025-12-18\1\widefield.tar,155986506240,basler-tiff,631826,246489,560,560,4,10,11376,True,1/Basler_acA2440-75um__23040354__20251218_112457560_0001.tiff,
Y,\\sahale.biostr.washington.edu\data\Subjects\ZYE_0098\2026-01-02\1\widefield.tar,96341080576,basler-tiff,631826,152238,560,560,4,10,13392,True,1/Basler_acA2440-75um__23040354__20260102_133318392_0001.tiff,
Y,\\sahale.biostr.washington.edu\data\Subjects\KM_052\2025-05-20\1\widefield.tar,82002372096,basler-tiff,631826,129580,560,560,4,11,30736,True,1/Basler_acA2440-75um__23040354__20250520_100750019_0001.tiff,
Y,\\sahale.biostr.washington.edu\data\Subjects\ZYE_0095\2025-07-07\1\widefield.tar,33587559936,basler-tiff,631826,53075,560,560,4,10,11552,True,1/Basler_acA2440-75um__23040354__20250707_153515504_0001.tiff,
Y,\\sahale.biostr.washington.edu\data\Subjects\ZYE_0095\2025-07-08\1\widefield.tar,108458546688,basler-tiff,631826,171386,560,560,4,10,10928,True,1/Basler_acA2440-75um__23040354__20250708_144552348_0001.tiff,
Y,\\sahale.biostr.washington.edu\data\Subjects\ZYE_0095\2025-07-09\3\widefield.tar,108275658240,basler-tiff,631826,171097,560,560,4,10,14416,True,3/Basler_acA2440-75um__23040354__20250709_145944135_0001.tiff,
Y,\\sahale.biostr.washington.edu\data\Subjects\ZYE_0095\2025-07-10\1\widefield.tar,134264169984,basler-tiff,631826,212164,560,560,4,10,14432,True,1/Basler_acA2440-75um__23040354__20250710_151041555_0001.tiff,
Y,\\sahale.biostr.washington.edu\data\Subjects\ZYE_0095\2025-07-12\3\widefield.tar,114588157440,basler-tiff,631826,181072,560,560,4,10,13104,True,3/Basler_acA2440-75um__23040354__20250712_182746728_0001.tiff,
Y,\\sahale.biostr.washington.edu\data\Subjects\ZYE_0095\2025-07-16\1\widefield.tar,98269951488,basler-tiff,631826,155286,560,560,4,12,52352,True,1/Basler_acA2440-75um__23040354__20250716_120812389_0001.tiff,
Y,\\sahale.biostr.washington.edu\data\Subjects\ZYE_0095\2025-07-17\1\widefield.tar,151455051264,basler-tiff,631826,239329,560,560,4,12,47984,True,1/Basler_acA2440-75um__23040354__20250717_122708490_0001.tiff,
Y,\\sahale.biostr.washington.edu\data\Subjects\ZYE_0095\2025-07-18\1\widefield.tar,132323907072,basler-tiff,631826,209098,560,560,4,12,48480,True,1/Basler_acA2440-75um__23040354__20250718_143753277_0001.tiff,
Y,\\sahale.biostr.washington.edu\data\Subjects\ZYE_0095\2025-07-19\1\widefield.tar,129750179328,basler-tiff,631826,205031,560,560,4,12,61952,True,1/Basler_acA2440-75um__23040354__20250719_151951139_0001.tiff,
Y,\\sahale.biostr.washington.edu\data\Subjects\ZYE_0095\2025-07-20\1\widefield.tar,124193914368,basler-tiff,631826,196251,560,560,4,12,61616,True,1/Basler_acA2440-75um__23040354__20250720_151536356_0001.tiff,
Y,\\sahale.biostr.washington.edu\data\Subjects\ZYE_0095\2025-07-26\1\widefield.tar,144157232640,basler-tiff,631826,227797,560,560,4,12,49328,True,1/Basler_acA2440-75um__23040354__20250726_162004868_0001.tiff,
Y,\\sahale.biostr.washington.edu\data\Subjects\ZYE_0071\2023-01-13\1\widefield.tar,28512247296,basler-tiff,631826,45055,560,560,4,12,39280,True,1/Basler_acA2440-75um__23040354__20230113_175757140_0001.tiff,
Y,\\sahale.biostr.washington.edu\data\Subjects\ZYE_0071\2023-01-14\1\widefield.tar,155221034496,basler-tiff,631826,245280,560,560,4,12,65520,True,1/Basler_acA2440-75um__23040354__20230114_161605443_0001.tiff,
Y,\\sahale.biostr.washington.edu\data\Subjects\ZYE_0071\2023-01-17\3\widefield.tar,168306734592,basler-tiff,631826,265958,560,560,4,12,65520,True,3/Basler_acA2440-75um__23040354__20230117_203604014_0001.tiff,
Y,\\sahale.biostr.washington.edu\data\Subjects\ZYE_0071\2023-01-17\7\widefield.tar,158226353664,basler-tiff,631826,250029,560,560,4,12,65520,True,7/Basler_acA2440-75um__23040354__20230117_214336054_0001.tiff,
Y,\\sahale.biostr.washington.edu\data\Subjects\ZYE_0071\2023-01-19\1\widefield.tar,72187147776,basler-tiff,631826,114070,560,560,4,12,65520,True,1/Basler_acA2440-75um__23040354__20230119_115915755_0001.tiff,
Y,\\sahale.biostr.washington.edu\data\Subjects\FD_007\2025-11-21\1\widefield.tar,25912573440,basler-tiff,631826,40947,560,560,4,10,8400,True,1/Basler_acA2440-75um__23040354__20251121_142522191_0001.tiff,
Y,\\sahale.biostr.washington.edu\data\Subjects\FD_007\2025-12-19\3\widefield.tar,32785761792,basler-tiff,631826,51808,560,560,4,9,4768,True,3/Basler_acA2440-75um__23040354__20251219_154930731_0001.tiff,
Y,\\sahale.biostr.washington.edu\data\Subjects\FD_007\2026-01-02\1\widefield.tar,38828674560,basler-tiff,631826,61357,560,560,4,9,5472,True,1/Basler_acA2440-75um__23040354__20260102_112816156_0001.tiff,
Y,\\sahale.biostr.washington.edu\data\Subjects\FD_007\2026-01-06\2\widefield.tar,87094771200,basler-tiff,631826,137627,560,560,4,9,6384,True,2/Basler_acA2440-75um__23040354__20260106_103648618_0001.tiff,
Y,\\sahale.biostr.washington.edu\data\Subjects\ZYE_0049\2021-12-01\2\widefield.tar,207429674496,basler-tiff,631826,327780,560,560,4,12,58560,True,2/Basler_acA2440-75um__23040354__20211201_093631352_0001.tiff,
Y,\\sahale.biostr.washington.edu\data\Subjects\ZYE_0049\2021-12-02\1\widefield.tar,178629490176,basler-tiff,631826,282270,560,560,4,12,65520,True,1/Basler_acA2440-75um__23040354__20211202_081835122_0001.tiff,
Y,\\sahale.biostr.washington.edu\data\Subjects\ZYE_0049\2021-12-02\3\widefield.tar,28420486656,basler-tiff,631826,44910,560,560,4,12,65520,True,3/Basler_acA2440-75um__23040354__20211202_092835104_0001.tiff,
Y,\\sahale.biostr.washington.edu\data\Subjects\ZYE_0049\2021-12-04\1\widefield.tar,208834561536,basler-tiff,631826,330000,560,560,4,12,65520,True,1/Basler_acA2440-75um__23040354__20211204_154457438_0001.tiff,
Y,\\sahale.biostr.washington.edu\data\Subjects\ZYE_0034\2021-05-06\3\widefield.tar,38448257536,basler-tiff,528530,72625,512,512,4,12,65520,True,3/Basler_acA2440-75um__23040354__20210506_171703147_0001.tiff,
Y,\\sahale.biostr.washington.edu\data\Subjects\ZYE_0034\2021-05-06\8\widefield.tar,33656585728,basler-tiff,528530,63574,512,512,4,12,65520,True,8/Basler_acA2440-75um__23040354__20210506_174921150_0001.tiff,
Y,\\sahale.biostr.washington.edu\data\Subjects\ZYE_0034\2021-05-21\2\widefield.tar,77486803456,basler-tiff,528530,146365,512,512,4,12,65520,True,2/Basler_acA2440-75um__23040354__20210521_152222832_0001.tiff,
Y,\\sahale.biostr.washington.edu\data\Subjects\ZYE_0043\2021-09-13\1\widefield.tar,114247060992,basler-tiff,631826,180533,560,560,4,12,65520,True,1/Basler_acA2440-75um__23040354__20210913_164310886_0001.tiff,
Y,\\sahale.biostr.washington.edu\data\Subjects\ZYE_0043\2021-09-23\1\widefield.tar,119154673152,basler-tiff,631826,188288,560,560,4,12,65520,True,1/Basler_acA2440-75um__23040354__20210923_175512897_0001.tiff,
Y,\\sahale.biostr.washington.edu\data\Subjects\ZYE_0043\2021-09-25\1\widefield.tar,168676308480,basler-tiff,631826,266542,560,560,4,12,65520,True,1/Basler_acA2440-75um__23040354__20210925_170400185_0001.tiff,
Y,\\sahale.biostr.washington.edu\data\Subjects\ZYE_0043\2021-09-26\1\widefield.tar,163020688896,basler-tiff,631826,257605,560,560,4,12,65520,True,1/Basler_acA2440-75um__23040354__20210926_193805567_0001.tiff,
Y,\\sahale.biostr.washington.edu\data\Subjects\ZYE_0043\2021-09-27\1\widefield.tar,149714763264,basler-tiff,631826,236579,560,560,4,12,65520,True,1/Basler_acA2440-75um__23040354__20210927_163810665_0001.tiff,
Y,\\sahale.biostr.washington.edu\data\Subjects\ZYE_0062\2022-03-29\1\widefield.tar,180225492480,basler-tiff,631826,284792,560,560,4,12,65520,True,1/Basler_acA2440-75um__23040354__20220329_141601118_0001.tiff,
Y,\\sahale.biostr.washington.edu\data\Subjects\ZYE_0062\2022-03-30\1\widefield.tar,174905273856,basler-tiff,631826,276385,560,560,4,12,65520,True,1/Basler_acA2440-75um__23040354__20220330_152938435_0001.tiff,
Y,\\sahale.biostr.washington.edu\data\Subjects\ZYE_0062\2022-03-30\5\widefield.tar,130021031424,basler-tiff,631826,205459,560,560,4,12,60048,True,5/Basler_acA2440-75um__23040354__20220330_164942614_0001.tiff,
Y,\\sahale.biostr.washington.edu\data\Subjects\ZYE_0062\2022-03-31\2\widefield.tar,159465438720,basler-tiff,631826,251987,560,560,4,12,65520,True,2/Basler_acA2440-75um__23040354__20220331_144620410_0001.tiff,
Y,\\sahale.biostr.washington.edu\data\Subjects\AL_0039\2025-03-20\1\widefield.tar,25443644928,basler-tiff,631826,40206,560,560,4,12,65520,True,1/Basler_acA2440-75um__23040354__20250320_120331020_0001.tiff,
Y,\\sahale.biostr.washington.edu\data\Subjects\AL_0039\2025-04-19\1\widefield.tar,101008278016,frame-N,627200,160915,560,560,0,12,4029,True,1/frame-0,
Y,\\sahale.biostr.washington.edu\data\Subjects\AL_0039\2025-04-20\1\widefield.tar,85198095872,frame-N,627200,135728,560,560,0,12,2679,True,1/frame-0,
Y,\\sahale.biostr.washington.edu\data\Subjects\AL_0039\2025-04-20\2\widefield.tar,115247924736,frame-N,627200,183600,560,560,0,12,2686,True,2/frame-0,
Y,\\sahale.biostr.washington.edu\data\Subjects\AL_0039\2025-04-26\1\widefield.tar,320323739136,basler-tiff,631826,506175,560,560,4,12,33520,True,1/Basler_acA2440-75um__23040354__20250426_113745958_0001.tiff,
Y,\\sahale.biostr.washington.edu\data\Subjects\AL_0039\2025-04-28\1\widefield.tar,258270131712,basler-tiff,631826,408118,560,560,4,12,65344,True,1/Basler_acA2440-75um__23040354__20250428_162717399_0001.tiff,
Y,\\sahale.biostr.washington.edu\data\Subjects\AL_0039\2025-04-30\3\widefield.tar,83108442624,frame-N,627200,132399,560,560,0,12,3208,True,3/frame-0,
Y,\\sahale.biostr.washington.edu\data\Subjects\AL_0039\2025-05-11\1\widefield.tar,184369909248,basler-tiff,631826,291341,560,560,4,12,58208,True,1/Basler_acA2440-75um__23040354__20250511_125807344_0001.tiff,
Y,\\sahale.biostr.washington.edu\data\Subjects\AL_0039\2025-05-12\1\widefield.tar,214480055808,basler-tiff,631826,338921,560,560,4,12,38336,True,1/Basler_acA2440-75um__23040354__20250512_144001498_0001.tiff,
Y,\\sahale.biostr.washington.edu\data\Subjects\AL_0039\2025-05-13\1\widefield.tar,214527518208,basler-tiff,631826,338996,560,560,4,12,49376,True,1/Basler_acA2440-75um__23040354__20250513_141156529_0001.tiff,
Y,\\sahale.biostr.washington.edu\data\Subjects\AL_0039\2025-05-14\1\widefield.tar,212105670144,basler-tiff,631826,335169,560,560,4,12,64176,True,1/Basler_acA2440-75um__23040354__20250514_145457188_0001.tiff,
Y,\\sahale.biostr.washington.edu\data\Subjects\AL_0039\2025-05-25\1\widefield.tar,190845679104,basler-tiff,631826,301574,560,560,4,12,56448,True,1/Basler_acA2440-75um__23040354__20250525_120445873_0001.tiff,
Y,\\sahale.biostr.washington.edu\data\Subjects\AL_0039\2025-05-26\1\widefield.tar,69240681984,basler-tiff,631826,109414,560,560,4,12,49664,True,1/Basler_acA2440-75um__23040354__20250526_113353120_0001.tiff,
Y,\\sahale.biostr.washington.edu\data\Subjects\AL_0039\2025-06-05\1\widefield.tar,230666632704,basler-tiff,631826,364499,560,560,4,12,40048,True,1/Basler_acA2440-75um__23040354__20250605_105820324_0001.tiff,
Y,\\sahale.biostr.washington.edu\data\Subjects\AL_0039\2025-06-10\1\widefield.tar,112635870720,basler-tiff,631826,177987,560,560,4,11,31072,True,1/Basler_acA2440-75um__23040354__20250610_143706220_0001.tiff,
Y,\\sahale.biostr.washington.edu\data\Subjects\AL_0039\2025-06-10\2\widefield.tar,69617217024,basler-tiff,631826,110009,560,560,4,11,28352,True,2/Basler_acA2440-75um__23040354__20250610_153801939_0001.tiff,
Y,\\sahale.biostr.washington.edu\data\Subjects\AL_0039\2025-06-10\5\widefield.tar,54969054720,basler-tiff,631826,86862,560,560,4,11,26816,True,5/Basler_acA2440-75um__23040354__20250610_161635794_0001.tiff,
Y,\\sahale.biostr.washington.edu\data\Subjects\AL_0039\2025-06-12\1\widefield.tar,114193903104,basler-tiff,631826,180449,560,560,4,11,30320,True,1/Basler_acA2440-75um__23040354__20250612_152235276_0001.tiff,
Y,\\sahale.biostr.washington.edu\data\Subjects\AL_0039\2025-06-12\2\widefield.tar,32392140288,basler-tiff,631826,51186,560,560,4,11,28384,True,2/Basler_acA2440-75um__23040354__20250612_160908789_0001.tiff,
Y,\\sahale.biostr.washington.edu\data\Subjects\AL_0039\2025-06-17\1\widefield.tar,204554085888,basler-tiff,631826,323236,560,560,4,12,34080,True,1/Basler_acA2440-75um__23040354__20250617_182743547_0001.tiff,
Y,\\sahale.biostr.washington.edu\data\Subjects\AL_0039\2025-06-18\2\widefield.tar,209254761984,basler-tiff,631826,330664,560,560,4,11,21264,True,2/Basler_acA2440-75um__23040354__20250618_190638620_0001.tiff,
Y,\\sahale.biostr.washington.edu\data\Subjects\AL_0039\2025-06-19\1\widefield.tar,229035824640,basler-tiff,631826,361922,560,560,4,12,43456,True,1/Basler_acA2440-75um__23040354__20250619_104021108_0001.tiff,
Y,\\sahale.biostr.washington.edu\data\Subjects\AL_0039\2025-06-20\3\widefield.tar,235712202240,basler-tiff,631826,372472,560,560,4,12,46704,True,3/Basler_acA2440-75um__23040354__20250620_103935235_0001.tiff,
Y,\\sahale.biostr.washington.edu\data\Subjects\AL_0039\2025-06-25\1\widefield.tar,213690281472,basler-tiff,631826,337673,560,560,4,12,53392,True,1/Basler_acA2440-75um__23040354__20250625_100237016_0001.tiff,
Y,\\sahale.biostr.washington.edu\data\Subjects\AL_0039\2025-06-26\1\widefield.tar,193028316672,basler-tiff,631826,305023,560,560,4,11,25184,True,1/Basler_acA2440-75um__23040354__20250626_142820787_0001.tiff,
Y,\\sahale.biostr.washington.edu\data\Subjects\AL_0039\2025-06-27\1\widefield.tar,176272823808,basler-tiff,631826,278546,560,560,4,11,22864,True,1/Basler_acA2440-75um__23040354__20250627_153816744_0001.tiff,
Y,\\sahale.biostr.washington.edu\data\Subjects\AL_0039\2025-07-01\1\widefield.tar,184528117248,basler-tiff,631826,291591,560,560,4,11,25248,True,1/Basler_acA2440-75um__23040354__20250701_161716738_0001.tiff,
Y,\\sahale.biostr.washington.edu\data\Subjects\AL_0039\2025-07-02\1\widefield.tar,178862372352,basler-tiff,631826,282638,560,560,4,11,26896,True,1/Basler_acA2440-75um__23040354__20250702_160814385_0001.tiff,
Y,\\sahale.biostr.washington.edu\data\Subjects\AL_0039\2025-07-03\1\widefield.tar,201724061184,basler-tiff,631826,318764,560,560,4,11,25088,True,1/Basler_acA2440-75um__23040354__20250703_173842761_0001.tiff,
Y,\\sahale.biostr.washington.edu\data\Subjects\AL_0039\2025-07-04\1\widefield.tar,114618533376,basler-tiff,631826,181120,560,560,4,11,24224,True,1/Basler_acA2440-75um__23040354__20250704_140545633_0001.tiff,
Y,\\sahale.biostr.washington.edu\data\Subjects\AL_0039\2025-07-04\2\widefield.tar,120115312128,basler-tiff,631826,189806,560,560,4,11,23504,True,2/Basler_acA2440-75um__23040354__20250704_145453646_0001.tiff,
Y,\\sahale.biostr.washington.edu\data\Subjects\AL_0039\2025-07-05\2\widefield.tar,182746695168,basler-tiff,631826,288776,560,560,4,11,20800,True,2/Basler_acA2440-75um__23040354__20250705_135533791_0001.tiff,
Y,\\sahale.biostr.washington.edu\data\Subjects\AL_0039\2025-07-05\3\widefield.tar,133595266560,basler-tiff,631826,211107,560,560,4,11,24000,True,3/Basler_acA2440-75um__23040354__20250705_150733889_0001.tiff,
Y,\\sahale.biostr.washington.edu\data\Subjects\AL_0039\2025-07-06\1\widefield.tar,115632963072,basler-tiff,631826,182723,560,560,4,11,26752,True,1/Basler_acA2440-75um__23040354__20250706_155856086_0001.tiff,
Y,\\sahale.biostr.washington.edu\data\Subjects\AL_0039\2025-07-06\3\widefield.tar,126452491776,basler-tiff,631826,199820,560,560,4,11,25440,True,3/Basler_acA2440-75um__23040354__20250706_164813667_0001.tiff,
Y,\\sahale.biostr.washington.edu\data\Subjects\AL_0039\2025-07-06\4\widefield.tar,116109485568,basler-tiff,631826,183476,560,560,4,11,24976,True,4/Basler_acA2440-75um__23040354__20250706_173818843_0001.tiff,
Y,\\sahale.biostr.washington.edu\data\Subjects\AL_0039\2025-07-06\6\widefield.tar,115524748800,basler-tiff,631826,182552,560,560,4,11,26048,True,6/Basler_acA2440-75um__23040354__20250706_182646555_0001.tiff,
Y,\\sahale.biostr.washington.edu\data\Subjects\AL_0039\2025-09-30\1\widefield.tar,25798663680,basler-tiff,631826,40767,560,560,4,11,21216,True,1/Basler_acA2440-75um__23040354__20250930_130909701_0001.tiff,
Y,\\sahale.biostr.washington.edu\data\Subjects\AL_0039\2025-09-30\4\widefield.tar,85419032064,basler-tiff,631826,134979,560,560,4,11,19360,True,4/Basler_acA2440-75um__23040354__20250930_132250215_0001.tiff,
Y,\\sahale.biostr.washington.edu\data\Subjects\AL_0039\2025-09-30\6\widefield.tar,28774017024,basler-tiff,631826,45468,560,560,4,11,18352,True,6/Basler_acA2440-75um__23040354__20250930_135616979_0001.tiff,
Y,\\sahale.biostr.washington.edu\data\Subjects\AL_0039\2025-10-01\1\widefield.tar,206136801280,basler-tiff,631826,325737,560,560,4,12,33968,True,1/Basler_acA2440-75um__23040354__20251001_115740847_0001.tiff,
Y,\\sahale.biostr.washington.edu\data\Subjects\AL_0039\2025-10-02\1\widefield.tar,269791471616,basler-tiff,631826,426324,560,560,4,12,65520,True,1/Basler_acA2440-75um__23040354__20251002_135651270_0001.tiff,
Y,\\sahale.biostr.washington.edu\data\Subjects\AL_0039\2025-10-03\1\widefield.tar,218444748288,basler-tiff,631826,345186,560,560,4,10,14400,True,1/Basler_acA2440-75um__23040354__20251003_170214563_0001.tiff,
Y,\\sahale.biostr.washington.edu\data\Subjects\AB_0003\2021-03-29\2\widefield.tar,67900812800,basler-tiff,528530,128258,512,512,4,12,65520,True,2/Basler_acA2440-75um__23040354__20210329_160143392_0001.tiff,
Y,\\sahale.biostr.washington.edu\data\Subjects\AB_0003\2021-04-19\1\widefield.tar,134969924096,basler-tiff,528530,254945,512,512,4,12,65520,True,1/Basler_acA2440-75um__23040354__20210419_104601170_0001.tiff,
Y,\\sahale.biostr.washington.edu\data\Subjects\AL_0033\2024-06-21\1\widefield.tar,56184723968,basler-tiff,631826,88783,560,560,4,12,36800,False,1/Basler_acA2440-75um__23040354__20240621_134959831_0001.tiff,
Y,\\sahale.biostr.washington.edu\data\Subjects\AL_0033\2024-06-21\2\widefield.tar,172054998528,basler-tiff,631826,271881,560,560,4,12,36800,True,2/Basler_acA2440-75um__23040354__20240621_134959831_0001.tiff,
Y,\\sahale.biostr.washington.edu\data\Subjects\AL_0033\2024-06-22\1\widefield.tar,199984406016,basler-tiff,631826,316015,560,560,4,12,34096,True,1/Basler_acA2440-75um__23040354__20240622_110404055_0001.tiff,
Y,\\sahale.biostr.washington.edu\data\Subjects\AL_0033\2024-06-24\1\widefield.tar,117480832512,basler-tiff,631826,185643,560,560,4,12,35872,True,1/Basler_acA2440-75um__23040354__20240624_135322636_0001.tiff,
Y,\\sahale.biostr.washington.edu\data\Subjects\AL_0033\2024-06-27\1\widefield.tar,103426266624,basler-tiff,631826,163434,560,560,4,12,63584,True,1/Basler_acA2440-75um__23040354__20240627_102745804_0001.tiff,
Y,\\sahale.biostr.washington.edu\data\Subjects\AL_0033\2024-07-09\1\widefield.tar,183598487040,basler-tiff,631826,290122,560,560,4,12,61504,True,1/Basler_acA2440-75um__23040354__20240709_093328389_0001.tiff,
Y,\\sahale.biostr.washington.edu\data\Subjects\AL_0033\2024-07-12\1\widefield.tar,252944217600,basler-tiff,631826,399702,560,560,4,12,34288,True,1/Basler_acA2440-75um__23040354__20240712_092458119_0001.tiff,
Y,\\sahale.biostr.washington.edu\data\Subjects\AL_0033\2024-07-18\1\widefield.tar,210998214144,basler-tiff,631826,333419,560,560,4,12,39184,True,1/Basler_acA2440-75um__23040354__20240718_094933135_0001.tiff,
Y,\\sahale.biostr.washington.edu\data\Subjects\AL_0033\2024-07-19\1\widefield.tar,202618885632,basler-tiff,631826,320178,560,560,4,11,32048,True,1/Basler_acA2440-75um__23040354__20240719_110816913_0001.tiff,
Y,\\sahale.biostr.washington.edu\data\Subjects\AL_0033\2024-07-25\1\widefield.tar,136525278720,basler-tiff,631826,215737,560,560,4,11,30976,True,1/Basler_acA2440-75um__23040354__20240725_111423090_0001.tiff,
Y,\\sahale.biostr.washington.edu\data\Subjects\AL_0033\2024-07-26\1\widefield.tar,175910843904,basler-tiff,631826,277974,560,560,4,12,65520,True,1/Basler_acA2440-75um__23040354__20240726_105138555_0001.tiff,
Y,\\sahale.biostr.washington.edu\data\Subjects\AL_0033\2024-08-09\1\widefield.tar,209076936192,basler-tiff,631826,330383,560,560,4,12,65520,True,1/Basler_acA2440-75um__23040354__20240809_093824144_0001.tiff,
Y,\\sahale.biostr.washington.edu\data\Subjects\AL_0033\2024-08-16\1\widefield.tar,124417304064,basler-tiff,631826,196604,560,560,4,12,65520,True,1/Basler_acA2440-75um__23040354__20240816_141505811_0001.tiff,
Y,\\sahale.biostr.washington.edu\data\Subjects\AL_0033\2024-08-18\1\widefield.tar,207552443904,basler-tiff,631826,327974,560,560,4,12,53040,True,1/Basler_acA2440-75um__23040354__20240818_105808865_0001.tiff,
Y,\\sahale.biostr.washington.edu\data\Subjects\AL_0033\2024-08-22\1\widefield.tar,116865719808,basler-tiff,631826,184671,560,560,4,12,65520,True,1/Basler_acA2440-75um__23040354__20240822_092948426_0001.tiff,
Y,\\sahale.biostr.washington.edu\data\Subjects\AL_0033\2024-08-23\1\widefield.tar,197001868800,basler-tiff,631826,311302,560,560,4,12,35072,True,1/Basler_acA2440-75um__23040354__20240823_094731616_0001.tiff,
Y,\\sahale.biostr.washington.edu\data\Subjects\AL_0033\2024-08-24\1\widefield.tar,191799356928,basler-tiff,631826,303081,560,560,4,12,37264,True,1/Basler_acA2440-75um__23040354__20240824_133648775_0001.tiff,
Y,\\sahale.biostr.washington.edu\data\Subjects\AL_0033\2024-08-26\1\widefield.tar,199056041472,basler-tiff,631826,314548,560,560,4,12,35632,True,1/Basler_acA2440-75um__23040354__20240826_093321983_0001.tiff,
Y,\\sahale.biostr.washington.edu\data\Subjects\AL_0033\2024-08-30\2\widefield.tar,177894139392,basler-tiff,631826,281108,560,560,4,12,60336,True,2/Basler_acA2440-75um__23040354__20240830_100347478_0001.tiff,
Y,\\sahale.biostr.washington.edu\data\Subjects\AL_0033\2024-09-09\1\widefield.tar,204374361600,basler-tiff,631826,322952,560,560,4,12,60400,True,1/Basler_acA2440-75um__23040354__20240909_095245911_0001.tiff,
Y,\\sahale.biostr.washington.edu\data\Subjects\AL_0033\2024-09-16\1\widefield.tar,194669250048,basler-tiff,631826,307616,560,560,4,12,64192,True,1/Basler_acA2440-75um__23040354__20240916_095153248_0001.tiff,
Y,\\sahale.biostr.washington.edu\data\Subjects\AL_0033\2024-09-23\1\widefield.tar,212984040960,basler-tiff,631826,336557,560,560,4,12,48080,True,1/Basler_acA2440-75um__23040354__20240923_095012357_0001.tiff,
Y,\\sahale.biostr.washington.edu\data\Subjects\AL_0033\2024-11-21\1\widefield.tar,209657243136,basler-tiff,631826,331300,560,560,4,12,46144,True,1/Basler_acA2440-75um__23040354__20241121_093807388_0001.tiff,
Y,\\sahale.biostr.washington.edu\data\Subjects\AL_0033\2024-11-25\1\widefield.tar,55673396736,basler-tiff,631826,87975,560,560,4,12,65520,True,1/Basler_acA2440-75um__23040354__20241125_140806927_0001.tiff,
Y,\\sahale.biostr.washington.edu\data\Subjects\AL_0033\2024-12-08\1\widefield.tar,105532331520,basler-tiff,631826,166762,560,560,4,12,51536,True,1/Basler_acA2440-75um__23040354__20241208_144359555_0001.tiff,
Y,\\sahale.biostr.washington.edu\data\Subjects\AL_0033\2024-12-11\1\widefield.tar,98049725952,basler-tiff,631826,154938,560,560,4,12,64672,True,1/Basler_acA2440-75um__23040354__20241211_160207696_0001.tiff,
Y,\\sahale.biostr.washington.edu\data\Subjects\AL_0033\2024-12-17\1\widefield.tar,212073395712,basler-tiff,631826,335118,560,560,4,12,65520,True,1/Basler_acA2440-75um__23040354__20241217_111545645_0001.tiff,
Y,\\sahale.biostr.washington.edu\data\Subjects\AL_0033\2024-12-20\1\widefield.tar,158142819840,basler-tiff,631826,249897,560,560,4,12,63648,False,1/Basler_acA2440-75um__23040354__20241220_092725527_130750.tiff,
Y,\\sahale.biostr.washington.edu\data\Subjects\AL_0033\2024-12-20\7\widefield.tar,151196990464,frame-N,627200,240870,0,0,-1,0,0,False,frame-0,headerless frames and no meanImage.npy for geometry
Y,\\sahale.biostr.washington.edu\data\Subjects\AL_0033\2024-12-23\1\widefield.tar,145081192448,frame-N,627200,231127,0,0,-1,0,0,False,frame-0,headerless frames and no meanImage.npy for geometry
Y,\\sahale.biostr.washington.edu\data\Subjects\AL_0033\2025-01-07\1\widefield.tar,156721479168,basler-tiff,631826,247651,560,560,4,12,64000,True,1/Basler_acA2440-75um__23040354__20250107_132446666_0001.tiff,
Y,\\sahale.biostr.washington.edu\data\Subjects\AL_0033\2025-01-09\1\widefield.tar,106676516864,frame-N,627200,169945,0,0,-1,0,0,False,frame-0,headerless frames and no meanImage.npy for geometry
Y,\\sahale.biostr.washington.edu\data\Subjects\AL_0033\2025-01-09\2\widefield.tar,23449961984,frame-N,627200,37357,0,0,-1,0,0,False,frame-0,headerless frames and no meanImage.npy for geometry
Y,\\sahale.biostr.washington.edu\data\Subjects\AL_0033\2025-01-10\2\widefield.tar,84544647168,frame-N,627200,134687,0,0,-1,0,0,False,frame-0,headerless frames and no meanImage.npy for geometry
Y,\\sahale.biostr.washington.edu\data\Subjects\AL_0033\2025-01-14\7\widefield.tar,93119331840,basler-tiff,631826,147147,560,560,4,12,48832,True,7/Basler_acA2440-75um__23040354__20250114_181247692_0001.tiff,
Y,\\sahale.biostr.washington.edu\data\Subjects\AL_0033\2025-01-16\3\widefield.tar,233675836928,frame-N,627200,372266,0,0,-1,0,0,False,1/frame-0,headerless frames and no meanImage.npy for geometry
Y,\\sahale.biostr.washington.edu\data\Subjects\AL_0033\2025-01-17\1\widefield.tar,294340435456,frame-N,627200,468910,0,0,-1,0,0,False,1/frame-0,headerless frames and no meanImage.npy for geometry
Y,\\sahale.biostr.washington.edu\data\Subjects\AL_0033\2025-01-18\1\widefield.tar,203782308352,frame-N,627200,324643,0,0,-1,0,0,False,1/frame-0,headerless frames and no meanImage.npy for geometry
Y,\\sahale.biostr.washington.edu\data\Subjects\AL_0033\2025-01-20\2\widefield.tar,154354382336,frame-N,627200,245900,0,0,-1,0,0,False,1/frame-0,headerless frames and no meanImage.npy for geometry
Y,\\sahale.biostr.washington.edu\data\Subjects\AL_0033\2025-01-20\3\widefield.tar,101511075328,frame-N,627200,161716,0,0,-1,0,0,False,2/frame-0,headerless frames and no meanImage.npy for geometry
Y,\\sahale.biostr.washington.edu\data\Subjects\AL_0033\2025-01-21\1\widefield.tar,251222914560,basler-tiff,631826,396982,560,560,4,12,37776,True,1/Basler_acA2440-75um__23040354__20250121_155912612_0001.tiff,
Y,\\sahale.biostr.washington.edu\data\Subjects\AL_0033\2025-01-28\1\widefield.tar,163194084864,basler-tiff,631826,257879,560,560,4,12,33568,True,1/Basler_acA2440-75um__23040354__20250128_155805510_0001.tiff,
Y,\\sahale.biostr.washington.edu\data\Subjects\AL_0033\2025-01-29\1\widefield.tar,242555450880,frame-N,627200,386412,560,560,0,12,2433,True,1/frame-0,
Y,\\sahale.biostr.washington.edu\data\Subjects\AL_0033\2025-02-04\1\widefield.tar,74564064768,basler-tiff,631826,117826,560,560,4,11,32288,True,1/Basler_acA2440-75um__23040354__20250204_162349388_0001.tiff,
Y,\\sahale.biostr.washington.edu\data\Subjects\AL_0033\2025-02-12\2\widefield.tar,187632534016,frame-N,627200,298915,560,560,0,12,2167,True,2/frame-0,
Y,\\sahale.biostr.washington.edu\data\Subjects\AL_0033\2025-02-13\2\widefield.tar,205231695360,frame-N,627200,326952,560,560,0,12,3256,True,2/frame-0,
Y,\\sahale.biostr.washington.edu\data\Subjects\AL_0033\2025-02-21\2\widefield.tar,113862564352,frame-N,627200,181393,560,560,0,11,1869,True,2/frame-0,
Y,\\sahale.biostr.washington.edu\data\Subjects\AL_0033\2025-02-24\2\widefield.tar,188462369280,frame-N,627200,300237,560,560,0,11,1877,True,2/frame-0,
Y,\\sahale.biostr.washington.edu\data\Subjects\AL_0033\2025-02-24\3\3.tar,17471109632,frame-N,627200,27833,0,0,-1,0,0,False,3/frame-0,headerless frames and no meanImage.npy for geometry
Y,\\sahale.biostr.washington.edu\data\Subjects\AL_0033\2025-02-25\1\widefield.tar,54681748992,basler-tiff,631826,86408,560,560,4,12,35280,True,1/Basler_acA2440-75um__23040354__20250225_155035628_0001.tiff,
Y,\\sahale.biostr.washington.edu\data\Subjects\AL_0033\2025-02-26\2\widefield.tar,173607564800,frame-N,627200,276572,560,560,0,12,2171,True,2/frame-0,
Y,\\sahale.biostr.washington.edu\data\Subjects\AL_0033\2025-03-03\2\widefield.tar,290073876992,frame-N,627200,462113,560,560,0,11,1754,False,2/frame-0,
Y,\\sahale.biostr.washington.edu\data\Subjects\AL_0033\2025-03-04\1\widefield.tar,100589594112,frame-N,627200,160248,560,560,0,12,3097,True,1/frame-0,
Y,\\sahale.biostr.washington.edu\data\Subjects\AL_0033\2025-03-04\2\widefield.tar,59907579392,frame-N,627200,95438,560,560,0,12,2933,True,2/frame-0,
Y,\\sahale.biostr.washington.edu\data\Subjects\AL_0033\2025-03-05\1\widefield.tar,176954525184,frame-N,627200,281904,560,560,0,12,3133,True,1/frame-0,
Y,\\sahale.biostr.washington.edu\data\Subjects\AL_0033\2025-03-05\2\widefield.tar,27152939520,frame-N,627200,43257,560,560,0,12,2859,True,2/frame-0,
Y,\\sahale.biostr.washington.edu\data\Subjects\AL_0033\2025-03-06\1\widefield.tar,55972093440,basler-tiff,631826,88447,560,560,4,12,33680,True,1/Basler_acA2440-75um__23040354__20250306_141005139_0001.tiff,
Y,\\sahale.biostr.washington.edu\data\Subjects\AL_0033\2025-03-12\1\widefield.tar,88809113088,basler-tiff,631826,140336,560,560,4,12,57232,True,1/Basler_acA2440-75um__23040354__20250312_152852639_0001.tiff,
Y,\\sahale.biostr.washington.edu\data\Subjects\AL_0033\2025-03-17\1\widefield.tar,1610082816,frame-N,627200,2565,560,560,0,12,4095,True,1/frame-0,
Y,\\sahale.biostr.washington.edu\data\Subjects\AL_0033\2025-03-17\3\widefield.tar,112451467776,frame-N,627200,179145,560,560,0,12,4095,True,3/frame-0,
Y,\\sahale.biostr.washington.edu\data\Subjects\AL_0033\2025-03-18\1\widefield.tar,113696848384,frame-N,627200,181129,560,560,0,12,4095,True,1/frame-0,
Y,\\sahale.biostr.washington.edu\data\Subjects\AL_0033\2025-03-20\4\widefield.tar,85830829568,frame-N,627200,136736,560,560,0,12,2385,True,4/frame-0,
Y,\\sahale.biostr.washington.edu\data\Subjects\AL_0033\2025-03-27\5\widefield.tar,110618402304,basler-tiff,631826,174799,560,560,4,11,28240,True,5/Basler_acA2440-75um__23040354__20250327_105259142_0001.tiff,
Y,\\sahale.biostr.washington.edu\data\Subjects\AL_0033\2025-03-28\3\widefield.tar,166012085760,basler-tiff,631826,262332,560,560,4,12,38320,False,1/Basler_acA2440-75um__23040354__20250328_141225834_0001.tiff,
Y,\\sahale.biostr.washington.edu\data\Subjects\AL_0033\2025-04-03\1\widefield.tar,204944543232,basler-tiff,631826,323853,560,560,4,12,38880,True,1/Basler_acA2440-75um__23040354__20250403_132627635_0001.tiff,
Y,\\sahale.biostr.washington.edu\data\Subjects\AL_0033\2025-04-11\1\widefield.tar,134941933056,basler-tiff,631826,213235,560,560,4,12,44208,True,1/Basler_acA2440-75um__23040354__20250411_133325404_0001.tiff,
Y,\\sahale.biostr.washington.edu\data\Subjects\AL_0033\2025-04-15\1\widefield.tar,172763292160,frame-N,627200,275227,560,560,0,12,3497,True,1/frame-0,
Y,\\sahale.biostr.washington.edu\data\Subjects\AL_0033\2025-04-15\2\widefield.tar,53498012160,frame-N,627200,85227,560,560,0,12,3544,True,2/frame-0,
Y,\\sahale.biostr.washington.edu\data\Subjects\AL_0033\2025-04-18\4\widefield.tar,254959667712,frame-N,627200,406173,560,560,0,12,4094,True,4/frame-0,
Y,\\sahale.biostr.washington.edu\data\Subjects\AL_0033\2025-04-19\1\widefield.tar,93399780864,frame-N,627200,148794,560,560,0,12,4091,True,1/frame-0,
Y,\\sahale.biostr.washington.edu\data\Subjects\AL_0033\2025-04-20\2\widefield.tar,85102683648,frame-N,627200,135576,560,560,0,12,3018,True,2/frame-0,
Y,\\sahale.biostr.washington.edu\data\Subjects\AL_0033\2025-04-28\1\widefield.tar,327825962496,basler-tiff,631826,518030,560,560,4,11,32224,True,1/Basler_acA2440-75um__23040354__20250428_140940103_0001.tiff,
Y,\\sahale.biostr.washington.edu\data\Subjects\AL_0033\2025-04-29\1\widefield.tar,133685761536,basler-tiff,631826,211250,560,560,4,12,56464,True,1/Basler_acA2440-75um__23040354__20250429_162314449_0001.tiff,
Y,\\sahale.biostr.washington.edu\data\Subjects\AL_0033\2025-04-30\1\widefield.tar,246364663296,basler-tiff,631826,389305,560,560,4,12,33360,True,1/Basler_acA2440-75um__23040354__20250430_105911745_0001.tiff,
Y,\\sahale.biostr.washington.edu\data\Subjects\AL_0033\2025-05-10\1\widefield.tar,199644575232,basler-tiff,631826,315478,560,560,4,11,29552,True,1/Basler_acA2440-75um__23040354__20250510_133352434_0001.tiff,
Y,\\sahale.biostr.washington.edu\data\Subjects\AL_0033\2025-05-12\1\widefield.tar,74178037248,basler-tiff,631826,117216,560,560,4,11,32448,True,1/Basler_acA2440-75um__23040354__20250512_093411114_0001.tiff,
Y,\\sahale.biostr.washington.edu\data\Subjects\AL_0033\2025-05-12\3\widefield.tar,213544730112,basler-tiff,631826,337443,560,560,4,11,29200,True,3/Basler_acA2440-75um__23040354__20250512_100322990_0001.tiff,
Y,\\sahale.biostr.washington.edu\data\Subjects\AL_0033\2025-05-26\1\widefield.tar,53320527360,basler-tiff,631826,84257,560,560,4,12,34464,True,1/Basler_acA2440-75um__23040354__20250526_121757943_0001.tiff,
Y,\\sahale.biostr.washington.edu\data\Subjects\AL_0033\2025-06-06\3\widefield.tar,318587880960,basler-tiff,631826,503432,560,560,4,12,41056,True,3/Basler_acA2440-75um__23040354__20250606_110831865_0001.tiff,
Y,\\sahale.biostr.washington.edu\data\Subjects\AL_0033\2025-06-07\3\widefield.tar,292453817856,basler-tiff,631826,462135,560,560,4,11,27792,True,3/Basler_acA2440-75um__23040354__20250607_142709152_0001.tiff,
Y,\\sahale.biostr.washington.edu\data\Subjects\AL_0033\2025-06-08\2\widefield.tar,314173877760,basler-tiff,631826,496457,560,560,4,11,22272,True,2/Basler_acA2440-75um__23040354__20250608_154028805_0001.tiff,
Y,\\sahale.biostr.washington.edu\data\Subjects\AL_0033\2025-06-10\1\widefield.tar,114381854208,basler-tiff,631826,180746,560,560,4,11,26000,True,1/Basler_acA2440-75um__23040354__20250610_122931931_0001.tiff,
Y,\\sahale.biostr.washington.edu\data\Subjects\AL_0033\2025-06-10\2\widefield.tar,58432544256,basler-tiff,631826,92335,560,560,4,11,28944,True,2/Basler_acA2440-75um__23040354__20250610_132716971_0001.tiff,
Y,\\sahale.biostr.washington.edu\data\Subjects\AL_0033\2025-06-10\3\widefield.tar,57801610752,basler-tiff,631826,91338,560,560,4,11,26736,True,3/Basler_acA2440-75um__23040354__20250610_135643722_0001.tiff,
Y,\\sahale.biostr.washington.edu\data\Subjects\AL_0033\2025-06-11\1\widefield.tar,115217825280,basler-tiff,631826,182067,560,560,4,11,29824,True,1/Basler_acA2440-75um__23040354__20250611_163823696_0001.tiff,
Y,\\sahale.biostr.washington.edu\data\Subjects\AL_0033\2025-06-11\2\widefield.tar,36801713664,basler-tiff,631826,58154,560,560,4,11,28416,True,2/Basler_acA2440-75um__23040354__20250611_172349297_0001.tiff,
Y,\\sahale.biostr.washington.edu\data\Subjects\AL_0033\2025-06-13\3\widefield.tar,156639211008,basler-tiff,631826,247521,560,560,4,11,27632,True,3/Basler_acA2440-75um__23040354__20250613_141143512_0001.tiff,
Y,\\sahale.biostr.washington.edu\data\Subjects\AL_0033\2025-06-14\1\widefield.tar,124843832832,basler-tiff,631826,197278,560,560,4,11,27920,True,1/Basler_acA2440-75um__23040354__20250614_161229658_0001.tiff,
Y,\\sahale.biostr.washington.edu\data\Subjects\AL_0033\2025-06-18\1\widefield.tar,227257566720,basler-tiff,631826,359112,560,560,4,11,19856,True,1/Basler_acA2440-75um__23040354__20250618_171308325_0001.tiff,
Y,\\sahale.biostr.washington.edu\data\Subjects\AL_0033\2025-06-23\1\widefield.tar,231719665152,basler-tiff,631826,366163,560,560,4,11,25504,True,1/Basler_acA2440-75um__23040354__20250623_191332001_0001.tiff,
Y,\\sahale.biostr.washington.edu\data\Subjects\AL_0033\2025-06-24\1\widefield.tar,180910849536,basler-tiff,631826,285875,560,560,4,11,22576,True,1/Basler_acA2440-75um__23040354__20250624_143212269_0001.tiff,
Y,\\sahale.biostr.washington.edu\data\Subjects\AL_0033\2025-08-04\1\widefield.tar,164997656064,basler-tiff,631826,260729,560,560,4,12,40816,True,1/Basler_acA2440-75um__23040354__20250804_171425846_0001.tiff,
Y,\\sahale.biostr.washington.edu\data\Subjects\AL_0033\2025-08-05\1\widefield.tar,25258857984,basler-tiff,631826,39914,560,560,4,11,25200,True,1/Basler_acA2440-75um__23040354__20250805_135933496_0001.tiff,
Y,\\sahale.biostr.washington.edu\data\Subjects\AL_0033\2025-08-05\4\widefield.tar,174406602240,basler-tiff,631826,275597,560,560,4,11,22880,True,4/Basler_acA2440-75um__23040354__20250805_141149789_0001.tiff,
Y,\\sahale.biostr.washington.edu\data\Subjects\AL_0033\2025-08-05\9\widefield.tar,14830419456,basler-tiff,631826,23435,560,560,4,11,28848,True,9/Basler_acA2440-75um__23040354__20250805_154152201_0001.tiff,
Y,\\sahale.biostr.washington.edu\data\Subjects\AL_0033\2025-08-07\1\widefield.tar,101911266816,basler-tiff,631826,161040,560,560,4,11,29216,True,1/Basler_acA2440-75um__23040354__20250807_130712418_0001.tiff,
Y,\\sahale.biostr.washington.edu\data\Subjects\AL_0033\2025-08-07\3\widefield.tar,84519777792,basler-tiff,631826,133558,560,560,4,11,26000,True,3/Basler_acA2440-75um__23040354__20250807_144155855_0001.tiff,
Y,\\sahale.biostr.washington.edu\data\Subjects\AL_0033\2025-08-08\1\widefield.tar,1684600320,basler-tiff,631826,2662,560,560,4,11,28544,True,1/Basler_acA2440-75um__23040354__20250808_144006406_0001.tiff,
Y,\\sahale.biostr.washington.edu\data\Subjects\AL_0033\2025-08-08\2\widefield.tar,101090483712,basler-tiff,631826,159743,560,560,4,11,27168,True,2/Basler_acA2440-75um__23040354__20250808_153657081_0001.tiff,
Y,\\sahale.biostr.washington.edu\data\Subjects\AL_0033\2025-08-08\4\widefield.tar,73131333120,basler-tiff,631826,115562,560,560,4,11,25696,True,4/Basler_acA2440-75um__23040354__20250808_161707117_0001.tiff,
Y,\\sahale.biostr.washington.edu\data\Subjects\ZYE_0068\2022-08-15\1\widefield.tar,69106804224,basler-tiff,528530,130536,512,512,4,12,65520,True,1/Basler_acA2440-75um__23040354__20220815_190046874_0001.tiff,
Y,\\sahale.biostr.washington.edu\data\Subjects\ZYE_0086\2024-05-24\1\widefield.tar,119320475136,basler-tiff,631826,188550,560,560,4,10,16064,True,1/Basler_acA2440-75um__23040354__20240524_151502816_0001.tiff,
Y,\\sahale.biostr.washington.edu\data\Subjects\ZYE_0086\2025-02-11\1\widefield.tar,132470724096,basler-tiff,631826,209330,560,560,4,12,65520,True,1/Basler_acA2440-75um__23040354__20250211_104948261_0001.tiff,
Y,\\sahale.biostr.washington.edu\data\Subjects\ZYE_0086\2025-03-05\1\widefield.tar,141301262848,basler-tiff,631826,223284,560,560,4,12,45024,True,1/Basler_acA2440-75um__23040354__20250305_101514665_0001.tiff,
Y,\\sahale.biostr.washington.edu\data\Subjects\ZYE_0086\2025-03-06\1\widefield.tar,152899806720,basler-tiff,631826,241612,560,560,4,12,53408,True,1/Basler_acA2440-75um__23040354__20250306_160916144_0001.tiff,
Y,\\sahale.biostr.washington.edu\data\Subjects\ZYE_0027\2021-01-13\1\widefield.tar,24026654208,basler-tiff,528530,45384,512,512,4,12,65520,True,1/Basler_acA2440-75um__23040354__20210113_151622413_0001.tiff,
Y,\\sahale.biostr.washington.edu\data\Subjects\ZYE_0027\2021-02-16\2\widefield.tar,73578713600,basler-tiff,528530,138983,512,512,4,12,65520,True,2/Basler_acA2440-75um__23040354__20210216_175743535_0001.tiff,
Y,\\sahale.biostr.washington.edu\data\Subjects\ZYE_0027\2021-04-19\1\widefield.tar,134045048320,basler-tiff,528530,253198,512,512,4,12,65520,True,1/Basler_acA2440-75um__23040354__20210419_093222451_0001.tiff,
Y,\\sahale.biostr.washington.edu\data\Subjects\ZYE_0050\2021-12-03\1\widefield.tar,69815293440,basler-tiff,631826,110322,560,560,4,12,61616,True,1/Basler_acA2440-75um__23040354__20211203_102119405_0001.tiff,
Y,\\sahale.biostr.washington.edu\data\Subjects\ZYE_0050\2021-12-08\2\widefield.tar,61267631616,basler-tiff,631826,96815,560,560,4,12,65520,True,2/Basler_acA2440-75um__23040354__20211208_181057941_0001.tiff,
Y,\\sahale.biostr.washington.edu\data\Subjects\ZYE_0050\2021-12-11\1\widefield.tar,145103949312,basler-tiff,631826,229293,560,560,4,12,65520,True,1/Basler_acA2440-75um__23040354__20211211_141236890_0001.tiff,
Y,\\sahale.biostr.washington.edu\data\Subjects\ZYE_0050\2021-12-12\3\widefield.tar,141575910912,basler-tiff,631826,223718,560,560,4,12,65520,True,3/Basler_acA2440-75um__23040354__20211212_160805203_0001.tiff,
Y,\\sahale.biostr.washington.edu\data\Subjects\FD_010\2026-02-02\5\widefield.tar,32086482432,basler-tiff,631826,50703,560,560,4,9,4240,True,5/Basler_acA2440-75um__23040354__20260202_162531603_0001.tiff,
Y,\\sahale.biostr.washington.edu\data\Subjects\FD_010\2026-02-06\1\widefield.tar,44116618752,basler-tiff,631826,69713,560,560,4,10,15152,True,1/Basler_acA2440-75um__23040354__20260206_170426659_0001.tiff,
Y,\\sahale.biostr.washington.edu\data\Subjects\FD_010\2026-02-23\1\widefield.tar,61394198016,basler-tiff,631826,97015,560,560,4,10,11664,True,1/Basler_acA2440-75um__23040354__20260223_115846822_0001.tiff,
Y,\\sahale.biostr.washington.edu\data\Subjects\FD_010\2026-02-23\3\widefield.tar,3007219200,basler-tiff,631826,4752,560,560,4,10,10640,True,3/Basler_acA2440-75um__23040354__20260223_121706009_0001.tiff,
Y,\\sahale.biostr.washington.edu\data\Subjects\FD_010\2026-02-24\1\widefield.tar,75940474368,basler-tiff,631826,120001,560,560,4,9,7952,True,1/Basler_acA2440-75um__23040354__20260224_092946658_0001.tiff,
Y,\\sahale.biostr.washington.edu\data\Subjects\ZYE_0054\2021-12-17\2\widefield.tar,30417071616,basler-tiff,631826,48065,560,560,4,12,65520,True,2/Basler_acA2440-75um__23040354__20211217_181811366_0001.tiff,
Y,\\sahale.biostr.washington.edu\data\Subjects\ZYE_0054\2022-01-03\1\widefield.tar,147135972864,basler-tiff,631826,232504,560,560,4,12,65520,True,1/Basler_acA2440-75um__23040354__20220103_150457888_0001.tiff,
Y,\\sahale.biostr.washington.edu\data\Subjects\MT_004\2025-04-24\4\widefield.tar,14705751552,basler-tiff,631826,23238,560,560,4,11,21744,True,4/Basler_acA2440-75um__23040354__20250424_101621648_0001.tiff,
Y,\\sahale.biostr.washington.edu\data\Subjects\MT_004\2025-05-13\1\widefield.tar,23198989824,basler-tiff,631826,36659,560,560,4,12,38816,True,1/Basler_acA2440-75um__23040354__20250513_115847347_0001.tiff,
Y,\\sahale.biostr.washington.edu\data\Subjects\ZYE_0082\2024-04-30\1\widefield.tar,29090655744,basler-tiff,631826,45969,560,560,4,10,11200,True,1/Basler_acA2440-75um__23040354__20240430_184722475_0001.tiff,
Y,\\sahale.biostr.washington.edu\data\Subjects\AL_0037\2024-09-30\1\widefield.tar,11429580288,basler-tiff,631826,18061,560,560,4,12,48384,True,1/Basler_acA2440-75um__23040354__20240930_133027843_0001.tiff,
Y,\\sahale.biostr.washington.edu\data\Subjects\AL_0037\2024-10-01\1\widefield.tar,95124143616,basler-tiff,631826,150315,560,560,4,12,65520,True,1/Basler_acA2440-75um__23040354__20241001_145111905_0001.tiff,
Y,\\sahale.biostr.washington.edu\data\Subjects\AL_0037\2025-02-11\4\widefield.tar,139744495104,basler-tiff,631826,220824,560,560,4,12,47776,True,4/Basler_acA2440-75um__23040354__20250211_143347245_0001.tiff,
Y,\\sahale.biostr.washington.edu\data\Subjects\AL_0037\2025-02-28\2\widefield.tar,140422258176,basler-tiff,631826,221895,560,560,4,12,35744,True,2/Basler_acA2440-75um__23040354__20250228_154934816_0001.tiff,
Y,\\sahale.biostr.washington.edu\data\Subjects\ZYE_0088\2024-05-23\1\widefield.tar,152682745344,basler-tiff,631826,241269,560,560,4,10,14544,True,1/Basler_acA2440-75um__23040354__20240523_165443984_0001.tiff,
Y,\\sahale.biostr.washington.edu\data\Subjects\ZYE_0088\2024-07-08\2\widefield.tar,76681520640,basler-tiff,631826,121172,560,560,4,12,42736,True,2/Basler_acA2440-75um__23040354__20240708_182003105_0001.tiff,
Y,\\sahale.biostr.washington.edu\data\Subjects\ZYE_0088\2024-07-09\1\widefield.tar,161303815680,basler-tiff,631826,254892,560,560,4,12,40528,True,1/Basler_acA2440-75um__23040354__20240709_161739199_0001.tiff,
Y,\\sahale.biostr.washington.edu\data\Subjects\ZYE_0088\2024-07-09\3\widefield.tar,28372391424,basler-tiff,631826,44834,560,560,4,12,41984,True,3/Basler_acA2440-75um__23040354__20240709_172306589_0001.tiff,
Y,\\sahale.biostr.washington.edu\data\Subjects\ZYE_0088\2024-07-10\1\widefield.tar,134049639936,basler-tiff,631826,211825,560,560,4,12,40480,True,1/Basler_acA2440-75um__23040354__20240710_213926880_0001.tiff,
Y,\\sahale.biostr.washington.edu\data\Subjects\ZYE_0088\2024-07-10\3\widefield.tar,55517720064,basler-tiff,631826,87729,560,560,4,12,41088,True,3/Basler_acA2440-75um__23040354__20240710_223103057_0001.tiff,
Y,\\sahale.biostr.washington.edu\data\Subjects\ZYE_0088\2024-07-11\1\widefield.tar,175388124672,basler-tiff,631826,277148,560,560,4,12,35008,True,1/Basler_acA2440-75um__23040354__20240711_212112265_0001.tiff,
Y,\\sahale.biostr.washington.edu\data\Subjects\ZYE_0088\2024-07-11\3\widefield.tar,61936535040,basler-tiff,631826,97872,560,560,4,12,37664,True,3/Basler_acA2440-75um__23040354__20240711_222833659_0001.tiff,
Y,\\sahale.biostr.washington.edu\data\Subjects\ZYE_0088\2024-07-12\1\widefield.tar,44696925696,basler-tiff,631826,70630,560,560,4,12,41392,True,1/Basler_acA2440-75um__23040354__20240712_171617764_0001.tiff,
Y,\\sahale.biostr.washington.edu\data\Subjects\ZYE_0088\2024-07-12\8\widefield.tar,59908308480,basler-tiff,631826,94667,560,560,4,12,39088,True,8/Basler_acA2440-75um__23040354__20240712_180332938_0001.tiff,
Y,\\sahale.biostr.washington.edu\data\Subjects\ZYE_0088\2024-07-13\2\widefield.tar,149832470016,basler-tiff,631826,236765,560,560,4,12,39472,True,2/Basler_acA2440-75um__23040354__20240713_152459676_0001.tiff,
Y,\\sahale.biostr.washington.edu\data\Subjects\ZYE_0088\2024-07-15\2\widefield.tar,142744751616,basler-tiff,631826,225565,560,560,4,12,41312,True,2/Basler_acA2440-75um__23040354__20240715_113103169_0001.tiff,
Y,\\sahale.biostr.washington.edu\data\Subjects\ZYE_0088\2024-07-15\4\widefield.tar,61556835840,basler-tiff,631826,97272,560,560,4,12,40384,True,4/Basler_acA2440-75um__23040354__20240715_122621803_0001.tiff,
Y,\\sahale.biostr.washington.edu\data\Subjects\ZYE_0088\2024-07-16\2\widefield.tar,149878666752,basler-tiff,631826,236838,560,560,4,12,39056,True,2/Basler_acA2440-75um__23040354__20240716_134800859_0001.tiff,
Y,\\sahale.biostr.washington.edu\data\Subjects\ZYE_0088\2024-07-17\1\widefield.tar,118955331072,basler-tiff,631826,187973,560,560,4,12,40592,True,1/Basler_acA2440-75um__23040354__20240717_160056974_0001.tiff,
Y,\\sahale.biostr.washington.edu\data\Subjects\ZYE_0088\2024-08-23\1\widefield.tar,133343399424,basler-tiff,631826,210709,560,560,4,12,34480,True,1/Basler_acA2440-75um__23040354__20240823_114927456_0001.tiff,
Y,\\sahale.biostr.washington.edu\data\Subjects\ZYE_0088\2024-09-04\1\widefield.tar,29872203264,basler-tiff,631826,47204,560,560,4,12,34064,True,1/Basler_acA2440-75um__23040354__20240904_182428634_0001.tiff,
Y,\\sahale.biostr.washington.edu\data\Subjects\ZYE_0088\2024-09-05\1\widefield.tar,136907509248,basler-tiff,631826,216341,560,560,4,12,35344,True,1/Basler_acA2440-75um__23040354__20240905_170809762_0001.tiff,
Y,\\sahale.biostr.washington.edu\data\Subjects\ZYE_0088\2024-09-06\1\widefield.tar,153124462080,basler-tiff,631826,241967,560,560,4,11,27840,True,1/Basler_acA2440-75um__23040354__20240906_172601324_0001.tiff,
Y,\\sahale.biostr.washington.edu\data\Subjects\ZYE_0088\2024-09-06\2\widefield.tar,124750173696,basler-tiff,631826,197130,560,560,4,11,28320,True,2/Basler_acA2440-75um__23040354__20240906_204412445_0001.tiff,
Y,\\sahale.biostr.washington.edu\data\Subjects\ZYE_0088\2024-09-07\1\widefield.tar,122470080000,basler-tiff,631826,193527,560,560,4,11,30560,True,1/Basler_acA2440-75um__23040354__20240907_153023566_0001.tiff,
Y,\\sahale.biostr.washington.edu\data\Subjects\ZYE_0066\2022-08-15\1\widefield.tar,26132109824,basler-tiff,528530,49361,512,512,4,12,65520,True,1/Basler_acA2440-75um__23040354__20220815_174437491_0001.tiff,
Y,\\sahale.biostr.washington.edu\data\Subjects\ZYE_0066\2022-10-23\6\widefield.tar,167863119360,basler-tiff,631826,265257,560,560,4,12,65520,True,6/Basler_acA2440-75um__23040354__20221023_180416959_0001.tiff,
Y,\\sahale.biostr.washington.edu\data\Subjects\ZYE_0066\2022-10-25\1\widefield.tar,108857863680,basler-tiff,631826,172017,560,560,4,12,65520,True,1/Basler_acA2440-75um__23040354__20221025_161443808_0001.tiff,
Y,\\sahale.biostr.washington.edu\data\Subjects\ZYE_0066\2022-10-25\6\widefield.tar,138695259648,basler-tiff,631826,219166,560,560,4,12,65520,True,6/Basler_acA2440-75um__23040354__20221025_170323397_0001.tiff,
Y,\\sahale.biostr.washington.edu\data\Subjects\DO_0005\2020-11-16\1\widefield.tar,103030210048,basler-tiff,528530,194614,512,512,4,12,55968,True,1/Basler_acA2440-75um__23040354__20201116_101117717_0001.tiff,
Y,\\sahale.biostr.washington.edu\data\Subjects\DO_0005\2020-12-03\1\widefield.tar,102052393472,basler-tiff,528530,192767,512,512,4,12,62192,True,1/Basler_acA2440-75um__23040354__20201203_122714013_0001.tiff,
Y,\\sahale.biostr.washington.edu\data\Subjects\DO_0005\2021-03-03\1\widefield.tar,87958465024,basler-tiff,565394,155329,512,548,4,12,65520,True,1/Basler_acA2440-75um__23040354__20210303_171824720_0001.tiff,
Y,\\sahale.biostr.washington.edu\data\Subjects\FD_009\2026-02-09\1\widefield.tar,35586676224,basler-tiff,631826,56234,560,560,4,11,16848,True,1/Basler_acA2440-75um__23040354__20260209_165602134_0001.tiff,
Y,\\sahale.biostr.washington.edu\data\Subjects\FD_009\2026-06-15\1\widefield.tar,59459630592,basler-tiff,631826,93958,560,560,4,11,25040,True,1/Basler_acA2440-75um__23040354__20260615_112435352_0001.tiff,
Y,\\sahale.biostr.washington.edu\data\Subjects\FD_009\2026-06-16\1\widefield.tar,58312939008,basler-tiff,631826,92146,560,560,4,12,60336,True,1/Basler_acA2440-75um__23040354__20260616_104223553_0001.tiff,
Y,\\sahale.biostr.washington.edu\data\Subjects\FD_009\2026-06-17\1\widefield.tar,58955896320,basler-tiff,631826,93162,560,560,4,11,18704,True,1/Basler_acA2440-75um__23040354__20260617_093920320_0001.tiff,
Y,\\sahale.biostr.washington.edu\data\Subjects\FD_009\2026-06-18\1\widefield.tar,85965798912,basler-tiff,631826,135843,560,560,4,12,32928,True,1/Basler_acA2440-75um__23040354__20260618_103226710_0001.tiff,
Y,\\sahale.biostr.washington.edu\data\Subjects\FD_009\2026-06-20\1\widefield.tar,107497274880,basler-tiff,631826,169867,560,560,4,11,23712,True,1/Basler_acA2440-75um__23040354__20260620_143655071_0001.tiff,
Y,\\sahale.biostr.washington.edu\data\Subjects\FD_009\2026-06-21\1\widefield.tar,95129839104,basler-tiff,631826,150324,560,560,4,11,23792,True,1/Basler_acA2440-75um__23040354__20260621_123852070_0001.tiff,
Y,\\sahale.biostr.washington.edu\data\Subjects\FD_009\2026-06-22\1\widefield.tar,109456522752,basler-tiff,631826,172963,560,560,4,11,31232,True,1/Basler_acA2440-75um__23040354__20260622_172840557_0001.tiff,
Y,\\sahale.biostr.washington.edu\data\Subjects\FD_009\2026-06-23\1\widefield.tar,129286313472,basler-tiff,631826,204298,560,560,4,11,29184,True,1/Basler_acA2440-75um__23040354__20260623_103858402_0001.tiff,
Y,\\sahale.biostr.washington.edu\data\Subjects\FD_009\2026-06-25\1\widefield.tar,135270372864,basler-tiff,631826,213754,560,560,4,11,23408,True,1/Basler_acA2440-75um__23040354__20260625_095027441_0001.tiff,
Y,\\sahale.biostr.washington.edu\data\Subjects\FD_009\2026-06-26\1\widefield.tar,128283907584,basler-tiff,631826,202714,560,560,4,11,21200,True,1/Basler_acA2440-75um__23040354__20260626_131336272_0001.tiff,
Y,\\sahale.biostr.washington.edu\data\Subjects\LK_0003\2021-03-24\1\widefield.tar,35661453824,basler-tiff,528530,67361,512,512,4,12,65520,True,1/Basler_acA2440-75um__23040354__20210324_122539330_0001.tiff,
Y,\\sahale.biostr.washington.edu\data\Subjects\LK_0003\2021-03-31\1\widefield.tar,72478074368,basler-tiff,528530,136904,512,512,4,12,65520,True,1/Basler_acA2440-75um__23040354__20210331_183218268_0001.tiff,
Y,\\sahale.biostr.washington.edu\data\Subjects\LK_0003\2021-04-06\1\widefield.tar,215487057408,basler-tiff,528530,407034,512,512,4,12,65520,True,1/Basler_acA2440-75um__23040354__20210406_201709514_0001.tiff,
Y,\\sahale.biostr.washington.edu\data\Subjects\LK_0003\2021-05-20\3\widefield.tar,231077064192,basler-tiff,528530,436482,512,512,4,12,65520,True,3/Basler_acA2440-75um__23040354__20210520_171405717_0001.tiff,
Y,\\sahale.biostr.washington.edu\data\Subjects\LK_0003\2021-05-21\3\widefield.tar,270123021824,basler-tiff,528530,510236,512,512,4,12,36080,True,3/Basler_acA2440-75um__23040354__20210521_172955180_0001.tiff,
Y,\\sahale.biostr.washington.edu\data\Subjects\LK_0003\2021-07-06\1\widefield.tar,75325230592,basler-tiff,528530,142282,512,512,4,12,52128,True,1/Basler_acA2440-75um__23040354__20210706_192205007_0001.tiff,
Y,\\sahale.biostr.washington.edu\data\Subjects\LK_0003\2021-07-07\1\widefield.tar,29141794304,basler-tiff,528530,55046,512,512,4,12,62464,True,1/Basler_acA2440-75um__23040354__20210707_194102359_0001.tiff,
Y,\\sahale.biostr.washington.edu\data\Subjects\LK_0003\2021-07-07\2\widefield.tar,22667663872,basler-tiff,528530,42817,512,512,4,12,65520,True,2/Basler_acA2440-75um__23040354__20210707_195737601_0001.tiff,
Y,\\sahale.biostr.washington.edu\data\Subjects\LK_0003\2021-07-17\1\widefield.tar,61049743872,basler-tiff,528530,115317,512,512,4,12,65520,True,1/Basler_acA2440-75um__23040354__20210717_230655013_0001.tiff,
Y,\\sahale.biostr.washington.edu\data\Subjects\FD_003\2025-06-18\1\widefield.tar,50267112960,basler-tiff,631826,79432,560,560,4,12,44736,True,1/Basler_acA2440-75um__23040354__20250618_150150020_0001.tiff,
Y,\\sahale.biostr.washington.edu\data\Subjects\FD_003\2025-06-24\3\widefield.tar,50543027712,basler-tiff,631826,79868,560,560,4,10,9840,True,3/Basler_acA2440-75um__23040354__20250624_122405608_0001.tiff,
Y,\\sahale.biostr.washington.edu\data\Subjects\FD_003\2025-07-20\1\widefield.tar,46870070784,basler-tiff,631826,74064,560,560,4,10,13712,True,1/Basler_acA2440-75um__23040354__20250720_112554949_0001.tiff,
Y,\\sahale.biostr.washington.edu\data\Subjects\FD_003\2025-07-27\1\widefield.tar,50982213120,basler-tiff,631826,80562,560,560,4,10,13648,True,1/Basler_acA2440-75um__23040354__20250727_133232188_0001.tiff,
Y,\\sahale.biostr.washington.edu\data\Subjects\FD_003\2025-09-10\1\widefield.tar,63990074880,basler-tiff,631826,101117,560,560,4,10,15856,True,1/Basler_acA2440-75um__23040354__20250910_145249629_0001.tiff,
Y,\\sahale.biostr.washington.edu\data\Subjects\FD_003\2025-09-11\1\widefield.tar,92966819328,basler-tiff,631826,146906,560,560,4,10,12736,True,1/Basler_acA2440-75um__23040354__20250911_103151940_0001.tiff,
Y,\\sahale.biostr.washington.edu\data\Subjects\FD_003\2025-09-12\1\widefield.tar,52551636480,basler-tiff,631826,83042,560,560,4,10,12000,True,1/Basler_acA2440-75um__23040354__20250912_151031875_0001.tiff,
Y,\\sahale.biostr.washington.edu\data\Subjects\FD_003\2025-09-13\3\widefield.tar,19632981504,basler-tiff,631826,31024,560,560,4,10,11408,True,3/Basler_acA2440-75um__23040354__20250913_175455068_0001.tiff,
Y,\\sahale.biostr.washington.edu\data\Subjects\FD_003\2025-09-13\8\widefield.tar,53753384448,basler-tiff,631826,84941,560,560,4,10,11888,True,8/Basler_acA2440-75um__23040354__20250913_180909181_0001.tiff,
Y,\\sahale.biostr.washington.edu\data\Subjects\AB_0026\2024-03-12\1\widefield.tar,129452748288,basler-tiff,631826,204561,560,560,4,12,40864,True,1/Basler_acA2440-75um__23040354__20240312_151045310_0001.tiff,
Y,\\sahale.biostr.washington.edu\data\Subjects\AB_0026\2024-03-13\1\widefield.tar,192130960896,basler-tiff,631826,303605,560,560,4,12,49920,True,1/Basler_acA2440-75um__23040354__20240313_103439023_0001.tiff,
Y,\\sahale.biostr.washington.edu\data\Subjects\ZYE_0047\2021-10-02\1\widefield.tar,36575159808,basler-tiff,631826,57796,560,560,4,12,52208,True,1/Basler_acA2440-75um__23040354__20211002_212838322_0001.tiff,
Y,\\sahale.biostr.washington.edu\data\Subjects\ZYE_0047\2021-11-24\2\widefield.tar,62374454784,basler-tiff,631826,98564,560,560,4,12,54560,True,2/Basler_acA2440-75um__23040354__20211124_145707571_0001.tiff,
Y,\\sahale.biostr.washington.edu\data\Subjects\ZYE_0047\2021-11-26\2\widefield.tar,80539897344,basler-tiff,631826,127269,560,560,4,12,65520,True,2/Basler_acA2440-75um__23040354__20211126_172234288_0001.tiff,
Y,\\sahale.biostr.washington.edu\data\Subjects\AL_0016\2022-10-04\1\widefield.tar,143087113728,basler-tiff,631826,226106,560,560,4,12,65520,True,1/Basler_acA2440-75um__23040354__20221004_110944624_0001.tiff,
Y,\\sahale.biostr.washington.edu\data\Subjects\ZYE_0075\2024-04-28\1\widefield.tar,21212530176,basler-tiff,631826,33520,560,560,4,11,25312,True,1/Basler_acA2440-75um__23040354__20240428_183024316_0001.tiff,
Y,\\sahale.biostr.washington.edu\data\Subjects\ZYE_0075\2024-05-04\2\widefield.tar,15696766464,basler-tiff,631826,24804,560,560,4,11,21264,True,2/Basler_acA2440-75um__23040354__20240504_153540197_0001.tiff,
Y,\\sahale.biostr.washington.edu\data\Subjects\ZYE_0008\2020-07-25\1\widefield.tar,20250793472,basler-tiff,581778,34756,512,564,4,12,49376,True,1/Basler_acA2440-75um__23040354__20200725_165800950_0001.tiff,
Y,\\sahale.biostr.washington.edu\data\Subjects\ZYE_0091\2024-06-25\2\widefield.tar,28685643264,basler-tiff,631826,45329,560,560,4,11,23552,True,2/Basler_acA2440-75um__23040354__20240625_161304704_0001.tiff,
Y,\\sahale.biostr.washington.edu\data\Subjects\ZYE_0091\2024-07-08\1\widefield.tar,103292106240,basler-tiff,631826,163222,560,560,4,11,26816,True,1/Basler_acA2440-75um__23040354__20240708_143221788_0001.tiff,
Y,\\sahale.biostr.washington.edu\data\Subjects\ZYE_0091\2024-07-08\3\widefield.tar,29675392512,basler-tiff,631826,46893,560,560,4,12,34512,True,3/Basler_acA2440-75um__23040354__20240708_174648460_0001.tiff,
Y,\\sahale.biostr.washington.edu\data\Subjects\ZYE_0091\2024-07-09\1\widefield.tar,142937765376,basler-tiff,631826,225870,560,560,4,11,29312,True,1/Basler_acA2440-75um__23040354__20240709_133301898_0001.tiff,
Y,\\sahale.biostr.washington.edu\data\Subjects\ZYE_0091\2024-07-09\3\widefield.tar,30566419968,basler-tiff,631826,48301,560,560,4,11,30304,True,3/Basler_acA2440-75um__23040354__20240709_142924339_0001.tiff,
Y,\\sahale.biostr.washington.edu\data\Subjects\ZYE_0091\2024-07-10\1\widefield.tar,161432280576,basler-tiff,631826,255095,560,560,4,11,30112,True,1/Basler_acA2440-75um__23040354__20240710_174249711_0001.tiff,
Y,\\sahale.biostr.washington.edu\data\Subjects\ZYE_0091\2024-07-11\1\widefield.tar,179339527680,basler-tiff,631826,283392,560,560,4,11,28832,True,1/Basler_acA2440-75um__23040354__20240711_150329899_0001.tiff,
Y,\\sahale.biostr.washington.edu\data\Subjects\ZYE_0091\2024-07-11\3\widefield.tar,61821992448,basler-tiff,631826,97691,560,560,4,11,31488,True,3/Basler_acA2440-75um__23040354__20240711_161219766_0001.tiff,
Y,\\sahale.biostr.washington.edu\data\Subjects\ZYE_0091\2024-07-12\1\widefield.tar,149278109184,basler-tiff,631826,235889,560,560,4,12,37040,True,1/Basler_acA2440-75um__23040354__20240712_134546614_0001.tiff,
Y,\\sahale.biostr.washington.edu\data\Subjects\ZYE_0091\2024-07-12\3\widefield.tar,62053608960,basler-tiff,631826,98057,560,560,4,12,35952,True,3/Basler_acA2440-75um__23040354__20240712_144322538_0001.tiff,
Y,\\sahale.biostr.washington.edu\data\Subjects\ZYE_0091\2024-07-13\1\widefield.tar,193675070976,basler-tiff,631826,306045,560,560,4,11,31408,True,1/Basler_acA2440-75um__23040354__20240713_172908021_0001.tiff,
Y,\\sahale.biostr.washington.edu\data\Subjects\ZYE_0091\2024-07-13\4\widefield.tar,81364477440,basler-tiff,631826,128572,560,560,4,11,28752,True,4/Basler_acA2440-75um__23040354__20240713_184614567_0001.tiff,
Y,\\sahale.biostr.washington.edu\data\Subjects\ZYE_0091\2024-07-14\3\widefield.tar,163667443200,basler-tiff,631826,258627,560,560,4,12,38000,True,3/Basler_acA2440-75um__23040354__20240714_180156724_0001.tiff,
Y,\\sahale.biostr.washington.edu\data\Subjects\ZYE_0091\2024-07-14\5\widefield.tar,70694929920,basler-tiff,631826,111712,560,560,4,12,36096,True,5/Basler_acA2440-75um__23040354__20240714_190408703_0001.tiff,
Y,\\sahale.biostr.washington.edu\data\Subjects\ZYE_0091\2024-07-15\1\widefield.tar,164152825344,basler-tiff,631826,259394,560,560,4,12,33392,True,1/Basler_acA2440-75um__23040354__20240715_165652605_0001.tiff,
Y,\\sahale.biostr.washington.edu\data\Subjects\ZYE_0091\2024-07-15\5\widefield.tar,65001973248,basler-tiff,631826,102716,560,560,4,11,32512,True,5/Basler_acA2440-75um__23040354__20240715_180256183_0001.tiff,
Y,\\sahale.biostr.washington.edu\data\Subjects\ZYE_0091\2024-07-16\1\widefield.tar,169788194304,basler-tiff,631826,268299,560,560,4,11,32736,True,1/Basler_acA2440-75um__23040354__20240716_191932126_0001.tiff,
Y,\\sahale.biostr.washington.edu\data\Subjects\ZYE_0091\2024-07-16\3\widefield.tar,77948450304,basler-tiff,631826,123174,560,560,4,11,29968,True,3/Basler_acA2440-75um__23040354__20240716_202413896_0001.tiff,
Y,\\sahale.biostr.washington.edu\data\Subjects\ZYE_0091\2024-07-17\2\widefield.tar,166309516800,basler-tiff,631826,262802,560,560,4,12,35968,True,2/Basler_acA2440-75um__23040354__20240717_115147284_0001.tiff,
Y,\\sahale.biostr.washington.edu\data\Subjects\ZYE_0091\2024-07-17\4\widefield.tar,60999943680,basler-tiff,631826,96392,560,560,4,11,32224,True,4/Basler_acA2440-75um__23040354__20240717_125550489_0001.tiff,
Y,\\sahale.biostr.washington.edu\data\Subjects\ZYE_0091\2024-07-26\2\widefield.tar,61165112832,basler-tiff,631826,96653,560,560,4,11,29328,True,2/Basler_acA2440-75um__23040354__20240726_162621295_0001.tiff,
Y,\\sahale.biostr.washington.edu\data\Subjects\ZYE_0091\2024-07-26\4\widefield.tar,30558193152,basler-tiff,631826,48288,560,560,4,11,28400,True,4/Basler_acA2440-75um__23040354__20240726_164955023_0001.tiff,
Y,\\sahale.biostr.washington.edu\data\Subjects\ZYE_0091\2024-07-27\2\widefield.tar,30537942528,basler-tiff,631826,48256,560,560,4,11,28912,True,2/Basler_acA2440-75um__23040354__20240727_200809549_0001.tiff,
Y,\\sahale.biostr.washington.edu\data\Subjects\ZYE_0091\2024-07-28\1\widefield.tar,138123812352,basler-tiff,631826,218263,560,560,4,12,41968,True,1/Basler_acA2440-75um__23040354__20240728_181415718_0001.tiff,
Y,\\sahale.biostr.washington.edu\data\Subjects\ZYE_0091\2024-07-28\3\widefield.tar,61917550080,basler-tiff,631826,97842,560,560,4,12,36192,True,3/Basler_acA2440-75um__23040354__20240728_190651255_0001.tiff,
Y,\\sahale.biostr.washington.edu\data\Subjects\ZYE_0091\2024-09-08\1\widefield.tar,141368974848,basler-tiff,631826,223391,560,560,4,11,31488,True,1/Basler_acA2440-75um__23040354__20240908_165924112_0001.tiff,
Y,\\sahale.biostr.washington.edu\data\Subjects\ZYE_0091\2025-02-02\1\widefield.tar,71707461120,basler-tiff,631826,113312,560,560,4,11,23136,True,1/Basler_acA2440-75um__23040354__20250202_155252408_0001.tiff,
Y,\\sahale.biostr.washington.edu\data\Subjects\ZYE_0091\2025-02-28\3\widefield.tar,146839807488,basler-tiff,631826,232036,560,560,4,12,61200,True,3/Basler_acA2440-75um__23040354__20250228_141752334_0001.tiff,
Y,\\sahale.biostr.washington.edu\data\Subjects\ZYE_0091\2025-03-11\1\widefield.tar,129821056512,basler-tiff,631826,205143,560,560,4,12,40480,True,1/Basler_acA2440-75um__23040354__20250311_170143458_0001.tiff,
Y,\\sahale.biostr.washington.edu\data\Subjects\ZYE_0091\2025-03-13\1\widefield.tar,135277334016,basler-tiff,631826,213765,560,560,4,12,40448,True,1/Basler_acA2440-75um__23040354__20250313_093240154_0001.tiff,
Y,\\sahale.biostr.washington.edu\data\Subjects\ZYE_0091\2025-05-06\2\widefield.tar,49934876160,basler-tiff,631826,78907,560,560,4,12,35408,True,2/Basler_acA2440-75um__23040354__20250506_173200055_0001.tiff,
Y,\\sahale.biostr.washington.edu\data\Subjects\ZYE_0091\2025-05-06\3\widefield.tar,100284255744,basler-tiff,631826,158469,560,560,4,12,34912,True,3/Basler_acA2440-75um__23040354__20250506_175706074_0001.tiff,
Y,\\sahale.biostr.washington.edu\data\Subjects\ZYE_0091\2025-05-06\6\widefield.tar,118757887488,basler-tiff,631826,187661,560,560,4,11,31920,True,6/Basler_acA2440-75um__23040354__20250506_184621378_0001.tiff,
Y,\\sahale.biostr.washington.edu\data\Subjects\ZYE_0091\2025-05-07\1\widefield.tar,124290104832,basler-tiff,631826,196403,560,560,4,12,36288,True,1/Basler_acA2440-75um__23040354__20250507_145116919_0001.tiff,
Y,\\sahale.biostr.washington.edu\data\Subjects\ZYE_0091\2025-06-04\1\widefield.tar,123882561024,basler-tiff,631826,195759,560,560,4,12,39520,True,1/Basler_acA2440-75um__23040354__20250604_171937683_0001.tiff,
Y,\\sahale.biostr.washington.edu\data\Subjects\ZYE_0091\2025-06-04\3\widefield.tar,118073163264,basler-tiff,631826,186579,560,560,4,11,26992,True,3/Basler_acA2440-75um__23040354__20250604_180936777_0001.tiff,
Y,\\sahale.biostr.washington.edu\data\Subjects\ZYE_0091\2025-06-05\2\widefield.tar,116154416640,basler-tiff,631826,183547,560,560,4,12,39472,True,2/Basler_acA2440-75um__23040354__20250605_154041578_0001.tiff,
Y,\\sahale.biostr.washington.edu\data\Subjects\ZYE_0091\2025-06-06\1\widefield.tar,106632193536,basler-tiff,631826,168500,560,560,4,11,26864,True,1/Basler_acA2440-75um__23040354__20250606_162901327_0001.tiff,
Y,\\sahale.biostr.washington.edu\data\Subjects\ZYE_0091\2025-06-06\2\widefield.tar,119352749568,basler-tiff,631826,188601,560,560,4,11,30528,True,2/Basler_acA2440-75um__23040354__20250606_171233415_0001.tiff,
Y,\\sahale.biostr.washington.edu\data\Subjects\ZYE_0091\2025-06-06\5\widefield.tar,129598299648,basler-tiff,631826,204791,560,560,4,11,29536,True,5/Basler_acA2440-75um__23040354__20250606_180109189_0001.tiff,
Y,\\sahale.biostr.washington.edu\data\Subjects\ZYE_0091\2025-06-08\1\widefield.tar,117439065600,basler-tiff,631826,185577,560,560,4,11,23168,True,1/Basler_acA2440-75um__23040354__20250608_112004212_0001.tiff,
Y,\\sahale.biostr.washington.edu\data\Subjects\ZYE_0091\2025-06-08\3\widefield.tar,128388324864,basler-tiff,631826,202879,560,560,4,11,22368,True,3/Basler_acA2440-75um__23040354__20250608_121135179_0001.tiff,
Y,\\sahale.biostr.washington.edu\data\Subjects\ZYE_0091\2025-06-13\2\widefield.tar,125755743744,basler-tiff,631826,198719,560,560,4,11,27120,True,2/Basler_acA2440-75um__23040354__20250613_164558944_0001.tiff,
Y,\\sahale.biostr.washington.edu\data\Subjects\ZYE_0091\2025-06-13\3\widefield.tar,115619673600,basler-tiff,631826,182702,560,560,4,11,27744,True,3/Basler_acA2440-75um__23040354__20250613_181137624_0001.tiff,
Y,\\sahale.biostr.washington.edu\data\Subjects\ZYE_0091\2025-06-14\1\widefield.tar,115798132224,basler-tiff,631826,182984,560,560,4,11,28048,True,1/Basler_acA2440-75um__23040354__20250614_172320152_0001.tiff,
Y,\\sahale.biostr.washington.edu\data\Subjects\ZYE_0091\2025-06-17\1\widefield.tar,128742077952,basler-tiff,631826,203438,560,560,4,11,23024,True,1/Basler_acA2440-75um__23040354__20250617_132735619_0001.tiff,
Y,\\sahale.biostr.washington.edu\data\Subjects\ZYE_0091\2025-06-18\1\widefield.tar,115295030784,basler-tiff,631826,182189,560,560,4,11,16416,True,1/Basler_acA2440-75um__23040354__20250618_204120658_0001.tiff,
Y,\\sahale.biostr.washington.edu\data\Subjects\ZYE_0091\2025-06-19\1\widefield.tar,48735026688,basler-tiff,631826,77011,560,560,4,11,21920,True,1/Basler_acA2440-75um__23040354__20250619_165113689_0001.tiff,
Y,\\sahale.biostr.washington.edu\data\Subjects\ZYE_0091\2025-06-19\2\widefield.tar,100518403584,basler-tiff,631826,158839,560,560,4,11,21248,True,2/Basler_acA2440-75um__23040354__20250619_171016031_0001.tiff,
Y,\\sahale.biostr.washington.edu\data\Subjects\ZYE_0072\2023-01-13\3\widefield.tar,30270887424,basler-tiff,631826,47834,560,560,4,12,65520,True,3/Basler_acA2440-75um__23040354__20230113_181906671_0001.tiff,
Y,\\sahale.biostr.washington.edu\data\Subjects\ZYE_0072\2023-01-15\1\widefield.tar,148160527872,basler-tiff,631826,234123,560,560,4,12,65520,True,1/Basler_acA2440-75um__23040354__20230115_124333929_0001.tiff,
Y,\\sahale.biostr.washington.edu\data\Subjects\ZYE_0072\2023-01-22\1\widefield.tar,164876785152,basler-tiff,631826,260538,560,560,4,12,57232,True,1/Basler_acA2440-75um__23040354__20230122_175458222_0001.tiff,
Y,\\sahale.biostr.washington.edu\data\Subjects\ZYE_0072\2023-01-22\5\widefield.tar,144641349120,basler-tiff,631826,228562,560,560,4,12,42368,True,5/Basler_acA2440-75um__23040354__20230122_190838757_0001.tiff,
Y,\\sahale.biostr.washington.edu\data\Subjects\AL_0029\2023-11-30\1\widefield.tar,33127491072,basler-tiff,631826,52348,560,560,4,12,40144,True,1/Basler_acA2440-75um__23040354__20231130_095452700_0001.tiff,
Y,\\sahale.biostr.washington.edu\data\Subjects\AL_0023\2023-05-15\1\widefield.tar,79553945088,basler-tiff,631826,125711,560,560,4,12,65520,True,1/Basler_acA2440-75um__23040354__20230515_125100194_0001.tiff,
Y,\\sahale.biostr.washington.edu\data\Subjects\AL_0023\2023-05-15\5\widefield.tar,31639918080,basler-tiff,394946,79944,350,560,4,11,27104,True,5/Basler_acA2440-75um__23040354__20230515_142728247_0001.tiff,
Y,\\sahale.biostr.washington.edu\data\Subjects\AL_0023\2023-05-18\1\widefield.tar,74639001600,basler-tiff,394946,188589,350,560,4,12,63648,True,1/Basler_acA2440-75um__23040354__20230518_141708922_0001.tiff,
Y,\\sahale.biostr.washington.edu\data\Subjects\AL_0023\2023-05-18\4\widefield.tar,54804518400,basler-tiff,631826,86602,560,560,4,12,65520,True,4/Basler_acA2440-75um__23040354__20230518_145118069_0001.tiff,
Y,\\sahale.biostr.washington.edu\data\Subjects\AL_0023\2023-05-18\7\widefield.tar,54469117440,basler-tiff,631826,86072,560,560,4,12,65520,True,7/Basler_acA2440-75um__23040354__20230518_151352577_0001.tiff,
Y,\\sahale.biostr.washington.edu\data\Subjects\AL_0023\2023-06-27\1\widefield.tar,83149696512,basler-tiff,631826,131393,560,560,4,12,65520,True,1/Basler_acA2440-75um__23040354__20230627_100732444_0001.tiff,
Y,\\sahale.biostr.washington.edu\data\Subjects\AL_0023\2023-07-10\1\widefield.tar,128938888704,basler-tiff,631826,203749,560,560,4,12,65520,True,1/Basler_acA2440-75um__23040354__20230710_135949514_0001.tiff,
Y,\\sahale.biostr.washington.edu\data\Subjects\AL_0023\2023-08-09\1\widefield.tar,100079218176,basler-tiff,631826,158145,560,560,4,12,65520,True,1/Basler_acA2440-75um__23040354__20230809_104337752_0001.tiff,
Y,\\sahale.biostr.washington.edu\data\Subjects\AL_0023\2023-08-11\1\widefield.tar,62002982400,basler-tiff,631826,97977,560,560,4,12,65520,True,1/Basler_acA2440-75um__23040354__20230811_100600429_0001.tiff,
Y,\\sahale.biostr.washington.edu\data\Subjects\AL_0023\2023-08-14\1\widefield.tar,85655078400,basler-tiff,631826,135352,560,560,4,12,65520,True,1/Basler_acA2440-75um__23040354__20230814_110746970_0001.tiff,
Y,\\sahale.biostr.washington.edu\data\Subjects\AL_0023\2023-08-15\1\widefield.tar,85946813952,basler-tiff,631826,135813,560,560,4,12,65520,True,1/Basler_acA2440-75um__23040354__20230815_100738296_0001.tiff,
Y,\\sahale.biostr.washington.edu\data\Subjects\AL_0023\2023-08-23\3\widefield.tar,160343809536,basler-tiff,631826,253375,560,560,4,12,65520,True,3/Basler_acA2440-75um__23040354__20230823_101415118_0001.tiff,
Y,\\sahale.biostr.washington.edu\data\Subjects\AL_0023\2023-08-24\1\widefield.tar,160874755584,basler-tiff,631826,254214,560,560,4,12,65520,True,1/Basler_acA2440-75um__23040354__20230824_100954749_0001.tiff,
Y,\\sahale.biostr.washington.edu\data\Subjects\AL_0023\2023-08-25\2\widefield.tar,150930433536,basler-tiff,631826,238500,560,560,4,12,65520,True,2/Basler_acA2440-75um__23040354__20230825_093410674_0001.tiff,
Y,\\sahale.biostr.washington.edu\data\Subjects\AL_0023\2023-08-30\1\widefield.tar,217932787200,basler-tiff,631826,344377,560,560,4,12,65520,True,1/Basler_acA2440-75um__23040354__20230830_101857631_0001.tiff,
Y,\\sahale.biostr.washington.edu\data\Subjects\AL_0023\2023-09-06\1\widefield.tar,86727095808,basler-tiff,631826,137046,560,560,4,12,65520,True,1/Basler_acA2440-75um__23040354__20230906_104157001_0001.tiff,
Y,\\sahale.biostr.washington.edu\data\Subjects\AL_0023\2023-10-10\1\widefield.tar,110096315904,basler-tiff,631826,173974,560,560,4,12,63328,True,1/Basler_acA2440-75um__23040354__20231009_132919924_0001.tiff,
Y,\\sahale.biostr.washington.edu\data\Subjects\AL_0023\2023-10-23\1\widefield.tar,115539303936,basler-tiff,631826,182575,560,560,4,12,65520,True,1/Basler_acA2440-75um__23040354__20231023_113612921_0001.tiff,
Y,\\sahale.biostr.washington.edu\data\Subjects\AL_0023\2023-10-27\1\widefield.tar,136181646336,basler-tiff,631826,215193,560,560,4,12,65520,True,1/Basler_acA2440-75um__23040354__20231027_113918401_0001.tiff,
Y,\\sahale.biostr.washington.edu\data\Subjects\AL_0023\2023-10-27\4\widefield.tar,55812857856,basler-tiff,631826,88195,560,560,4,12,65520,True,4/Basler_acA2440-75um__23040354__20231027_121455466_0001.tiff,
Y,\\sahale.biostr.washington.edu\data\Subjects\ZYE_0096\2025-07-07\1\widefield.tar,31921946112,basler-tiff,631826,50443,560,560,4,10,12560,True,1/Basler_acA2440-75um__23040354__20250707_155752080_0001.tiff,
Y,\\sahale.biostr.washington.edu\data\Subjects\ZYE_0096\2025-07-08\1\widefield.tar,123730048512,basler-tiff,631826,195518,560,560,4,10,9872,True,1/Basler_acA2440-75um__23040354__20250708_153917839_0001.tiff,
Y,\\sahale.biostr.washington.edu\data\Subjects\ZYE_0096\2025-07-09\1\widefield.tar,108535752192,basler-tiff,631826,171508,560,560,4,10,13184,True,1/Basler_acA2440-75um__23040354__20250709_154700647_0001.tiff,
Y,\\sahale.biostr.washington.edu\data\Subjects\ZYE_0096\2025-07-10\1\widefield.tar,108633841152,basler-tiff,631826,171663,560,560,4,10,8720,True,1/Basler_acA2440-75um__23040354__20250710_162035670_0001.tiff,
Y,\\sahale.biostr.washington.edu\data\Subjects\ZYE_0096\2025-07-12\1\widefield.tar,128929396224,basler-tiff,631826,203734,560,560,4,10,10608,True,1/Basler_acA2440-75um__23040354__20250712_145113952_0001.tiff,
Y,\\sahale.biostr.washington.edu\data\Subjects\ZYE_0096\2025-07-12\2\widefield.tar,125458312704,basler-tiff,631826,198249,560,560,4,10,9120,True,2/Basler_acA2440-75um__23040354__20250712_192549021_0001.tiff,
Y,\\sahale.biostr.washington.edu\data\Subjects\ZYE_0078\2024-04-28\1\widefield.tar,29394415104,basler-tiff,631826,46449,560,560,4,11,18848,True,1/Basler_acA2440-75um__23040354__20240428_191938998_0001.tiff,
Y,\\sahale.biostr.washington.edu\data\Subjects\ZYE_0078\2024-05-14\2\widefield.tar,77632667136,basler-tiff,631826,122675,560,560,4,10,8512,True,2/Basler_acA2440-75um__23040354__20240514_154249422_0001.tiff,
Y,\\sahale.biostr.washington.edu\data\Subjects\ZYE_0078\2024-05-20\4\widefield.tar,114163527168,basler-tiff,631826,180401,560,560,4,10,10784,True,4/Basler_acA2440-75um__23040354__20240520_110022110_0001.tiff,
Y,\\sahale.biostr.washington.edu\data\Subjects\ZYE_0078\2024-05-30\5\widefield.tar,33533136384,basler-tiff,631826,52989,560,560,4,10,8928,True,5/Basler_acA2440-75um__23040354__20240530_172325813_0001.tiff,
Y,\\sahale.biostr.washington.edu\data\Subjects\ZYE_0078\2024-07-23\1\widefield.tar,164403426816,basler-tiff,631826,259790,560,560,4,12,65360,False,1/Basler_acA2440-75um__23040354__20240723_093920024_0001.tiff,
Y,\\sahale.biostr.washington.edu\data\Subjects\FD_004\2025-07-20\1\widefield.tar,34821582336,basler-tiff,631826,55025,560,560,4,10,14736,True,1/Basler_acA2440-75um__23040354__20250720_121753969_0001.tiff,
Y,\\sahale.biostr.washington.edu\data\Subjects\FD_004\2025-07-28\1\widefield.tar,62682011136,basler-tiff,631826,99050,560,560,4,10,14160,True,1/Basler_acA2440-75um__23040354__20250728_105834191_0001.tiff,
Y,\\sahale.biostr.washington.edu\data\Subjects\FD_004\2025-08-13\1\widefield.tar,81503067648,basler-tiff,631826,128791,560,560,4,10,13248,True,1/Basler_acA2440-75um__23040354__20250813_180505267_0001.tiff,
Y,\\sahale.biostr.washington.edu\data\Subjects\FD_004\2025-08-14\1\widefield.tar,95682301440,basler-tiff,631826,151197,560,560,4,10,8336,True,1/Basler_acA2440-75um__23040354__20250814_151401449_0001.tiff,
Y,\\sahale.biostr.washington.edu\data\Subjects\FD_004\2025-08-19\1\widefield.tar,42046625280,basler-tiff,631826,66442,560,560,4,10,12912,True,1/Basler_acA2440-75um__23040354__20250819_161907745_0001.tiff,
Y,\\sahale.biostr.washington.edu\data\Subjects\FD_004\2025-08-20\3\widefield.tar,62696566272,basler-tiff,631826,99073,560,560,4,9,6528,True,3/Basler_acA2440-75um__23040354__20250820_143731224_0001.tiff,
Y,\\sahale.biostr.washington.edu\data\Subjects\FD_004\2025-08-20\6\widefield.tar,13420469760,basler-tiff,631826,21207,560,560,4,9,6208,True,6/Basler_acA2440-75um__23040354__20250820_170926913_0001.tiff,
Y,\\sahale.biostr.washington.edu\data\Subjects\FD_004\2025-08-22\1\widefield.tar,5378440704,basler-tiff,631826,8499,560,560,4,9,5632,True,1/Basler_acA2440-75um__23040354__20250822_152303301_0001.tiff,
Y,\\sahale.biostr.washington.edu\data\Subjects\FD_004\2025-08-22\4\widefield.tar,61349899776,basler-tiff,631826,96945,560,560,4,9,4944,True,4/Basler_acA2440-75um__23040354__20250822_153454171_0001.tiff,
Y,\\sahale.biostr.washington.edu\data\Subjects\FD_004\2025-10-03\1\widefield.tar,104259073536,basler-tiff,631826,164750,560,560,4,10,8432,True,1/Basler_acA2440-75um__23040354__20251003_120235892_0001.tiff,
Y,\\sahale.biostr.washington.edu\data\Subjects\FD_004\2025-10-17\1\widefield.tar,99210339840,basler-tiff,631826,156772,560,560,4,11,19648,True,1/Basler_acA2440-75um__23040354__20251017_163249856_0001.tiff,
Y,\\sahale.biostr.washington.edu\data\Subjects\FD_004\2025-10-17\7\widefield.tar,23161652736,basler-tiff,631826,36600,560,560,4,11,18000,True,7/Basler_acA2440-75um__23040354__20251017_171329421_0001.tiff,
Y,\\sahale.biostr.washington.edu\data\Subjects\FD_004\2025-10-22\1\widefield.tar,134552770048,basler-tiff,631826,212620,560,560,4,9,8176,True,1/Basler_acA2440-75um__23040354__20251022_163746925_0001.tiff,
Y,\\sahale.biostr.washington.edu\data\Subjects\FD_004\2025-11-14\4\widefield.tar,177977549824,basler-tiff,631826,281239,560,560,4,10,14368,True,4/Basler_acA2440-75um__23040354__20251114_122913425_0001.tiff,
Y,\\sahale.biostr.washington.edu\data\Subjects\FD_004\2025-11-17\1\widefield.tar,186255128064,basler-tiff,631826,294320,560,560,4,11,22736,True,1/Basler_acA2440-75um__23040354__20251117_114145956_0001.tiff,
Y,\\sahale.biostr.washington.edu\data\Subjects\ZYE_0085\2024-05-24\1\widefield.tar,108659154432,basler-tiff,631826,171703,560,560,4,10,14096,True,1/Basler_acA2440-75um__23040354__20240524_142309118_0001.tiff,
Y,\\sahale.biostr.washington.edu\data\Subjects\ZYE_0085\2024-07-08\1\widefield.tar,162206866944,basler-tiff,631826,256319,560,560,4,12,36416,True,1/Basler_acA2440-75um__23040354__20240708_162058833_0001.tiff,
Y,\\sahale.biostr.washington.edu\data\Subjects\ZYE_0085\2024-07-08\3\widefield.tar,29415931392,basler-tiff,631826,46483,560,560,4,11,31264,True,3/Basler_acA2440-75um__23040354__20240708_172511973_0001.tiff,
Y,\\sahale.biostr.washington.edu\data\Subjects\ZYE_0085\2024-07-09\3\widefield.tar,134615391744,basler-tiff,631826,212719,560,560,4,12,38624,True,3/Basler_acA2440-75um__23040354__20240709_145826025_0001.tiff,
Y,\\sahale.biostr.washington.edu\data\Subjects\ZYE_0085\2024-07-10\1\widefield.tar,175612780032,basler-tiff,631826,277503,560,560,4,12,49392,True,1/Basler_acA2440-75um__23040354__20240710_193705012_0001.tiff,
Y,\\sahale.biostr.washington.edu\data\Subjects\ZYE_0085\2024-07-10\3\widefield.tar,80144377344,basler-tiff,631826,126644,560,560,4,12,36784,True,3/Basler_acA2440-75um__23040354__20240710_204414903_0001.tiff,
Y,\\sahale.biostr.washington.edu\data\Subjects\ZYE_0085\2024-07-11\1\widefield.tar,176584809984,basler-tiff,631826,279039,560,560,4,12,40192,True,1/Basler_acA2440-75um__23040354__20240711_193857971_0001.tiff,
Y,\\sahale.biostr.washington.edu\data\Subjects\ZYE_0085\2024-07-11\3\widefield.tar,68690750976,basler-tiff,631826,108545,560,560,4,12,42208,True,3/Basler_acA2440-75um__23040354__20240711_204746194_0001.tiff,
Y,\\sahale.biostr.washington.edu\data\Subjects\ZYE_0085\2024-07-12\1\widefield.tar,106382224896,basler-tiff,631826,168105,560,560,4,12,33792,True,1/Basler_acA2440-75um__23040354__20240712_151508572_0001.tiff,
Y,\\sahale.biostr.washington.edu\data\Subjects\ZYE_0085\2024-07-13\2\widefield.tar,123936984576,basler-tiff,631826,195845,560,560,4,12,45568,True,2/Basler_acA2440-75um__23040354__20240713_141944819_0001.tiff,
Y,\\sahale.biostr.washington.edu\data\Subjects\ZYE_0085\2024-07-14\2\widefield.tar,186924019200,basler-tiff,631826,295377,560,560,4,11,32048,True,2/Basler_acA2440-75um__23040354__20240714_155927917_0001.tiff,
Y,\\sahale.biostr.washington.edu\data\Subjects\ZYE_0085\2024-07-14\4\widefield.tar,62046014976,basler-tiff,631826,98045,560,560,4,12,34544,False,4/Basler_acA2440-75um__23040354__20240714_171043431_0001.tiff,
Y,\\sahale.biostr.washington.edu\data\Subjects\ZYE_0085\2024-07-15\2\widefield.tar,115290600960,basler-tiff,631826,182182,560,560,4,11,28960,True,2/Basler_acA2440-75um__23040354__20240715_160032641_0001.tiff,
Y,\\sahale.biostr.washington.edu\data\Subjects\ZYE_0085\2024-07-16\1\widefield.tar,175245737472,basler-tiff,631826,276923,560,560,4,12,34400,True,1/Basler_acA2440-75um__23040354__20240716_173308019_0001.tiff,
Y,\\sahale.biostr.washington.edu\data\Subjects\ZYE_0085\2024-07-17\1\widefield.tar,141923335680,basler-tiff,631826,224267,560,560,4,11,30864,True,1/Basler_acA2440-75um__23040354__20240717_141819430_0001.tiff,
Y,\\sahale.biostr.washington.edu\data\Subjects\ZYE_0085\2024-07-17\3\widefield.tar,74633676288,basler-tiff,631826,117936,560,560,4,11,29936,True,3/Basler_acA2440-75um__23040354__20240717_151223228_0001.tiff,
Y,\\sahale.biostr.washington.edu\data\Subjects\ZYE_0085\2024-07-18\3\widefield.tar,145450741248,basler-tiff,631826,229841,560,560,4,12,38496,True,3/Basler_acA2440-75um__23040354__20240718_152912795_0001.tiff,
Y,\\sahale.biostr.washington.edu\data\Subjects\ZYE_0085\2024-07-22\1\widefield.tar,141398085120,basler-tiff,631826,223437,560,560,4,11,30224,True,1/Basler_acA2440-75um__23040354__20240722_140902785_0001.tiff,
Y,\\sahale.biostr.washington.edu\data\Subjects\ZYE_0085\2024-07-22\7\widefield.tar,119257191936,basler-tiff,631826,188450,560,560,4,11,28800,True,7/Basler_acA2440-75um__23040354__20240722_164222340_0001.tiff,
Y,\\sahale.biostr.washington.edu\data\Subjects\ZYE_0085\2024-07-22\9\widefield.tar,65436728832,basler-tiff,631826,103403,560,560,4,11,30176,True,9/Basler_acA2440-75um__23040354__20240722_172829074_0001.tiff,
Y,\\sahale.biostr.washington.edu\data\Subjects\ZYE_0085\2024-07-23\1\widefield.tar,170666565120,basler-tiff,631826,269687,560,560,4,12,53520,True,1/Basler_acA2440-75um__23040354__20240723_134748236_0001.tiff,
Y,\\sahale.biostr.washington.edu\data\Subjects\ZYE_0085\2024-07-23\3\widefield.tar,91330315776,basler-tiff,631826,144320,560,560,4,12,40144,True,3/Basler_acA2440-75um__23040354__20240723_145258028_0001.tiff,
Y,\\sahale.biostr.washington.edu\data\Subjects\ZYE_0085\2024-07-24\1\widefield.tar,212070231552,basler-tiff,631826,335113,560,560,4,11,28736,True,1/Basler_acA2440-75um__23040354__20240724_140459063_0001.tiff,
Y,\\sahale.biostr.washington.edu\data\Subjects\ZYE_0085\2024-07-24\3\widefield.tar,58590119424,basler-tiff,631826,92584,560,560,4,11,28336,True,3/Basler_acA2440-75um__23040354__20240724_152654204_0001.tiff,
Y,\\sahale.biostr.washington.edu\data\Subjects\ZYE_0085\2024-07-25\1\widefield.tar,45648072192,basler-tiff,631826,72133,560,560,4,11,30272,True,1/Basler_acA2440-75um__23040354__20240725_202644852_0001.tiff,
Y,\\sahale.biostr.washington.edu\data\Subjects\ZYE_0085\2024-07-25\3\widefield.tar,224438932992,basler-tiff,631826,354658,560,560,4,11,28656,True,3/Basler_acA2440-75um__23040354__20240725_204600698_0001.tiff,
Y,\\sahale.biostr.washington.edu\data\Subjects\ZYE_0085\2024-07-25\5\widefield.tar,75862636032,basler-tiff,631826,119878,560,560,4,11,29872,True,5/Basler_acA2440-75um__23040354__20240725_221546459_0001.tiff,
Y,\\sahale.biostr.washington.edu\data\Subjects\ZYE_0085\2024-07-26\1\widefield.tar,128953443840,basler-tiff,631826,203772,560,560,4,12,36304,True,1/Basler_acA2440-75um__23040354__20240726_142237949_0001.tiff,
Y,\\sahale.biostr.washington.edu\data\Subjects\ZYE_0085\2024-07-26\3\widefield.tar,59903878656,basler-tiff,631826,94660,560,560,4,12,33984,True,3/Basler_acA2440-75um__23040354__20240726_151236077_0001.tiff,
Y,\\sahale.biostr.washington.edu\data\Subjects\ZYE_0085\2024-07-26\5\widefield.tar,35707547136,basler-tiff,631826,56425,560,560,4,12,34160,True,5/Basler_acA2440-75um__23040354__20240726_153924039_0001.tiff,
Y,\\sahale.biostr.washington.edu\data\Subjects\ZYE_0085\2024-07-27\1\widefield.tar,18828652032,basler-tiff,631826,29753,560,560,4,11,28768,True,1/Basler_acA2440-75um__23040354__20240727_170013068_0001.tiff,
Y,\\sahale.biostr.washington.edu\data\Subjects\ZYE_0085\2024-07-27\3\widefield.tar,161963226624,basler-tiff,631826,255934,560,560,4,11,28528,True,3/Basler_acA2440-75um__23040354__20240727_170903418_0001.tiff,
Y,\\sahale.biostr.washington.edu\data\Subjects\ZYE_0085\2024-07-27\5\widefield.tar,61735927296,basler-tiff,631826,97555,560,560,4,12,33584,True,5/Basler_acA2440-75um__23040354__20240727_181315164_0001.tiff,
Y,\\sahale.biostr.washington.edu\data\Subjects\ZYE_0085\2024-07-28\1\widefield.tar,160426710528,basler-tiff,631826,253506,560,560,4,12,38096,True,1/Basler_acA2440-75um__23040354__20240728_154508078_0001.tiff,
Y,\\sahale.biostr.washington.edu\data\Subjects\ZYE_0085\2024-07-28\3\widefield.tar,61631510016,basler-tiff,631826,97390,560,560,4,12,36928,True,3/Basler_acA2440-75um__23040354__20240728_164651312_0001.tiff,
Y,\\sahale.biostr.washington.edu\data\Subjects\ZYE_0085\2024-07-29\7\widefield.tar,211481064960,basler-tiff,631826,334182,560,560,4,11,23120,True,7/Basler_acA2440-75um__23040354__20240729_143006611_0001.tiff,
Y,\\sahale.biostr.washington.edu\data\Subjects\ZYE_0085\2024-07-29\9\widefield.tar,76103745024,basler-tiff,631826,120259,560,560,4,11,25088,True,9/Basler_acA2440-75um__23040354__20240729_155026252_0001.tiff,
Y,\\sahale.biostr.washington.edu\data\Subjects\ZYE_0085\2024-09-08\1\widefield.tar,141819551232,basler-tiff,631826,224103,560,560,4,12,49568,True,1/Basler_acA2440-75um__23040354__20240908_150518713_0001.tiff,
Y,\\sahale.biostr.washington.edu\data\Subjects\ZYE_0085\2025-01-31\2\widefield.tar,61727700480,basler-tiff,631826,97542,560,560,4,11,30976,True,2/Basler_acA2440-75um__23040354__20250131_141142124_0001.tiff,
Y,\\sahale.biostr.washington.edu\data\Subjects\ZYE_0085\2025-01-31\6\widefield.tar,48757808640,basler-tiff,631826,77047,560,560,4,11,29952,True,6/Basler_acA2440-75um__23040354__20250131_162752620_0001.tiff,
Y,\\sahale.biostr.washington.edu\data\Subjects\AL_0047\2026-02-25\1\widefield.tar,18636903936,basler-tiff,631826,29450,560,560,4,10,8208,True,1/Basler_acA2440-75um__23040354__20260225_151339009_0001.tiff,
Y,\\sahale.biostr.washington.edu\data\Subjects\AL_0047\2026-02-27\1\widefield.tar,75082987008,basler-tiff,631826,118646,560,560,4,10,15872,True,1/Basler_acA2440-75um__23040354__20260227_095256077_0001.tiff,
Y,\\sahale.biostr.washington.edu\data\Subjects\AL_0047\2026-02-27\3\widefield.tar,69556465152,basler-tiff,631826,109913,560,560,4,11,20768,True,3/Basler_acA2440-75um__23040354__20260227_102335940_0001.tiff,
Y,\\sahale.biostr.washington.edu\data\Subjects\AL_0030\2024-01-18\2\widefield.tar,135088750080,basler-tiff,631826,213467,560,560,4,12,65296,True,2/Basler_acA2440-75um__23040354__20240118_135221774_0001.tiff,
Y,\\sahale.biostr.washington.edu\data\Subjects\AL_0030\2024-01-19\3\widefield.tar,81944784384,basler-tiff,631826,129489,560,560,4,12,65520,True,3/Basler_acA2440-75um__23040354__20240119_134958907_0001.tiff,
Y,\\sahale.biostr.washington.edu\data\Subjects\AL_0030\2024-01-22\2\widefield.tar,113090244096,basler-tiff,631826,178705,560,560,4,12,65520,True,2/Basler_acA2440-75um__23040354__20240122_151717796_0001.tiff,
Y,\\sahale.biostr.washington.edu\data\Subjects\AL_0030\2024-01-22\5\widefield.tar,14565262848,basler-tiff,631826,23016,560,560,4,12,49088,True,5/Basler_acA2440-75um__23040354__20240122_160228076_0001.tiff,
Y,\\sahale.biostr.washington.edu\data\Subjects\AL_0030\2024-01-23\1\widefield.tar,136961096192,basler-tiff,631826,216425,560,560,4,12,65520,True,1/Basler_acA2440-75um__23040354__20240123_135129885_0001.tiff,
Y,\\sahale.biostr.washington.edu\data\Subjects\AL_0030\2024-01-25\1\widefield.tar,70188031488,basler-tiff,631826,110911,560,560,4,12,42896,True,1/Basler_acA2440-75um__23040354__20240125_144607338_0001.tiff,
Y,\\sahale.biostr.washington.edu\data\Subjects\ZYE_0016\2020-11-06\1\widefield.tar,26199344640,basler-tiff,528530,49488,512,512,4,12,63984,True,1/Basler_acA2440-75um__23040354__20201106_181023247_0001.tiff,
Y,\\sahale.biostr.washington.edu\data\Subjects\ZYE_0016\2020-12-03\1\widefield.tar,32570769920,basler-tiff,528530,61523,512,512,4,12,61456,True,1/Basler_acA2440-75um__23040354__20201203_191700339_0001.tiff,
Y,\\sahale.biostr.washington.edu\data\Subjects\ZYE_0016\2020-12-21\1\widefield.tar,144413504000,basler-tiff,528530,272783,512,512,4,12,65520,True,1/Basler_acA2440-75um__23040354__20201221_174749467_0001.tiff,
Y,\\sahale.biostr.washington.edu\data\Subjects\ZYE_0016\2021-02-16\3\widefield.tar,96691078656,basler-tiff,528530,182640,512,512,4,12,65520,True,3/Basler_acA2440-75um__23040354__20210216_161417861_0001.tiff,
Y,\\sahale.biostr.washington.edu\data\Subjects\ZYE_0016\2021-02-25\1\widefield.tar,59319638528,basler-tiff,528530,112049,512,512,4,12,65520,True,1/Basler_acA2440-75um__23040354__20210225_152021440_0001.tiff,
Y,\\sahale.biostr.washington.edu\data\Subjects\ZYE_0016\2021-02-26\1\widefield.tar,6643013120,basler-tiff,528530,12548,512,512,4,12,65520,True,1/Basler_acA2440-75um__23040354__20210226_171209239_0001.tiff,
Y,\\sahale.biostr.washington.edu\data\Subjects\ZYE_0016\2021-02-26\2\widefield.tar,49776000512,basler-tiff,528530,94022,512,512,4,12,65520,True,2/Basler_acA2440-75um__23040354__20210226_173956795_0001.tiff,
Y,\\sahale.biostr.washington.edu\data\Subjects\ZYE_0059\2022-03-08\1\widefield.tar,40885378560,basler-tiff,631826,64607,560,560,4,12,65520,True,1/Basler_acA2440-75um__23040354__20220308_184139648_0001.tiff,
Y,\\sahale.biostr.washington.edu\data\Subjects\ZYE_0059\2022-03-09\1\widefield.tar,199512313344,basler-tiff,631826,315269,560,560,4,12,65520,True,1/Basler_acA2440-75um__23040354__20220309_184621139_0001.tiff,
Y,\\sahale.biostr.washington.edu\data\Subjects\ZYE_0059\2022-03-14\1\widefield.tar,227937861120,basler-tiff,631826,360187,560,560,4,12,61008,True,1/Basler_acA2440-75um__23040354__20220314_170349432_0001.tiff,
Y,\\sahale.biostr.washington.edu\data\Subjects\ZYE_0059\2022-03-15\1\widefield.tar,117575124480,basler-tiff,631826,185792,560,560,4,12,65520,True,1/Basler_acA2440-75um__23040354__20220315_170140947_0001.tiff,
Y,\\sahale.biostr.washington.edu\data\Subjects\ZYE_0059\2022-03-15\5\widefield.tar,130988631552,basler-tiff,631826,206988,560,560,4,12,64368,True,5/Basler_acA2440-75um__23040354__20220315_180856096_0001.tiff,
Y,\\sahale.biostr.washington.edu\data\Subjects\ZYE_0059\2022-03-16\1\widefield.tar,184138292736,basler-tiff,631826,290975,560,560,4,12,65520,True,1/Basler_acA2440-75um__23040354__20220316_183201056_0001.tiff,
Y,\\sahale.biostr.washington.edu\data\Subjects\ZYE_0053\2021-12-17\2\widefield.tar,36089777664,basler-tiff,631826,57029,560,560,4,12,65520,True,2/Basler_acA2440-75um__23040354__20211217_175334184_0001.tiff,
Y,\\sahale.biostr.washington.edu\data\Subjects\ZYE_0053\2021-12-19\2\widefield.tar,164673013248,basler-tiff,631826,260216,560,560,4,12,65520,True,2/Basler_acA2440-75um__23040354__20211219_161943759_0001.tiff,
Y,\\sahale.biostr.washington.edu\data\Subjects\ZYE_0053\2021-12-20\1\widefield.tar,149805891072,basler-tiff,631826,236723,560,560,4,12,51248,True,1/Basler_acA2440-75um__23040354__20211220_155304507_0001.tiff,
Y,\\sahale.biostr.washington.edu\data\Subjects\ZYE_0053\2021-12-20\5\widefield.tar,29047623168,basler-tiff,631826,45901,560,560,4,12,49072,True,5/Basler_acA2440-75um__23040354__20211220_165813584_0001.tiff,
Y,\\sahale.biostr.washington.edu\data\Subjects\ZYE_0053\2021-12-21\1\widefield.tar,124045831680,basler-tiff,631826,196017,560,560,4,12,65280,True,1/Basler_acA2440-75um__23040354__20211221_165843261_0001.tiff,
Y,\\sahale.biostr.washington.edu\data\Subjects\ZYE_0053\2021-12-22\1\widefield.tar,138167477760,basler-tiff,631826,218332,560,560,4,12,65520,True,1/Basler_acA2440-75um__23040354__20211222_172115169_0001.tiff,
Y,\\sahale.biostr.washington.edu\data\Subjects\ZYE_0053\2022-01-01\4\widefield.tar,83814170112,basler-tiff,631826,132443,560,560,4,12,65520,True,4/Basler_acA2440-75um__23040354__20220101_183041892_0001.tiff,
Y,\\sahale.biostr.washington.edu\data\Subjects\ZYE_0053\2022-01-02\1\widefield.tar,157273941504,basler-tiff,631826,248524,560,560,4,12,65520,True,1/Basler_acA2440-75um__23040354__20220102_131655325_0001.tiff,
Y,\\sahale.biostr.washington.edu\data\Subjects\ZYE_0053\2022-01-04\1\widefield.tar,129575517696,basler-tiff,631826,204755,560,560,4,12,65520,True,1/Basler_acA2440-75um__23040354__20220104_175442674_0001.tiff,
Y,\\sahale.biostr.washington.edu\data\Subjects\AB_0032\2024-03-12\1\widefield.tar,129452748288,basler-tiff,631826,204561,560,560,4,12,40864,True,1/Basler_acA2440-75um__23040354__20240312_151045310_0001.tiff,
Y,\\sahale.biostr.washington.edu\data\Subjects\AB_0032\2024-03-13\1\widefield.tar,192130960896,basler-tiff,631826,303605,560,560,4,12,49920,True,1/Basler_acA2440-75um__23040354__20240313_103439023_0001.tiff,
Y,\\sahale.biostr.washington.edu\data\Subjects\AB_0032\2024-03-14\1\widefield.tar,185266632192,basler-tiff,631826,292758,560,560,4,12,39440,True,1/Basler_acA2440-75um__23040354__20240314_114610868_0001.tiff,
Y,\\sahale.biostr.washington.edu\data\Subjects\AB_0032\2024-04-05\1\widefield.tar,12751827968,basler-tiff,631826,20150,560,560,4,12,45024,False,1/Basler_acA2440-75um__23040354__20240405_092839502_0001.tiff,
Y,\\sahale.biostr.washington.edu\data\Subjects\AB_0032\2024-04-15\1\widefield.tar,183547860480,basler-tiff,631826,290042,560,560,4,12,65520,True,1/Basler_acA2440-75um__23040354__20240415_140822963_0001.tiff,
Y,\\sahale.biostr.washington.edu\data\Subjects\AB_0032\2024-04-16\1\widefield.tar,344282758656,basler-tiff,631826,544035,560,560,4,12,51552,False,1/Basler_acA2440-75um__23040354__20240416_161922785_0001.tiff,
Y,\\sahale.biostr.washington.edu\data\Subjects\AB_0032\2024-04-25\1\widefield.tar,184153480704,basler-tiff,631826,290999,560,560,4,12,34048,True,1/Basler_acA2440-75um__23040354__20240425_114834665_0001.tiff,
Y,\\sahale.biostr.washington.edu\data\Subjects\AB_0032\2024-04-30\1\widefield.tar,194390171136,basler-tiff,631826,307175,560,560,4,12,60256,False,1/Basler_acA2440-75um__23040354__20240430_162134953_0001.tiff,
Y,\\sahale.biostr.washington.edu\data\Subjects\AB_0032\2024-05-02\1\widefield.tar,210604592640,basler-tiff,631826,332797,560,560,4,11,28032,False,1/Basler_acA2440-75um__23040354__20240502_111836165_0001.tiff,
Y,\\sahale.biostr.washington.edu\data\Subjects\AB_0032\2024-05-09\1\widefield.tar,115275412992,basler-tiff,631826,182158,560,560,4,11,31792,True,1/Basler_acA2440-75um__23040354__20240509_112920260_0001.tiff,
Y,\\sahale.biostr.washington.edu\data\Subjects\AB_0032\2024-05-12\1\widefield.tar,103766730240,basler-tiff,631826,163972,560,560,4,12,39088,True,1/Basler_acA2440-75um__23040354__20240512_114238322_0001.tiff,
Y,\\sahale.biostr.washington.edu\data\Subjects\AB_0032\2024-05-21\1\widefield.tar,96594212352,basler-tiff,631826,152638,560,560,4,12,33552,True,1/Basler_acA2440-75um__23040354__20240521_163312055_0001.tiff,
Y,\\sahale.biostr.washington.edu\data\Subjects\AB_0032\2024-05-23\1\widefield.tar,90602558976,basler-tiff,631826,143170,560,560,4,11,28144,True,1/Basler_acA2440-75um__23040354__20240523_113236819_0001.tiff,
Y,\\sahale.biostr.washington.edu\data\Subjects\AB_0032\2024-05-25\1\widefield.tar,92016938496,basler-tiff,631826,145405,560,560,4,12,50608,True,1/Basler_acA2440-75um__23040354__20240525_115642185_0001.tiff,
Y,\\sahale.biostr.washington.edu\data\Subjects\AB_0032\2024-06-12\1\widefield.tar,1024,,0,0,0,0,-1,0,0,False,,
Y,\\sahale.biostr.washington.edu\data\Subjects\AB_0032\2024-06-20\3\widefield.tar,96484099584,basler-tiff,631826,152464,560,560,4,12,37472,True,3/Basler_acA2440-75um__23040354__20240620_115544744_0001.tiff,
Y,\\sahale.biostr.washington.edu\data\Subjects\AB_0032\2024-06-21\1\widefield.tar,180702647808,basler-tiff,631826,285546,560,560,4,12,43872,True,1/Basler_acA2440-75um__23040354__20240621_152019353_0001.tiff,
Y,\\sahale.biostr.washington.edu\data\Subjects\AB_0032\2024-06-25\1\widefield.tar,29458963968,basler-tiff,631826,46551,560,560,4,12,62368,True,1/Basler_acA2440-75um__23040354__20240625_141341197_0001.tiff,
Y,\\sahale.biostr.washington.edu\data\Subjects\AB_0032\2024-06-27\1\widefield.tar,193293473280,basler-tiff,631826,305442,560,560,4,12,57424,True,1/Basler_acA2440-75um__23040354__20240627_131536714_0001.tiff,
Y,\\sahale.biostr.washington.edu\data\Subjects\AB_0032\2024-06-28\1\widefield.tar,267169648128,basler-tiff,631826,422181,560,560,4,12,42112,True,1/Basler_acA2440-75um__23040354__20240628_095601817_0001.tiff,
Y,\\sahale.biostr.washington.edu\data\Subjects\AB_0032\2024-07-08\1\widefield.tar,151111423488,basler-tiff,631826,238786,560,560,4,12,64320,True,1/Basler_acA2440-75um__23040354__20240708_102421148_0001.tiff,
Y,\\sahale.biostr.washington.edu\data\Subjects\AB_0032\2024-07-19\1\widefield.tar,148181411328,basler-tiff,631826,234156,560,560,4,12,41664,True,1/Basler_acA2440-75um__23040354__20240719_094812788_0001.tiff,
Y,\\sahale.biostr.washington.edu\data\Subjects\AB_0032\2024-07-24\1\widefield.tar,246396304896,basler-tiff,631826,389355,560,560,4,12,57520,True,1/Basler_acA2440-75um__23040354__20240724_105934495_0001.tiff,
Y,\\sahale.biostr.washington.edu\data\Subjects\AB_0032\2024-07-26\1\widefield.tar,103462970880,basler-tiff,631826,163492,560,560,4,12,65520,True,1/Basler_acA2440-75um__23040354__20240726_093941704_0001.tiff,
Y,\\sahale.biostr.washington.edu\data\Subjects\AB_0032\2024-07-29\1\widefield.tar,206220332544,basler-tiff,631826,325869,560,560,4,12,48048,True,1/Basler_acA2440-75um__23040354__20240729_093814952_0001.tiff,
Y,\\sahale.biostr.washington.edu\data\Subjects\AB_0032\2024-08-12\5\widefield.tar,1536,,0,0,0,0,-1,0,0,False,,
Y,\\sahale.biostr.washington.edu\data\Subjects\AB_0032\2024-08-13\2\widefield.tar,193300434432,basler-tiff,631826,305453,560,560,4,11,26656,True,2/Basler_acA2440-75um__23040354__20240813_141708065_0001.tiff,
Y,\\sahale.biostr.washington.edu\data\Subjects\AB_0032\2024-08-14\1\widefield.tar,226635492864,basler-tiff,631826,358129,560,560,4,12,33392,True,1/Basler_acA2440-75um__23040354__20240814_110559594_0001.tiff,
Y,\\sahale.biostr.washington.edu\data\Subjects\SM_0001\2020-09-03\1\widefield.tar,27998839296,basler-tiff,604506,46265,521,576,4,12,65520,True,1/Basler_acA2440-75um__23040354__20200903_202833496_0001.tiff,
Y,\\sahale.biostr.washington.edu\data\Subjects\SM_0001\2020-09-29\1\widefield.tar,78817735168,basler-tiff,528530,148879,512,512,4,12,65520,True,1/Basler_acA2440-75um__23040354__20200929_145559482_0001.tiff,
Y,\\sahale.biostr.washington.edu\data\Subjects\SM_0001\2020-11-06\2\widefield.tar,36208861696,basler-tiff,528530,68395,512,512,4,12,65520,True,2/Basler_acA2440-75um__23040354__20201106_172350904_0001.tiff,
Y,\\sahale.biostr.washington.edu\data\Subjects\ZYE_0069\2023-07-14\4\widefield.tar,46744770048,basler-tiff,631826,73866,560,560,4,12,65520,True,4/Basler_acA2440-75um__23040354__20230714_111200519_0001.tiff,
Y,\\sahale.biostr.washington.edu\data\Subjects\ZYE_0069\2023-07-14\6\widefield.tar,52787049984,basler-tiff,631826,83414,560,560,4,12,65520,True,6/Basler_acA2440-75um__23040354__20230714_141008374_0001.tiff,
Y,\\sahale.biostr.washington.edu\data\Subjects\ZYE_0069\2023-07-17\1\widefield.tar,97092883968,basler-tiff,631826,153426,560,560,4,12,65520,True,1/Basler_acA2440-75um__23040354__20230717_135546076_0001.tiff,
Y,\\sahale.biostr.washington.edu\data\Subjects\ZYE_0069\2023-07-19\1\widefield.tar,48121812480,basler-tiff,631826,76042,560,560,4,12,65520,True,1/Basler_acA2440-75um__23040354__20230719_102133640_0001.tiff,
Y,\\sahale.biostr.washington.edu\data\Subjects\ZYE_0069\2023-07-27\3\widefield.tar,74742523392,basler-tiff,631826,118108,560,560,4,12,65520,True,3/Basler_acA2440-75um__23040354__20230727_111600863_0001.tiff,
Y,\\sahale.biostr.washington.edu\data\Subjects\ZYE_0069\2023-08-16\1\widefield.tar,61504310784,basler-tiff,631826,97189,560,560,4,12,65520,True,1/Basler_acA2440-75um__23040354__20230816_102555967_0001.tiff,
Y,\\sahale.biostr.washington.edu\data\Subjects\ZYE_0069\2023-08-17\5\widefield.tar,269463664128,basler-tiff,631826,425806,560,560,4,12,65520,True,5/Basler_acA2440-75um__23040354__20230817_104905307_0001.tiff,
Y,\\sahale.biostr.washington.edu\data\Subjects\ZYE_0069\2023-08-22\1\widefield.tar,56832744960,basler-tiff,631826,89807,560,560,4,12,64096,True,1/Basler_acA2440-75um__23040354__20230822_135053950_0001.tiff,
Y,\\sahale.biostr.washington.edu\data\Subjects\ZYE_0069\2023-08-24\4\widefield.tar,244725628416,basler-tiff,631826,386715,560,560,4,12,65072,True,4/Basler_acA2440-75um__23040354__20230824_141845554_0001.tiff,
Y,\\sahale.biostr.washington.edu\data\Subjects\ZYE_0069\2023-09-06\1\widefield.tar,96571430400,basler-tiff,631826,152602,560,560,4,12,65520,True,1/Basler_acA2440-75um__23040354__20230906_132846926_0001.tiff,
Y,\\sahale.biostr.washington.edu\data\Subjects\ZYE_0069\2023-10-03\1\widefield.tar,64093859328,basler-tiff,631826,101281,560,560,4,12,65520,True,1/Basler_acA2440-75um__23040354__20231003_123031079_0001.tiff,
Y,\\sahale.biostr.washington.edu\data\Subjects\ZYE_0069\2023-11-20\1\widefield.tar,293244225024,basler-tiff,631826,463384,560,560,4,12,65520,True,1/Basler_acA2440-75um__23040354__20231120_144552083_0001.tiff,
Y,\\sahale.biostr.washington.edu\data\Subjects\ZYE_0087\2024-05-23\1\widefield.tar,36902966784,basler-tiff,631826,58314,560,560,4,11,17952,True,1/Basler_acA2440-75um__23040354__20240523_154511786_0001.tiff,
Y,\\sahale.biostr.washington.edu\data\Subjects\ZYE_0087\2024-05-23\5\widefield.tar,112184028672,basler-tiff,631826,177273,560,560,4,10,11552,True,5/Basler_acA2440-75um__23040354__20240523_160352545_0001.tiff,
Y,\\sahale.biostr.washington.edu\data\Subjects\ZYE_0087\2024-08-19\1\widefield.tar,140232408576,basler-tiff,631826,221595,560,560,4,12,39232,True,1/Basler_acA2440-75um__23040354__20240819_095357763_0001.tiff,
Y,\\sahale.biostr.washington.edu\data\Subjects\ZYE_0087\2024-09-04\1\widefield.tar,29556420096,basler-tiff,631826,46705,560,560,4,11,27456,True,1/Basler_acA2440-75um__23040354__20240904_180540718_0001.tiff,
Y,\\sahale.biostr.washington.edu\data\Subjects\ZYE_0087\2024-09-05\1\widefield.tar,107489048064,basler-tiff,631826,169854,560,560,4,11,27152,True,1/Basler_acA2440-75um__23040354__20240905_161945166_0001.tiff,
Y,\\sahale.biostr.washington.edu\data\Subjects\ZYE_0087\2024-09-06\1\widefield.tar,51044230656,basler-tiff,631826,80660,560,560,4,11,24112,True,1/Basler_acA2440-75um__23040354__20240906_155006783_0001.tiff,
Y,\\sahale.biostr.washington.edu\data\Subjects\ZYE_0087\2024-09-06\2\widefield.tar,112980131328,basler-tiff,631826,178531,560,560,4,11,27360,True,2/Basler_acA2440-75um__23040354__20240906_161412067_0001.tiff,
Y,\\sahale.biostr.washington.edu\data\Subjects\ZYE_0087\2024-09-06\3\widefield.tar,142322652672,basler-tiff,631826,224898,560,560,4,11,24048,True,3/Basler_acA2440-75um__23040354__20240906_191647690_0001.tiff,
Y,\\sahale.biostr.washington.edu\data\Subjects\ZYE_0087\2024-09-07\1\widefield.tar,145658942976,basler-tiff,631826,230170,560,560,4,12,33248,True,1/Basler_acA2440-75um__23040354__20240907_165001956_0001.tiff,
Y,\\sahale.biostr.washington.edu\data\Subjects\AL_0045\2026-01-29\2\widefield.tar,161347481088,basler-tiff,631826,254961,560,560,4,11,25664,True,2/Basler_acA2440-75um__23040354__20260129_131744033_0001.tiff,
Y,\\sahale.biostr.washington.edu\data\Subjects\AL_0045\2026-01-30\1\widefield.tar,232043042304,basler-tiff,631826,366674,560,560,4,11,18464,True,1/Basler_acA2440-75um__23040354__20260130_110638020_0001.tiff,
Y,\\sahale.biostr.washington.edu\data\Subjects\AL_0045\2026-02-05\1\widefield.tar,91951757824,basler-tiff,631826,145302,560,560,4,11,16656,True,1/Basler_acA2440-75um__23040354__20260205_113016403_0001.tiff,
Y,\\sahale.biostr.washington.edu\data\Subjects\AL_0045\2026-02-06\1\widefield.tar,82021989888,basler-tiff,631826,129611,560,560,4,11,19552,True,1/Basler_acA2440-75um__23040354__20260206_103902660_0001.tiff,
Y,\\sahale.biostr.washington.edu\data\Subjects\AL_0045\2026-02-09\1\widefield.tar,60355730432,basler-tiff,631826,95374,560,560,4,10,14928,True,1/Basler_acA2440-75um__23040354__20260209_134139811_0001.tiff,
Y,\\sahale.biostr.washington.edu\data\Subjects\AL_0032\2024-04-09\1\widefield.tar,138663618048,basler-tiff,631826,219116,560,560,4,12,65520,False,1/Basler_acA2440-75um__23040354__20240409_161852466_0001.tiff,
Y,\\sahale.biostr.washington.edu\data\Subjects\AL_0032\2024-04-14\1\widefield.tar,160635545088,basler-tiff,631826,253836,560,560,4,12,65520,False,1/Basler_acA2440-75um__23040354__20240414_152259891_0001.tiff,
Y,\\sahale.biostr.washington.edu\data\Subjects\AL_0032\2024-04-19\1\widefield.tar,197884669440,basler-tiff,631826,312697,560,560,4,12,65520,True,1/Basler_acA2440-75um__23040354__20240419_093257440_0001.tiff,
Y,\\sahale.biostr.washington.edu\data\Subjects\AL_0032\2024-04-19\2\widefield.tar,171086765568,basler-tiff,631826,270351,560,560,4,12,65520,False,2/Basler_acA2440-75um__23040354__20240419_131640137_0001.tiff,
Y,\\sahale.biostr.washington.edu\data\Subjects\AL_0032\2024-04-27\1\widefield.tar,164628082176,basler-tiff,631826,260145,560,560,4,12,40384,True,1/Basler_acA2440-75um__23040354__20240427_111331624_0001.tiff,
Y,\\sahale.biostr.washington.edu\data\Subjects\AL_0032\2024-04-28\1\widefield.tar,151915752960,basler-tiff,631826,240057,560,560,4,12,65520,True,1/Basler_acA2440-75um__23040354__20240428_161653176_0001.tiff,
Y,\\sahale.biostr.washington.edu\data\Subjects\AL_0032\2024-05-12\1\widefield.tar,143971180032,basler-tiff,631826,227503,560,560,4,12,35248,False,1/Basler_acA2440-75um__23040354__20240512_103212647_0001.tiff,
Y,\\sahale.biostr.washington.edu\data\Subjects\AL_0032\2024-05-15\1\widefield.tar,189282584064,basler-tiff,631826,299104,560,560,4,12,35696,False,1/Basler_acA2440-75um__23040354__20240515_131615234_0001.tiff,
Y,\\sahale.biostr.washington.edu\data\Subjects\AL_0032\2024-06-10\1\widefield.tar,118348445184,basler-tiff,631826,187014,560,560,4,12,60224,True,1/Basler_acA2440-75um__23040354__20240610_103337642_0001.tiff,
Y,\\sahale.biostr.washington.edu\data\Subjects\AL_0032\2024-06-11\1\widefield.tar,102883296768,basler-tiff,631826,162576,560,560,4,12,41632,True,1/Basler_acA2440-75um__23040354__20240611_095556184_0001.tiff,
Y,\\sahale.biostr.washington.edu\data\Subjects\AL_0032\2024-06-12\1\old_widefield.tar,4236177920,basler-tiff,631826,6694,560,560,4,12,65520,False,1/Basler_acA2440-75um__23040354__20240612_160432023_0001.tiff,
Y,\\sahale.biostr.washington.edu\data\Subjects\AL_0032\2024-06-12\1\widefield.tar,184983123456,basler-tiff,631826,292310,560,560,4,12,65520,False,1/Basler_acA2440-75um__23040354__20240612_160432023_0001.tiff,
Y,\\sahale.biostr.washington.edu\data\Subjects\AL_0038\2024-12-20\3\widefield.tar,20048119296,basler-tiff,631826,31680,560,560,4,11,24672,True,3/Basler_acA2440-75um__23040354__20241220_174438051_0001.tiff,
Y,\\sahale.biostr.washington.edu\data\Subjects\AL_0038\2024-12-27\1\widefield.tar,120905719296,basler-tiff,631826,191055,560,560,4,10,9392,True,1/Basler_acA2440-75um__23040354__20241227_111449909_0001.tiff,
Y,\\sahale.biostr.washington.edu\data\Subjects\AL_0038\2025-01-06\1\widefield.tar,129166075392,basler-tiff,631826,204108,560,560,4,12,49088,True,1/Basler_acA2440-75um__23040354__20250106_131223967_0001.tiff,
Y,\\sahale.biostr.washington.edu\data\Subjects\AL_0038\2025-02-18\1\widefield.tar,183488374272,basler-tiff,631826,289948,560,560,4,12,33648,True,1/Basler_acA2440-75um__23040354__20250218_123346458_0001.tiff,
Y,\\sahale.biostr.washington.edu\data\Subjects\AL_0038\2025-03-04\1\widefield.tar,135523505664,basler-tiff,631826,214154,560,560,4,12,33008,True,1/Basler_acA2440-75um__23040354__20250304_164033655_0001.tiff,
Y,\\sahale.biostr.washington.edu\data\Subjects\AL_0038\2025-04-04\2\widefield.tar,136100648448,basler-tiff,631826,215066,560,560,4,11,23632,True,2/Basler_acA2440-75um__23040354__20250404_164021882_0001.tiff,
Y,\\sahale.biostr.washington.edu\data\Subjects\AL_0038\2025-04-16\1\widefield.tar,36945999360,basler-tiff,631826,58382,560,560,4,10,12208,True,1/Basler_acA2440-75um__23040354__20250416_154436015_0001.tiff,
Y,\\sahale.biostr.washington.edu\data\Subjects\AL_0038\2025-05-01\1\widefield.tar,49505816064,basler-tiff,631826,78229,560,560,4,12,65520,True,1/Basler_acA2440-75um__23040354__20250501_125636509_0001.tiff,
Y,\\sahale.biostr.washington.edu\data\Subjects\AL_0038\2025-05-02\1\widefield.tar,232521255424,basler-tiff,631826,367429,560,560,4,12,33264,True,1/Basler_acA2440-75um__23040354__20250502_111554354_0001.tiff,
Y,\\sahale.biostr.washington.edu\data\Subjects\ZYE_0014\2020-10-26\1\widefield.tar,27482629632,basler-tiff,528530,51912,512,512,4,12,65520,True,1/Basler_acA2440-75um__23040354__20201026_142628834_0001.tiff,
Y,\\sahale.biostr.washington.edu\data\Subjects\ZYE_0014\2020-10-28\1\widefield.tar,142943867392,basler-tiff,528530,270007,512,512,4,12,65520,True,1/Basler_acA2440-75um__23040354__20201028_151451865_0001.tiff,
Y,\\sahale.biostr.washington.edu\data\Subjects\ZYE_0014\2020-12-09\1\widefield.tar,154680313344,basler-tiff,528530,292176,512,512,4,12,64320,True,1/Basler_acA2440-75um__23040354__20201209_154357684_0001.tiff,
Y,\\sahale.biostr.washington.edu\data\Subjects\ZYE_0014\2020-12-10\1\widefield.tar,136994380288,basler-tiff,528530,258769,512,512,4,12,52848,True,1/Basler_acA2440-75um__23040354__20201210_115630246_0001.tiff,
Y,\\sahale.biostr.washington.edu\data\Subjects\ZYE_0014\2020-12-22\1\widefield.tar,133426170368,basler-tiff,528530,252029,512,512,4,12,65520,True,1/Basler_acA2440-75um__23040354__20201222_130355328_0001.tiff,
Y,\\sahale.biostr.washington.edu\data\Subjects\ZYE_0014\2020-12-23\1\widefield.tar,137754610176,basler-tiff,528530,260205,512,512,4,12,65520,True,1/Basler_acA2440-75um__23040354__20201223_111753827_0001.tiff,
Y,\\sahale.biostr.washington.edu\data\Subjects\ZYE_0014\2021-04-06\3\widefield.tar,134946100736,basler-tiff,528530,254900,512,512,4,12,65520,True,3/Basler_acA2440-75um__23040354__20210406_155952326_0001.tiff,
Y,\\sahale.biostr.washington.edu\data\Subjects\ZYE_0014\2021-04-17\1\widefield.tar,19459980800,basler-tiff,528530,36758,512,512,4,12,65520,True,1/Basler_acA2440-75um__23040354__20210417_173834153_0001.tiff,
Y,\\sahale.biostr.washington.edu\data\Subjects\ZYE_0014\2021-04-17\2\widefield.tar,21343085056,basler-tiff,528530,40315,512,512,4,12,65520,True,2/Basler_acA2440-75um__23040354__20210417_181600907_0001.tiff,
Y,\\sahale.biostr.washington.edu\data\Subjects\ZYE_0051\2021-12-15\1\widefield.tar,32014972416,basler-tiff,631826,50590,560,560,4,12,65520,True,1/Basler_acA2440-75um__23040354__20211215_171806089_0001.tiff,
Y,\\sahale.biostr.washington.edu\data\Subjects\ZYE_0051\2021-12-15\3\widefield.tar,49309638144,basler-tiff,631826,77919,560,560,4,12,65520,True,3/Basler_acA2440-75um__23040354__20211215_173747453_0001.tiff,
Y,\\sahale.biostr.washington.edu\data\Subjects\ZYE_0051\2022-02-21\1\widefield.tar,93286399488,basler-tiff,631826,147411,560,560,4,12,65520,True,1/Basler_acA2440-75um__23040354__20220221_200339153_0001.tiff,
Y,\\sahale.biostr.washington.edu\data\Subjects\ZYE_0026\2021-01-13\1\widefield.tar,35019281920,basler-tiff,528530,66148,512,512,4,12,65520,True,1/Basler_acA2440-75um__23040354__20210113_145137298_0001.tiff,
Y,\\sahale.biostr.washington.edu\data\Subjects\ZYE_0026\2021-02-16\2\widefield.tar,66316824064,basler-tiff,528530,125266,512,512,4,12,65520,True,2/Basler_acA2440-75um__23040354__20210216_171820794_0001.tiff,
Y,\\sahale.biostr.washington.edu\data\Subjects\ZYE_0026\2021-03-19\1\widefield.tar,146463371776,basler-tiff,528530,276655,512,512,4,12,65520,True,1/Basler_acA2440-75um__23040354__20210319_131120556_0001.tiff,
Y,\\sahale.biostr.washington.edu\data\Subjects\ZYE_0026\2021-03-22\1\widefield.tar,147369188864,basler-tiff,528530,278366,512,512,4,12,65520,True,1/Basler_acA2440-75um__23040354__20210322_114627289_0001.tiff,
Y,\\sahale.biostr.washington.edu\data\Subjects\ZYE_0007\2020-07-25\1\widefield.tar,34580052480,basler-tiff,581778,59349,512,564,4,12,65520,True,1/Basler_acA2440-75um__23040354__20200725_161551372_0001.tiff,
Y,\\sahale.biostr.washington.edu\data\Subjects\ZYE_0007\2020-07-29\1\widefield.tar,31907714048,basler-tiff,496538,64181,481,512,4,12,65520,True,1/Basler_acA2440-75um__23040354__20200729_120733341_0001.tiff,
Y,\\sahale.biostr.washington.edu\data\Subjects\ZYE_0070\2023-01-13\1\widefield.tar,32773105152,basler-tiff,631826,51788,560,560,4,12,65520,True,1/Basler_acA2440-75um__23040354__20230113_173513475_0001.tiff,
Y,\\sahale.biostr.washington.edu\data\Subjects\ZYE_0070\2023-01-14\1\widefield.tar,145237476864,basler-tiff,631826,229504,560,560,4,12,48064,True,1/Basler_acA2440-75um__23040354__20230114_150721357_0001.tiff,
Y,\\sahale.biostr.washington.edu\data\Subjects\ZYE_0070\2023-01-15\1\widefield.tar,157096748544,basler-tiff,631826,248244,560,560,4,12,65520,True,1/Basler_acA2440-75um__23040354__20230115_113031336_0001.tiff,
Y,\\sahale.biostr.washington.edu\data\Subjects\ZYE_0070\2023-01-16\1\widefield.tar,169521139200,basler-tiff,631826,267877,560,560,4,12,65520,True,1/Basler_acA2440-75um__23040354__20230116_150351512_0001.tiff,
Y,\\sahale.biostr.washington.edu\data\Subjects\ZYE_0070\2023-01-16\5\widefield.tar,119009121792,basler-tiff,631826,188058,560,560,4,12,65520,True,5/Basler_acA2440-75um__23040354__20230116_161516191_0001.tiff,
Y,\\sahale.biostr.washington.edu\data\Subjects\ZYE_0070\2023-01-17\1\widefield.tar,98346323968,basler-tiff,608450,161414,551,548,4,12,65520,True,1/Basler_acA2440-75um__23040354__20230117_122144205_0001.tiff,
Y,\\sahale.biostr.washington.edu\data\Subjects\ZYE_0070\2023-01-17\5\widefield.tar,98346323968,basler-tiff,608450,161414,551,548,4,12,65520,True,5/Basler_acA2440-75um__23040354__20230117_122144205_0001.tiff,
Y,\\sahale.biostr.washington.edu\data\Subjects\XL_004\2026-06-03\1\widefield.tar,54753259008,basler-tiff,631826,86521,560,560,4,12,33888,True,1/Basler_acA2440-75um__23040354__20260603_163545335_0001.tiff,
Y,\\sahale.biostr.washington.edu\data\Subjects\XL_004\2026-06-04\3\widefield.tar,48764136960,basler-tiff,631826,77057,560,560,4,10,8608,True,3/Basler_acA2440-75um__23040354__20260604_132114289_0001.tiff,
Y,\\sahale.biostr.washington.edu\data\Subjects\XL_004\2026-06-17\1\widefield.tar,64246371840,basler-tiff,631826,101522,560,560,4,11,32400,True,1/Basler_acA2440-75um__23040354__20260617_154337570_0001.tiff,
Y,\\sahale.biostr.washington.edu\data\Subjects\ZYE_0094\2025-06-03\1\widefield.tar,38788173312,basler-tiff,631826,61293,560,560,4,11,21392,True,1/Basler_acA2440-75um__23040354__20250603_170630153_0001.tiff,
Y,\\sahale.biostr.washington.edu\data\Subjects\ZYE_0094\2025-06-16\3\widefield.tar,135494395392,basler-tiff,631826,214108,560,560,4,9,7744,True,3/Basler_acA2440-75um__23040354__20250616_171616515_0001.tiff,
Y,\\sahale.biostr.washington.edu\data\Subjects\ZYE_0094\2025-06-17\1\widefield.tar,114315406848,basler-tiff,631826,180641,560,560,4,9,6992,True,1/Basler_acA2440-75um__23040354__20250617_163301353_0001.tiff,
Y,\\sahale.biostr.washington.edu\data\Subjects\ZYE_0094\2025-06-17\3\widefield.tar,115937988096,basler-tiff,631826,183205,560,560,4,9,6960,True,3/Basler_acA2440-75um__23040354__20250617_171747107_0001.tiff,
Y,\\sahale.biostr.washington.edu\data\Subjects\ZYE_0094\2025-06-18\1\widefield.tar,121148093952,basler-tiff,631826,191438,560,560,4,10,9008,True,1/Basler_acA2440-75um__23040354__20250618_110329063_0001.tiff,
Y,\\sahale.biostr.washington.edu\data\Subjects\ZYE_0094\2025-06-18\3\widefield.tar,128208600576,basler-tiff,631826,202595,560,560,4,10,9744,True,3/Basler_acA2440-75um__23040354__20250618_115325116_0001.tiff,
Y,\\sahale.biostr.washington.edu\data\Subjects\ZYE_0094\2025-06-19\1\widefield.tar,97550421504,basler-tiff,631826,154149,560,560,4,10,9616,True,1/Basler_acA2440-75um__23040354__20250619_153721228_0001.tiff,
Y,\\sahale.biostr.washington.edu\data\Subjects\ZYE_0094\2025-06-21\2\widefield.tar,114849517056,basler-tiff,631826,181485,560,560,4,10,11184,True,2/Basler_acA2440-75um__23040354__20250621_165852797_0001.tiff,
Y,\\sahale.biostr.washington.edu\data\Subjects\ZYE_0094\2025-06-21\3\widefield.tar,97718754816,basler-tiff,631826,154415,560,560,4,9,8000,True,3/Basler_acA2440-75um__23040354__20250621_181359849_0001.tiff,
Y,\\sahale.biostr.washington.edu\data\Subjects\ZYE_0094\2025-06-22\1\widefield.tar,95384870400,basler-tiff,631826,150727,560,560,4,9,7808,True,1/Basler_acA2440-75um__23040354__20250622_153640992_0001.tiff,
Y,\\sahale.biostr.washington.edu\data\Subjects\ZYE_0094\2025-06-24\1\widefield.tar,95058329088,basler-tiff,631826,150211,560,560,4,10,9696,True,1/Basler_acA2440-75um__23040354__20250624_163931381_0001.tiff,
Y,\\sahale.biostr.washington.edu\data\Subjects\ZYE_0094\2025-07-10\1\widefield.tar,131416425984,basler-tiff,631826,207664,560,560,4,10,10640,True,1/Basler_acA2440-75um__23040354__20250710_141048588_0001.tiff,
Y,\\sahale.biostr.washington.edu\data\Subjects\ZYE_0094\2025-07-16\1\widefield.tar,103338935808,basler-tiff,631826,163296,560,560,4,12,48720,True,1/Basler_acA2440-75um__23040354__20250716_110343900_0001.tiff,
Y,\\sahale.biostr.washington.edu\data\Subjects\ZYE_0094\2025-07-18\1\widefield.tar,163887035904,basler-tiff,631826,258974,560,560,4,11,20960,True,1/Basler_acA2440-75um__23040354__20250718_160641337_0001.tiff,
Y,\\sahale.biostr.washington.edu\data\Subjects\ZYE_0094\2025-07-19\1\widefield.tar,134328086016,basler-tiff,631826,212265,560,560,4,11,22176,True,1/Basler_acA2440-75um__23040354__20250719_140759813_0001.tiff,
Y,\\sahale.biostr.washington.edu\data\Subjects\ZYE_0094\2025-07-20\1\widefield.tar,126525900288,basler-tiff,631826,199936,560,560,4,11,22624,True,1/Basler_acA2440-75um__23040354__20250720_140903939_0001.tiff,
Y,\\sahale.biostr.washington.edu\data\Subjects\ZYE_0094\2025-07-21\1\widefield.tar,130255179264,basler-tiff,631826,205829,560,560,4,12,41680,True,1/Basler_acA2440-75um__23040354__20250721_140408669_0001.tiff,
Y,\\sahale.biostr.washington.edu\data\Subjects\ZYE_0094\2025-07-26\1\widefield.tar,102434618880,basler-tiff,631826,161867,560,560,4,11,19744,True,1/Basler_acA2440-75um__23040354__20250726_173130255_0001.tiff,
Y,\\sahale.biostr.washington.edu\data\Subjects\FD_006\2025-08-15\1\widefield.tar,28691971584,basler-tiff,631826,45339,560,560,4,10,15456,True,1/Basler_acA2440-75um__23040354__20250815_135232460_0001.tiff,
Y,\\sahale.biostr.washington.edu\data\Subjects\FD_006\2025-08-18\1\widefield.tar,82844671488,basler-tiff,631826,130911,560,560,4,9,6480,True,1/Basler_acA2440-75um__23040354__20250818_160133752_0001.tiff,
Y,\\sahale.biostr.washington.edu\data\Subjects\FD_006\2025-11-05\1\widefield.tar,55010821632,basler-tiff,631826,86928,560,560,4,10,9440,True,1/Basler_acA2440-75um__23040354__20251105_101824104_0001.tiff,
Y,\\sahale.biostr.washington.edu\data\Subjects\FD_006\2025-11-10\3\widefield.tar,89602051584,basler-tiff,631826,141589,560,560,4,10,11600,True,3/Basler_acA2440-75um__23040354__20251110_175230547_0001.tiff,
Y,\\sahale.biostr.washington.edu\data\Subjects\FD_006\2025-11-18\1\widefield.tar,29092554240,basler-tiff,631826,45972,560,560,4,11,22544,True,1/Basler_acA2440-75um__23040354__20251118_120812214_0001.tiff,
Y,\\sahale.biostr.washington.edu\data\Subjects\FD_006\2025-11-18\7\widefield.tar,20318971392,basler-tiff,631826,32108,560,560,4,11,20432,True,7/Basler_acA2440-75um__23040354__20251118_123732976_0001.tiff,
Y,\\sahale.biostr.washington.edu\data\Subjects\FD_006\2025-11-20\2\widefield.tar,70009572864,basler-tiff,631826,110629,560,560,4,12,47920,True,2/Basler_acA2440-75um__23040354__20251120_141306484_0001.tiff,
Y,\\sahale.biostr.washington.edu\data\Subjects\FD_006\2025-11-26\1\widefield.tar,79180574208,basler-tiff,631826,125121,560,560,4,10,15568,True,1/Basler_acA2440-75um__23040354__20251126_171810484_0001.tiff,
Y,\\sahale.biostr.washington.edu\data\Subjects\FD_006\2025-12-10\5\widefield.tar,88164890112,basler-tiff,631826,139318,560,560,4,10,13760,True,5/Basler_acA2440-75um__23040354__20251210_114646481_0001.tiff,
Y,\\sahale.biostr.washington.edu\data\Subjects\FD_006\2025-12-15\4\widefield.tar,90465234432,basler-tiff,631826,142953,560,560,4,11,17856,True,4/Basler_acA2440-75um__23040354__20251215_143259688_0001.tiff,
Y,\\sahale.biostr.washington.edu\data\Subjects\ZYE_0035\2021-05-12\2\widefield.tar,71820549632,basler-tiff,528530,135662,512,512,4,12,65520,True,2/Basler_acA2440-75um__23040354__20210512_171843554_0001.tiff,
Y,\\sahale.biostr.washington.edu\data\Subjects\ZYE_0035\2021-07-01\1\widefield.tar,67204641280,basler-tiff,528530,126943,512,512,4,12,65520,True,1/Basler_acA2440-75um__23040354__20210701_171823296_0001.tiff,
Y,\\sahale.biostr.washington.edu\data\Subjects\ZYE_0035\2021-07-05\1\widefield.tar,64301367808,basler-tiff,528530,121459,512,512,4,12,65520,True,1/Basler_acA2440-75um__23040354__20210705_180317043_0001.tiff,
Y,\\sahale.biostr.washington.edu\data\Subjects\ZYE_0035\2021-07-17\1\widefield.tar,1570225664,basler-tiff,528530,2966,512,512,4,12,65520,True,1/Basler_acA2440-75um__23040354__20210717_183300025_0001.tiff,
Y,\\sahale.biostr.washington.edu\data\Subjects\ZYE_0035\2021-07-17\2\widefield.tar,33242059264,basler-tiff,528530,62791,512,512,4,12,65520,True,2/Basler_acA2440-75um__23040354__20210717_183808352_0001.tiff,
Y,\\sahale.biostr.washington.edu\data\Subjects\ZYE_0035\2021-07-18\1\widefield.tar,69127451136,basler-tiff,528530,130575,512,512,4,12,65520,True,1/Basler_acA2440-75um__23040354__20210718_002017872_0001.tiff,
Y,\\sahale.biostr.washington.edu\data\Subjects\ZYE_0048\2021-10-08\1\widefield.tar,37454163456,basler-tiff,631826,59185,560,560,4,12,62064,True,1/Basler_acA2440-75um__23040354__20211008_182113002_0001.tiff,
Y,\\sahale.biostr.washington.edu\data\Subjects\ZYE_0048\2021-10-11\1\widefield.tar,67411164672,basler-tiff,631826,106523,560,560,4,12,65520,True,1/Basler_acA2440-75um__23040354__20211011_174314206_0001.tiff,
Y,\\sahale.biostr.washington.edu\data\Subjects\ZYE_0048\2021-12-03\3\widefield.tar,62635181568,basler-tiff,631826,98976,560,560,4,12,65520,True,3/Basler_acA2440-75um__23040354__20211203_094251247_0001.tiff,
Y,\\sahale.biostr.washington.edu\data\Subjects\ZYE_0048\2021-12-07\1\widefield.tar,193068185088,basler-tiff,631826,305086,560,560,4,12,65072,True,1/Basler_acA2440-75um__23040354__20211207_161908846_0001.tiff,
Y,\\sahale.biostr.washington.edu\data\Subjects\ZYE_0048\2021-12-08\1\widefield.tar,29167228416,basler-tiff,631826,46090,560,560,4,12,54064,True,1/Basler_acA2440-75um__23040354__20211208_133811921_0001.tiff,
Y,\\sahale.biostr.washington.edu\data\Subjects\ZYE_0048\2021-12-08\6\widefield.tar,75598745088,basler-tiff,631826,119461,560,560,4,12,65520,True,6/Basler_acA2440-75um__23040354__20211208_171427580_0001.tiff,
Y,\\sahale.biostr.washington.edu\data\Subjects\ZYE_0048\2021-12-10\1\widefield.tar,70022229504,basler-tiff,631826,110649,560,560,4,12,65520,True,1/Basler_acA2440-75um__23040354__20211210_163457078_0001.tiff,
Y,\\sahale.biostr.washington.edu\data\Subjects\ZYE_0045\2021-09-21\1\widefield.tar,39538712064,basler-tiff,631826,62479,560,560,4,12,65520,True,1/Basler_acA2440-75um__23040354__20210921_150756648_0001.tiff,
Y,\\sahale.biostr.washington.edu\data\Subjects\ZYE_0045\2021-09-22\1\widefield.tar,184080072192,basler-tiff,631826,290883,560,560,4,12,65520,True,1/Basler_acA2440-75um__23040354__20210922_144214299_0001.tiff,
Y,\\sahale.biostr.washington.edu\data\Subjects\ZYE_0045\2021-09-23\2\widefield.tar,96866962944,basler-tiff,631826,153069,560,560,4,12,65520,True,2/Basler_acA2440-75um__23040354__20210923_195219014_0001.tiff,
Y,\\sahale.biostr.washington.edu\data\Subjects\ZYE_0038\2021-07-21\1\widefield.tar,51692986880,basler-tiff,528530,97643,512,512,4,12,65520,True,1/Basler_acA2440-75um__23040354__20210721_222337210_0001.tiff,
Y,\\sahale.biostr.washington.edu\data\Subjects\ZYE_0038\2021-07-21\2\widefield.tar,39130664448,basler-tiff,528530,73914,512,512,4,12,64256,True,2/Basler_acA2440-75um__23040354__20210721_225033305_0001.tiff,
Y,\\sahale.biostr.washington.edu\data\Subjects\ZYE_0038\2021-09-01\1\widefield.tar,160886779392,basler-tiff,631826,254233,560,560,4,12,65520,True,1/Basler_acA2440-75um__23040354__20210901_151238097_0001.tiff,
Y,\\sahale.biostr.washington.edu\data\Subjects\ZYE_0038\2021-09-02\2\widefield.tar,146985991680,basler-tiff,631826,232267,560,560,4,12,65520,True,2/Basler_acA2440-75um__23040354__20210902_210715980_0001.tiff,
Y,\\sahale.biostr.washington.edu\data\Subjects\AL_0014\2022-08-08\1\widefield.tar,128783844864,basler-tiff,631826,203504,560,560,4,12,65520,True,1/Basler_acA2440-75um__23040354__20220808_142417051_0001.tiff,
Y,\\sahale.biostr.washington.edu\data\Subjects\AL_0014\2022-08-09\2\widefield.tar,138402258432,basler-tiff,631826,218703,560,560,4,12,65520,True,2/Basler_acA2440-75um__23040354__20220809_103342211_0001.tiff,
Y,\\sahale.biostr.washington.edu\data\Subjects\AL_0014\2022-08-15\1\widefield.tar,72019446272,basler-tiff,631826,113805,560,560,4,12,65520,True,1/Basler_acA2440-75um__23040354__20220815_140205286_0001.tiff,
Y,\\sahale.biostr.washington.edu\data\Subjects\AL_0014\2022-08-17\1\widefield.tar,159801472512,basler-tiff,631826,252518,560,560,4,12,64064,True,1/Basler_acA2440-75um__23040354__20220817_100300582_0001.tiff,
Y,\\sahale.biostr.washington.edu\data\Subjects\LK_0001\2021-03-08\1\widefield.tar,31601953280,basler-tiff,528530,59693,512,512,4,12,65520,True,1/Basler_acA2440-75um__23040354__20210308_160914415_0001.tiff,
Y,\\sahale.biostr.washington.edu\data\Subjects\LK_0001\2021-03-09\5\widefield.tar,43224047104,basler-tiff,528530,81646,512,512,4,12,65520,True,5/Basler_acA2440-75um__23040354__20210309_182712018_0001.tiff,
Y,\\sahale.biostr.washington.edu\data\Subjects\LK_0001\2021-04-06\2\widefield.tar,286064026112,basler-tiff,528530,540347,512,512,4,12,65520,True,2/Basler_acA2440-75um__23040354__20210406_175029257_0001.tiff,
Y,\\sahale.biostr.washington.edu\data\Subjects\LK_0001\2021-04-07\1\widefield.tar,267944507904,basler-tiff,528530,506121,512,512,4,12,65520,True,1/Basler_acA2440-75um__23040354__20210407_180400500_0001.tiff,
Y,\\sahale.biostr.washington.edu\data\Subjects\LK_0001\2021-04-13\3\widefield.tar,2532160000,basler-tiff,528530,4783,512,512,4,12,65520,True,3/Basler_acA2440-75um__23040354__20210413_143203842_0001.tiff,
Y,\\sahale.biostr.washington.edu\data\Subjects\LK_0001\2021-04-13\5\widefield.tar,2524748288,basler-tiff,528530,4769,512,512,4,12,65520,True,5/Basler_acA2440-75um__23040354__20210413_143440539_0001.tiff,
Y,\\sahale.biostr.washington.edu\data\Subjects\LK_0001\2021-04-22\1\widefield.tar,3229390336,basler-tiff,528530,6100,512,512,4,12,65520,True,1/Basler_acA2440-75um__23040354__20210422_145021199_0001.tiff,
Y,\\sahale.biostr.washington.edu\data\Subjects\LK_0001\2021-04-22\3\widefield.tar,3268037120,basler-tiff,528530,6173,512,512,4,12,65520,True,3/Basler_acA2440-75um__23040354__20210422_145245076_0001.tiff,
Y,\\sahale.biostr.washington.edu\data\Subjects\LK_0001\2021-04-22\5\widefield.tar,3049391616,basler-tiff,528530,5760,512,512,4,12,65520,True,5/Basler_acA2440-75um__23040354__20210422_145507502_0001.tiff,
Y,\\sahale.biostr.washington.edu\data\Subjects\LK_0001\2021-09-16\1\widefield.tar,32276332032,basler-tiff,631826,51003,560,560,4,12,65520,True,1/Basler_acA2440-75um__23040354__20210916_173058633_0001.tiff,
Y,\\sahale.biostr.washington.edu\data\Subjects\FD_001\2025-05-14\1\widefield.tar,30468963840,basler-tiff,631826,48147,560,560,4,10,8432,True,1/Basler_acA2440-75um__23040354__20250514_095654242_0001.tiff,
Y,\\sahale.biostr.washington.edu\data\Subjects\FD_001\2025-05-20\1\widefield.tar,85002628608,basler-tiff,631826,134321,560,560,4,10,13104,True,1/Basler_acA2440-75um__23040354__20250520_111231337_0001.tiff,
Y,\\sahale.biostr.washington.edu\data\Subjects\FD_001\2025-05-30\1\widefield.tar,29520981504,basler-tiff,631826,46649,560,560,4,10,16336,True,1/Basler_acA2440-75um__23040354__20250530_110627180_0001.tiff,
Y,\\sahale.biostr.washington.edu\data\Subjects\FD_001\2025-06-11\3\widefield.tar,51386592768,basler-tiff,631826,81201,560,560,4,11,18880,True,3/Basler_acA2440-75um__23040354__20250611_121711586_0001.tiff,
Y,\\sahale.biostr.washington.edu\data\Subjects\FD_001\2025-07-27\1\widefield.tar,54307112448,basler-tiff,631826,85816,560,560,4,9,5520,True,1/Basler_acA2440-75um__23040354__20250727_124831664_0001.tiff,
Y,\\sahale.biostr.washington.edu\data\Subjects\FD_001\2025-07-28\1\widefield.tar,65219667456,basler-tiff,631826,103060,560,560,4,9,7536,True,1/Basler_acA2440-75um__23040354__20250728_101124804_0001.tiff,
Y,\\sahale.biostr.washington.edu\data\Subjects\FD_001\2025-08-13\1\widefield.tar,108242118144,basler-tiff,631826,171044,560,560,4,10,15184,True,1/Basler_acA2440-75um__23040354__20250813_160055686_0001.tiff,
Y,\\sahale.biostr.washington.edu\data\Subjects\FD_001\2025-08-18\1\widefield.tar,91647997440,basler-tiff,631826,144822,560,560,4,9,5936,True,1/Basler_acA2440-75um__23040354__20250818_144442459_0001.tiff,
Y,\\sahale.biostr.washington.edu\data\Subjects\FD_001\2025-08-22\1\widefield.tar,113815469568,basler-tiff,631826,179851,560,560,4,9,6672,True,1/Basler_acA2440-75um__23040354__20250822_162247018_0001.tiff,
Y,\\sahale.biostr.washington.edu\data\Subjects\FD_001\2025-10-03\1\widefield.tar,96563836416,basler-tiff,631826,152590,560,560,4,11,21984,True,1/Basler_acA2440-75um__23040354__20251003_134720994_0001.tiff,
Y,\\sahale.biostr.washington.edu\data\Subjects\FD_001\2025-10-08\1\widefield.tar,25751834112,basler-tiff,631826,40693,560,560,4,10,9024,True,1/Basler_acA2440-75um__23040354__20251008_152153115_0001.tiff,
Y,\\sahale.biostr.washington.edu\data\Subjects\FD_001\2025-10-08\4\widefield.tar,99990621696,basler-tiff,631826,158005,560,560,4,10,13744,True,4/Basler_acA2440-75um__23040354__20251008_153820240_0001.tiff,
Y,\\sahale.biostr.washington.edu\data\Subjects\FD_001\2025-10-09\1\widefield.tar,28753356288,basler-tiff,631826,45436,560,560,4,10,11792,True,1/Basler_acA2440-75um__23040354__20251009_112910831_0001.tiff,
Y,\\sahale.biostr.washington.edu\data\Subjects\FD_001\2025-10-09\3\widefield.tar,91711913472,basler-tiff,631826,144923,560,560,4,11,20784,True,3/Basler_acA2440-75um__23040354__20251009_114507491_0001.tiff,
Y,\\sahale.biostr.washington.edu\data\Subjects\FD_001\2025-10-10\2\widefield.tar,20123426304,basler-tiff,631826,31799,560,560,4,10,12144,True,2/Basler_acA2440-75um__23040354__20251010_163022759_0001.tiff,
Y,\\sahale.biostr.washington.edu\data\Subjects\FD_001\2025-10-10\4\widefield.tar,92831393280,basler-tiff,631826,146692,560,560,4,10,12400,True,4/Basler_acA2440-75um__23040354__20251010_164802580_0001.tiff,
Y,\\sahale.biostr.washington.edu\data\Subjects\FD_001\2025-10-13\1\widefield.tar,26938394112,basler-tiff,631826,42568,560,560,4,9,7520,True,1/Basler_acA2440-75um__23040354__20251013_164804461_0001.tiff,
Y,\\sahale.biostr.washington.edu\data\Subjects\FD_001\2025-10-13\3\widefield.tar,90730391040,basler-tiff,631826,143372,560,560,4,9,6608,True,3/Basler_acA2440-75um__23040354__20251013_170316612_0001.tiff,
Y,\\sahale.biostr.washington.edu\data\Subjects\FD_001\2025-10-16\1\widefield.tar,31385304576,basler-tiff,631826,49595,560,560,4,10,8528,True,1/Basler_acA2440-75um__23040354__20251016_134925322_0001.tiff,
Y,\\sahale.biostr.washington.edu\data\Subjects\ZYE_0077\2024-04-28\1\widefield.tar,22989522432,basler-tiff,631826,36328,560,560,4,10,15616,True,1/Basler_acA2440-75um__23040354__20240428_190412267_0001.tiff,
Y,\\sahale.biostr.washington.edu\data\Subjects\ZYE_0077\2024-05-04\2\widefield.tar,30262027776,basler-tiff,631826,47820,560,560,4,11,16656,True,2/Basler_acA2440-75um__23040354__20240504_161455543_0001.tiff,
Y,\\sahale.biostr.washington.edu\data\Subjects\ZYE_0077\2024-05-17\1\widefield.tar,103436391936,basler-tiff,631826,163450,560,560,4,10,15120,True,1/Basler_acA2440-75um__23040354__20240517_124315570_0001.tiff,
Y,\\sahale.biostr.washington.edu\data\Subjects\ZYE_0077\2024-05-30\3\widefield.tar,31668813312,basler-tiff,631826,50043,560,560,4,11,16720,True,3/Basler_acA2440-75um__23040354__20240530_174142303_0001.tiff,
Y,\\sahale.biostr.washington.edu\data\Subjects\ZYE_0077\2024-07-22\1\widefield.tar,142275190272,basler-tiff,631826,224823,560,560,4,11,25440,True,1/Basler_acA2440-75um__23040354__20240722_094925544_0001.tiff,
Y,\\sahale.biostr.washington.edu\data\Subjects\AL_0051\2026-07-29\2\widefield.tar,69433736704,frame-N,627200,110614,560,560,0,11,1834,True,2/frame-0,
Y,\\sahale.biostr.washington.edu\data\Subjects\XL_009\2026-06-03\1\widefield.tar,121628413440,basler-tiff,631826,192197,560,560,4,11,26848,True,1/Basler_acA2440-75um__23040354__20260603_123114950_0001.tiff,
Y,\\sahale.biostr.washington.edu\data\Subjects\XL_009\2026-06-17\1\widefield.tar,93950240256,basler-tiff,631826,148460,560,560,4,11,32400,True,1/Basler_acA2440-75um__23040354__20260617_145417011_0001.tiff,
Y,\\sahale.biostr.washington.edu\data\Subjects\XL_009\2026-07-23\1\widefield.tar,45832226304,basler-tiff,631826,72424,560,560,4,12,37408,True,1/Basler_acA2440-75um__23040354__20260723_120459573_0001.tiff,
Y,\\sahale.biostr.washington.edu\data\Subjects\ZYE_0093\2025-06-02\2\widefield.tar,133295304192,basler-tiff,631826,210633,560,560,4,11,20928,True,2/Basler_acA2440-75um__23040354__20250602_165211556_0001.tiff,
Y,\\sahale.biostr.washington.edu\data\Subjects\ZYE_0093\2025-06-03\1\widefield.tar,42746537472,basler-tiff,631826,67548,560,560,4,11,16416,True,1/Basler_acA2440-75um__23040354__20250603_164140815_0001.tiff,
Y,\\sahale.biostr.washington.edu\data\Subjects\ZYE_0093\2025-06-14\1\widefield.tar,43705910784,basler-tiff,631826,69064,560,560,4,10,12096,True,1/Basler_acA2440-75um__23040354__20250614_203023075_0001.tiff,
Y,\\sahale.biostr.washington.edu\data\Subjects\ZYE_0056\2021-12-18\1\widefield.tar,29541864960,basler-tiff,631826,46682,560,560,4,12,65520,True,1/Basler_acA2440-75um__23040354__20211218_201404795_0001.tiff,
Y,\\sahale.biostr.washington.edu\data\Subjects\ZYE_0056\2022-01-10\1\widefield.tar,132982052352,basler-tiff,631826,210138,560,560,4,12,65520,True,1/Basler_acA2440-75um__23040354__20220110_152907848_0001.tiff,
Y,\\sahale.biostr.washington.edu\data\Subjects\FD_012\2026-02-10\1\widefield.tar,103259198976,basler-tiff,631826,163170,560,560,4,9,7152,True,1/Basler_acA2440-75um__23040354__20260210_145445319_0001.tiff,
Y,\\sahale.biostr.washington.edu\data\Subjects\FD_012\2026-02-11\1\widefield.tar,108383239680,basler-tiff,631826,171267,560,560,4,9,6416,True,1/Basler_acA2440-75um__23040354__20260211_092753755_0001.tiff,
Y,\\sahale.biostr.washington.edu\data\Subjects\FD_012\2026-02-12\1\widefield.tar,93670528512,basler-tiff,631826,148018,560,560,4,10,15264,True,1/Basler_acA2440-75um__23040354__20260212_102737325_0001.tiff,
Y,\\sahale.biostr.washington.edu\data\Subjects\FD_012\2026-02-13\1\widefield.tar,75676583424,basler-tiff,631826,119584,560,560,4,10,11920,True,1/Basler_acA2440-75um__23040354__20260213_095224624_0001.tiff,
Y,\\sahale.biostr.washington.edu\data\Subjects\FD_012\2026-02-15\1\widefield.tar,72787705344,basler-tiff,631826,115019,560,560,4,9,6704,True,1/Basler_acA2440-75um__23040354__20260215_131645228_0001.tiff,
Y,\\sahale.biostr.washington.edu\data\Subjects\FD_012\2026-02-16\1\widefield.tar,76832134656,basler-tiff,631826,121410,560,560,4,9,5248,True,1/Basler_acA2440-75um__23040354__20260216_124841502_0001.tiff,
Y,\\sahale.biostr.washington.edu\data\Subjects\FD_012\2026-02-16\3\widefield.tar,5187360768,basler-tiff,630706,8217,560,560,4,9,5120,True,3/Basler_acA2440-75um__23040354__20260216_131523217_0000.tiff,
Y,\\sahale.biostr.washington.edu\data\Subjects\FD_012\2026-02-17\1\widefield.tar,84209057280,basler-tiff,631826,133067,560,560,4,9,5216,True,1/Basler_acA2440-75um__23040354__20260217_094816882_0001.tiff,
Y,\\sahale.biostr.washington.edu\data\Subjects\FD_012\2026-02-20\1\widefield.tar,118232004096,basler-tiff,631826,186830,560,560,4,9,7904,True,1/Basler_acA2440-75um__23040354__20260220_140201199_0001.tiff,
Y,\\sahale.biostr.washington.edu\data\Subjects\FD_012\2026-02-21\1\widefield.tar,111461967360,basler-tiff,631826,176132,560,560,4,9,6608,True,1/Basler_acA2440-75um__23040354__20260221_103245960_0001.tiff,
Y,\\sahale.biostr.washington.edu\data\Subjects\FD_012\2026-02-22\1\widefield.tar,114776108544,basler-tiff,631826,181369,560,560,4,11,21376,True,1/Basler_acA2440-75um__23040354__20260222_114244361_0001.tiff,
Y,\\sahale.biostr.washington.edu\data\Subjects\FD_012\2026-02-23\1\widefield.tar,115624103424,basler-tiff,631826,182709,560,560,4,9,6880,True,1/Basler_acA2440-75um__23040354__20260223_104935564_0001.tiff,
Y,\\sahale.biostr.washington.edu\data\Subjects\FD_012\2026-02-24\1\widefield.tar,98159838720,basler-tiff,631826,155112,560,560,4,9,5712,True,1/Basler_acA2440-75um__23040354__20260224_101311533_0001.tiff,
Y,\\sahale.biostr.washington.edu\data\Subjects\FD_012\2026-03-02\1\widefield.tar,107037206016,basler-tiff,631826,169140,560,560,4,9,5904,True,1/Basler_acA2440-75um__23040354__20260302_100102421_0001.tiff,
Y,\\sahale.biostr.washington.edu\data\Subjects\FD_012\2026-03-03\1\widefield.tar,115088727552,basler-tiff,631826,181863,560,560,4,9,4768,True,1/Basler_acA2440-75um__23040354__20260303_123839438_0001.tiff,
Y,\\sahale.biostr.washington.edu\data\Subjects\FD_012\2026-04-15\1\widefield.tar,121577154048,basler-tiff,631826,192116,560,560,4,10,9472,True,1/Basler_acA2440-75um__23040354__20260415_163742158_0001.tiff,
Y,\\sahale.biostr.washington.edu\data\Subjects\FD_012\2026-04-20\1\widefield.tar,126789158400,basler-tiff,631826,200352,560,560,4,11,19072,True,1/Basler_acA2440-75um__23040354__20260420_143211000_0001.tiff,
Y,\\sahale.biostr.washington.edu\data\Subjects\FD_012\2026-04-21\1\widefield.tar,191350289408,basler-tiff,631826,302371,560,560,4,10,10304,True,1/Basler_acA2440-75um__23040354__20260421_161727110_0001.tiff,
Y,\\sahale.biostr.washington.edu\data\Subjects\FD_012\2026-04-23\1\widefield.tar,192299276288,basler-tiff,631826,303870,560,560,4,9,7808,True,1/Basler_acA2440-75um__23040354__20260423_160521622_0001.tiff,
Y,\\sahale.biostr.washington.edu\data\Subjects\FD_012\2026-05-05\1\widefield.tar,126363262464,basler-tiff,631826,199679,560,560,4,9,7456,True,1/Basler_acA2440-75um__23040354__20260505_110712602_0001.tiff,
Y,\\sahale.biostr.washington.edu\data\Subjects\FD_012\2026-05-06\1\widefield.tar,130003312128,basler-tiff,631826,205431,560,560,4,10,12752,True,1/Basler_acA2440-75um__23040354__20260506_103955140_0001.tiff,
Y,\\sahale.biostr.washington.edu\data\Subjects\ZYE_0080\2024-04-29\2\widefield.tar,29079264768,basler-tiff,631826,45951,560,560,4,12,41712,True,2/Basler_acA2440-75um__23040354__20240429_195829390_0001.tiff,
Y,\\sahale.biostr.washington.edu\data\Subjects\AL_0035\2024-08-12\1\widefield.tar,143465547264,basler-tiff,631826,226704,560,560,4,11,32256,True,1/Basler_acA2440-75um__23040354__20240812_110655550_0001.tiff,
Y,\\sahale.biostr.washington.edu\data\Subjects\AL_0035\2024-08-14\1\widefield.tar,179614176768,basler-tiff,631826,283826,560,560,4,12,65520,True,1/Basler_acA2440-75um__23040354__20240814_134936894_0001.tiff,
Y,\\sahale.biostr.washington.edu\data\Subjects\AL_0035\2024-08-16\1\widefield.tar,126138607104,basler-tiff,631826,199324,560,560,4,12,65520,True,1/Basler_acA2440-75um__23040354__20240816_125036481_0001.tiff,
Y,\\sahale.biostr.washington.edu\data\Subjects\AL_0035\2024-08-22\1\widefield.tar,129462873600,basler-tiff,631826,204577,560,560,4,12,65520,True,1/Basler_acA2440-75um__23040354__20240822_105045775_0001.tiff,
Y,\\sahale.biostr.washington.edu\data\Subjects\AL_0035\2024-08-29\1\widefield.tar,127437811200,basler-tiff,631826,201377,560,560,4,12,34384,True,1/Basler_acA2440-75um__23040354__20240829_095041482_0001.tiff,
Y,\\sahale.biostr.washington.edu\data\Subjects\AL_0035\2024-09-04\1\widefield.tar,150357087744,basler-tiff,631826,237594,560,560,4,12,65520,True,1/Basler_acA2440-75um__23040354__20240904_151117227_0001.tiff,
Y,\\sahale.biostr.washington.edu\data\Subjects\AL_0035\2024-09-10\1\widefield.tar,145750703616,basler-tiff,631826,230315,560,560,4,12,36864,True,1/Basler_acA2440-75um__23040354__20240910_135404430_0001.tiff,
Y,\\sahale.biostr.washington.edu\data\Subjects\AL_0035\2024-11-24\1\widefield.tar,1024,,0,0,0,0,-1,0,0,True,,
Y,\\sahale.biostr.washington.edu\data\Subjects\AL_0035\2024-12-05\1\widefield.tar,41725779456,basler-tiff,631826,65935,560,560,4,12,50272,True,1/Basler_acA2440-75um__23040354__20241205_153059881_0001.tiff,
Y,\\sahale.biostr.washington.edu\data\Subjects\AL_0035\2024-12-09\1\widefield.tar,149788804608,basler-tiff,631826,236696,560,560,4,12,65520,True,1/Basler_acA2440-75um__23040354__20241209_140840917_0001.tiff,
Y,\\sahale.biostr.washington.edu\data\Subjects\AL_0035\2024-12-19\2\widefield.tar,131862572544,basler-tiff,631826,208369,560,560,4,12,47600,False,2/Basler_acA2440-75um__23040354__20241219_103415963_0001.tiff,
Y,\\sahale.biostr.washington.edu\data\Subjects\AL_0035\2025-01-08\1\widefield.tar,233308706304,basler-tiff,631826,368674,560,560,4,12,65520,True,1/Basler_acA2440-75um__23040354__20250108_141937365_0001.tiff,
Y,\\sahale.biostr.washington.edu\data\Subjects\AL_0035\2025-01-11\1\widefield.tar,117675744768,basler-tiff,631826,185951,560,560,4,12,62128,True,1/Basler_acA2440-75um__23040354__20250111_131819808_0001.tiff,
Y,\\sahale.biostr.washington.edu\data\Subjects\AL_0035\2025-01-12\1\widefield.tar,106182882816,basler-tiff,631826,167790,560,560,4,12,65520,True,1/Basler_acA2440-75um__23040354__20250112_142104903_0001.tiff,
Y,\\sahale.biostr.washington.edu\data\Subjects\AL_0035\2025-01-19\1\widefield.tar,187434714624,basler-tiff,631826,296184,560,560,4,12,65520,True,1/Basler_acA2440-75um__23040354__20250119_141102603_0001.tiff,
Y,\\sahale.biostr.washington.edu\data\Subjects\AL_0035\2025-01-25\1\widefield.tar,169686941184,basler-tiff,631826,268139,560,560,4,12,65520,True,1/Basler_acA2440-75um__23040354__20250125_140522216_0001.tiff,
Y,\\sahale.biostr.washington.edu\data\Subjects\AL_0035\2025-04-11\1\widefield.tar,125613356544,basler-tiff,631826,198494,560,560,4,12,56032,True,1/Basler_acA2440-75um__23040354__20250411_145121861_0001.tiff,
Y,\\sahale.biostr.washington.edu\data\Subjects\AL_0035\2025-04-14\1\widefield.tar,128922435072,basler-tiff,631826,203723,560,560,4,12,42832,True,1/Basler_acA2440-75um__23040354__20250414_133000345_0001.tiff,
Y,\\sahale.biostr.washington.edu\data\Subjects\AL_0035\2025-04-24\1\widefield.tar,244069381632,basler-tiff,631826,385678,560,560,4,12,57120,True,1/Basler_acA2440-75um__23040354__20250424_112945775_0001.tiff,
Y,\\sahale.biostr.washington.edu\data\Subjects\AL_0035\2025-04-25\1\widefield.tar,181512672768,basler-tiff,631826,286826,560,560,4,12,44496,False,1/Basler_acA2440-75um__23040354__20250425_140833962_0001.tiff,
Y,\\sahale.biostr.washington.edu\data\Subjects\AL_0035\2025-04-25\2\widefield.tar,181512672768,basler-tiff,631826,286826,560,560,4,12,44496,False,1/Basler_acA2440-75um__23040354__20250425_140833962_0001.tiff,
Y,\\sahale.biostr.washington.edu\data\Subjects\AL_0035\2025-04-27\1\widefield.tar,189171838464,basler-tiff,631826,298929,560,560,4,12,36048,True,1/Basler_acA2440-75um__23040354__20250427_105846921_0001.tiff,
Y,\\sahale.biostr.washington.edu\data\Subjects\AL_0035\2025-05-01\1\widefield.tar,118668025344,basler-tiff,631826,187519,560,560,4,12,65520,True,1/Basler_acA2440-75um__23040354__20250501_095445417_0001.tiff,
Y,\\sahale.biostr.washington.edu\data\Subjects\AL_0035\2025-05-08\1\widefield.tar,115821547008,basler-tiff,631826,183021,560,560,4,12,41328,True,1/Basler_acA2440-75um__23040354__20250508_112101490_0001.tiff,
Y,\\sahale.biostr.washington.edu\data\Subjects\AL_0035\2025-05-10\1\widefield.tar,122172648960,basler-tiff,631826,193057,560,560,4,12,51456,True,1/Basler_acA2440-75um__23040354__20250510_122757829_0001.tiff,
Y,\\sahale.biostr.washington.edu\data\Subjects\AL_0035\2025-05-11\1\widefield.tar,70241189376,basler-tiff,631826,110995,560,560,4,12,65520,True,1/Basler_acA2440-75um__23040354__20250511_121320161_0001.tiff,
Y,\\sahale.biostr.washington.edu\data\Subjects\AL_0035\2025-05-24\1\widefield.tar,153477582336,basler-tiff,631826,242525,560,560,4,12,64624,True,1/Basler_acA2440-75um__23040354__20250524_124020194_0001.tiff,
Y,\\sahale.biostr.washington.edu\data\Subjects\AB_0005\2021-03-29\2\widefield.tar,64896422400,basler-tiff,528530,122583,512,512,4,12,48256,True,2/Basler_acA2440-75um__23040354__20210329_151253973_0001.tiff,
Y,\\sahale.biostr.washington.edu\data\Subjects\AB_0005\2021-03-30\1\widefield.tar,172251364864,basler-tiff,528530,325366,512,512,4,12,50880,True,1/Basler_acA2440-75um__23040354__20210330_171536503_0001.tiff,
Y,\\sahale.biostr.washington.edu\data\Subjects\AL_0048\2026-06-05\2\widefield.tar,23694874112,frame-N,627200,37748,560,560,0,12,2147,True,2/frame-0,
Y,\\sahale.biostr.washington.edu\data\Subjects\AL_0048\2026-06-07\1\widefield.tar,51576585728,frame-N,627200,82166,560,560,0,11,1702,True,1/frame-0,
Y,\\sahale.biostr.washington.edu\data\Subjects\AL_0048\2026-06-11\1\widefield.tar,4249611776,frame-N,627200,6770,560,560,0,11,2015,True,1/frame-0,
Y,\\sahale.biostr.washington.edu\data\Subjects\AL_0048\2026-06-11\2\widefield.tar,20920387072,frame-N,627200,33328,560,560,0,11,1875,True,2/frame-0,
Y,\\sahale.biostr.washington.edu\data\Subjects\AL_0048\2026-06-11\3\widefield.tar,8024044032,frame-N,627200,12783,560,560,0,11,1805,True,3/frame-0,
Y,\\sahale.biostr.washington.edu\data\Subjects\AL_0048\2026-06-11\4\widefield.tar,3331896832,frame-N,627200,5308,560,560,0,11,1793,True,4/frame-0,
Y,\\sahale.biostr.washington.edu\data\Subjects\AL_0048\2026-06-11\5\widefield.tar,12898855424,frame-N,627200,20549,560,560,0,11,1991,True,5/frame-0,
Y,\\sahale.biostr.washington.edu\data\Subjects\AL_0048\2026-06-11\6\widefield.tar,18659368448,frame-N,627200,29726,560,560,0,11,1868,True,6/frame-0,
Y,\\sahale.biostr.washington.edu\data\Subjects\AL_0048\2026-06-12\4\widefield.tar,39626204672,frame-N,627200,63128,560,560,0,11,1177,True,4/frame-0,
Y,\\sahale.biostr.washington.edu\data\Subjects\AL_0048\2026-06-20\1\widefield.tar,50766837248,frame-N,627200,80876,560,560,0,11,1487,True,1/frame-0,
Y,\\sahale.biostr.washington.edu\data\Subjects\AL_0048\2026-06-20\2\widefield.tar,34349029888,frame-N,627200,54721,560,560,0,11,1516,True,2/frame-0,
Y,\\sahale.biostr.washington.edu\data\Subjects\AL_0048\2026-06-24\2\widefield.tar,120553231872,basler-tiff,631826,190498,560,560,4,11,29232,True,2/Basler_acA2440-75um__23040354__20260624_152514924_0001.tiff,
Y,\\sahale.biostr.washington.edu\data\Subjects\AL_0048\2026-06-24\5\widefield.tar,55929768448,frame-N,627200,89101,560,560,0,11,1721,True,5/frame-0,
Y,\\sahale.biostr.washington.edu\data\Subjects\AL_0048\2026-07-01\4\widefield.tar,121280355840,basler-tiff,631826,191647,560,560,4,12,34176,True,4/Basler_acA2440-75um__23040354__20260701_160421522_0001.tiff,
Y,\\sahale.biostr.washington.edu\data\Subjects\AL_0048\2026-07-01\6\widefield.tar,59310625280,frame-N,627200,94487,560,560,0,11,1984,True,6/frame-0,
Y,\\sahale.biostr.washington.edu\data\Subjects\AL_0048\2026-07-10\3\widefield.tar,257381002752,basler-tiff,631826,406713,560,560,4,11,19920,True,3/Basler_acA2440-75um__23040354__20260710_135248221_0001.tiff,
Y,\\sahale.biostr.washington.edu\data\Subjects\AL_0048\2026-07-14\1\widefield.tar,142241423872,frame-N,627200,226603,560,560,0,11,1344,True,1/frame-0,
Y,\\sahale.biostr.washington.edu\data\Subjects\AL_0048\2026-07-15\1\widefield.tar,195134381568,basler-tiff,631826,308351,560,560,4,11,16480,True,1/Basler_acA2440-75um__23040354__20260715_104243752_0001.tiff,
Y,\\sahale.biostr.washington.edu\data\Subjects\AL_0048\2026-07-21\1\widefield.tar,188313601536,frame-N,627200,300000,560,560,0,11,1815,True,1/frame-0,
Y,\\sahale.biostr.washington.edu\data\Subjects\AL_0048\2026-07-29\2\widefield.tar,68846198272,frame-N,627200,109678,560,560,0,11,1802,True,2/frame-0,
Y,\\sahale.biostr.washington.edu\data\Subjects\ZYE_0064\2022-04-14\1\widefield.tar,38899551744,basler-tiff,631826,61469,560,560,4,12,56592,True,1/Basler_acA2440-75um__23040354__20220414_141344944_0001.tiff,
Y,\\sahale.biostr.washington.edu\data\Subjects\ZYE_0013\2020-11-11\3\widefield.tar,69989856768,basler-tiff,528530,132204,512,512,4,12,65520,True,3/Basler_acA2440-75um__23040354__20201111_141049865_0001.tiff,
Y,\\sahale.biostr.washington.edu\data\Subjects\ZYE_0060\2022-03-23\2\widefield.tar,144202796544,basler-tiff,631826,227869,560,560,4,12,65520,True,2/Basler_acA2440-75um__23040354__20220323_152559989_0001.tiff,
Y,\\sahale.biostr.washington.edu\data\Subjects\ZYE_0060\2022-03-24\1\widefield.tar,157962462720,basler-tiff,631826,249612,560,560,4,12,65520,True,1/Basler_acA2440-75um__23040354__20220324_155210957_0001.tiff,
Y,\\sahale.biostr.washington.edu\data\Subjects\ZYE_0060\2022-03-25\1\widefield.tar,157230276096,basler-tiff,631826,248455,560,560,4,12,65520,True,1/Basler_acA2440-75um__23040354__20220325_175844508_0001.tiff,
Y,\\sahale.biostr.washington.edu\data\Subjects\ZYE_0060\2022-03-26\1\widefield.tar,142178999808,basler-tiff,631826,224671,560,560,4,12,65520,True,1/Basler_acA2440-75um__23040354__20220326_204159722_0001.tiff,
Y,\\sahale.biostr.washington.edu\data\Subjects\AL_0046\2026-02-11\1\widefield.tar,36698562048,basler-tiff,631826,57991,560,560,4,12,45856,True,1/Basler_acA2440-75um__23040354__20260211_144459217_0001.tiff,
Y,\\sahale.biostr.washington.edu\data\Subjects\AL_0046\2026-02-12\1\widefield.tar,220384378368,basler-tiff,631826,348251,560,560,4,10,16064,True,1/Basler_acA2440-75um__23040354__20260212_131926907_0001.tiff,
Y,\\sahale.biostr.washington.edu\data\Subjects\AL_0046\2026-02-18\1\widefield.tar,76032867840,basler-tiff,631826,120147,560,560,4,12,56336,True,1/Basler_acA2440-75um__23040354__20260218_141700597_0001.tiff,
Y,\\sahale.biostr.washington.edu\data\Subjects\AL_0046\2026-02-18\3\widefield.tar,154372406784,basler-tiff,631826,243939,560,560,4,12,49760,True,3/Basler_acA2440-75um__23040354__20260218_144755825_0001.tiff,
Y,\\sahale.biostr.washington.edu\data\Subjects\AL_0046\2026-02-19\1\widefield.tar,80664565248,basler-tiff,631826,127466,560,560,4,11,20320,True,1/Basler_acA2440-75um__23040354__20260219_112727737_0001.tiff,
Y,\\sahale.biostr.washington.edu\data\Subjects\AL_0046\2026-02-19\2\widefield.tar,62571265536,basler-tiff,631826,98875,560,560,4,11,24128,True,2/Basler_acA2440-75um__23040354__20260219_120358756_0001.tiff,
Y,\\sahale.biostr.washington.edu\data\Subjects\AL_0046\2026-02-22\1\widefield.tar,237278461440,basler-tiff,631826,374947,560,560,4,11,27776,True,1/Basler_acA2440-75um__23040354__20260222_133042182_0001.tiff,
Y,\\sahale.biostr.washington.edu\data\Subjects\AL_0046\2026-03-02\1\widefield.tar,92707992064,basler-tiff,631826,146497,560,560,4,11,17488,True,1/Basler_acA2440-75um__23040354__20260302_135753685_0001.tiff,
Y,\\sahale.biostr.washington.edu\data\Subjects\AL_0046\2026-03-03\1\widefield.tar,95185528320,basler-tiff,631826,150412,560,560,4,10,8560,True,1/Basler_acA2440-75um__23040354__20260303_103827132_0001.tiff,
Y,\\sahale.biostr.washington.edu\data\Subjects\AL_0046\2026-03-04\1\widefield.tar,92640910848,basler-tiff,631826,146391,560,560,4,10,8944,True,1/Basler_acA2440-75um__23040354__20260304_150743011_0001.tiff,
Y,\\sahale.biostr.washington.edu\data\Subjects\AL_0046\2026-03-05\3\widefield.tar,79458387456,basler-tiff,631826,125560,560,560,4,10,10176,True,3/Basler_acA2440-75um__23040354__20260305_103827515_0001.tiff,
Y,\\sahale.biostr.washington.edu\data\Subjects\ZYE_0084\2024-04-29\1\widefield.tar,28360367616,basler-tiff,631826,44815,560,560,4,11,17536,True,1/Basler_acA2440-75um__23040354__20240429_193954934_0001.tiff,
Y,\\sahale.biostr.washington.edu\data\Subjects\ZYE_0052\2021-12-15\1\widefield.tar,34230517248,basler-tiff,631826,54091,560,560,4,12,51792,True,1/Basler_acA2440-75um__23040354__20211215_164229021_0001.tiff,
Y,\\sahale.biostr.washington.edu\data\Subjects\ZYE_0052\2021-12-18\2\widefield.tar,138743987712,basler-tiff,631826,219243,560,560,4,12,65520,True,2/Basler_acA2440-75um__23040354__20211218_181105937_0001.tiff,
Y,\\sahale.biostr.washington.edu\data\Subjects\ZYE_0052\2021-12-19\4\widefield.tar,119245800960,basler-tiff,631826,188432,560,560,4,12,65360,True,4/Basler_acA2440-75um__23040354__20211219_182908501_0001.tiff,
Y,\\sahale.biostr.washington.edu\data\Subjects\ZYE_0052\2021-12-20\1\widefield.tar,186831625728,basler-tiff,631826,295231,560,560,4,12,65520,True,1/Basler_acA2440-75um__23040354__20211220_141315535_0001.tiff,
Y,\\sahale.biostr.washington.edu\data\Subjects\ZYE_0052\2021-12-21\1\widefield.tar,132206833152,basler-tiff,631826,208913,560,560,4,12,65520,True,1/Basler_acA2440-75um__23040354__20211221_153113083_0001.tiff,
Y,\\sahale.biostr.washington.edu\data\Subjects\ZYE_0052\2021-12-22\4\widefield.tar,137740316160,basler-tiff,631826,217657,560,560,4,12,65520,True,4/Basler_acA2440-75um__23040354__20211222_154058341_0001.tiff,
Y,\\sahale.biostr.washington.edu\data\Subjects\ZYE_0052\2021-12-31\1\widefield.tar,149913472512,basler-tiff,631826,236893,560,560,4,12,65520,True,1/Basler_acA2440-75um__23040354__20211231_163251083_0001.tiff,
Y,\\sahale.biostr.washington.edu\data\Subjects\ZYE_0052\2022-01-04\1\widefield.tar,134896369152,basler-tiff,631826,213163,560,560,4,12,65520,True,1/Basler_acA2440-75um__23040354__20220104_200630947_0001.tiff,
Y,\\sahale.biostr.washington.edu\data\Subjects\ZYE_0058\2022-01-28\1\widefield.tar,38720875520,basler-tiff,724946,53371,600,600,4,12,65520,True,1/Basler_acA2440-75um__23040354__20220128_182731020_0001.tiff,
Y,\\sahale.biostr.washington.edu\data\Subjects\ZYE_0058\2022-01-29\1\widefield.tar,210177059328,basler-tiff,724946,289698,600,600,4,12,65520,True,1/Basler_acA2440-75um__23040354__20220129_200723477_0001.tiff,
Y,\\sahale.biostr.washington.edu\data\Subjects\ZYE_0058\2022-01-30\1\widefield.tar,231283421696,basler-tiff,724946,318790,600,600,4,12,65520,True,1/Basler_acA2440-75um__23040354__20220130_174122304_0001.tiff,
Y,\\sahale.biostr.washington.edu\data\Subjects\ZYE_0058\2022-01-31\1\widefield.tar,238871468032,basler-tiff,724946,329249,600,600,4,12,65520,True,1/Basler_acA2440-75um__23040354__20220131_200451292_0001.tiff,
Y,\\sahale.biostr.washington.edu\data\Subjects\ZYE_0058\2022-02-01\1\widefield.tar,227076949504,basler-tiff,724946,312992,600,600,4,12,65520,True,1/Basler_acA2440-75um__23040354__20220201_192846197_0001.tiff,
Y,\\sahale.biostr.washington.edu\data\Subjects\ZYE_0058\2022-02-02\2\widefield.tar,228953102848,basler-tiff,724946,315578,600,600,4,12,58912,True,2/Basler_acA2440-75um__23040354__20220202_190419137_0001.tiff,
Y,\\sahale.biostr.washington.edu\data\Subjects\ZYE_0058\2022-02-04\1\widefield.tar,232315088384,basler-tiff,724946,320212,600,600,4,12,43792,True,1/Basler_acA2440-75um__23040354__20220204_132123004_0001.tiff,
Y,\\sahale.biostr.washington.edu\data\Subjects\ZYE_0058\2022-03-08\2\widefield.tar,42549726720,basler-tiff,631826,67237,560,560,4,12,65520,True,2/Basler_acA2440-75um__23040354__20220308_174441489_0001.tiff,
Y,\\sahale.biostr.washington.edu\data\Subjects\ZYE_0058\2022-03-09\1\widefield.tar,254283290112,basler-tiff,631826,401818,560,560,4,12,65520,True,1/Basler_acA2440-75um__23040354__20220309_165733269_0001.tiff,
Y,\\sahale.biostr.washington.edu\data\Subjects\ZYE_0058\2022-03-10\1\widefield.tar,234162396672,basler-tiff,631826,370023,560,560,4,12,65520,True,1/Basler_acA2440-75um__23040354__20220310_163417534_0001.tiff,
Y,\\sahale.biostr.washington.edu\data\Subjects\ZYE_0058\2022-03-11\1\widefield.tar,186659495424,basler-tiff,631826,294959,560,560,4,12,65520,True,1/Basler_acA2440-75um__23040354__20220311_165545559_0001.tiff,
Y,\\sahale.biostr.washington.edu\data\Subjects\ZYE_0097\2025-07-07\1\widefield.tar,30879038976,basler-tiff,631826,48795,560,560,4,11,23312,True,1/Basler_acA2440-75um__23040354__20250707_162802738_0001.tiff,
Y,\\sahale.biostr.washington.edu\data\Subjects\ZYE_0097\2025-07-08\1\widefield.tar,111227186688,basler-tiff,631826,175761,560,560,4,11,16624,True,1/Basler_acA2440-75um__23040354__20250708_164658944_0001.tiff,
Y,\\sahale.biostr.washington.edu\data\Subjects\ZYE_0097\2025-07-09\1\widefield.tar,111025946112,basler-tiff,631826,175443,560,560,4,10,15216,True,1/Basler_acA2440-75um__23040354__20250709_164442397_0001.tiff,
Y,\\sahale.biostr.washington.edu\data\Subjects\ZYE_0097\2025-07-15\1\widefield.tar,102858616320,basler-tiff,631826,162537,560,560,4,12,48000,True,1/Basler_acA2440-75um__23040354__20250715_162012415_0001.tiff,
Y,\\sahale.biostr.washington.edu\data\Subjects\ZYE_0097\2025-07-16\1\widefield.tar,152628954624,basler-tiff,631826,241184,560,560,4,12,41888,True,1/Basler_acA2440-75um__23040354__20250716_151505199_0001.tiff,
Y,\\sahale.biostr.washington.edu\data\Subjects\ZYE_0097\2025-07-18\1\widefield.tar,142620083712,basler-tiff,631826,225368,560,560,4,12,51312,True,1/Basler_acA2440-75um__23040354__20250718_103756203_0001.tiff,
Y,\\sahale.biostr.washington.edu\data\Subjects\ZYE_0097\2025-07-19\1\widefield.tar,128705373696,basler-tiff,631826,203380,560,560,4,12,41792,True,1/Basler_acA2440-75um__23040354__20250719_164142219_0001.tiff,
Y,\\sahale.biostr.washington.edu\data\Subjects\ZYE_0097\2025-07-20\1\widefield.tar,126846113280,basler-tiff,631826,200442,560,560,4,12,42480,True,1/Basler_acA2440-75um__23040354__20250720_163428646_0001.tiff,
Y,\\sahale.biostr.washington.edu\data\Subjects\ZYE_0097\2025-07-22\1\widefield.tar,128923700736,basler-tiff,631826,203725,560,560,4,12,50304,True,1/Basler_acA2440-75um__23040354__20250722_091826305_0001.tiff,
Y,\\sahale.biostr.washington.edu\data\Subjects\ZYE_0097\2025-07-26\1\widefield.tar,149934355968,basler-tiff,631826,236926,560,560,4,12,37712,True,1/Basler_acA2440-75um__23040354__20250726_145105958_0001.tiff,
Y,\\sahale.biostr.washington.edu\data\Subjects\ZYE_0097\2025-11-18\1\widefield.tar,46691612160,basler-tiff,631826,73782,560,560,4,11,17488,True,1/Basler_acA2440-75um__23040354__20251118_110609404_0001.tiff,
Y,\\sahale.biostr.washington.edu\data\Subjects\ZYE_0097\2025-11-18\8\widefield.tar,26269490688,basler-tiff,631826,41511,560,560,4,11,16832,True,8/Basler_acA2440-75um__23040354__20251118_112748822_0001.tiff,
Y,\\sahale.biostr.washington.edu\data\Subjects\ZYE_0079\2024-04-29\1\widefield.tar,28971050496,basler-tiff,631826,45780,560,560,4,10,14144,True,1/Basler_acA2440-75um__23040354__20240429_191951136_0001.tiff,
Y,\\sahale.biostr.washington.edu\data\Subjects\ZYE_0079\2024-05-04\2\widefield.tar,14569059840,basler-tiff,631826,23022,560,560,4,10,12080,True,2/Basler_acA2440-75um__23040354__20240504_154752222_0001.tiff,
Y,\\sahale.biostr.washington.edu\data\Subjects\test\2025-02-03\3\widefield.tar,530947584,basler-tiff,631826,839,560,560,4,9,4576,True,3/Basler_acA2440-75um__23040354__20250203_110301443_0001.tiff,
Y,\\sahale.biostr.washington.edu\data\Subjects\test\2025-04-30\3\widefield.tar,36694789632,frame-N,627200,58458,560,560,0,12,3122,True,3/frame-0,
Y,\\sahale.biostr.washington.edu\data\Subjects\test\2025-11-04\1.tar,5484321280,frame-N,627200,8737,0,0,-1,0,0,False,1/frame-0,headerless frames and no meanImage.npy for geometry
Y,\\sahale.biostr.washington.edu\data\Subjects\test\2025-11-05\1\1.tar,10444501504,frame-N,627200,16639,0,0,-1,0,0,False,1/frame-0,headerless frames and no meanImage.npy for geometry
Y,\\sahale.biostr.washington.edu\data\Subjects\test\2025-12-03\1.tar,17021040128,frame-N,627200,27116,0,0,-1,0,0,False,1/frame-0,headerless frames and no meanImage.npy for geometry
Y,\\sahale.biostr.washington.edu\data\Subjects\test\2026-02-17\1\widefield.tar,1189092864,basler-tiff,631826,1879,560,560,4,12,48112,True,1/Basler_acA2440-75um__23040354__20260217_132209692_0001.tiff,
Y,\\sahale.biostr.washington.edu\data\Subjects\ZYE_0041\2021-09-02\2\widefield.tar,203848478208,basler-tiff,631826,322121,560,560,4,12,65520,True,2/Basler_acA2440-75um__23040354__20210902_163655364_0001.tiff,
Y,\\sahale.biostr.washington.edu\data\Subjects\ZYE_0041\2021-09-02\7\widefield.tar,138379476480,basler-tiff,631826,218667,560,560,4,12,65520,True,7/Basler_acA2440-75um__23040354__20210902_185357422_0001.tiff,
Y,\\sahale.biostr.washington.edu\data\Subjects\ZYE_0041\2021-09-03\1\widefield.tar,47814888960,basler-tiff,631826,75557,560,560,4,12,64720,True,1/Basler_acA2440-75um__23040354__20210903_151240498_0001.tiff,
Y,\\sahale.biostr.washington.edu\data\Subjects\ZYE_0041\2021-09-03\2\widefield.tar,175507729920,basler-tiff,631826,277337,560,560,4,12,64768,True,2/Basler_acA2440-75um__23040354__20210903_153332670_0001.tiff,
Y,\\sahale.biostr.washington.edu\data\Subjects\FD_005\2025-08-15\5\widefield.tar,24898776576,basler-tiff,631826,39345,560,560,4,10,12800,True,5/Basler_acA2440-75um__23040354__20250815_154709060_0001.tiff,
Y,\\sahale.biostr.washington.edu\data\Subjects\FD_005\2025-08-18\1\widefield.tar,73859089920,basler-tiff,631826,116712,560,560,4,10,8688,True,1/Basler_acA2440-75um__23040354__20250818_171318439_0001.tiff,
Y,\\sahale.biostr.washington.edu\data\Subjects\FD_005\2025-11-04\2\widefield.tar,80479778304,basler-tiff,631826,127174,560,560,4,11,19792,True,2/Basler_acA2440-75um__23040354__20251104_102929885_0001.tiff,
Y,\\sahale.biostr.washington.edu\data\Subjects\FD_005\2025-11-26\1\widefield.tar,76054384128,basler-tiff,631826,120181,560,560,4,12,35680,True,1/Basler_acA2440-75um__23040354__20251126_162443627_0001.tiff,
Y,\\sahale.biostr.washington.edu\data\Subjects\FD_005\2025-12-19\1\widefield.tar,117125813760,basler-tiff,631826,185082,560,560,4,11,25904,True,1/Basler_acA2440-75um__23040354__20251219_143811337_0001.tiff,
Y,\\sahale.biostr.washington.edu\data\Subjects\FD_005\2025-12-29\1\widefield.tar,93690146304,basler-tiff,631826,148049,560,560,4,10,15536,True,1/Basler_acA2440-75um__23040354__20251229_142302846_0001.tiff,
Y,\\sahale.biostr.washington.edu\data\Subjects\FD_005\2026-01-02\1\widefield.tar,97070102016,basler-tiff,631826,153390,560,560,4,11,20864,True,1/Basler_acA2440-75um__23040354__20260102_120420500_0001.tiff,
Y,\\sahale.biostr.washington.edu\data\Subjects\FD_005\2026-01-29\3\widefield.tar,74239421952,basler-tiff,631826,117313,560,560,4,9,7568,True,3/Basler_acA2440-75um__23040354__20260129_122105365_0001.tiff,
Y,\\sahale.biostr.washington.edu\data\Subjects\FD_005\2026-01-30\1\widefield.tar,76747968000,basler-tiff,631826,121277,560,560,4,9,5488,True,1/Basler_acA2440-75um__23040354__20260130_144339975_0001.tiff,
Y,\\sahale.biostr.washington.edu\data\Subjects\FD_005\2026-02-01\1\widefield.tar,27506677248,basler-tiff,631826,43466,560,560,4,10,8608,True,1/Basler_acA2440-75um__23040354__20260201_121801157_0001.tiff,
Y,\\sahale.biostr.washington.edu\data\Subjects\FD_005\2026-02-01\2\widefield.tar,43318617600,basler-tiff,631826,68452,560,560,4,10,10528,True,2/Basler_acA2440-75um__23040354__20260201_123223572_0001.tiff,
Y,\\sahale.biostr.washington.edu\data\Subjects\FD_005\2026-02-05\1\widefield.tar,61276491264,basler-tiff,631826,96829,560,560,4,9,7424,True,1/Basler_acA2440-75um__23040354__20260205_162736141_0001.tiff,
Y,\\sahale.biostr.washington.edu\data\Subjects\FD_005\2026-02-06\1\widefield.tar,115559241216,basler-tiff,631826,182606,560,560,4,9,7712,True,1/Basler_acA2440-75um__23040354__20260206_153636802_0001.tiff,
Y,\\sahale.biostr.washington.edu\data\Subjects\FD_005\2026-02-10\1\widefield.tar,25087993344,basler-tiff,631826,39644,560,560,4,11,27232,True,1/Basler_acA2440-75um__23040354__20260210_160810815_0001.tiff,
Y,\\sahale.biostr.washington.edu\data\Subjects\FD_005\2026-02-10\2\widefield.tar,36983336448,basler-tiff,631826,58441,560,560,4,11,22048,True,2/Basler_acA2440-75um__23040354__20260210_162120862_0001.tiff,
Y,\\sahale.biostr.washington.edu\data\Subjects\FD_008\2026-02-09\1\widefield.tar,37983843840,basler-tiff,631826,60022,560,560,4,11,22384,True,1/Basler_acA2440-75um__23040354__20260209_162648649_0001.tiff,
Y,\\sahale.biostr.washington.edu\data\Subjects\FD_008\2026-06-15\1\widefield.tar,60256998912,basler-tiff,631826,95218,560,560,4,11,23440,True,1/Basler_acA2440-75um__23040354__20260615_104436738_0001.tiff,
Y,\\sahale.biostr.washington.edu\data\Subjects\FD_008\2026-06-16\1\widefield.tar,62849711616,basler-tiff,631826,99315,560,560,4,12,39856,True,1/Basler_acA2440-75um__23040354__20260616_095036823_0001.tiff,
Y,\\sahale.biostr.washington.edu\data\Subjects\FD_008\2026-06-17\2\widefield.tar,58299016704,basler-tiff,631826,92124,560,560,4,11,27888,True,2/Basler_acA2440-75um__23040354__20260617_102100530_0001.tiff,
Y,\\sahale.biostr.washington.edu\data\Subjects\FD_008\2026-06-18\1\widefield.tar,84932384256,basler-tiff,631826,134210,560,560,4,11,25456,True,1/Basler_acA2440-75um__23040354__20260618_094643513_0001.tiff,
Y,\\sahale.biostr.washington.edu\data\Subjects\FD_008\2026-06-20\1\widefield.tar,104761542144,basler-tiff,631826,165544,560,560,4,11,24800,True,1/Basler_acA2440-75um__23040354__20260620_133729767_0001.tiff,
Y,\\sahale.biostr.washington.edu\data\Subjects\FD_008\2026-06-21\1\widefield.tar,94792539648,basler-tiff,631826,149791,560,560,4,11,22320,True,1/Basler_acA2440-75um__23040354__20260621_133336230_0001.tiff,
Y,\\sahale.biostr.washington.edu\data\Subjects\FD_008\2026-06-22\1\widefield.tar,102123265536,basler-tiff,631826,161375,560,560,4,11,31472,True,1/Basler_acA2440-75um__23040354__20260622_163540909_0001.tiff,
Y,\\sahale.biostr.washington.edu\data\Subjects\FD_008\2026-06-23\1\widefield.tar,129329978880,basler-tiff,631826,204367,560,560,4,11,26208,True,1/Basler_acA2440-75um__23040354__20260623_092923976_0001.tiff,
Y,\\sahale.biostr.washington.edu\data\Subjects\FD_008\2026-06-25\1\widefield.tar,111746741760,basler-tiff,631826,176582,560,560,4,11,28800,True,1/Basler_acA2440-75um__23040354__20260625_105514537_0001.tiff,
Y,\\sahale.biostr.washington.edu\data\Subjects\FD_008\2026-06-26\1\widefield.tar,113981271552,basler-tiff,631826,180113,560,560,4,12,41872,True,1/Basler_acA2440-75um__23040354__20260626_110313619_0001.tiff,
Y,\\sahale.biostr.washington.edu\data\Subjects\ZYE_0046\2021-10-02\1\widefield.tar,30474026496,basler-tiff,631826,48155,560,560,4,12,65520,True,1/Basler_acA2440-75um__23040354__20211002_210058190_0001.tiff,
Y,\\sahale.biostr.washington.edu\data\Subjects\ZYE_0046\2021-10-06\1\widefield.tar,48069920256,basler-tiff,631826,75960,560,560,4,12,65520,True,1/Basler_acA2440-75um__23040354__20211006_185114154_0001.tiff,
Y,\\sahale.biostr.washington.edu\data\Subjects\ZYE_0046\2021-11-22\1\widefield.tar,174909070848,basler-tiff,631826,276391,560,560,4,12,65520,True,1/Basler_acA2440-75um__23040354__20211122_092808615_0001.tiff,
Y,\\sahale.biostr.washington.edu\data\Subjects\ZYE_0046\2021-11-23\2\widefield.tar,87909225984,basler-tiff,631826,138914,560,560,4,12,65520,True,2/Basler_acA2440-75um__23040354__20211123_114007645_0001.tiff,
Y,\\sahale.biostr.washington.edu\data\Subjects\ZYE_0046\2021-11-23\4\widefield.tar,13726760448,basler-tiff,631826,21691,560,560,4,12,65520,True,4/Basler_acA2440-75um__23040354__20211123_124729661_0001.tiff,
Y,\\sahale.biostr.washington.edu\data\Subjects\ZYE_0046\2021-11-24\1\widefield.tar,196947445248,basler-tiff,631826,311216,560,560,4,12,65520,True,1/Basler_acA2440-75um__23040354__20211124_103333675_0001.tiff,
Y,\\sahale.biostr.washington.edu\data\Subjects\ZYE_0046\2021-11-24\3\widefield.tar,36569464320,basler-tiff,631826,57787,560,560,4,12,65520,True,3/Basler_acA2440-75um__23040354__20211124_114850994_0001.tiff,
Y,\\sahale.biostr.washington.edu\data\Subjects\ZYE_0046\2021-11-27\2\widefield.tar,430101106176,basler-tiff,631826,679645,560,560,4,12,65520,True,2/Basler_acA2440-75um__23040354__20211127_155155008_0001.tiff,
Y,\\sahale.biostr.washington.edu\data\Subjects\ZYE_0046\2021-11-29\1\widefield.tar,346362244608,basler-tiff,631826,547321,560,560,4,12,65520,True,1/Basler_acA2440-75um__23040354__20211129_144345815_0001.tiff,
Y,\\sahale.biostr.washington.edu\data\Subjects\ZYE_0046\2021-11-30\6\widefield.tar,124664741376,basler-tiff,631826,196995,560,560,4,12,64480,True,6/Basler_acA2440-75um__23040354__20211130_193945071_0001.tiff,
Y,\\sahale.biostr.washington.edu\data\Subjects\ZYE_0046\2021-12-01\1\widefield.tar,163064987136,basler-tiff,631826,257675,560,560,4,12,65520,True,1/Basler_acA2440-75um__23040354__20211201_194357885_0001.tiff,
Y,\\sahale.biostr.washington.edu\data\Subjects\ZYE_0031\2021-03-20\1\widefield.tar,33436352000,basler-tiff,528530,63158,512,512,4,12,65520,True,1/Basler_acA2440-75um__23040354__20210320_164157790_0001.tiff,
Y,\\sahale.biostr.washington.edu\data\Subjects\ZYE_0031\2021-03-21\3\widefield.tar,49263533568,basler-tiff,528530,93054,512,512,4,12,62880,True,3/Basler_acA2440-75um__23040354__20210321_173700085_0001.tiff,
Y,\\sahale.biostr.washington.edu\data\Subjects\ZYE_0031\2021-03-31\1\widefield.tar,77408451072,basler-tiff,528530,146217,512,512,4,12,61216,True,1/Basler_acA2440-75um__23040354__20210331_174351965_0001.tiff,
Y,\\sahale.biostr.washington.edu\data\Subjects\ZYE_0031\2021-04-13\3\widefield.tar,2456454656,basler-tiff,528530,4640,512,512,4,11,18880,True,3/Basler_acA2440-75um__23040354__20210413_144509510_0001.tiff,
Y,\\sahale.biostr.washington.edu\data\Subjects\ZYE_0031\2021-04-13\5\widefield.tar,2808510976,basler-tiff,528530,5305,512,512,4,12,50624,True,5/Basler_acA2440-75um__23040354__20210413_144709420_0001.tiff,
Y,\\sahale.biostr.washington.edu\data\Subjects\ZYE_0031\2021-04-22\1\widefield.tar,3251096064,basler-tiff,528530,6141,512,512,4,12,34832,True,1/Basler_acA2440-75um__23040354__20210422_150208131_0001.tiff,
Y,\\sahale.biostr.washington.edu\data\Subjects\ZYE_0031\2021-04-22\3\widefield.tar,3166920192,basler-tiff,528530,5982,512,512,4,12,43632,True,3/Basler_acA2440-75um__23040354__20210422_150503717_0001.tiff,
Y,\\sahale.biostr.washington.edu\data\Subjects\ZYE_0031\2021-04-22\5\widefield.tar,3512094208,basler-tiff,528530,6634,512,512,4,12,65520,True,5/Basler_acA2440-75um__23040354__20210422_150728138_0001.tiff,
Y,\\sahale.biostr.washington.edu\data\Subjects\ZYE_0031\2021-04-22\7\widefield.tar,4273382912,basler-tiff,528530,8072,512,512,4,11,26304,True,7/Basler_acA2440-75um__23040354__20210422_151253178_0001.tiff,
Y,\\sahale.biostr.washington.edu\data\Subjects\ZYE_0031\2021-06-28\1\widefield.tar,94581917184,basler-tiff,528530,178656,512,512,4,12,53488,True,1/Basler_acA2440-75um__23040354__20210628_163538506_0001.tiff,
Y,\\sahale.biostr.washington.edu\data\Subjects\ZYE_0031\2021-09-29\3\widefield.tar,38057885184,basler-tiff,631826,60139,560,560,4,12,56032,True,3/Basler_acA2440-75um__23040354__20210929_121413213_0001.tiff,
Y,\\sahale.biostr.washington.edu\data\Subjects\ZYE_0031\2021-09-30\1\widefield.tar,75305111040,basler-tiff,631826,118997,560,560,4,12,62960,True,1/Basler_acA2440-75um__23040354__20210930_190430032_0001.tiff,
Y,\\sahale.biostr.washington.edu\data\Subjects\ZYE_0031\2021-09-30\2\widefield.tar,162358746624,basler-tiff,631826,256559,560,560,4,12,57792,True,2/Basler_acA2440-75um__23040354__20210930_194619101_0001.tiff,
Y,\\sahale.biostr.washington.edu\data\Subjects\ZYE_0009\2020-08-14\4\widefield.tar,99632361984,basler-tiff,553106,179847,540,508,4,12,32960,True,4/Basler_acA2440-75um__23040354__20200814_224725563_0001.tiff,
Y,\\sahale.biostr.washington.edu\data\Subjects\ZYE_0009\2020-08-15\1\widefield.tar,206335575552,basler-tiff,539794,381628,496,540,4,12,44512,True,1/Basler_acA2440-75um__23040354__20200815_193053232_0001.tiff,
Y,\\sahale.biostr.washington.edu\data\Subjects\ZYE_0009\2020-08-16\1\widefield.tar,189509332992,basler-tiff,587666,322137,540,540,4,12,64224,True,1/Basler_acA2440-75um__23040354__20200816_155719385_0001.tiff,
Y,\\sahale.biostr.washington.edu\data\Subjects\ZYE_0009\2020-08-17\1\widefield.tar,225509617152,basler-tiff,587666,383332,540,540,4,12,54416,True,1/Basler_acA2440-75um__23040354__20200817_133927745_0001.tiff,
Y,\\sahale.biostr.washington.edu\data\Subjects\ZYE_0009\2020-08-18\1\widefield.tar,227348017152,basler-tiff,587666,386457,540,540,4,12,51984,True,1/Basler_acA2440-75um__23040354__20200818_145845394_0001.tiff,
Y,\\sahale.biostr.washington.edu\data\Subjects\ZYE_0009\2020-08-20\2\widefield.tar,111720129536,basler-tiff,600626,185705,540,552,4,12,52816,True,2/Basler_acA2440-75um__23040354__20200820_135043517_0001.tiff,
Y,\\sahale.biostr.washington.edu\data\Subjects\ZYE_0009\2020-08-25\1\widefield.tar,108863637504,basler-tiff,584402,186023,537,540,4,12,65520,True,1/Basler_acA2440-75um__23040354__20200825_153912561_0001.tiff,
Y,\\sahale.biostr.washington.edu\data\Subjects\ZYE_0009\2020-08-26\1\widefield.tar,103499274240,basler-tiff,587666,175933,540,540,4,12,40000,True,1/Basler_acA2440-75um__23040354__20200826_172422563_0001.tiff,
Y,\\sahale.biostr.washington.edu\data\Subjects\ZYE_0009\2020-08-30\1\widefield.tar,213390884352,basler-tiff,587666,362732,540,540,4,12,43024,True,1/Basler_acA2440-75um__23040354__20200830_133557197_0001.tiff,
Y,\\sahale.biostr.washington.edu\data\Subjects\ZYE_0009\2020-08-31\1\widefield.tar,160207296000,basler-tiff,587666,272328,540,540,4,12,44720,True,1/Basler_acA2440-75um__23040354__20200831_111631371_0001.tiff,
Y,\\sahale.biostr.washington.edu\data\Subjects\ZYE_0009\2020-09-01\1\widefield.tar,94098955776,basler-tiff,526466,178434,510,512,4,12,54480,True,1/Basler_acA2440-75um__23040354__20200901_170854338_0001.tiff,
Y,\\sahale.biostr.washington.edu\data\Subjects\ZYE_0009\2020-09-02\1\widefield.tar,155688067584,basler-tiff,587666,264646,540,540,4,12,50480,True,1/Basler_acA2440-75um__23040354__20200902_175204199_0001.tiff,
Y,\\sahale.biostr.washington.edu\data\Subjects\ZYE_0009\2020-09-03\1\widefield.tar,157347628032,basler-tiff,587666,267467,540,540,4,12,62912,True,1/Basler_acA2440-75um__23040354__20200903_175712869_0001.tiff,
Y,\\sahale.biostr.washington.edu\data\Subjects\ZYE_0009\2020-09-04\1\widefield.tar,111174079488,basler-tiff,587666,188979,540,540,4,12,51664,True,1/Basler_acA2440-75um__23040354__20200904_125248067_0001.tiff,
Y,\\sahale.biostr.washington.edu\data\Subjects\ZYE_0009\2020-09-10\1\widefield.tar,160653080064,basler-tiff,549010,292156,512,532,4,12,35184,True,1/Basler_acA2440-75um__23040354__20200910_185442898_0001.tiff,
Y,\\sahale.biostr.washington.edu\data\Subjects\ZYE_0009\2020-09-26\1\widefield.tar,82174711296,basler-tiff,528530,155220,512,512,4,12,51840,True,1/Basler_acA2440-75um__23040354__20200926_180441208_0001.tiff,
Y,\\sahale.biostr.washington.edu\data\Subjects\ZYE_0009\2021-01-20\1\._widefield.tar,4096,,0,0,0,0,-1,0,0,True,,
Y,\\sahale.biostr.washington.edu\data\Subjects\ZYE_0009\2021-01-20\1\widefield.tar,85114513920,basler-tiff,528530,160773,512,512,4,12,62896,True,1/Basler_acA2440-75um__23040354__20210120_140607529_0001.tiff,
Y,\\sahale.biostr.washington.edu\data\Subjects\ZYE_0090\2024-06-25\2\widefield.tar,29614640640,basler-tiff,631826,46797,560,560,4,11,19904,True,2/Basler_acA2440-75um__23040354__20240625_155641563_0001.tiff,
Y,\\sahale.biostr.washington.edu\data\Subjects\ZYE_0090\2024-07-16\1\widefield.tar,134642603520,basler-tiff,631826,212762,560,560,4,11,28160,True,1/Basler_acA2440-75um__23040354__20240716_155528040_0001.tiff,
Y,\\sahale.biostr.washington.edu\data\Subjects\ZYE_0090\2024-07-16\3\widefield.tar,60294968832,basler-tiff,631826,95278,560,560,4,11,28048,True,3/Basler_acA2440-75um__23040354__20240716_164704122_0001.tiff,
Y,\\sahale.biostr.washington.edu\data\Subjects\ZYE_0090\2024-07-17\1\widefield.tar,162351785472,basler-tiff,631826,256548,560,560,4,11,27968,True,1/Basler_acA2440-75um__23040354__20240717_191816093_0001.tiff,
Y,\\sahale.biostr.washington.edu\data\Subjects\ZYE_0090\2024-07-27\1\widefield.tar,141218993664,basler-tiff,631826,223154,560,560,4,11,25264,True,1/Basler_acA2440-75um__23040354__20240727_184502919_0001.tiff,
Y,\\sahale.biostr.washington.edu\data\Subjects\ZYE_0090\2024-07-27\3\widefield.tar,58258515456,basler-tiff,631826,92060,560,560,4,11,25200,True,3/Basler_acA2440-75um__23040354__20240727_193846778_0001.tiff,
Y,\\sahale.biostr.washington.edu\data\Subjects\ZYE_0090\2024-08-10\10\widefield.tar,60665808384,basler-tiff,631826,95864,560,560,4,11,24800,True,10/Basler_acA2440-75um__23040354__20240810_163600114_0001.tiff,
Y,\\sahale.biostr.washington.edu\data\Subjects\ZYE_0090\2024-08-10\5\widefield.tar,111918239232,basler-tiff,631826,176853,560,560,4,11,27296,True,5/Basler_acA2440-75um__23040354__20240810_154402153_0001.tiff,
Y,\\sahale.biostr.washington.edu\data\Subjects\ZYE_0090\2024-08-11\4\widefield.tar,128042798592,basler-tiff,631826,202333,560,560,4,11,23232,True,4/Basler_acA2440-75um__23040354__20240811_152744736_0001.tiff,
Y,\\sahale.biostr.washington.edu\data\Subjects\ZYE_0090\2024-08-11\6\widefield.tar,61959949824,basler-tiff,631826,97909,560,560,4,11,23216,True,6/Basler_acA2440-75um__23040354__20240811_161630713_0001.tiff,
Y,\\sahale.biostr.washington.edu\data\Subjects\ZYE_0090\2024-08-12\1\widefield.tar,178513681920,basler-tiff,631826,282087,560,560,4,11,22960,True,1/Basler_acA2440-75um__23040354__20240812_174757193_0001.tiff,
Y,\\sahale.biostr.washington.edu\data\Subjects\ZYE_0090\2024-08-12\3\widefield.tar,60784780800,basler-tiff,631826,96052,560,560,4,11,22144,True,3/Basler_acA2440-75um__23040354__20240812_185759381_0001.tiff,
Y,\\sahale.biostr.washington.edu\data\Subjects\ZYE_0090\2024-08-13\1\widefield.tar,24093814272,basler-tiff,631826,38073,560,560,4,11,26720,True,1/Basler_acA2440-75um__23040354__20240813_180522596_0001.tiff,
Y,\\sahale.biostr.washington.edu\data\Subjects\ZYE_0090\2024-08-13\3\widefield.tar,149555289600,basler-tiff,631826,236327,560,560,4,11,20272,True,3/Basler_acA2440-75um__23040354__20240813_181548334_0001.tiff,
Y,\\sahale.biostr.washington.edu\data\Subjects\ZYE_0090\2024-08-13\5\widefield.tar,92928216576,basler-tiff,631826,146845,560,560,4,11,23504,True,5/Basler_acA2440-75um__23040354__20240813_191250968_0001.tiff,
Y,\\sahale.biostr.washington.edu\data\Subjects\ZYE_0090\2024-08-14\1\widefield.tar,139264808448,basler-tiff,631826,220066,560,560,4,11,23520,True,1/Basler_acA2440-75um__23040354__20240814_183656846_0001.tiff,
Y,\\sahale.biostr.washington.edu\data\Subjects\ZYE_0090\2024-08-14\3\widefield.tar,85327271424,basler-tiff,631826,134834,560,560,4,11,22704,True,3/Basler_acA2440-75um__23040354__20240814_193129009_0001.tiff,
Y,\\sahale.biostr.washington.edu\data\Subjects\ZYE_0090\2024-08-15\1\widefield.tar,88381951488,basler-tiff,631826,139661,560,560,4,11,25856,True,1/Basler_acA2440-75um__23040354__20240815_163257433_0001.tiff,
Y,\\sahale.biostr.washington.edu\data\Subjects\ZYE_0090\2024-08-15\3\widefield.tar,85143117312,basler-tiff,631826,134543,560,560,4,11,22320,True,3/Basler_acA2440-75um__23040354__20240815_170747846_0001.tiff,
Y,\\sahale.biostr.washington.edu\data\Subjects\ZYE_0090\2024-08-16\1\widefield.tar,108466773504,basler-tiff,631826,171399,560,560,4,11,22080,True,1/Basler_acA2440-75um__23040354__20240816_174436740_0001.tiff,
Y,\\sahale.biostr.washington.edu\data\Subjects\ZYE_0090\2024-08-16\3\widefield.tar,127318205952,basler-tiff,631826,201188,560,560,4,11,21184,True,3/Basler_acA2440-75um__23040354__20240816_182806404_0001.tiff,
Y,\\sahale.biostr.washington.edu\data\Subjects\ZYE_0090\2024-08-18\3\widefield.tar,101327795712,basler-tiff,631826,160118,560,560,4,11,29776,True,3/Basler_acA2440-75um__23040354__20240818_142101061_0001.tiff,
Y,\\sahale.biostr.washington.edu\data\Subjects\ZYE_0090\2024-08-18\5\widefield.tar,95936699904,basler-tiff,631826,151599,560,560,4,11,31008,True,5/Basler_acA2440-75um__23040354__20240818_145954299_0001.tiff,
Y,\\sahale.biostr.washington.edu\data\Subjects\ZYE_0090\2024-08-19\1\widefield.tar,113922418176,basler-tiff,631826,180020,560,560,4,11,32128,True,1/Basler_acA2440-75um__23040354__20240819_145002143_0001.tiff,
Y,\\sahale.biostr.washington.edu\data\Subjects\ZYE_0090\2024-08-19\3\widefield.tar,81476488704,basler-tiff,631826,128749,560,560,4,11,24864,True,3/Basler_acA2440-75um__23040354__20240819_153354884_0001.tiff,
Y,\\sahale.biostr.washington.edu\data\Subjects\ZYE_0090\2024-08-20\1\widefield.tar,110195037696,basler-tiff,631826,174130,560,560,4,11,26208,True,1/Basler_acA2440-75um__23040354__20240820_141653661_0001.tiff,
Y,\\sahale.biostr.washington.edu\data\Subjects\ZYE_0090\2024-08-20\3\widefield.tar,84785567232,basler-tiff,631826,133978,560,560,4,11,25744,True,3/Basler_acA2440-75um__23040354__20240820_145956329_0001.tiff,
Y,\\sahale.biostr.washington.edu\data\Subjects\ZYE_0090\2024-08-21\1\widefield.tar,106483478016,basler-tiff,631826,168265,560,560,4,11,26208,True,1/Basler_acA2440-75um__23040354__20240821_152318373_0001.tiff,
Y,\\sahale.biostr.washington.edu\data\Subjects\ZYE_0090\2024-08-21\3\widefield.tar,92358667776,basler-tiff,631826,145945,560,560,4,11,27424,True,3/Basler_acA2440-75um__23040354__20240821_160500331_0001.tiff,
Y,\\sahale.biostr.washington.edu\data\Subjects\ZYE_0090\2024-09-08\1\widefield.tar,121332880896,basler-tiff,631826,191730,560,560,4,11,28448,True,1/Basler_acA2440-75um__23040354__20240908_160618315_0001.tiff,
Y,\\sahale.biostr.washington.edu\data\Subjects\ZYE_0090\2025-02-02\1\widefield.tar,56399887872,basler-tiff,631826,89123,560,560,4,11,26208,True,1/Basler_acA2440-75um__23040354__20250202_144852666_0001.tiff,
Y,\\sahale.biostr.washington.edu\data\Subjects\ZYE_0090\2025-02-02\3\widefield.tar,62746560000,basler-tiff,631826,99152,560,560,4,11,23584,True,3/Basler_acA2440-75um__23040354__20250202_151508888_0001.tiff,
Y,\\sahale.biostr.washington.edu\data\Subjects\ZYE_0090\2025-02-25\1\widefield.tar,142001174016,basler-tiff,631826,224390,560,560,4,12,34800,True,1/Basler_acA2440-75um__23040354__20250225_104738635_0001.tiff,
Y,\\sahale.biostr.washington.edu\data\Subjects\ZYE_0090\2025-03-06\5\widefield.tar,144525540864,basler-tiff,631826,228379,560,560,4,11,28992,True,5/Basler_acA2440-75um__23040354__20250306_105303051_0001.tiff,
Y,\\sahale.biostr.washington.edu\data\Subjects\ZYE_0090\2025-03-14\3\widefield.tar,148123823616,basler-tiff,631826,234065,560,560,4,11,30320,True,3/Basler_acA2440-75um__23040354__20250314_110915372_0001.tiff,
Y,\\sahale.biostr.washington.edu\data\Subjects\ZYE_0090\2025-04-26\1\widefield.tar,35956882944,basler-tiff,631826,56819,560,560,4,11,27104,True,1/Basler_acA2440-75um__23040354__20250426_165413219_0001.tiff,
Y,\\sahale.biostr.washington.edu\data\Subjects\ZYE_0090\2025-04-26\3\widefield.tar,28908400128,basler-tiff,631826,45681,560,560,4,11,24608,True,3/Basler_acA2440-75um__23040354__20250426_171211943_0001.tiff,
Y,\\sahale.biostr.washington.edu\data\Subjects\ZYE_0090\2025-04-26\5\widefield.tar,32735135232,basler-tiff,631826,51728,560,560,4,11,24592,True,5/Basler_acA2440-75um__23040354__20250426_172424391_0001.tiff,
Y,\\sahale.biostr.washington.edu\data\Subjects\ZYE_0090\2025-05-02\2\widefield.tar,159536948736,basler-tiff,631826,252100,560,560,4,11,32336,True,2/Basler_acA2440-75um__23040354__20250502_200629774_0001.tiff,
Y,\\sahale.biostr.washington.edu\data\Subjects\ZYE_0090\2025-05-03\1\widefield.tar,79795686912,basler-tiff,631826,126093,560,560,4,11,27728,True,1/Basler_acA2440-75um__23040354__20250503_151628162_0001.tiff,
Y,\\sahale.biostr.washington.edu\data\Subjects\ZYE_0090\2025-05-03\2\widefield.tar,12947744256,basler-tiff,631826,20460,560,560,4,11,27440,True,2/Basler_acA2440-75um__23040354__20250503_155422565_0001.tiff,
Y,\\sahale.biostr.washington.edu\data\Subjects\ZYE_0090\2025-05-03\4\widefield.tar,36349871616,basler-tiff,631826,57440,560,560,4,12,44560,True,4/Basler_acA2440-75um__23040354__20250503_160123173_0001.tiff,
Y,\\sahale.biostr.washington.edu\data\Subjects\ZYE_0090\2025-05-03\6\widefield.tar,118456659456,basler-tiff,631826,187185,560,560,4,12,42304,True,6/Basler_acA2440-75um__23040354__20250503_161550945_0001.tiff,
Y,\\sahale.biostr.washington.edu\data\Subjects\ZYE_0090\2025-05-05\1\widefield.tar,119643852288,basler-tiff,631826,189061,560,560,4,12,40992,True,1/Basler_acA2440-75um__23040354__20250505_161437309_0001.tiff,
Y,\\sahale.biostr.washington.edu\data\Subjects\ZYE_0090\2025-06-04\2\widefield.tar,117775099392,basler-tiff,631826,186108,560,560,4,12,39776,True,2/Basler_acA2440-75um__23040354__20250604_153557587_0001.tiff,
Y,\\sahale.biostr.washington.edu\data\Subjects\ZYE_0090\2025-06-04\4\widefield.tar,113906597376,basler-tiff,631826,179995,560,560,4,12,38288,True,4/Basler_acA2440-75um__23040354__20250604_162113513_0001.tiff,
Y,\\sahale.biostr.washington.edu\data\Subjects\ZYE_0090\2025-06-05\1\widefield.tar,143071925760,basler-tiff,631826,226082,560,560,4,12,32944,True,1/Basler_acA2440-75um__23040354__20250605_143249369_0001.tiff,
Y,\\sahale.biostr.washington.edu\data\Subjects\ZYE_0090\2025-06-06\1\widefield.tar,115517154816,basler-tiff,631826,182540,560,560,4,11,25840,True,1/Basler_acA2440-75um__23040354__20250606_153131974_0001.tiff,
Y,\\sahale.biostr.washington.edu\data\Subjects\ZYE_0090\2025-06-07\1\widefield.tar,146131035648,basler-tiff,631826,230916,560,560,4,11,29648,True,1/Basler_acA2440-75um__23040354__20250607_170858812_0001.tiff,
Y,\\sahale.biostr.washington.edu\data\Subjects\ZYE_0090\2025-06-07\2\widefield.tar,121045575168,basler-tiff,631826,191276,560,560,4,11,25744,True,2/Basler_acA2440-75um__23040354__20250607_183753860_0001.tiff,
Y,\\sahale.biostr.washington.edu\data\Subjects\ZYE_0090\2025-06-08\1\widefield.tar,126777767424,basler-tiff,631826,200334,560,560,4,11,27728,True,1/Basler_acA2440-75um__23040354__20250608_130957801_0001.tiff,
Y,\\sahale.biostr.washington.edu\data\Subjects\ZYE_0090\2025-06-10\1\widefield.tar,129658418688,basler-tiff,631826,204886,560,560,4,12,42400,True,1/Basler_acA2440-75um__23040354__20250610_194620227_0001.tiff,
Y,\\sahale.biostr.washington.edu\data\Subjects\ZYE_0090\2025-06-10\2\widefield.tar,145213429248,basler-tiff,631826,229466,560,560,4,11,32000,True,2/Basler_acA2440-75um__23040354__20250610_211642553_0001.tiff,
Y,\\sahale.biostr.washington.edu\data\Subjects\ZYE_0090\2025-06-11\1\widefield.tar,134323656192,basler-tiff,631826,212258,560,560,4,11,27424,True,1/Basler_acA2440-75um__23040354__20250611_152028817_0001.tiff,
Y,\\sahale.biostr.washington.edu\data\Subjects\ZYE_0090\2025-06-12\1\widefield.tar,117051139584,basler-tiff,631826,184964,560,560,4,11,25360,True,1/Basler_acA2440-75um__23040354__20250612_162929047_0001.tiff,
Y,\\sahale.biostr.washington.edu\data\Subjects\ZYE_0090\2025-06-12\2\widefield.tar,115114673664,basler-tiff,631826,181904,560,560,4,11,24272,True,2/Basler_acA2440-75um__23040354__20250612_174019827_0001.tiff,
Y,\\sahale.biostr.washington.edu\data\Subjects\ZYE_0090\2025-06-13\1\widefield.tar,123365537280,basler-tiff,631826,194942,560,560,4,11,20096,True,1/Basler_acA2440-75um__23040354__20250613_152621093_0001.tiff,
Y,\\sahale.biostr.washington.edu\data\Subjects\ZYE_0090\2025-06-16\1\widefield.tar,126962554368,basler-tiff,631826,200626,560,560,4,11,20928,True,1/Basler_acA2440-75um__23040354__20250616_144420924_0001.tiff,
Y,\\sahale.biostr.washington.edu\data\Subjects\ZYE_0090\2025-06-16\2\widefield.tar,114279968256,basler-tiff,631826,180585,560,560,4,12,36080,True,2/Basler_acA2440-75um__23040354__20250616_161025190_0001.tiff,
Y,\\sahale.biostr.washington.edu\data\Subjects\ZYE_0090\2025-06-17\1\widefield.tar,109128082944,basler-tiff,631826,172444,560,560,4,11,30512,True,1/Basler_acA2440-75um__23040354__20250617_203245701_0001.tiff,
Y,\\sahale.biostr.washington.edu\data\Subjects\ZYE_0090\2025-06-19\2\widefield.tar,106546128384,basler-tiff,631826,168364,560,560,4,10,15104,True,2/Basler_acA2440-75um__23040354__20250619_181544660_0001.tiff,
Y,\\sahale.biostr.washington.edu\data\Subjects\ZYE_0090\2025-06-22\1\widefield.tar,73378137600,basler-tiff,631826,115952,560,560,4,11,18320,True,1/Basler_acA2440-75um__23040354__20250622_162120682_0001.tiff,
Y,\\sahale.biostr.washington.edu\data\Subjects\ZYE_0090\2025-06-22\2\widefield.tar,87873787392,basler-tiff,631826,138858,560,560,4,11,17232,True,2/Basler_acA2440-75um__23040354__20250622_170502768_0001.tiff,
Y,\\sahale.biostr.washington.edu\data\Subjects\FD_011\2026-01-22\1\widefield.tar,5038609920,basler-tiff,631826,7962,560,560,4,9,6112,True,1/Basler_acA2440-75um__23040354__20260122_141433041_0001.tiff,
Y,\\sahale.biostr.washington.edu\data\Subjects\FD_011\2026-01-28\4\widefield.tar,32562372096,basler-tiff,631826,51455,560,560,4,9,6912,True,4/Basler_acA2440-75um__23040354__20260128_111646294_0001.tiff,
Y,\\sahale.biostr.washington.edu\data\Subjects\FD_011\2026-02-11\1\widefield.tar,112004937216,basler-tiff,631826,176990,560,560,4,12,36992,True,1/Basler_acA2440-75um__23040354__20260211_101933128_0001.tiff,
Y,\\sahale.biostr.washington.edu\data\Subjects\FD_011\2026-02-12\1\widefield.tar,71580894720,basler-tiff,631826,113112,560,560,4,9,6208,True,1/Basler_acA2440-75um__23040354__20260212_094744158_0001.tiff,
Y,\\sahale.biostr.washington.edu\data\Subjects\FD_011\2026-02-13\1\widefield.tar,77923137024,basler-tiff,631826,123134,560,560,4,9,6384,True,1/Basler_acA2440-75um__23040354__20260213_103539891_0001.tiff,
Y,\\sahale.biostr.washington.edu\data\Subjects\FD_011\2026-02-15\1\widefield.tar,72611778048,basler-tiff,631826,114741,560,560,4,9,7712,True,1/Basler_acA2440-75um__23040354__20260215_135650280_0001.tiff,
Y,\\sahale.biostr.washington.edu\data\Subjects\FD_011\2026-02-16\2\widefield.tar,79032491520,basler-tiff,631826,124887,560,560,4,10,11024,True,2/Basler_acA2440-75um__23040354__20260216_134640525_0001.tiff,
Y,\\sahale.biostr.washington.edu\data\Subjects\FD_011\2026-02-17\1\widefield.tar,74291314176,basler-tiff,631826,117395,560,560,4,10,9264,True,1/Basler_acA2440-75um__23040354__20260217_102948471_0001.tiff,
Y,\\sahale.biostr.washington.edu\data\Subjects\FD_011\2026-02-18\1\widefield.tar,90367145472,basler-tiff,631826,142798,560,560,4,10,8976,True,1/Basler_acA2440-75um__23040354__20260218_100231369_0001.tiff,
Y,\\sahale.biostr.washington.edu\data\Subjects\FD_011\2026-02-18\3\widefield.tar,20021540352,basler-tiff,631826,31638,560,560,4,10,8400,True,3/Basler_acA2440-75um__23040354__20260218_103312563_0001.tiff,
Y,\\sahale.biostr.washington.edu\data\Subjects\FD_011\2026-02-19\1\widefield.tar,86241080832,basler-tiff,631826,136278,560,560,4,11,18304,True,1/Basler_acA2440-75um__23040354__20260219_145807018_0001.tiff,
Y,\\sahale.biostr.washington.edu\data\Subjects\FD_011\2026-02-20\1\widefield.tar,115719028224,basler-tiff,631826,182859,560,560,4,10,10416,True,1/Basler_acA2440-75um__23040354__20260220_150325845_0001.tiff,
Y,\\sahale.biostr.washington.edu\data\Subjects\FD_011\2026-02-21\1\widefield.tar,113708520960,basler-tiff,631826,179682,560,560,4,10,16224,True,1/Basler_acA2440-75um__23040354__20260221_112516353_0001.tiff,
Y,\\sahale.biostr.washington.edu\data\Subjects\FD_011\2026-02-22\1\widefield.tar,104650163712,basler-tiff,631826,165368,560,560,4,9,6928,True,1/Basler_acA2440-75um__23040354__20260222_123759391_0001.tiff,
Y,\\sahale.biostr.washington.edu\data\Subjects\FD_011\2026-02-23\1\widefield.tar,115552593408,basler-tiff,631826,182596,560,560,4,9,6704,True,1/Basler_acA2440-75um__23040354__20260223_095409027_0001.tiff,
Y,\\sahale.biostr.washington.edu\data\Subjects\FD_011\2026-02-24\1\widefield.tar,103736987136,basler-tiff,631826,163925,560,560,4,9,4608,True,1/Basler_acA2440-75um__23040354__20260224_111216323_0001.tiff,
Y,\\sahale.biostr.washington.edu\data\Subjects\FD_011\2026-02-25\1\widefield.tar,236548814336,basler-tiff,631826,373794,560,560,4,10,10784,True,1/Basler_acA2440-75um__23040354__20260225_105203738_0001.tiff,
Y,\\sahale.biostr.washington.edu\data\Subjects\FD_011\2026-02-28\1\widefield.tar,231219482112,basler-tiff,631826,365372,560,560,4,11,23024,True,1/Basler_acA2440-75um__23040354__20260228_162243153_0001.tiff,
Y,\\sahale.biostr.washington.edu\data\Subjects\FD_011\2026-03-02\2\widefield.tar,220096571392,basler-tiff,631826,347796,560,560,4,10,15104,True,2/Basler_acA2440-75um__23040354__20260302_115422982_0001.tiff,
Y,\\sahale.biostr.washington.edu\data\Subjects\FD_011\2026-03-03\1\widefield.tar,220903129088,basler-tiff,631826,349070,560,560,4,9,6992,True,1/Basler_acA2440-75um__23040354__20260303_151737958_0001.tiff,
Y,\\sahale.biostr.washington.edu\data\Subjects\FD_011\2026-04-02\1\widefield.tar,101841022464,basler-tiff,631826,160929,560,560,4,10,13472,True,1/Basler_acA2440-75um__23040354__20260402_150332159_0001.tiff,
Y,\\sahale.biostr.washington.edu\data\Subjects\FD_011\2026-04-03\1\widefield.tar,97720653312,basler-tiff,631826,154418,560,560,4,10,12304,True,1/Basler_acA2440-75um__23040354__20260403_143900662_0001.tiff,
Y,\\sahale.biostr.washington.edu\data\Subjects\FD_011\2026-04-06\1\widefield.tar,186102605312,basler-tiff,631826,294079,560,560,4,10,9216,True,1/Basler_acA2440-75um__23040354__20260406_114010697_0001.tiff,
Y,\\sahale.biostr.washington.edu\data\Subjects\FD_011\2026-04-09\2\widefield.tar,115775233536,basler-tiff,631826,182947,560,560,4,9,5776,True,2/Basler_acA2440-75um__23040354__20260409_115037754_0001.tiff,
Y,\\sahale.biostr.washington.edu\data\Subjects\FD_011\2026-04-13\1\widefield.tar,189805273600,basler-tiff,631826,299929,560,560,4,9,4352,True,1/Basler_acA2440-75um__23040354__20260413_115218052_0001.tiff,
Y,\\sahale.biostr.washington.edu\data\Subjects\FD_011\2026-04-14\2\widefield.tar,136096851456,basler-tiff,631826,215060,560,560,4,9,4384,True,2/Basler_acA2440-75um__23040354__20260414_122242604_0001.tiff,
Y,\\sahale.biostr.washington.edu\data\Subjects\FD_011\2026-05-23\1\widefield.tar,99274888704,basler-tiff,631826,156874,560,560,4,10,9056,True,1/Basler_acA2440-75um__23040354__20260523_174926787_0001.tiff,
Y,\\sahale.biostr.washington.edu\data\Subjects\FD_011\2026-05-25\1\widefield.tar,99952018944,basler-tiff,631826,157944,560,560,4,9,6688,True,1/Basler_acA2440-75um__23040354__20260525_153854974_0001.tiff,
Y,\\sahale.biostr.washington.edu\data\Subjects\FD_011\2026-07-16\1\widefield.tar,49804512768,basler-tiff,631826,78701,560,560,4,10,10192,True,1/Basler_acA2440-75um__23040354__20260716_154517920_0001.tiff,
Y,\\sahale.biostr.washington.edu\data\Subjects\ZYE_0055\2022-01-02\1\widefield.tar,71959328256,basler-tiff,631826,113710,560,560,4,12,65520,True,1/Basler_acA2440-75um__23040354__20220102_144507964_0001.tiff,
Y,\\sahale.biostr.washington.edu\data\Subjects\ZYE_0055\2022-01-03\1\widefield.tar,126529064448,basler-tiff,631826,199941,560,560,4,12,65520,True,1/Basler_acA2440-75um__23040354__20220103_161137356_0001.tiff,
Y,\\sahale.biostr.washington.edu\data\Subjects\ZYE_0055\2022-01-06\1\widefield.tar,142101794304,basler-tiff,631826,224549,560,560,4,12,65520,True,1/Basler_acA2440-75um__23040354__20220106_163008646_0001.tiff,
Y,\\sahale.biostr.washington.edu\data\Subjects\ZYE_0055\2022-01-07\1\widefield.tar,42777546240,basler-tiff,631826,67597,560,560,4,12,65520,True,1/Basler_acA2440-75um__23040354__20220107_151438811_0001.tiff,
Y,\\sahale.biostr.washington.edu\data\Subjects\ZYE_0055\2022-01-07\2\widefield.tar,28238863872,basler-tiff,631826,44623,560,560,4,12,65520,True,2/Basler_acA2440-75um__23040354__20220107_153759881_0001.tiff,
Y,\\sahale.biostr.washington.edu\data\Subjects\ZYE_0055\2022-01-07\4\widefield.tar,145042564608,basler-tiff,631826,229196,560,560,4,12,65520,True,4/Basler_acA2440-75um__23040354__20220107_155030799_0001.tiff,
Y,\\sahale.biostr.washington.edu\data\Subjects\ZYE_0055\2022-01-10\1\widefield.tar,170370399744,basler-tiff,631826,269219,560,560,4,12,65520,True,1/Basler_acA2440-75um__23040354__20220110_134648698_0001.tiff,
Y,\\sahale.biostr.washington.edu\data\Subjects\ZYE_0055\2022-01-23\2\widefield.tar,154024349184,basler-tiff,631826,243389,560,560,4,12,65520,True,2/Basler_acA2440-75um__23040354__20220123_180424701_0001.tiff,
Y,\\sahale.biostr.washington.edu\data\Subjects\ZYE_0055\2022-01-24\3\widefield.tar,143214312960,basler-tiff,631826,226307,560,560,4,12,65520,True,3/Basler_acA2440-75um__23040354__20220124_150555712_0001.tiff,
Y,\\sahale.biostr.washington.edu\data\Subjects\ZYE_0089\2024-05-23\1\widefield.tar,153235840512,basler-tiff,631826,242143,560,560,4,10,11856,True,1/Basler_acA2440-75um__23040354__20240523_175954052_0001.tiff,
Y,\\sahale.biostr.washington.edu\data\Subjects\ZYE_0089\2024-07-08\1\widefield.tar,144145841664,basler-tiff,631826,227779,560,560,4,11,19488,True,1/Basler_acA2440-75um__23040354__20240708_185821985_0001.tiff,
Y,\\sahale.biostr.washington.edu\data\Subjects\ZYE_0089\2024-07-09\1\widefield.tar,175616577024,basler-tiff,631826,277509,560,560,4,11,26352,True,1/Basler_acA2440-75um__23040354__20240709_174036016_0001.tiff,
Y,\\sahale.biostr.washington.edu\data\Subjects\ZYE_0089\2024-07-09\3\widefield.tar,35760705024,basler-tiff,631826,56509,560,560,4,11,25952,True,3/Basler_acA2440-75um__23040354__20240709_185211726_0001.tiff,
Y,\\sahale.biostr.washington.edu\data\Subjects\ZYE_0089\2024-07-10\1\widefield.tar,115233646080,basler-tiff,631826,182092,560,560,4,12,65520,True,1/Basler_acA2440-75um__23040354__20240710_230017251_0001.tiff,
Y,\\sahale.biostr.washington.edu\data\Subjects\ZYE_0089\2024-07-10\3\widefield.tar,70751884800,basler-tiff,631826,111802,560,560,4,11,25472,True,3/Basler_acA2440-75um__23040354__20240710_234534214_0001.tiff,
Y,\\sahale.biostr.washington.edu\data\Subjects\ZYE_0089\2024-07-10\5\widefield.tar,1024,,0,0,0,0,-1,0,0,False,,
Y,\\sahale.biostr.washington.edu\data\Subjects\ZYE_0089\2024-07-11\5\widefield.tar,158511760896,basler-tiff,631826,250480,560,560,4,11,23344,True,5/Basler_acA2440-75um__23040354__20240711_170946496_0001.tiff,
Y,\\sahale.biostr.washington.edu\data\Subjects\ZYE_0089\2024-07-11\7\widefield.tar,85941751296,basler-tiff,631826,135805,560,560,4,11,26304,True,7/Basler_acA2440-75um__23040354__20240711_181210982_0001.tiff,
Y,\\sahale.biostr.washington.edu\data\Subjects\ZYE_0089\2024-07-12\2\widefield.tar,162746672640,basler-tiff,631826,257172,560,560,4,11,29792,True,2/Basler_acA2440-75um__23040354__20240712_183815996_0001.tiff,
Y,\\sahale.biostr.washington.edu\data\Subjects\ZYE_0089\2024-07-12\4\widefield.tar,60945520128,basler-tiff,631826,96306,560,560,4,11,26416,True,4/Basler_acA2440-75um__23040354__20240712_194025516_0001.tiff,
Y,\\sahale.biostr.washington.edu\data\Subjects\ZYE_0089\2024-07-16\1\widefield.tar,129723600384,basler-tiff,631826,204989,560,560,4,11,28304,True,1/Basler_acA2440-75um__23040354__20240716_145508794_0001.tiff,
Y,\\sahale.biostr.washington.edu\data\Subjects\ZYE_0089\2024-07-17\1\widefield.tar,125076715008,basler-tiff,631826,197646,560,560,4,11,25168,True,1/Basler_acA2440-75um__23040354__20240717_182329655_0001.tiff,
Y,\\sahale.biostr.washington.edu\data\Subjects\ZYE_0089\2025-04-30\5\widefield.tar,28855242240,basler-tiff,631826,45597,560,560,4,11,20960,True,5/Basler_acA2440-75um__23040354__20250430_170836380_0001.tiff,
Y,\\sahale.biostr.washington.edu\data\Subjects\ZYE_0089\2025-05-01\1\widefield.tar,104593841664,basler-tiff,631826,165279,560,560,4,11,28928,True,1/Basler_acA2440-75um__23040354__20250501_152223615_0001.tiff,
Y,\\sahale.biostr.washington.edu\data\Subjects\ZYE_0089\2025-05-02\1\widefield.tar,158267487744,basler-tiff,631826,250094,560,560,4,11,29712,True,1/Basler_acA2440-75um__23040354__20250502_185304153_0001.tiff,
Y,\\sahale.biostr.washington.edu\data\Subjects\ZYE_0089\2025-05-02\5\widefield.tar,96151229952,basler-tiff,631826,151938,560,560,4,11,24176,True,5/Basler_acA2440-75um__23040354__20250502_215854291_0001.tiff,
Y,\\sahale.biostr.washington.edu\data\Subjects\ZYE_0089\2025-05-02\6\widefield.tar,27831320064,basler-tiff,631826,43979,560,560,4,11,22176,True,6/Basler_acA2440-75um__23040354__20250502_223539282_0001.tiff,
Y,\\sahale.biostr.washington.edu\data\Subjects\ZYE_0089\2025-05-03\1\widefield.tar,141586036224,basler-tiff,631826,223734,560,560,4,12,48064,True,1/Basler_acA2440-75um__23040354__20250503_171855673_0001.tiff,
Y,\\sahale.biostr.washington.edu\data\Subjects\ZYE_0089\2025-05-03\2\widefield.tar,114787499520,basler-tiff,631826,181387,560,560,4,12,41776,True,2/Basler_acA2440-75um__23040354__20250503_181302398_0001.tiff,
Y,\\sahale.biostr.washington.edu\data\Subjects\ZYE_0089\2025-05-04\1\widefield.tar,89043260928,basler-tiff,631826,140706,560,560,4,12,36288,True,1/Basler_acA2440-75um__23040354__20250504_141017659_0001.tiff,
Y,\\sahale.biostr.washington.edu\data\Subjects\ZYE_0089\2025-05-05\1\widefield.tar,14620319232,basler-tiff,631826,23103,560,560,4,11,29952,True,1/Basler_acA2440-75um__23040354__20250505_170842380_0001.tiff,
Y,\\sahale.biostr.washington.edu\data\Subjects\ZYE_0089\2025-05-07\1\widefield.tar,41292289536,basler-tiff,631826,65250,560,560,4,12,39024,True,1/Basler_acA2440-75um__23040354__20250507_155735780_0001.tiff,
Y,\\sahale.biostr.washington.edu\data\Subjects\ZYE_0089\2025-05-07\3\widefield.tar,44927909376,basler-tiff,631826,70995,560,560,4,11,31456,True,3/Basler_acA2440-75um__23040354__20250507_161408673_0001.tiff,
Y,\\sahale.biostr.washington.edu\data\Subjects\ZYE_0067\2022-08-15\2\widefield.tar,69453566464,basler-tiff,528530,131191,512,512,4,12,65520,True,2/Basler_acA2440-75um__23040354__20220815_181235232_0001.tiff,
Y,\\sahale.biostr.washington.edu\data\Subjects\ZYE_0067\2022-10-23\2\widefield.tar,171853757952,basler-tiff,631826,271563,560,560,4,12,65520,True,2/Basler_acA2440-75um__23040354__20221023_164925114_0001.tiff,
Y,\\sahale.biostr.washington.edu\data\Subjects\ZYE_0067\2022-10-26\3\widefield.tar,194292082176,basler-tiff,631826,307020,560,560,4,12,65520,True,3/Basler_acA2440-75um__23040354__20221026_165429951_0001.tiff,
Y,\\sahale.biostr.washington.edu\data\Subjects\AL_0041\2025-10-08\2\widefield.tar,11590952448,basler-tiff,631826,18316,560,560,4,11,21680,True,2/Basler_acA2440-75um__23040354__20251008_104608249_0001.tiff,
Y,\\sahale.biostr.washington.edu\data\Subjects\AL_0041\2025-10-16\1\widefield.tar,47094093312,basler-tiff,631826,74418,560,560,4,12,63296,True,1/Basler_acA2440-75um__23040354__20251016_101016933_0001.tiff,
Y,\\sahale.biostr.washington.edu\data\Subjects\AL_0041\2025-10-17\1\widefield.tar,57423810048,basler-tiff,631826,90741,560,560,4,12,65520,True,1/Basler_acA2440-75um__23040354__20251017_125208669_0001.tiff,
Y,\\sahale.biostr.washington.edu\data\Subjects\AL_0041\2025-10-28\1\widefield.tar,47080803840,basler-tiff,631826,74397,560,560,4,12,44112,True,1/Basler_acA2440-75um__23040354__20251028_133428611_0001.tiff,
Y,\\sahale.biostr.washington.edu\data\Subjects\AL_0041\2025-11-03\1\widefield.tar,143040284160,basler-tiff,631826,226032,560,560,4,12,42736,True,1/Basler_acA2440-75um__23040354__20251103_101251999_0001.tiff,
Y,\\sahale.biostr.washington.edu\data\Subjects\AL_0041\2025-11-05\1\1.tar,30766049792,frame-N,627200,49013,0,0,-1,0,0,False,1/frame-0,headerless frames and no meanImage.npy for geometry
Y,\\sahale.biostr.washington.edu\data\Subjects\AL_0041\2025-11-05\2\2.tar,1714283008,frame-N,627200,2731,0,0,-1,0,0,False,2/frame-0,headerless frames and no meanImage.npy for geometry
Y,\\sahale.biostr.washington.edu\data\Subjects\AL_0041\2025-11-05\3\widefield.tar,92385398272,frame-N,627200,147178,560,560,0,12,3379,True,3/frame-0,
Y,\\sahale.biostr.washington.edu\data\Subjects\AL_0041\2025-11-07\1\widefield.tar,117167581184,basler-tiff,631826,185148,560,560,4,12,42704,True,1/Basler_acA2440-75um__23040354__20251107_110416094_0001.tiff,
Y,\\sahale.biostr.washington.edu\data\Subjects\AL_0041\2025-11-12\1\widefield.tar,97562139136,frame-N,627200,155425,560,560,0,12,3490,True,1/frame-0,
Y,\\sahale.biostr.washington.edu\data\Subjects\AL_0041\2025-11-12\2\widefield.tar,93342031360,frame-N,627200,148702,560,560,0,12,3297,True,2/frame-0,
Y,\\sahale.biostr.washington.edu\data\Subjects\AL_0041\2025-11-20\2\widefield.tar,128347823616,basler-tiff,631826,202815,560,560,4,12,60416,True,2/Basler_acA2440-75um__23040354__20251120_102658393_0001.tiff,
Y,\\sahale.biostr.washington.edu\data\Subjects\AL_0041\2025-11-21\1\widefield.tar,116258201088,basler-tiff,631826,183711,560,560,4,12,65520,True,1/Basler_acA2440-75um__23040354__20251121_115658657_0001.tiff,
Y,\\sahale.biostr.washington.edu\data\Subjects\AL_0041\2025-11-21\3\widefield.tar,33722985984,basler-tiff,631826,53289,560,560,4,12,64912,True,3/Basler_acA2440-75um__23040354__20251121_124218670_0001.tiff,
Y,\\sahale.biostr.washington.edu\data\Subjects\AL_0041\2025-12-02\1\widefield.tar,69476421120,frame-N,627200,110682,560,560,0,12,2343,True,1/frame-0,
Y,\\sahale.biostr.washington.edu\data\Subjects\AL_0041\2025-12-02\2\widefield.tar,71695383040,frame-N,627200,114217,560,560,0,12,2507,True,2/frame-0,
Y,\\sahale.biostr.washington.edu\data\Subjects\AL_0041\2025-12-10\1\widefield.tar,100912865792,frame-N,627200,160763,560,560,0,11,1760,True,1/frame-0,
Y,\\sahale.biostr.washington.edu\data\Subjects\AL_0041\2026-01-28\1\widefield.tar,17768658432,basler-tiff,631826,28078,560,560,4,12,43632,True,1/Basler_acA2440-75um__23040354__20260128_143335903_0001.tiff,
Y,\\sahale.biostr.washington.edu\data\Subjects\AL_0041\2026-01-28\3\widefield.tar,114729278976,basler-tiff,631826,181295,560,560,4,11,17568,True,3/Basler_acA2440-75um__23040354__20260128_144433938_0001.tiff,
Y,\\sahale.biostr.washington.edu\data\Subjects\AL_0041\2026-02-07\2\widefield.tar,83059481088,frame-N,627200,132321,560,560,0,11,1884,True,2/frame-0,
Y,\\sahale.biostr.washington.edu\data\Subjects\AL_0041\2026-02-07\3\widefield.tar,24644602368,frame-N,627200,39261,560,560,0,11,1827,True,3/frame-0,
Y,\\sahale.biostr.washington.edu\data\Subjects\AL_0041\2026-02-09\3\widefield.tar,84743632384,frame-N,627200,135004,560,560,0,12,3567,True,3/frame-0,
Y,\\sahale.biostr.washington.edu\data\Subjects\AL_0041\2026-02-10\1\widefield.tar,138029476352,frame-N,627200,219893,560,560,0,12,3773,True,1/frame-0,
Y,\\sahale.biostr.washington.edu\data\Subjects\AL_0041\2026-02-10\2\widefield.tar,86948156928,frame-N,627200,138516,560,560,0,12,3654,True,2/frame-0,
Y,\\sahale.biostr.washington.edu\data\Subjects\AL_0041\2026-02-17\1\widefield.tar,153899048448,basler-tiff,631826,243191,560,560,4,11,18640,True,1/Basler_acA2440-75um__23040354__20260217_113614298_0001.tiff,
Y,\\sahale.biostr.washington.edu\data\Subjects\AL_0041\2026-02-19\2\widefield.tar,146498078208,basler-tiff,631826,231496,560,560,4,11,20416,False,2/Basler_acA2440-75um__23040354__20260219_101326447_0001.tiff,
Y,\\sahale.biostr.washington.edu\data\Subjects\AL_0041\2026-02-21\3\widefield.tar,83097143808,frame-N,627200,132381,560,560,0,12,2217,True,3/frame-0,
Y,\\sahale.biostr.washington.edu\data\Subjects\AL_0041\2026-02-21\4\widefield.tar,84403412480,frame-N,627200,134462,560,560,0,11,1962,True,4/frame-0,
Y,\\sahale.biostr.washington.edu\data\Subjects\AL_0041\2026-02-24\1\widefield.tar,125717140992,basler-tiff,631826,198658,560,560,4,11,23040,True,1/Basler_acA2440-75um__23040354__20260224_135454345_0001.tiff,
Y,\\sahale.biostr.washington.edu\data\Subjects\AL_0041\2026-02-27\1\widefield.tar,141174313472,frame-N,627200,224903,560,560,0,11,1139,True,1/frame-0,
Y,\\sahale.biostr.washington.edu\data\Subjects\AL_0041\2026-02-27\2\widefield.tar,14589283840,frame-N,627200,23242,560,560,0,10,998,True,2/frame-0,
Y,\\sahale.biostr.washington.edu\data\Subjects\AL_0041\2026-02-28\2\widefield.tar,143093856768,frame-N,627200,227961,560,560,0,11,1273,True,2/frame-0,
Y,\\sahale.biostr.washington.edu\data\Subjects\AL_0041\2026-02-28\4\widefield.tar,34644682240,frame-N,627200,55192,560,560,0,11,1232,True,4/frame-0,
Y,\\sahale.biostr.washington.edu\data\Subjects\AL_0041\2026-03-05\3\widefield.tar,59276101120,frame-N,627200,94432,560,560,0,12,2505,True,3/frame-0,
Y,\\sahale.biostr.washington.edu\data\Subjects\AL_0041\2026-03-06\2\widefield.tar,53643641344,frame-N,627200,85459,560,560,0,12,2497,True,2/frame-0,
Y,\\sahale.biostr.washington.edu\data\Subjects\AL_0041\2026-03-10\2\widefield.tar,33543047680,frame-N,627200,53437,560,560,0,11,1641,True,2/frame-0,
Y,\\sahale.biostr.washington.edu\data\Subjects\AL_0041\2026-03-10\3\widefield.tar,28712176128,frame-N,627200,45741,560,560,0,11,1555,True,3/frame-0,
Y,\\sahale.biostr.washington.edu\data\Subjects\AL_0041\2026-03-10\4\widefield.tar,32791048704,frame-N,627200,52239,560,560,0,11,1544,True,4/frame-0,
Y,\\sahale.biostr.washington.edu\data\Subjects\AL_0041\2026-03-16\2\widefield.tar,96124678656,frame-N,627200,153135,560,560,0,11,1643,True,2/frame-0,
Y,\\sahale.biostr.washington.edu\data\Subjects\AL_0041\2026-03-19\1\widefield.tar,106373332480,frame-N,627200,169462,560,560,0,10,983,True,1/frame-0,
Y,\\sahale.biostr.washington.edu\data\Subjects\AL_0041\2026-03-23\2\widefield.tar,26015525376,frame-N,627200,41445,560,560,0,11,1625,True,2/frame-0,
Y,\\sahale.biostr.washington.edu\data\Subjects\AL_0041\2026-03-23\3\widefield.tar,30135826944,frame-N,627200,48009,560,560,0,11,1673,True,3/frame-0,
Y,\\sahale.biostr.washington.edu\data\Subjects\AL_0041\2026-03-23\5\widefield.tar,54930450944,frame-N,627200,87509,560,560,0,11,1642,True,5/frame-0,
Y,\\sahale.biostr.washington.edu\data\Subjects\AL_0041\2026-03-24\1\widefield.tar,93584328192,frame-N,627200,149088,560,560,0,10,976,True,1/frame-0,
Y,\\sahale.biostr.washington.edu\data\Subjects\AL_0041\2026-03-24\6\widefield.tar,39699019264,frame-N,627200,63244,560,560,0,10,796,True,6/frame-0,
Y,\\sahale.biostr.washington.edu\data\Subjects\AL_0041\2026-04-07\4\widefield.tar,15069483520,frame-N,627200,24007,560,560,0,11,1119,True,4/frame-0,
Y,\\sahale.biostr.washington.edu\data\Subjects\AL_0041\2026-04-07\5\widefield.tar,11814796800,frame-N,627200,18822,560,560,0,11,1183,True,5/frame-0,
Y,\\sahale.biostr.washington.edu\data\Subjects\AL_0041\2026-04-07\6\widefield.tar,15326845440,frame-N,627200,24417,560,560,0,11,1189,True,6/frame-0,
Y,\\sahale.biostr.washington.edu\data\Subjects\AL_0041\2026-04-13\2\widefield.tar,25267920384,frame-N,627200,40254,560,560,0,11,1129,True,2/frame-0,
Y,\\sahale.biostr.washington.edu\data\Subjects\AL_0041\2026-04-13\3\widefield.tar,37781359104,frame-N,627200,60189,560,560,0,11,1248,True,3/frame-0,
Y,\\sahale.biostr.washington.edu\data\Subjects\AL_0041\2026-04-13\4\widefield.tar,36996719104,frame-N,627200,58939,560,560,0,11,1119,True,4/frame-0,
Y,\\sahale.biostr.washington.edu\data\Subjects\AL_0041\2026-04-13\5\widefield.tar,51785613824,frame-N,627200,82499,560,560,0,11,1157,True,5/frame-0,
Y,\\sahale.biostr.washington.edu\data\Subjects\AL_0041\2026-04-13\6\widefield.tar,28000978432,frame-N,627200,44608,560,560,0,11,1064,True,6/frame-0,
Y,\\sahale.biostr.washington.edu\data\Subjects\AL_0041\2026-04-13\7\widefield.tar,24572415488,frame-N,627200,39146,560,560,0,11,1073,True,7/frame-0,
Y,\\sahale.biostr.washington.edu\data\Subjects\AL_0041\2026-04-15\2\widefield.tar,117080882688,basler-tiff,631826,185011,560,560,4,10,11888,True,2/Basler_acA2440-75um__23040354__20260415_105301848_0001.tiff,
Y,\\sahale.biostr.washington.edu\data\Subjects\AL_0041\2026-04-16\1\widefield.tar,164328752640,basler-tiff,631826,259672,560,560,4,12,38160,True,1/Basler_acA2440-75um__23040354__20260416_110509982_0001.tiff,
Y,\\sahale.biostr.washington.edu\data\Subjects\AL_0041\2026-04-22\1\widefield.tar,75846100992,basler-tiff,631826,119851,560,560,4,10,13024,True,1/Basler_acA2440-75um__23040354__20260422_161403623_0001.tiff,
Y,\\sahale.biostr.washington.edu\data\Subjects\AL_0041\2026-04-22\3\widefield.tar,106548026880,basler-tiff,631826,168367,560,560,4,10,15728,True,3/Basler_acA2440-75um__23040354__20260422_162434008_0001.tiff,
Y,\\sahale.biostr.washington.edu\data\Subjects\AL_0041\2026-04-23\1\widefield.tar,29590593024,basler-tiff,631826,46759,560,560,4,10,13488,True,1/Basler_acA2440-75um__23040354__20260423_104457106_0001.tiff,
Y,\\sahale.biostr.washington.edu\data\Subjects\AL_0041\2026-04-23\3\widefield.tar,104742557184,basler-tiff,631826,165514,560,560,4,10,12000,True,3/Basler_acA2440-75um__23040354__20260423_111630056_0001.tiff,
Y,\\sahale.biostr.washington.edu\data\Subjects\AL_0041\2026-05-26\1\widefield.tar,247253159424,basler-tiff,631826,390709,560,560,4,11,21104,True,1/Basler_acA2440-75um__23040354__20260526_150421565_0001.tiff,
Y,\\sahale.biostr.washington.edu\data\Subjects\AL_0041\2026-05-27\1\widefield.tar,273784641024,basler-tiff,631826,432634,560,560,4,11,19808,True,1/Basler_acA2440-75um__23040354__20260527_123522985_0001.tiff,
Y,\\sahale.biostr.washington.edu\data\Subjects\AL_0036\2024-12-13\1\widefield.tar,162653013504,basler-tiff,631826,257024,560,560,4,12,56160,True,1/Basler_acA2440-75um__23040354__20241213_134050719_0001.tiff,
Y,\\sahale.biostr.washington.edu\data\Subjects\AL_0036\2024-12-17\1\widefield.tar,110813314560,basler-tiff,631826,175107,560,560,4,12,65520,True,1/Basler_acA2440-75um__23040354__20241217_133723196_0001.tiff,
Y,\\sahale.biostr.washington.edu\data\Subjects\AL_0036\2024-12-19\1\widefield.tar,175982353920,basler-tiff,631826,278087,560,560,4,12,65520,True,1/Basler_acA2440-75um__23040354__20241219_114654723_0001.tiff,
Y,\\sahale.biostr.washington.edu\data\Subjects\AL_0036\2025-01-08\1\widefield.tar,209834436096,basler-tiff,631826,331580,560,560,4,12,65520,True,1/Basler_acA2440-75um__23040354__20250108_161104379_0001.tiff,
Y,\\sahale.biostr.washington.edu\data\Subjects\AL_0036\2025-01-11\1\widefield.tar,106742939136,basler-tiff,631826,168675,560,560,4,12,59328,True,1/Basler_acA2440-75um__23040354__20250111_121747591_0001.tiff,
Y,\\sahale.biostr.washington.edu\data\Subjects\AL_0036\2025-01-12\1\widefield.tar,108237688320,basler-tiff,631826,171037,560,560,4,12,65520,True,1/Basler_acA2440-75um__23040354__20250112_131805183_0001.tiff,
Y,\\sahale.biostr.washington.edu\data\Subjects\AL_0036\2025-01-15\1\widefield.tar,94567325184,frame-N,627200,150654,0,0,-1,0,0,False,1/frame-0,headerless frames and no meanImage.npy for geometry
Y,\\sahale.biostr.washington.edu\data\Subjects\AL_0036\2025-01-16\2\widefield.tar,174053481984,basler-tiff,631826,275039,560,560,4,12,36976,True,2/Basler_acA2440-75um__23040354__20250116_141250754_0001.tiff,
Y,\\sahale.biostr.washington.edu\data\Subjects\AL_0036\2025-01-16\5\widefield.tar,49526066688,basler-tiff,631826,78261,560,560,4,12,47328,True,5/Basler_acA2440-75um__23040354__20250116_153627978_0001.tiff,
Y,\\sahale.biostr.washington.edu\data\Subjects\AL_0036\2025-02-26\1\widefield.tar,76894785024,basler-tiff,631826,121509,560,560,4,12,40496,True,1/Basler_acA2440-75um__23040354__20250226_135944549_0001.tiff,
Y,\\sahale.biostr.washington.edu\data\Subjects\AL_0036\2025-02-27\3\widefield.tar,26733989376,basler-tiff,631826,42245,560,560,4,12,65520,True,3/Basler_acA2440-75um__23040354__20250227_133212586_0001.tiff,
Y,\\sahale.biostr.washington.edu\data\Subjects\default\2025-03-05\3\widefield.tar,5194318336,frame-N,627200,8275,0,0,-1,0,0,False,1/frame-0,headerless frames and no meanImage.npy for geometry
Y,\\sahale.biostr.washington.edu\data\Subjects\ZYE_0083\2024-04-30\4\widefield.tar,31947259392,basler-tiff,631826,50483,560,560,4,11,32656,True,4/Basler_acA2440-75um__23040354__20240430_190921011_0001.tiff,
