session,verdict,C1,C2,C3,C4,C5,C7,tar_bytes_now,wfz_bytes_now,b2_wfz_bytes,notes
AB_0003/2021-03-29/2,PASS,pass,pass,pass,pass,pass,pass,67900812800,32000470015,32000470015,
AB_0003/2021-04-19/1,REFUSE,pass,pass,pass,fail,pass,pass,-1,65149088729,65149088729,C4: the tar is already gone
AB_0004/2021-03-24/1,PASS,pass,pass,pass,pass,pass,pass,24430592512,11257699692,11257699692,
AB_0004/2021-03-29/2,PASS,pass,pass,pass,pass,pass,pass,66685821440,30989982072,30989982072,
AB_0004/2021-03-30/1,REFUSE,pass,pass,pass,fail,pass,pass,-1,85185484475,85185484475,C4: the tar is already gone
AB_0005/2021-03-29/2,PASS,pass,pass,pass,pass,pass,pass,64896422400,29767384149,29767384149,
AB_0005/2021-03-30/1,REFUSE,pass,pass,pass,fail,pass,pass,-1,77263434270,77263434270,C4: the tar is already gone
AB_0026/2024-03-12/1,PASS,pass,pass,pass,pass,pass,pass,129452748288,56659468530,56659468530,
AB_0026/2024-03-13/1,PASS,pass,pass,pass,pass,pass,pass,192130960896,83683699319,83683699319,
AB_0032/2024-03-12/1,PASS,pass,pass,pass,pass,pass,pass,129452748288,56659468529,56659468529,
AB_0032/2024-03-13/1,PASS,pass,pass,pass,pass,pass,pass,192130960896,83683699319,83683699319,
AB_0032/2024-03-14/1,PASS,pass,pass,pass,pass,pass,pass,185266632192,80405867355,80405867355,
AB_0032/2024-04-15/1,PASS,pass,pass,pass,pass,pass,pass,183547860480,72994129787,72994129787,
AB_0032/2024-04-16/1,PASS,pass,pass,pass,pass,pass,pass,344282758656,145981130097,145981130097,
AB_0032/2024-04-25/1,PASS,pass,pass,pass,pass,pass,pass,184153480704,77410504675,77410504675,
AB_0032/2024-04-30/1,PASS,pass,pass,pass,pass,pass,pass,194390171136,83289731594,83289731594,
AB_0032/2024-05-02/1,PASS,pass,pass,pass,pass,pass,pass,210604592640,86255371309,86255371309,
AB_0032/2024-05-09/1,PASS,pass,pass,pass,pass,pass,pass,115275412992,48457066000,48457066000,
AB_0032/2024-05-12/1,PASS,pass,pass,pass,pass,pass,pass,103766730240,42469052665,42469052665,
AB_0032/2024-05-21/1,PASS,pass,pass,pass,pass,pass,pass,96594212352,39144065492,39144065492,
AB_0032/2024-05-23/1,PASS,pass,pass,pass,pass,pass,pass,90602558976,37277389766,37277389766,
AB_0032/2024-05-25/1,PASS,pass,pass,pass,pass,pass,pass,92016938496,37434851579,37434851579,
AB_0032/2024-06-20/3,PASS,pass,pass,pass,pass,pass,pass,96484099584,41125843973,41125843973,
AB_0032/2024-06-21/1,PASS,pass,pass,pass,pass,pass,pass,180702647808,77986009498,77986009498,
AB_0032/2024-06-25/1,PASS,pass,pass,pass,pass,pass,pass,29458963968,12729439749,12729439749,
AB_0032/2024-06-27/1,PASS,pass,pass,pass,pass,pass,pass,193293473280,85011481838,85011481838,
AB_0032/2024-06-28/1,PASS,pass,pass,pass,pass,pass,pass,267169648128,115379509534,115379509534,
AB_0032/2024-07-08/1,PASS,pass,pass,pass,pass,pass,pass,151111423488,65705722562,65705722562,
AB_0032/2024-07-19/1,PASS,pass,pass,pass,pass,pass,pass,148181411328,63600345054,63600345054,
AB_0032/2024-07-24/1,PASS,pass,pass,pass,pass,pass,pass,246396304896,108934842267,108934842267,
AB_0032/2024-07-26/1,PASS,pass,pass,pass,pass,pass,pass,103462970880,45211414160,45211414160,
AB_0032/2024-07-29/1,PASS,pass,pass,pass,pass,pass,pass,206220332544,90634212367,90634212367,
AB_0032/2024-08-13/2,PASS,pass,pass,pass,pass,pass,pass,193300434432,80549036669,80549036669,
AB_0032/2024-08-14/1,PASS,pass,pass,pass,pass,pass,pass,226635492864,93748471303,93748471303,
AL_0014/2022-08-08/1,PASS,pass,pass,pass,pass,pass,pass,128783844864,56537226330,56537226330,
AL_0014/2022-08-09/2,PASS,pass,pass,pass,pass,pass,pass,138402258432,62623767180,62623767180,
AL_0014/2022-08-15/1,PASS,pass,pass,pass,pass,pass,pass,72019446272,32221679431,32221679431,
AL_0014/2022-08-17/1,PASS,pass,pass,pass,pass,pass,pass,159801472512,60480065463,60480065463,
AL_0015/2022-08-22/1,PASS,pass,pass,pass,pass,pass,pass,87434601984,39683599163,39683599163,
AL_0015/2022-09-22/1,PASS,pass,pass,pass,pass,pass,pass,24443137536,10585161678,10585161678,
AL_0016/2022-10-04/1,PASS,pass,pass,pass,pass,pass,pass,143087113728,61821484753,61821484753,
AL_0023/2023-05-15/1,PASS,pass,pass,pass,pass,pass,pass,79553945088,34199080679,34199080679,
AL_0023/2023-05-15/5,PASS,pass,pass,pass,pass,pass,pass,31639918080,13216733344,13216733344,
AL_0023/2023-05-18/1,PASS,pass,pass,pass,pass,pass,pass,74639001600,32055415045,32055415045,
AL_0023/2023-05-18/4,PASS,pass,pass,pass,pass,pass,pass,54804518400,23950230159,23950230159,
AL_0023/2023-05-18/7,PASS,pass,pass,pass,pass,pass,pass,54469117440,23711340048,23711340048,
AL_0023/2023-06-27/1,PASS,pass,pass,pass,pass,pass,pass,83149696512,36254560363,36254560363,
AL_0023/2023-07-10/1,PASS,pass,pass,pass,pass,pass,pass,128938888704,56284823321,56284823321,
AL_0023/2023-08-09/1,PASS,pass,pass,pass,pass,pass,pass,100079218176,43813541848,43813541848,
AL_0023/2023-08-11/1,PASS,pass,pass,pass,pass,pass,pass,62002982400,26925082510,26925082510,
AL_0023/2023-08-14/1,PASS,pass,pass,pass,pass,pass,pass,85655078400,37358365061,37358365061,
AL_0023/2023-08-15/1,PASS,pass,pass,pass,pass,pass,pass,85946813952,37501564449,37501564449,
AL_0023/2023-08-23/3,PASS,pass,pass,pass,pass,pass,pass,160343809536,68857642098,68857642098,
AL_0023/2023-08-24/1,PASS,pass,pass,pass,pass,pass,pass,160874755584,69923786543,69923786543,
AL_0023/2023-08-25/2,PASS,pass,pass,pass,pass,pass,pass,150930433536,64315974376,64315974376,
AL_0023/2023-08-30/1,PASS,pass,pass,pass,pass,pass,pass,217932787200,95222436473,95222436473,
AL_0023/2023-09-06/1,PASS,pass,pass,pass,pass,pass,pass,86727095808,37439226199,37439226199,
AL_0023/2023-10-10/1,PASS,pass,pass,pass,pass,pass,pass,110096315904,48373592073,48373592073,
AL_0023/2023-10-23/1,PASS,pass,pass,pass,pass,pass,pass,115539303936,50250447183,50250447183,
AL_0023/2023-10-27/1,PASS,pass,pass,pass,pass,pass,pass,87872522240,38684634249,38684634249,
AL_0023/2023-10-27/4,PASS,pass,pass,pass,pass,pass,pass,35695523840,15614637913,15614637913,
AL_0027/2023-10-24/1,PASS,pass,pass,pass,pass,pass,pass,63553420800,27262245535,27262245535,
AL_0027/2023-12-07/1,PASS,pass,pass,pass,pass,pass,pass,138092803584,60008741519,60008741519,
AL_0029/2023-11-30/1,PASS,pass,pass,pass,pass,pass,pass,33127491072,13668082310,13668082310,
AL_0030/2024-01-18/2,PASS,pass,pass,pass,pass,pass,pass,135088750080,53899081450,53899081450,
AL_0030/2024-01-19/3,PASS,pass,pass,pass,pass,pass,pass,81944784384,34985524960,34985524960,
AL_0030/2024-01-22/2,PASS,pass,pass,pass,pass,pass,pass,113090244096,43830817421,43830817421,
AL_0030/2024-01-22/5,PASS,pass,pass,pass,pass,pass,pass,14565262848,5691748887,5691748887,
AL_0030/2024-01-23/1,PASS,pass,pass,pass,pass,pass,pass,67890851840,25990932550,25990932550,
AL_0030/2024-01-25/1,PASS,pass,pass,pass,pass,pass,pass,70188031488,25897515271,25897515271,
AL_0032/2024-04-09/1,PASS,pass,pass,pass,pass,pass,pass,138663618048,58786392694,58786392694,
AL_0032/2024-04-14/1,PASS,pass,pass,pass,pass,pass,pass,160635545088,67990951969,67990951969,
AL_0032/2024-04-19/1,PASS,pass,pass,pass,pass,pass,pass,197884669440,80129584131,80129584131,
AL_0032/2024-04-19/2,PASS,pass,pass,pass,pass,pass,pass,171086765568,69248939984,69248939984,
AL_0032/2024-04-27/1,PASS,pass,pass,pass,pass,pass,pass,164628082176,67403461757,67403461757,
AL_0032/2024-04-28/1,PASS,pass,pass,pass,pass,pass,pass,151915752960,64441528746,64441528746,
AL_0032/2024-05-12/1,PASS,pass,pass,pass,pass,pass,pass,143971180032,57934816102,57934816102,
AL_0032/2024-05-15/1,PASS,pass,pass,pass,pass,pass,pass,189282584064,77942716370,77942716370,
AL_0032/2024-06-10/1,PASS,pass,pass,pass,pass,pass,pass,118348445184,48191484631,48191484631,
AL_0032/2024-06-11/1,PASS,pass,pass,pass,pass,pass,pass,102883296768,41152614901,41152614901,
AL_0032/2024-06-12/1,PASS,pass,pass,pass,pass,pass,pass,4236177920,1722502966,1722502966,
AL_0033/2024-06-21/1,PASS,pass,pass,pass,pass,pass,pass,56184723968,23164840068,23164840068,
AL_0033/2024-06-21/2,PASS,pass,pass,pass,pass,pass,pass,172054998528,70940782071,70940782071,
AL_0033/2024-06-22/1,PASS,pass,pass,pass,pass,pass,pass,199984406016,81558255681,81558255681,
AL_0033/2024-06-24/1,PASS,pass,pass,pass,pass,pass,pass,117480832512,48236066038,48236066038,
AL_0033/2024-06-27/1,PASS,pass,pass,pass,pass,pass,pass,103426266624,41736871806,41736871806,
AL_0033/2024-07-09/1,PASS,pass,pass,pass,pass,pass,pass,183598487040,75977832896,75977832896,
AL_0033/2024-07-12/1,PASS,pass,pass,pass,pass,pass,pass,252944217600,104451825215,104451825215,
AL_0033/2024-07-18/1,PASS,pass,pass,pass,pass,pass,pass,210998214144,87673388684,87673388684,
AL_0033/2024-07-19/1,PASS,pass,pass,pass,pass,pass,pass,202618885632,83326587452,83326587452,
AL_0033/2024-07-25/1,PASS,pass,pass,pass,pass,pass,pass,136525278720,55470916045,55470916045,
AL_0033/2024-07-26/1,PASS,pass,pass,pass,pass,pass,pass,175910843904,71877214874,71877214874,
AL_0033/2024-08-09/1,PASS,pass,pass,pass,pass,pass,pass,209076936192,87305399347,87305399347,
AL_0033/2024-08-16/1,PASS,pass,pass,pass,pass,pass,pass,124417304064,50563629109,50563629109,
AL_0033/2024-08-18/1,PASS,pass,pass,pass,pass,pass,pass,207552443904,84055864052,84055864052,
AL_0033/2024-08-22/1,PASS,pass,pass,pass,pass,pass,pass,116865719808,48550293192,48550293192,
AL_0033/2024-08-23/1,PASS,pass,pass,pass,pass,pass,pass,197001868800,79578314527,79578314527,
AL_0033/2024-08-24/1,PASS,pass,pass,pass,pass,pass,pass,191799356928,75640273544,75640273544,
AL_0033/2024-08-26/1,PASS,pass,pass,pass,pass,pass,pass,199056041472,81056923136,81056923136,
AL_0033/2024-08-30/2,PASS,pass,pass,pass,pass,pass,pass,177894139392,72453869885,72453869885,
AL_0033/2024-09-09/1,PASS,pass,pass,pass,pass,pass,pass,204374361600,85010438628,85010438628,
AL_0033/2024-09-16/1,PASS,pass,pass,pass,pass,pass,pass,194669250048,81341106681,81341106681,
AL_0033/2024-09-23/1,PASS,pass,pass,pass,pass,pass,pass,212984040960,90461735952,90461735952,
AL_0033/2024-11-21/1,PASS,pass,pass,pass,pass,pass,pass,209657243136,87683477207,87683477207,
AL_0033/2024-11-25/1,PASS,pass,pass,pass,pass,pass,pass,55673396736,23907181964,23907181964,
AL_0033/2024-12-08/1,PASS,pass,pass,pass,pass,pass,pass,105532331520,44198150336,44198150336,
AL_0033/2024-12-11/1,PASS,pass,pass,pass,pass,pass,pass,98049725952,41683165503,41683165503,
AL_0033/2024-12-17/1,PASS,pass,pass,pass,pass,pass,pass,212073395712,91181826996,91181826996,
AL_0033/2024-12-20/1,PASS,pass,pass,pass,pass,pass,pass,158142819840,67644542180,67644542180,
AL_0033/2024-12-20/7,PASS,pass,pass,pass,pass,pass,pass,151196990464,65605579581,65605579581,
AL_0033/2024-12-23/1,PASS,pass,pass,pass,pass,pass,pass,145081192448,60944010459,60944010459,
AL_0033/2025-01-07/1,PASS,pass,pass,pass,pass,pass,pass,156721479168,65336814915,65336814915,
AL_0033/2025-01-09/1,PASS,pass,pass,pass,pass,pass,pass,106676516864,45032945959,45032945959,
AL_0033/2025-01-10/2,PASS,pass,pass,pass,pass,pass,pass,84544647168,34881998991,34881998991,
AL_0033/2025-01-14/7,PASS,pass,pass,pass,pass,pass,pass,93119331840,38615013571,38615013571,
AL_0033/2025-01-16/3,PASS,pass,pass,pass,pass,pass,pass,233675836928,96244698605,96244698605,
AL_0033/2025-01-17/1,PASS,pass,pass,pass,pass,pass,pass,294340435456,122923655024,122923655024,
AL_0033/2025-01-18/1,PASS,pass,pass,pass,pass,pass,pass,203782308352,73954012380,73954012380,
AL_0033/2025-01-20/2,PASS,pass,pass,pass,pass,pass,pass,154354382336,56889765357,56889765357,
AL_0033/2025-01-20/3,PASS,pass,pass,pass,pass,pass,pass,101511075328,37641680633,37641680633,
AL_0033/2025-01-21/1,PASS,pass,pass,pass,pass,pass,pass,251222914560,103769452226,103769452226,
AL_0033/2025-01-28/1,PASS,pass,pass,pass,pass,pass,pass,163194084864,67466248948,67466248948,
AL_0033/2025-01-29/1,PASS,pass,pass,pass,pass,pass,pass,242555450880,101523992747,101523992747,
AL_0033/2025-02-04/1,PASS,pass,pass,pass,pass,pass,pass,74564064768,29411182018,29411182018,
AL_0033/2025-02-12/2,PASS,pass,pass,pass,pass,pass,pass,187632534016,75230804757,75230804757,
AL_0033/2025-02-13/2,PASS,pass,pass,pass,pass,pass,pass,205231695360,85146418186,85146418186,
AL_0033/2025-02-21/2,PASS,pass,pass,pass,pass,pass,pass,113862564352,45874433515,45874433515,
AL_0033/2025-02-24/2,PASS,pass,pass,pass,pass,pass,pass,188462369280,75587614645,75587614645,
AL_0033/2025-02-24/3,REFUSE,pass,pass,pass,fail,pass,pass,-1,6001539791,6001539791,C4: the tar is already gone
AL_0033/2025-02-25/1,PASS,pass,pass,pass,pass,pass,pass,54681748992,22219821600,22219821600,
AL_0033/2025-02-26/2,PASS,pass,pass,pass,pass,pass,pass,173607564800,69602838388,69602838388,
AL_0033/2025-03-03/2,PASS,pass,pass,pass,pass,pass,pass,290073876992,112440590229,112440590229,
AL_0033/2025-03-04/1,PASS,pass,pass,pass,pass,pass,pass,100589594112,40615146489,40615146489,
AL_0033/2025-03-04/2,PASS,pass,pass,pass,pass,pass,pass,59907579392,24258899343,24258899343,
AL_0033/2025-03-05/1,PASS,pass,pass,pass,pass,pass,pass,176954525184,74619219130,74619219130,
AL_0033/2025-03-05/2,PASS,pass,pass,pass,pass,pass,pass,27152939520,11578243964,11578243964,
AL_0033/2025-03-06/1,PASS,pass,pass,pass,pass,pass,pass,55972093440,22636340045,22636340045,
AL_0033/2025-03-12/1,PASS,pass,pass,pass,pass,pass,pass,88809113088,35700317171,35700317171,
AL_0033/2025-03-17/1,PASS,pass,pass,pass,pass,pass,pass,1610082816,682336506,682336506,
AL_0033/2025-03-17/3,PASS,pass,pass,pass,pass,pass,pass,112451467776,47298305244,47298305244,
AL_0033/2025-03-18/1,PASS,pass,pass,pass,pass,pass,pass,113696848384,47961818718,47961818718,
AL_0033/2025-03-20/4,PASS,pass,pass,pass,pass,pass,pass,85830829568,34700005201,34700005201,
AL_0033/2025-03-27/5,PASS,pass,pass,pass,pass,pass,pass,110618402304,43948091087,43948091087,
AL_0033/2025-03-28/3,PASS,pass,pass,pass,pass,pass,pass,166012085760,65635193902,65635193902,
AL_0033/2025-04-03/1,PASS,pass,pass,pass,pass,pass,pass,204944543232,83070913477,83070913477,
AL_0033/2025-04-11/1,PASS,pass,pass,pass,pass,pass,pass,134941933056,54542192374,54542192374,
AL_0033/2025-04-15/1,PASS,pass,pass,pass,pass,pass,pass,172763292160,69461410139,69461410139,
AL_0033/2025-04-15/2,PASS,pass,pass,pass,pass,pass,pass,53498012160,21737585969,21737585969,
AL_0033/2025-04-18/4,PASS,pass,pass,pass,pass,pass,pass,254959667712,101477536803,101477536803,
AL_0033/2025-04-19/1,PASS,pass,pass,pass,pass,pass,pass,93399780864,37603604270,37603604270,
AL_0033/2025-04-20/2,PASS,pass,pass,pass,pass,pass,pass,85102683648,33916256228,33916256228,
AL_0033/2025-04-28/1,PASS,pass,pass,pass,pass,pass,pass,327825962496,129788354030,129788354030,
AL_0033/2025-04-29/1,PASS,pass,pass,pass,pass,pass,pass,133685761536,53533815987,53533815987,
AL_0033/2025-04-30/1,PASS,pass,pass,pass,pass,pass,pass,246364663296,100105219900,100105219900,
AL_0033/2025-05-10/1,PASS,pass,pass,pass,pass,pass,pass,199644575232,79389318430,79389318430,
AL_0033/2025-05-12/1,PASS,pass,pass,pass,pass,pass,pass,74178037248,29623395081,29623395081,
AL_0033/2025-05-12/3,PASS,pass,pass,pass,pass,pass,pass,213544730112,85369271959,85369271959,
AL_0033/2025-05-26/1,PASS,pass,pass,pass,pass,pass,pass,53320527360,21793438611,21793438611,
AL_0033/2025-06-06/3,PASS,pass,pass,pass,pass,pass,pass,318587880960,127552796550,127552796550,
AL_0033/2025-06-07/3,PASS,pass,pass,pass,pass,pass,pass,292453817856,116864674076,116864674076,
AL_0033/2025-06-08/2,PASS,pass,pass,pass,pass,pass,pass,314173877760,121988449690,121988449690,
AL_0033/2025-06-10/1,PASS,pass,pass,pass,pass,pass,pass,114381854208,43767316415,43767316415,
AL_0033/2025-06-10/2,PASS,pass,pass,pass,pass,pass,pass,58432544256,22387320761,22387320761,
AL_0033/2025-06-10/3,PASS,pass,pass,pass,pass,pass,pass,57801610752,21943479184,21943479184,
AL_0033/2025-06-11/1,PASS,pass,pass,pass,pass,pass,pass,115217825280,45795245338,45795245338,
AL_0033/2025-06-11/2,PASS,pass,pass,pass,pass,pass,pass,36801713664,14527570752,14527570752,
AL_0033/2025-06-13/3,PASS,pass,pass,pass,pass,pass,pass,156639211008,59472002320,59472002320,
AL_0033/2025-06-14/1,PASS,pass,pass,pass,pass,pass,pass,124843832832,48245676310,48245676310,
AL_0033/2025-06-18/1,PASS,pass,pass,pass,pass,pass,pass,227257566720,83664534869,83664534869,
AL_0033/2025-06-23/1,PASS,pass,pass,pass,pass,pass,pass,231719665152,88925850844,88925850844,
AL_0033/2025-06-24/1,PASS,pass,pass,pass,pass,pass,pass,180910849536,70830783483,70830783483,
AL_0033/2025-08-04/1,PASS,pass,pass,pass,pass,pass,pass,164997656064,64191425947,64191425947,
AL_0033/2025-08-05/1,PASS,pass,pass,pass,pass,pass,pass,25258857984,9721665353,9721665353,
AL_0033/2025-08-05/4,PASS,pass,pass,pass,pass,pass,pass,174406602240,66762322481,66762322481,
AL_0033/2025-08-05/9,PASS,pass,pass,pass,pass,pass,pass,14830419456,5789054416,5789054416,
AL_0033/2025-08-07/1,PASS,pass,pass,pass,pass,pass,pass,101911266816,40244078818,40244078818,
AL_0033/2025-08-07/3,PASS,pass,pass,pass,pass,pass,pass,84519777792,33254110730,33254110730,
AL_0033/2025-08-08/1,PASS,pass,pass,pass,pass,pass,pass,1684600320,667517935,667517935,
AL_0033/2025-08-08/2,PASS,pass,pass,pass,pass,pass,pass,101090483712,39946722288,39946722288,
AL_0033/2025-08-08/4,PASS,pass,pass,pass,pass,pass,pass,73131333120,28845028273,28845028273,
AL_0034/2024-07-25/1,PASS,pass,pass,pass,pass,pass,pass,185006538240,78799730822,78799730822,
AL_0034/2024-07-29/1,PASS,pass,pass,pass,pass,pass,pass,95219701248,40815580367,40815580367,
AL_0034/2024-08-12/1,PASS,pass,pass,pass,pass,pass,pass,151596172800,63227494812,63227494812,
AL_0034/2024-08-13/1,PASS,pass,pass,pass,pass,pass,pass,200368535040,85792040615,85792040615,
AL_0034/2024-08-19/1,PASS,pass,pass,pass,pass,pass,pass,137334038016,54513552607,54513552607,
AL_0034/2024-08-20/1,PASS,pass,pass,pass,pass,pass,pass,175636827648,76461902411,76461902411,
AL_0034/2024-08-26/1,PASS,pass,pass,pass,pass,pass,pass,109105300992,44875203538,44875203538,
AL_0034/2024-08-27/1,PASS,pass,pass,pass,pass,pass,pass,197432194560,82285347753,82285347753,
AL_0034/2024-08-29/1,PASS,pass,pass,pass,pass,pass,pass,112905457152,45404062938,45404062938,
AL_0034/2024-08-30/1,PASS,pass,pass,pass,pass,pass,pass,90580409856,36752142158,36752142158,
AL_0034/2024-09-02/1,PASS,pass,pass,pass,pass,pass,pass,113997725184,48091569872,48091569872,
AL_0034/2024-09-03/1,PASS,pass,pass,pass,pass,pass,pass,195762150912,84674361220,84674361220,
AL_0034/2024-09-19/2,PASS,pass,pass,pass,pass,pass,pass,177902366208,75069958172,75069958172,
AL_0034/2024-10-16/1,PASS,pass,pass,pass,pass,pass,pass,49169782272,21026640905,21026640905,
AL_0034/2024-11-17/1,PASS,pass,pass,pass,pass,pass,pass,132251131392,56248391093,56248391093,
AL_0034/2024-11-18/10,PASS,pass,pass,pass,pass,pass,pass,23680574976,9739021651,9739021651,
AL_0034/2024-11-18/7,PASS,pass,pass,pass,pass,pass,pass,43789444608,18074001984,18074001984,
AL_0034/2024-11-19/3,PASS,pass,pass,pass,pass,pass,pass,23130643968,9523254750,9523254750,
AL_0034/2024-11-19/5,PASS,pass,pass,pass,pass,pass,pass,22074447360,9019632576,9019632576,
AL_0035/2024-08-12/1,PASS,pass,pass,pass,pass,pass,pass,143465547264,59289722123,59289722123,
AL_0035/2024-08-14/1,PASS,pass,pass,pass,pass,pass,pass,179614176768,75687580453,75687580453,
AL_0035/2024-08-16/1,PASS,pass,pass,pass,pass,pass,pass,126138607104,52232273250,52232273250,
AL_0035/2024-08-22/1,PASS,pass,pass,pass,pass,pass,pass,129462873600,55027163730,55027163730,
AL_0035/2024-08-29/1,PASS,pass,pass,pass,pass,pass,pass,127437811200,51870584553,51870584553,
AL_0035/2024-09-04/1,PASS,pass,pass,pass,pass,pass,pass,150357087744,65167266515,65167266515,
AL_0035/2024-09-10/1,PASS,pass,pass,pass,pass,pass,pass,145750703616,61847362125,61847362125,
AL_0035/2024-12-05/1,PASS,pass,pass,pass,pass,pass,pass,41725779456,18361214712,18361214712,
AL_0035/2024-12-09/1,PASS,pass,pass,pass,pass,pass,pass,149788804608,65210889294,65210889294,
AL_0035/2024-12-19/2,PASS,pass,pass,pass,pass,pass,pass,131862572544,57058092119,57058092119,
AL_0035/2025-01-08/1,PASS,pass,pass,pass,pass,pass,pass,233308706304,104623000213,104623000213,
AL_0035/2025-01-11/1,PASS,pass,pass,pass,pass,pass,pass,117675744768,49555280497,49555280497,
AL_0035/2025-01-12/1,PASS,pass,pass,pass,pass,pass,pass,106182882816,47545920447,47545920447,
AL_0035/2025-01-19/1,PASS,pass,pass,pass,pass,pass,pass,187434714624,83901202143,83901202143,
AL_0035/2025-01-25/1,PASS,pass,pass,pass,pass,pass,pass,169686941184,74476795122,74476795122,
AL_0035/2025-04-11/1,PASS,pass,pass,pass,pass,pass,pass,125613356544,53938545818,53938545818,
AL_0035/2025-04-14/1,PASS,pass,pass,pass,pass,pass,pass,128922435072,53923173324,53923173324,
AL_0035/2025-04-24/1,PASS,pass,pass,pass,pass,pass,pass,244069381632,102843430840,102843430840,
AL_0035/2025-04-25/1,PASS,pass,pass,pass,pass,pass,pass,181512672768,74055122711,74055122711,
AL_0035/2025-04-25/2,PASS,pass,pass,pass,pass,pass,pass,181512672768,74055122711,74055122711,
AL_0035/2025-04-27/1,PASS,pass,pass,pass,pass,pass,pass,189171838464,79917312819,79917312819,
AL_0035/2025-05-01/1,PASS,pass,pass,pass,pass,pass,pass,118668025344,50311919102,50311919102,
AL_0035/2025-05-08/1,PASS,pass,pass,pass,pass,pass,pass,115821547008,49715205586,49715205586,
AL_0035/2025-05-10/1,PASS,pass,pass,pass,pass,pass,pass,122172648960,51890082700,51890082700,
AL_0035/2025-05-11/1,PASS,pass,pass,pass,pass,pass,pass,70241189376,29584111082,29584111082,
AL_0035/2025-05-24/1,PASS,pass,pass,pass,pass,pass,pass,153477582336,65953580807,65953580807,
AL_0036/2024-12-13/1,PASS,pass,pass,pass,pass,pass,pass,162653013504,69916612621,69916612621,
AL_0036/2024-12-17/1,PASS,pass,pass,pass,pass,pass,pass,110813314560,49380791951,49380791951,
AL_0036/2024-12-19/1,PASS,pass,pass,pass,pass,pass,pass,175982353920,77009653161,77009653161,
AL_0036/2025-01-08/1,PASS,pass,pass,pass,pass,pass,pass,209834436096,91890037894,91890037894,
AL_0036/2025-01-11/1,PASS,pass,pass,pass,pass,pass,pass,106742939136,45669766901,45669766901,
AL_0036/2025-01-12/1,PASS,pass,pass,pass,pass,pass,pass,108237688320,47968585517,47968585517,
AL_0036/2025-01-15/1,PASS,pass,pass,pass,pass,pass,pass,94567325184,39923560570,39923560570,
AL_0036/2025-01-16/2,PASS,pass,pass,pass,pass,pass,pass,174053481984,72597134441,72597134441,
AL_0036/2025-01-16/5,PASS,pass,pass,pass,pass,pass,pass,49526066688,21162336720,21162336720,
AL_0036/2025-02-26/1,PASS,pass,pass,pass,pass,pass,pass,76894785024,29892520606,29892520606,
AL_0036/2025-02-27/3,PASS,pass,pass,pass,pass,pass,pass,26733989376,11016485620,11016485620,
AL_0037/2024-09-30/1,PASS,pass,pass,pass,pass,pass,pass,11429580288,4653788653,4653788653,
AL_0037/2024-10-01/1,PASS,pass,pass,pass,pass,pass,pass,95124143616,39183239491,39183239491,
AL_0037/2025-02-11/4,PASS,pass,pass,pass,pass,pass,pass,139744495104,56634695268,56634695268,
AL_0037/2025-02-28/2,PASS,pass,pass,pass,pass,pass,pass,140422258176,54251041894,54251041894,
AL_0038/2024-12-20/3,PASS,pass,pass,pass,pass,pass,pass,20048119296,7532940310,7532940310,
AL_0038/2024-12-27/1,PASS,pass,pass,pass,pass,pass,pass,120905719296,40820614329,40820614329,
AL_0038/2025-01-06/1,PASS,pass,pass,pass,pass,pass,pass,129166075392,47576997783,47576997783,
AL_0038/2025-02-18/1,PASS,pass,pass,pass,pass,pass,pass,183488374272,69272315337,69272315337,
AL_0038/2025-03-04/1,PASS,pass,pass,pass,pass,pass,pass,135523505664,51959565020,51959565020,
AL_0038/2025-04-04/2,PASS,pass,pass,pass,pass,pass,pass,136100648448,49630853311,49630853311,
AL_0038/2025-04-16/1,PASS,pass,pass,pass,pass,pass,pass,36945999360,12918892626,12918892626,
AL_0038/2025-05-01/1,PASS,pass,pass,pass,pass,pass,pass,49505816064,18400612549,18400612549,
AL_0038/2025-05-02/1,PASS,pass,pass,pass,pass,pass,pass,150371010560,56232822204,56232822204,
AL_0039/2025-03-20/1,PASS,pass,pass,pass,pass,pass,pass,25443644928,10814511877,10814511877,
AL_0039/2025-04-19/1,PASS,pass,pass,pass,pass,pass,pass,101008278016,42207487363,42207487363,
AL_0039/2025-04-20/1,PASS,pass,pass,pass,pass,pass,pass,85198095872,36563331333,36563331333,
AL_0039/2025-04-20/2,PASS,pass,pass,pass,pass,pass,pass,115247924736,49166816134,49166816134,
AL_0039/2025-04-26/1,PASS,pass,pass,pass,pass,pass,pass,320323739136,131702309610,131702309610,
AL_0039/2025-04-28/1,PASS,pass,pass,pass,pass,pass,pass,258270131712,110332315819,110332315819,
AL_0039/2025-04-30/3,PASS,pass,pass,pass,pass,pass,pass,83108442624,36341187030,36341187030,
AL_0039/2025-05-11/1,PASS,pass,pass,pass,pass,pass,pass,184369909248,80389751653,80389751653,
AL_0039/2025-05-12/1,PASS,pass,pass,pass,pass,pass,pass,214480055808,88906795786,88906795786,
AL_0039/2025-05-13/1,PASS,pass,pass,pass,pass,pass,pass,214527518208,89498459839,89498459839,
AL_0039/2025-05-14/1,PASS,pass,pass,pass,pass,pass,pass,212105670144,91876625168,91876625168,
AL_0039/2025-05-25/1,PASS,pass,pass,pass,pass,pass,pass,190845679104,79243746762,79243746762,
AL_0039/2025-05-26/1,PASS,pass,pass,pass,pass,pass,pass,69240681984,29097362751,29097362751,
AL_0039/2025-06-05/1,PASS,pass,pass,pass,pass,pass,pass,230666632704,92966091452,92966091452,
AL_0039/2025-06-10/1,PASS,pass,pass,pass,pass,pass,pass,112635870720,42874375488,42874375488,
AL_0039/2025-06-10/2,PASS,pass,pass,pass,pass,pass,pass,69617217024,26441760536,26441760536,
AL_0039/2025-06-10/5,PASS,pass,pass,pass,pass,pass,pass,54969054720,20707949256,20707949256,
AL_0039/2025-06-12/1,PASS,pass,pass,pass,pass,pass,pass,114193903104,45810629709,45810629709,
AL_0039/2025-06-12/2,PASS,pass,pass,pass,pass,pass,pass,32392140288,12885453507,12885453507,
AL_0039/2025-06-17/1,PASS,pass,pass,pass,pass,pass,pass,204554085888,81870200196,81870200196,
AL_0039/2025-06-18/2,PASS,pass,pass,pass,pass,pass,pass,209254761984,80933265821,80933265821,
AL_0039/2025-06-19/1,PASS,pass,pass,pass,pass,pass,pass,229035824640,93183732238,93183732238,
AL_0039/2025-06-20/3,PASS,pass,pass,pass,pass,pass,pass,235712202240,96217221427,96217221427,
AL_0039/2025-06-25/1,PASS,pass,pass,pass,pass,pass,pass,213690281472,85151734904,85151734904,
AL_0039/2025-06-26/1,PASS,pass,pass,pass,pass,pass,pass,193028316672,74665774902,74665774902,
AL_0039/2025-06-27/1,PASS,pass,pass,pass,pass,pass,pass,176272823808,68429933719,68429933719,
AL_0039/2025-07-01/1,PASS,pass,pass,pass,pass,pass,pass,184528117248,72640159655,72640159655,
AL_0039/2025-07-02/1,PASS,pass,pass,pass,pass,pass,pass,178862372352,70472290794,70472290794,
AL_0039/2025-07-03/1,PASS,pass,pass,pass,pass,pass,pass,201724061184,79419635591,79419635591,
AL_0039/2025-07-04/1,PASS,pass,pass,pass,pass,pass,pass,114618533376,44463736848,44463736848,
AL_0039/2025-07-04/2,PASS,pass,pass,pass,pass,pass,pass,120115312128,47227534878,47227534878,
AL_0039/2025-07-05/2,PASS,pass,pass,pass,pass,pass,pass,182746695168,71769598696,71769598696,
AL_0039/2025-07-05/3,PASS,pass,pass,pass,pass,pass,pass,133595266560,53095200169,53095200169,
AL_0039/2025-07-06/1,PASS,pass,pass,pass,pass,pass,pass,115632963072,46647983107,46647983107,
AL_0039/2025-07-06/3,PASS,pass,pass,pass,pass,pass,pass,126452491776,50759928250,50759928250,
AL_0039/2025-07-06/4,PASS,pass,pass,pass,pass,pass,pass,116109485568,46524148269,46524148269,
AL_0039/2025-07-06/6,PASS,pass,pass,pass,pass,pass,pass,115524748800,46243372898,46243372898,
AL_0039/2025-09-30/1,PASS,pass,pass,pass,pass,pass,pass,25798663680,9826585939,9826585939,
AL_0039/2025-09-30/4,PASS,pass,pass,pass,pass,pass,pass,85419032064,32169831552,32169831552,
AL_0039/2025-09-30/6,PASS,pass,pass,pass,pass,pass,pass,18452756480,6928775741,6928775741,
AL_0039/2025-10-01/1,REFUSE,pass,pass,fail,pass,pass,pass,206136801280,78864506034,78864506034,C3: format_version=2 sha=False
AL_0039/2025-10-02/1,PASS,pass,pass,pass,pass,pass,pass,269791471616,102737582949,102737582949,
AL_0039/2025-10-03/1,PASS,pass,pass,pass,pass,pass,pass,218444748288,73752810761,73752810761,
AL_0041/2025-10-08/2,PASS,pass,pass,pass,pass,pass,pass,11590952448,4458290496,4458290496,
AL_0041/2025-10-16/1,PASS,pass,pass,pass,pass,pass,pass,47094093312,18380325637,18380325637,
AL_0041/2025-10-17/1,PASS,pass,pass,pass,pass,pass,pass,57423810048,23230873516,23230873516,
AL_0041/2025-10-28/1,PASS,pass,pass,pass,pass,pass,pass,47080803840,18554819263,18554819263,
AL_0041/2025-11-03/1,PASS,pass,pass,pass,pass,pass,pass,143040284160,57342460698,57342460698,
AL_0041/2025-11-05/1,PASS,pass,pass,pass,pass,pass,pass,30766049792,12308417171,12308417171,
AL_0041/2025-11-05/2,PASS,pass,pass,pass,pass,pass,pass,1714283008,694823924,694823924,
AL_0041/2025-11-05/3,PASS,pass,pass,pass,pass,pass,pass,92385398272,37100606436,37100606436,
AL_0041/2025-11-07/1,PASS,pass,pass,pass,pass,pass,pass,117167581184,49064763826,49064763826,
AL_0041/2025-11-12/1,PASS,pass,pass,pass,pass,pass,pass,97562139136,40562413153,40562413153,
AL_0041/2025-11-12/2,PASS,pass,pass,pass,pass,pass,pass,93342031360,38668622287,38668622287,
AL_0041/2025-11-20/2,PASS,pass,pass,pass,pass,pass,pass,128347823616,50889873274,50889873274,
AL_0041/2025-11-21/1,PASS,pass,pass,pass,pass,pass,pass,116258201088,46679436091,46679436091,
AL_0041/2025-11-21/3,PASS,pass,pass,pass,pass,pass,pass,33722985984,13417087954,13417087954,
AL_0041/2025-12-02/1,PASS,pass,pass,pass,pass,pass,pass,69476421120,28617614411,28617614411,
AL_0041/2025-12-02/2,PASS,pass,pass,pass,pass,pass,pass,71695383040,29691304120,29691304120,
AL_0041/2025-12-10/1,PASS,pass,pass,pass,pass,pass,pass,100912865792,40106040938,40106040938,
AL_0041/2026-01-28/1,PASS,pass,pass,pass,pass,pass,pass,17768658432,7041494282,7041494282,
AL_0041/2026-01-28/3,PASS,pass,pass,pass,pass,pass,pass,114729278976,41874045834,41874045834,
AL_0041/2026-02-07/2,PASS,pass,pass,pass,pass,pass,pass,83059481088,32407920912,32407920912,
AL_0041/2026-02-07/3,PASS,pass,pass,pass,pass,pass,pass,24644602368,9614355093,9614355093,
AL_0041/2026-02-09/3,PASS,pass,pass,pass,pass,pass,pass,84743632384,35881268590,35881268590,
AL_0041/2026-02-10/1,PASS,pass,pass,pass,pass,pass,pass,138029476352,59711158849,59711158849,
AL_0041/2026-02-10/2,PASS,pass,pass,pass,pass,pass,pass,86948156928,37373274353,37373274353,
AL_0041/2026-02-17/1,PASS,pass,pass,pass,pass,pass,pass,153899048448,57739565667,57739565667,
AL_0041/2026-02-19/2,PASS,pass,pass,pass,pass,pass,pass,146498078208,56138860310,56138860310,
AL_0041/2026-02-21/3,PASS,pass,pass,pass,pass,pass,pass,83097143808,33085909551,33085909551,
AL_0041/2026-02-21/4,PASS,pass,pass,pass,pass,pass,pass,84403412480,33592798031,33592798031,
AL_0041/2026-02-24/1,PASS,pass,pass,pass,pass,pass,pass,125717140992,45166216765,45166216765,
AL_0041/2026-02-27/1,PASS,pass,pass,pass,pass,pass,pass,141174313472,55354378228,55354378228,
AL_0041/2026-02-27/2,PASS,pass,pass,pass,pass,pass,pass,14589283840,5665937869,5665937869,
AL_0041/2026-02-28/2,PASS,pass,pass,pass,pass,pass,pass,143093856768,55745430238,55745430238,
AL_0041/2026-02-28/4,PASS,pass,pass,pass,pass,pass,pass,34644682240,13479209736,13479209736,
AL_0041/2026-03-05/3,PASS,pass,pass,pass,pass,pass,pass,59276101120,23045802298,23045802298,
AL_0041/2026-03-06/2,PASS,pass,pass,pass,pass,pass,pass,53643641344,20855683517,20855683517,
AL_0041/2026-03-10/2,PASS,pass,pass,pass,pass,pass,pass,33543047680,12839864035,12839864035,
AL_0041/2026-03-10/3,PASS,pass,pass,pass,pass,pass,pass,28712176128,11028587822,11028587822,
AL_0041/2026-03-10/4,PASS,pass,pass,pass,pass,pass,pass,32791048704,12611560840,12611560840,
AL_0041/2026-03-16/2,PASS,pass,pass,pass,pass,pass,pass,96124678656,36532029770,36532029770,
AL_0041/2026-03-19/1,PASS,pass,pass,pass,pass,pass,pass,106373332480,40108630370,40108630370,
AL_0041/2026-03-23/2,PASS,pass,pass,pass,pass,pass,pass,26015525376,9843549186,9843549186,
AL_0041/2026-03-23/3,PASS,pass,pass,pass,pass,pass,pass,30135826944,11603447099,11603447099,
AL_0041/2026-03-23/5,PASS,pass,pass,pass,pass,pass,pass,54930450944,21153748948,21153748948,
AL_0041/2026-03-24/1,PASS,pass,pass,pass,pass,pass,pass,93584328192,34826999232,34826999232,
AL_0041/2026-03-24/6,PASS,pass,pass,pass,pass,pass,pass,39699019264,14667715902,14667715902,
AL_0041/2026-04-07/4,PASS,pass,pass,pass,pass,pass,pass,15069483520,5788954432,5788954432,
AL_0041/2026-04-07/5,PASS,pass,pass,pass,pass,pass,pass,11814796800,4535125805,4535125805,
AL_0041/2026-04-07/6,PASS,pass,pass,pass,pass,pass,pass,15326845440,5885840495,5885840495,
AL_0041/2026-04-13/2,PASS,pass,pass,pass,pass,pass,pass,25267920384,9742165820,9742165820,
AL_0041/2026-04-13/3,PASS,pass,pass,pass,pass,pass,pass,37781359104,14569268829,14569268829,
AL_0041/2026-04-13/4,PASS,pass,pass,pass,pass,pass,pass,36996719104,14216432807,14216432807,
AL_0041/2026-04-13/5,PASS,pass,pass,pass,pass,pass,pass,51785613824,19881704766,19881704766,
AL_0041/2026-04-13/6,PASS,pass,pass,pass,pass,pass,pass,28000978432,10736312217,10736312217,
AL_0041/2026-04-13/7,PASS,pass,pass,pass,pass,pass,pass,24572415488,9416767025,9416767025,
AL_0041/2026-04-15/2,PASS,pass,pass,pass,pass,pass,pass,117080882688,44196203579,44196203579,
AL_0041/2026-04-16/1,PASS,pass,pass,pass,pass,pass,pass,164328752640,61672924287,61672924287,
AL_0041/2026-04-22/1,PASS,pass,pass,pass,pass,pass,pass,18965350400,7325624474,7325624474,
AL_0041/2026-04-22/3,PASS,pass,pass,pass,pass,pass,pass,106548026880,40965110194,40965110194,
AL_0041/2026-04-23/1,PASS,pass,pass,pass,pass,pass,pass,29590593024,11216719252,11216719252,
AL_0041/2026-04-23/3,PASS,pass,pass,pass,pass,pass,pass,104742557184,39657712955,39657712955,
AL_0041/2026-05-26/1,PASS,pass,pass,pass,pass,pass,pass,247253159424,93744301772,93744301772,
AL_0041/2026-05-27/1,PASS,pass,pass,pass,pass,pass,pass,273784641024,103444599577,103444599577,
AL_0045/2026-01-29/2,PASS,pass,pass,pass,pass,pass,pass,161347481088,57631731203,57631731203,
AL_0045/2026-01-30/1,PASS,pass,pass,pass,pass,pass,pass,232043042304,81766777973,81766777973,
AL_0045/2026-02-05/1,REFUSE,pass,pass,fail,pass,pass,pass,91951757824,32905807872,32905807872,C3: format_version=2 sha=False
AL_0045/2026-02-06/1,PASS,pass,pass,pass,pass,pass,pass,82021989888,28288451751,28288451751,
AL_0045/2026-02-09/1,REFUSE,pass,pass,fail,pass,pass,pass,60355730432,20945955617,20945955617,C3: format_version=2 sha=False
AL_0046/2026-02-11/1,PASS,pass,pass,pass,pass,pass,pass,36698562048,14113596539,14113596539,
AL_0046/2026-02-12/1,PASS,pass,pass,pass,pass,pass,pass,220384378368,79572518795,79572518795,
AL_0046/2026-02-18/1,PASS,pass,pass,pass,pass,pass,pass,76032867840,30066236893,30066236893,
AL_0046/2026-02-18/3,PASS,pass,pass,pass,pass,pass,pass,154372406784,60901961030,60901961030,
AL_0046/2026-02-19/1,PASS,pass,pass,pass,pass,pass,pass,80664565248,30060407028,30060407028,
AL_0046/2026-02-19/2,PASS,pass,pass,pass,pass,pass,pass,62571265536,22984106608,22984106608,
AL_0046/2026-02-22/1,PASS,pass,pass,pass,pass,pass,pass,237278461440,90569317533,90569317533,
AL_0046/2026-03-02/1,REFUSE,pass,pass,fail,pass,pass,pass,92707992064,33862134379,33862134379,C3: format_version=2 sha=False
AL_0046/2026-03-03/1,PASS,pass,pass,pass,pass,pass,pass,95185528320,32326072216,32326072216,
AL_0046/2026-03-04/1,PASS,pass,pass,pass,pass,pass,pass,92640910848,30480411605,30480411605,
AL_0046/2026-03-05/3,PASS,pass,pass,pass,pass,pass,pass,79458387456,26347491728,26347491728,
AL_0047/2026-02-25/1,PASS,pass,pass,pass,pass,pass,pass,18636903936,6428493414,6428493414,
AL_0047/2026-02-27/1,PASS,pass,pass,pass,pass,pass,pass,75082987008,27184647636,27184647636,
AL_0047/2026-02-27/3,PASS,pass,pass,pass,pass,pass,pass,69556465152,25444355964,25444355964,
AL_0048/2026-06-05/2,PASS,pass,pass,pass,pass,pass,pass,23694874112,8771539066,8771539066,
AL_0048/2026-06-07/1,PASS,pass,pass,pass,pass,pass,pass,51576585728,20028145091,20028145091,
AL_0048/2026-06-11/1,PASS,pass,pass,pass,pass,pass,pass,4249611776,1628864579,1628864579,
AL_0048/2026-06-11/2,PASS,pass,pass,pass,pass,pass,pass,20920387072,8016457478,8016457478,
AL_0048/2026-06-11/3,PASS,pass,pass,pass,pass,pass,pass,8024044032,3070902422,3070902422,
AL_0048/2026-06-11/4,PASS,pass,pass,pass,pass,pass,pass,3331896832,1276669694,1276669694,
AL_0048/2026-06-11/5,PASS,pass,pass,pass,pass,pass,pass,12898855424,4982353440,4982353440,
AL_0048/2026-06-11/6,PASS,pass,pass,pass,pass,pass,pass,18659368448,7223721424,7223721424,
AL_0048/2026-06-12/4,PASS,pass,pass,pass,pass,pass,pass,39626204672,15198167505,15198167505,
AL_0048/2026-06-20/1,PASS,pass,pass,pass,pass,pass,pass,50766837248,19848691344,19848691344,
AL_0048/2026-06-20/2,PASS,pass,pass,pass,pass,pass,pass,34349029888,13388958546,13388958546,
AL_0048/2026-06-24/2,PASS,pass,pass,pass,pass,pass,pass,120553231872,46843361192,46843361192,
AL_0048/2026-06-24/5,PASS,pass,pass,pass,pass,pass,pass,55929768448,21598837251,21598837251,
AL_0048/2026-07-01/4,PASS,pass,pass,pass,pass,pass,pass,121280355840,46972334134,46972334134,
AL_0048/2026-07-01/6,PASS,pass,pass,pass,pass,pass,pass,59310625280,23045603166,23045603166,
AL_0048/2026-07-10/3,PASS,pass,pass,pass,pass,pass,pass,257381002752,99197475690,99197475690,
AL_0048/2026-07-14/1,PASS,pass,pass,pass,pass,pass,pass,142241423872,55903875696,55903875696,
AL_0048/2026-07-15/1,PASS,pass,pass,pass,pass,pass,pass,195134381568,74082381893,74082381893,
AL_0048/2026-07-21/1,PASS,pass,pass,pass,pass,pass,pass,188313601536,73531455035,73531455035,
AL_0048/2026-07-29/2,PASS,pass,pass,pass,pass,pass,pass,68846198272,27161359158,27161359158,
AL_0050/2026-05-06/1,PASS,pass,pass,pass,pass,pass,pass,12656008704,4845189893,4845189893,
AL_0050/2026-06-25/1,PASS,pass,pass,pass,pass,pass,pass,25372134912,10096152003,10096152003,
AL_0050/2026-07-29/1,PASS,pass,pass,pass,pass,pass,pass,28355008000,12138129656,12138129656,
AL_0050/2026-07-29/2,PASS,pass,pass,pass,pass,pass,pass,25837882880,11063819330,11063819330,
AL_0050/2026-07-29/3,PASS,pass,pass,pass,pass,pass,pass,53133939200,22694315498,22694315498,
AL_0051/2026-07-29/2,PASS,pass,pass,pass,pass,pass,pass,69433736704,28203275219,28203275219,
DO_0005/2020-11-16/1,PASS,pass,pass,pass,pass,pass,pass,103030210048,46723942768,46723942768,
DO_0005/2020-12-03/1,PASS,pass,pass,pass,pass,pass,pass,102052393472,45562411121,45562411121,
DO_0005/2021-03-03/1,PASS,pass,pass,pass,pass,pass,pass,87958465024,40972916106,40972916106,
FD_001/2025-05-14/1,PASS,pass,pass,pass,pass,pass,pass,30468963840,10388522672,10388522672,
FD_001/2025-05-20/1,PASS,pass,pass,pass,pass,pass,pass,85002628608,29711762257,29711762257,
FD_001/2025-05-30/1,PASS,pass,pass,pass,pass,pass,pass,29520981504,10400227455,10400227455,
FD_001/2025-06-11/3,PASS,pass,pass,pass,pass,pass,pass,51386592768,18016975879,18016975879,
FD_001/2025-07-27/1,PASS,pass,pass,pass,pass,pass,pass,54307112448,17757574577,17757574577,
FD_001/2025-07-28/1,PASS,pass,pass,pass,pass,pass,pass,65219667456,21535720170,21535720170,
FD_001/2025-08-13/1,PASS,pass,pass,pass,pass,pass,pass,108242118144,35846012725,35846012725,
FD_001/2025-08-18/1,PASS,pass,pass,pass,pass,pass,pass,91647997440,30017297862,30017297862,
FD_001/2025-08-22/1,PASS,pass,pass,pass,pass,pass,pass,113815469568,35191710944,35191710944,
FD_001/2025-10-03/1,PASS,pass,pass,pass,pass,pass,pass,96563836416,31576901372,31576901372,
FD_001/2025-10-08/1,PASS,pass,pass,pass,pass,pass,pass,25751834112,8799853714,8799853714,
FD_001/2025-10-08/4,PASS,pass,pass,pass,pass,pass,pass,99990621696,34375347209,34375347209,
FD_001/2025-10-09/1,PASS,pass,pass,pass,pass,pass,pass,28753356288,9866960450,9866960450,
FD_001/2025-10-09/3,PASS,pass,pass,pass,pass,pass,pass,91711913472,32070328737,32070328737,
FD_001/2025-10-10/2,PASS,pass,pass,pass,pass,pass,pass,20123426304,6783498985,6783498985,
FD_001/2025-10-10/4,PASS,pass,pass,pass,pass,pass,pass,92831393280,31052558626,31052558626,
FD_001/2025-10-13/1,PASS,pass,pass,pass,pass,pass,pass,26938394112,8991863717,8991863717,
FD_001/2025-10-13/3,PASS,pass,pass,pass,pass,pass,pass,90730391040,29829301456,29829301456,
FD_001/2025-10-16/1,PASS,pass,pass,pass,pass,pass,pass,31385304576,10823346315,10823346315,
FD_003/2025-06-18/1,PASS,pass,pass,pass,pass,pass,pass,50267112960,17248098450,17248098450,
FD_003/2025-06-24/3,PASS,pass,pass,pass,pass,pass,pass,50543027712,17451525793,17451525793,
FD_003/2025-07-20/1,PASS,pass,pass,pass,pass,pass,pass,46870070784,16540217977,16540217977,
FD_003/2025-07-27/1,PASS,pass,pass,pass,pass,pass,pass,50982213120,17651914493,17651914493,
FD_003/2025-09-10/1,PASS,pass,pass,pass,pass,pass,pass,63990074880,21985012455,21985012455,
FD_003/2025-09-11/1,PASS,pass,pass,pass,pass,pass,pass,92966819328,32271933928,32271933928,
FD_003/2025-09-12/1,PASS,pass,pass,pass,pass,pass,pass,52551636480,18121491036,18121491036,
FD_003/2025-09-13/3,PASS,pass,pass,pass,pass,pass,pass,19632981504,6451380783,6451380783,
FD_003/2025-09-13/8,PASS,pass,pass,pass,pass,pass,pass,53753384448,17666198116,17666198116,
FD_004/2025-07-20/1,PASS,pass,pass,pass,pass,pass,pass,34821582336,12149289964,12149289964,
FD_004/2025-07-28/1,PASS,pass,pass,pass,pass,pass,pass,62682011136,22662254456,22662254456,
FD_004/2025-08-13/1,PASS,pass,pass,pass,pass,pass,pass,81503067648,28805007772,28805007772,
FD_004/2025-08-14/1,PASS,pass,pass,pass,pass,pass,pass,95682301440,32551477249,32551477249,
FD_004/2025-08-19/1,PASS,pass,pass,pass,pass,pass,pass,42046625280,14836063761,14836063761,
FD_004/2025-08-20/3,PASS,pass,pass,pass,pass,pass,pass,62696566272,20864298500,20864298500,
FD_004/2025-08-20/6,PASS,pass,pass,pass,pass,pass,pass,13420469760,4463156750,4463156750,
FD_004/2025-08-22/1,PASS,pass,pass,pass,pass,pass,pass,5378440704,1794536021,1794536021,
FD_004/2025-08-22/4,PASS,pass,pass,pass,pass,pass,pass,61349899776,20118134008,20118134008,
FD_004/2025-10-03/1,PASS,pass,pass,pass,pass,pass,pass,104259073536,36724829558,36724829558,
FD_004/2025-10-17/1,PASS,pass,pass,pass,pass,pass,pass,99210339840,36437389666,36437389666,
FD_004/2025-10-17/7,PASS,pass,pass,pass,pass,pass,pass,23161652736,8497705960,8497705960,
FD_004/2025-10-22/1,PASS,pass,pass,pass,pass,pass,pass,86447390720,29948736665,29948736665,
FD_004/2025-11-14/4,PASS,pass,pass,pass,pass,pass,pass,115457669120,42165363056,42165363056,
FD_004/2025-11-17/1,PASS,pass,pass,pass,pass,pass,pass,121018368000,43964377439,43964377439,
FD_005/2025-08-15/5,PASS,pass,pass,pass,pass,pass,pass,24898776576,7824215072,7824215072,
FD_005/2025-08-18/1,PASS,pass,pass,pass,pass,pass,pass,73859089920,23368641966,23368641966,
FD_005/2025-11-04/2,PASS,pass,pass,pass,pass,pass,pass,80479778304,27770134250,27770134250,
FD_005/2025-11-26/1,PASS,pass,pass,pass,pass,pass,pass,76054384128,27808962760,27808962760,
FD_005/2025-12-19/1,PASS,pass,pass,pass,pass,pass,pass,117125813760,40633421510,40633421510,
FD_005/2025-12-29/1,PASS,pass,pass,pass,pass,pass,pass,93690146304,31754067304,31754067304,
FD_005/2026-01-02/1,PASS,pass,pass,pass,pass,pass,pass,97070102016,33924677903,33924677903,
FD_005/2026-01-29/3,PASS,pass,pass,pass,pass,pass,pass,74239421952,24676631561,24676631561,
FD_005/2026-01-30/1,PASS,pass,pass,pass,pass,pass,pass,76747968000,23938331287,23938331287,
FD_005/2026-02-01/1,PASS,pass,pass,pass,pass,pass,pass,27506677248,9383364172,9383364172,
FD_005/2026-02-01/2,PASS,pass,pass,pass,pass,pass,pass,43318617600,14642759013,14642759013,
FD_005/2026-02-05/1,PASS,pass,pass,pass,pass,pass,pass,61276491264,20506502929,20506502929,
FD_005/2026-02-06/1,PASS,pass,pass,pass,pass,pass,pass,74752655360,25084760063,25084760063,
FD_005/2026-02-10/1,PASS,pass,pass,pass,pass,pass,pass,25087993344,8790075656,8790075656,
FD_005/2026-02-10/2,PASS,pass,pass,pass,pass,pass,pass,36983336448,12914573919,12914573919,
FD_006/2025-08-15/1,PASS,pass,pass,pass,pass,pass,pass,28691971584,9445323416,9445323416,
FD_006/2025-08-18/1,PASS,pass,pass,pass,pass,pass,pass,82844671488,27160523630,27160523630,
FD_006/2025-11-05/1,PASS,pass,pass,pass,pass,pass,pass,55010821632,19763986548,19763986548,
FD_006/2025-11-10/3,PASS,pass,pass,pass,pass,pass,pass,89602051584,32385371803,32385371803,
FD_006/2025-11-18/1,PASS,pass,pass,pass,pass,pass,pass,29092554240,10813119788,10813119788,
FD_006/2025-11-18/7,PASS,pass,pass,pass,pass,pass,pass,20318971392,7529417457,7529417457,
FD_006/2025-11-20/2,PASS,pass,pass,pass,pass,pass,pass,70009572864,30496636989,30496636989,
FD_006/2025-11-26/1,PASS,pass,pass,pass,pass,pass,pass,79180574208,29540890408,29540890408,
FD_006/2025-12-10/5,PASS,pass,pass,pass,pass,pass,pass,88164890112,31699283885,31699283885,
FD_006/2025-12-15/4,PASS,pass,pass,pass,pass,pass,pass,90465234432,33152547821,33152547821,
FD_007/2025-11-21/1,PASS,pass,pass,pass,pass,pass,pass,25912573440,8908493048,8908493048,
FD_007/2025-12-19/3,PASS,pass,pass,pass,pass,pass,pass,32785761792,11102929477,11102929477,
FD_007/2026-01-02/1,PASS,pass,pass,pass,pass,pass,pass,38828674560,12872787904,12872787904,
FD_007/2026-01-06/2,PASS,pass,pass,pass,pass,pass,pass,87094771200,29024239945,29024239945,
FD_008/2026-02-09/1,PASS,pass,pass,pass,pass,pass,pass,37983843840,14118072730,14118072730,
FD_008/2026-06-15/1,PASS,pass,pass,pass,pass,pass,pass,60256998912,23070829788,23070829788,
FD_008/2026-06-16/1,PASS,pass,pass,pass,pass,pass,pass,62849711616,24262633816,24262633816,
FD_008/2026-06-17/2,PASS,pass,pass,pass,pass,pass,pass,58299016704,22129418938,22129418938,
FD_008/2026-06-18/1,PASS,pass,pass,pass,pass,pass,pass,84932384256,32459671063,32459671063,
FD_008/2026-06-20/1,PASS,pass,pass,pass,pass,pass,pass,104761542144,39450960678,39450960678,
FD_008/2026-06-21/1,PASS,pass,pass,pass,pass,pass,pass,94792539648,35883447314,35883447314,
FD_008/2026-06-22/1,PASS,pass,pass,pass,pass,pass,pass,102123265536,38314931212,38314931212,
FD_008/2026-06-23/1,PASS,pass,pass,pass,pass,pass,pass,129329978880,48701976961,48701976961,
FD_008/2026-06-25/1,PASS,pass,pass,pass,pass,pass,pass,111746741760,41612118003,41612118003,
FD_008/2026-06-26/1,PASS,pass,pass,pass,pass,pass,pass,113981271552,42405328365,42405328365,
FD_009/2026-02-09/1,PASS,pass,pass,pass,pass,pass,pass,35586676224,13033774568,13033774568,
FD_009/2026-06-15/1,PASS,pass,pass,pass,pass,pass,pass,59459630592,22873456398,22873456398,
FD_009/2026-06-16/1,PASS,pass,pass,pass,pass,pass,pass,58312939008,22513029072,22513029072,
FD_009/2026-06-17/1,PASS,pass,pass,pass,pass,pass,pass,58955896320,22535489742,22535489742,
FD_009/2026-06-18/1,PASS,pass,pass,pass,pass,pass,pass,85965798912,32806991507,32806991507,
FD_009/2026-06-20/1,PASS,pass,pass,pass,pass,pass,pass,107497274880,41143617387,41143617387,
FD_009/2026-06-21/1,PASS,pass,pass,pass,pass,pass,pass,95129839104,36726764229,36726764229,
FD_009/2026-06-22/1,PASS,pass,pass,pass,pass,pass,pass,109456522752,41691224714,41691224714,
FD_009/2026-06-23/1,PASS,pass,pass,pass,pass,pass,pass,129286313472,48862742321,48862742321,
FD_009/2026-06-25/1,PASS,pass,pass,pass,pass,pass,pass,135270372864,51271688467,51271688467,
FD_009/2026-06-26/1,PASS,pass,pass,pass,pass,pass,pass,128283907584,48346806278,48346806278,
FD_010/2026-02-02/5,PASS,pass,pass,pass,pass,pass,pass,32086482432,10346750828,10346750828,
FD_010/2026-02-06/1,PASS,pass,pass,pass,pass,pass,pass,44116618752,15112314474,15112314474,
FD_010/2026-02-23/1,PASS,pass,pass,pass,pass,pass,pass,61394198016,21349933077,21349933077,
FD_010/2026-02-23/3,PASS,pass,pass,pass,pass,pass,pass,3007219200,1042939423,1042939423,
FD_010/2026-02-24/1,PASS,pass,pass,pass,pass,pass,pass,75940474368,24574680648,24574680648,
FD_011/2026-01-22/1,PASS,pass,pass,pass,pass,pass,pass,5038609920,1746895860,1746895860,
FD_011/2026-01-28/4,PASS,pass,pass,pass,pass,pass,pass,32562372096,10987766631,10987766631,
FD_011/2026-02-11/1,PASS,pass,pass,pass,pass,pass,pass,112004937216,38647409523,38647409523,
FD_011/2026-02-12/1,PASS,pass,pass,pass,pass,pass,pass,71580894720,24525332143,24525332143,
FD_011/2026-02-13/1,PASS,pass,pass,pass,pass,pass,pass,77923137024,25885005171,25885005171,
FD_011/2026-02-15/1,PASS,pass,pass,pass,pass,pass,pass,72611778048,24189208166,24189208166,
FD_011/2026-02-16/2,PASS,pass,pass,pass,pass,pass,pass,79032491520,26130920414,26130920414,
FD_011/2026-02-17/1,PASS,pass,pass,pass,pass,pass,pass,74291314176,24942385897,24942385897,
FD_011/2026-02-18/1,PASS,pass,pass,pass,pass,pass,pass,90367145472,32045469847,32045469847,
FD_011/2026-02-18/3,PASS,pass,pass,pass,pass,pass,pass,20021540352,7098272510,7098272510,
FD_011/2026-02-19/1,PASS,pass,pass,pass,pass,pass,pass,86241080832,29853664047,29853664047,
FD_011/2026-02-20/1,PASS,pass,pass,pass,pass,pass,pass,115719028224,40733995030,40733995030,
FD_011/2026-02-21/1,PASS,pass,pass,pass,pass,pass,pass,113708520960,39845151106,39845151106,
FD_011/2026-02-22/1,PASS,pass,pass,pass,pass,pass,pass,104650163712,36152038483,36152038483,
FD_011/2026-02-23/1,PASS,pass,pass,pass,pass,pass,pass,115552593408,40609022096,40609022096,
FD_011/2026-02-24/1,PASS,pass,pass,pass,pass,pass,pass,103736987136,34321986636,34321986636,
FD_011/2026-02-25/1,PASS,pass,pass,pass,pass,pass,pass,154289510400,51404634215,51404634215,
FD_011/2026-02-28/1,PASS,pass,pass,pass,pass,pass,pass,151387340800,53028007662,53028007662,
FD_011/2026-03-02/2,PASS,pass,pass,pass,pass,pass,pass,143778170880,49238370184,49238370184,
FD_011/2026-03-03/1,PASS,pass,pass,pass,pass,pass,pass,144416061440,44586924187,44586924187,
FD_011/2026-04-02/1,PASS,pass,pass,pass,pass,pass,pass,101841022464,35714360778,35714360778,
FD_011/2026-04-03/1,PASS,pass,pass,pass,pass,pass,pass,97720653312,33853350431,33853350431,
FD_011/2026-04-06/1,PASS,pass,pass,pass,pass,pass,pass,121137336320,39814009609,39814009609,
FD_011/2026-04-09/2,PASS,pass,pass,pass,pass,pass,pass,75572172800,24752831704,24752831704,
FD_011/2026-04-13/1,PASS,pass,pass,pass,pass,pass,pass,124084439040,39881150064,39881150064,
FD_011/2026-04-14/2,PASS,pass,pass,pass,pass,pass,pass,136096851456,43955658425,43955658425,
FD_011/2026-05-23/1,PASS,pass,pass,pass,pass,pass,pass,99274888704,34431190617,34431190617,
FD_011/2026-05-25/1,PASS,pass,pass,pass,pass,pass,pass,99952018944,34991353996,34991353996,
FD_011/2026-07-16/1,PASS,pass,pass,pass,pass,pass,pass,49804512768,16802935598,16802935598,
FD_012/2026-02-10/1,PASS,pass,pass,pass,pass,pass,pass,103259198976,35863602132,35863602132,
FD_012/2026-02-11/1,PASS,pass,pass,pass,pass,pass,pass,108383239680,37790614128,37790614128,
FD_012/2026-02-12/1,PASS,pass,pass,pass,pass,pass,pass,93670528512,32243121278,32243121278,
FD_012/2026-02-13/1,PASS,pass,pass,pass,pass,pass,pass,75676583424,24921484755,24921484755,
FD_012/2026-02-15/1,PASS,pass,pass,pass,pass,pass,pass,72787705344,23945717472,23945717472,
FD_012/2026-02-16/1,PASS,pass,pass,pass,pass,pass,pass,76832134656,25398253108,25398253108,
FD_012/2026-02-16/3,PASS,pass,pass,pass,pass,pass,pass,5187360768,1715144385,1715144385,
FD_012/2026-02-17/1,PASS,pass,pass,pass,pass,pass,pass,84209057280,27735511971,27735511971,
FD_012/2026-02-20/1,PASS,pass,pass,pass,pass,pass,pass,118232004096,41955268893,41955268893,
FD_012/2026-02-21/1,PASS,pass,pass,pass,pass,pass,pass,111461967360,38987024771,38987024771,
FD_012/2026-02-22/1,PASS,pass,pass,pass,pass,pass,pass,114776108544,39567798502,39567798502,
FD_012/2026-02-23/1,PASS,pass,pass,pass,pass,pass,pass,115624103424,40680803081,40680803081,
FD_012/2026-02-24/1,PASS,pass,pass,pass,pass,pass,pass,98159838720,32544341079,32544341079,
FD_012/2026-03-02/1,PASS,pass,pass,pass,pass,pass,pass,107037206016,37455582979,37455582979,
FD_012/2026-03-03/1,PASS,pass,pass,pass,pass,pass,pass,115088727552,37640682009,37640682009,
FD_012/2026-04-15/1,PASS,pass,pass,pass,pass,pass,pass,121577154048,43861704089,43861704089,
FD_012/2026-04-20/1,PASS,pass,pass,pass,pass,pass,pass,126789158400,45854785750,45854785750,
FD_012/2026-04-21/1,PASS,pass,pass,pass,pass,pass,pass,124923576320,43757735598,43757735598,
FD_012/2026-04-23/1,PASS,pass,pass,pass,pass,pass,pass,122809282560,42991937505,42991937505,
FD_012/2026-05-05/1,PASS,pass,pass,pass,pass,pass,pass,126363262464,42907880516,42907880516,
FD_012/2026-05-06/1,PASS,pass,pass,pass,pass,pass,pass,130003312128,44873768130,44873768130,
KM_052/2025-05-20/1,PASS,pass,pass,pass,pass,pass,pass,82002372096,32489721903,32489721903,
LK_0001/2021-03-08/1,PASS,pass,pass,pass,pass,pass,pass,31601953280,14570721406,14570721406,
LK_0001/2021-03-09/5,PASS,pass,pass,pass,pass,pass,pass,43224047104,19593509376,19593509376,
LK_0001/2021-04-06/2,REFUSE,pass,pass,pass,fail,pass,pass,-1,132876272972,132876272972,C4: the tar is already gone
LK_0001/2021-04-07/1,REFUSE,pass,pass,pass,fail,pass,pass,-1,126112644720,126112644720,C4: the tar is already gone
LK_0001/2021-04-13/3,PASS,pass,pass,pass,pass,pass,pass,2532160000,831690616,831690616,
LK_0001/2021-04-13/5,PASS,pass,pass,pass,pass,pass,pass,2524748288,999541293,999541293,
LK_0001/2021-04-22/1,PASS,pass,pass,pass,pass,pass,pass,3229390336,1344061072,1344061072,
LK_0001/2021-04-22/3,PASS,pass,pass,pass,pass,pass,pass,3268037120,1472799367,1472799367,
LK_0001/2021-04-22/5,PASS,pass,pass,pass,pass,pass,pass,3049391616,1426426701,1426426701,
LK_0001/2021-09-16/1,PASS,pass,pass,pass,pass,pass,pass,32276332032,15121482490,15121482490,
LK_0003/2021-03-24/1,PASS,pass,pass,pass,pass,pass,pass,35661453824,16131146167,16131146167,
LK_0003/2021-03-31/1,PASS,pass,pass,pass,pass,pass,pass,72478074368,32286891903,32286891903,
LK_0003/2021-04-06/1,REFUSE,pass,pass,pass,fail,pass,pass,-1,97114576223,97114576223,C4: the tar is already gone
LK_0003/2021-05-20/3,REFUSE,pass,pass,pass,fail,pass,pass,-1,103503080117,103503080117,C4: the tar is already gone
LK_0003/2021-05-21/3,REFUSE,pass,pass,pass,fail,pass,pass,-1,118495014848,118495014848,C4: the tar is already gone
LK_0003/2021-07-06/1,PASS,pass,pass,pass,pass,pass,pass,75325230592,32958864513,32958864513,
LK_0003/2021-07-07/1,PASS,pass,pass,pass,pass,pass,pass,29141794304,13334586628,13334586628,
LK_0003/2021-07-07/2,PASS,pass,pass,pass,pass,pass,pass,22667663872,10346828559,10346828559,
LK_0003/2021-07-17/1,PASS,pass,pass,pass,pass,pass,pass,61049743872,27493398507,27493398507,
MT_004/2025-04-24/4,PASS,pass,pass,pass,pass,pass,pass,14705751552,5641482000,5641482000,
MT_004/2025-05-13/1,PASS,pass,pass,pass,pass,pass,pass,23198989824,9584027137,9584027137,
SM_0001/2020-09-03/1,REFUSE,pass,pass,pass,fail,pass,pass,-1,12918583663,12918583663,C4: the tar is already gone
SM_0001/2020-09-29/1,PASS,pass,pass,pass,pass,pass,pass,78817735168,35482447310,35482447310,
SM_0001/2020-11-06/2,PASS,pass,pass,pass,pass,pass,pass,36208861696,16434742094,16434742094,
Subjects/test/2025-11-04,PASS,pass,pass,pass,pass,pass,pass,5484321280,1441369072,1441369072,
Subjects/test/2025-12-03,PASS,pass,pass,pass,pass,pass,pass,17021040128,6764349952,6764349952,
XL_004/2026-06-03/1,PASS,pass,pass,pass,pass,pass,pass,54753259008,21505929252,21505929252,
XL_004/2026-06-04/3,PASS,pass,pass,pass,pass,pass,pass,48764136960,15965772544,15965772544,
XL_004/2026-06-17/1,PASS,pass,pass,pass,pass,pass,pass,64246371840,25146448200,25146448200,
XL_009/2026-06-03/1,PASS,pass,pass,pass,pass,pass,pass,121628413440,49037479558,49037479558,
XL_009/2026-06-17/1,PASS,pass,pass,pass,pass,pass,pass,93950240256,38565671533,38565671533,
XL_009/2026-07-23/1,PASS,pass,pass,pass,pass,pass,pass,45832226304,19257948171,19257948171,
ZYE_0007/2020-07-25/1,PASS,pass,pass,pass,pass,pass,pass,34580052480,15166166434,15166166434,
ZYE_0007/2020-07-29/1,REFUSE,pass,pass,pass,fail,pass,pass,-1,14704817866,14704817866,C4: the tar is already gone
ZYE_0008/2020-07-25/1,REFUSE,pass,pass,pass,fail,pass,pass,-1,8870590325,8870590325,C4: the tar is already gone
ZYE_0009/2020-08-14/4,PASS,pass,pass,pass,pass,pass,pass,99632361984,42150724047,42150724047,
ZYE_0009/2020-08-15/1,REFUSE,pass,pass,pass,fail,pass,pass,-1,88654585848,88654585848,C4: the tar is already gone
ZYE_0009/2020-08-16/1,REFUSE,pass,pass,pass,fail,pass,pass,-1,83117802873,83117802873,C4: the tar is already gone
ZYE_0009/2020-08-17/1,REFUSE,pass,pass,pass,fail,pass,pass,-1,98207070777,98207070777,C4: the tar is already gone
ZYE_0009/2020-08-18/1,REFUSE,pass,pass,pass,fail,pass,pass,-1,98950145976,98950145976,C4: the tar is already gone
ZYE_0009/2020-08-20/2,PASS,pass,pass,pass,pass,pass,pass,111720129536,50547033603,50547033603,
ZYE_0009/2020-08-25/1,PASS,pass,pass,pass,pass,pass,pass,108863637504,49055511467,49055511467,
ZYE_0009/2020-08-26/1,PASS,pass,pass,pass,pass,pass,pass,103499274240,46290705466,46290705466,
ZYE_0009/2020-08-30/1,REFUSE,pass,pass,pass,fail,pass,pass,-1,91639712045,91639712045,C4: the tar is already gone
ZYE_0009/2020-08-31/1,REFUSE,pass,pass,pass,fail,pass,pass,-1,69339145933,69339145933,C4: the tar is already gone
ZYE_0009/2020-09-01/1,PASS,pass,pass,pass,pass,pass,pass,94098955776,42931783168,42931783168,
ZYE_0009/2020-09-02/1,REFUSE,pass,pass,pass,fail,pass,pass,-1,67364577782,67364577782,C4: the tar is already gone
ZYE_0009/2020-09-03/1,REFUSE,pass,pass,pass,fail,pass,pass,-1,70777240730,70777240730,C4: the tar is already gone
ZYE_0009/2020-09-04/1,PASS,pass,pass,pass,pass,pass,pass,111174079488,49836701582,49836701582,
ZYE_0009/2020-09-10/1,REFUSE,pass,pass,pass,fail,pass,pass,-1,70317436648,70317436648,C4: the tar is already gone
ZYE_0009/2020-09-26/1,PASS,pass,pass,pass,pass,pass,pass,82174711296,37019909114,37019909114,
ZYE_0009/2021-01-20/1,PASS,pass,pass,pass,pass,pass,pass,85114513920,38583913836,38583913836,
ZYE_0012/2020-10-14/1,PASS,pass,pass,pass,pass,pass,pass,30081493504,13549778505,13549778505,
ZYE_0012/2020-10-16/1,PASS,pass,pass,pass,pass,pass,pass,72661249536,32713437644,32713437644,
ZYE_0012/2020-10-16/5,PASS,pass,pass,pass,pass,pass,pass,89568952832,40275313913,40275313913,
ZYE_0012/2020-12-03/1,REFUSE,pass,pass,pass,fail,pass,pass,-1,125116891125,125116891125,C4: the tar is already gone
ZYE_0012/2020-12-17/1,PASS,pass,pass,pass,pass,pass,pass,105345840640,47396420640,47396420640,
ZYE_0013/2020-11-11/3,PASS,pass,pass,pass,pass,pass,pass,69989856768,33229361266,33229361266,
ZYE_0014/2020-10-26/1,PASS,pass,pass,pass,pass,pass,pass,27482629632,12150908338,12150908338,
ZYE_0014/2020-10-28/1,REFUSE,pass,pass,pass,fail,pass,pass,-1,64859471295,64859471295,C4: the tar is already gone
ZYE_0014/2020-12-09/1,REFUSE,pass,pass,pass,fail,pass,pass,-1,70171127576,70171127576,C4: the tar is already gone
ZYE_0014/2020-12-10/1,REFUSE,pass,pass,pass,fail,pass,pass,-1,61353466158,61353466158,C4: the tar is already gone
ZYE_0014/2020-12-22/1,REFUSE,pass,pass,pass,fail,pass,pass,-1,60362041087,60362041087,C4: the tar is already gone
ZYE_0014/2020-12-23/1,REFUSE,pass,pass,pass,fail,pass,pass,-1,61879557481,61879557481,C4: the tar is already gone
ZYE_0014/2021-04-06/3,REFUSE,pass,pass,pass,fail,pass,pass,-1,56394627649,56394627649,C4: the tar is already gone
ZYE_0014/2021-04-17/1,PASS,pass,pass,pass,pass,pass,pass,19459980800,8454918753,8454918753,
ZYE_0014/2021-04-17/2,PASS,pass,pass,pass,pass,pass,pass,21343085056,9404218033,9404218033,
ZYE_0016/2020-11-06/1,PASS,pass,pass,pass,pass,pass,pass,26199344640,11723985812,11723985812,
ZYE_0016/2020-12-03/1,PASS,pass,pass,pass,pass,pass,pass,32570769920,14007334808,14007334808,
ZYE_0016/2020-12-21/1,REFUSE,pass,pass,pass,fail,pass,pass,-1,62997509396,62997509396,C4: the tar is already gone
ZYE_0016/2021-02-16/3,PASS,pass,pass,pass,pass,pass,pass,96691078656,41323901822,41323901822,
ZYE_0016/2021-02-25/1,PASS,pass,pass,pass,pass,pass,pass,59319638528,26274897217,26274897217,
ZYE_0016/2021-02-26/1,PASS,pass,pass,pass,pass,pass,pass,6643013120,2835116879,2835116879,
ZYE_0016/2021-02-26/2,PASS,pass,pass,pass,pass,pass,pass,49776000512,21162837929,21162837929,
ZYE_0026/2021-01-13/1,PASS,pass,pass,pass,pass,pass,pass,35019281920,15558235081,15558235081,
ZYE_0026/2021-02-16/2,PASS,pass,pass,pass,pass,pass,pass,66316824064,30851053375,30851053375,
ZYE_0026/2021-03-19/1,REFUSE,pass,pass,pass,fail,pass,pass,-1,67476679333,67476679333,C4: the tar is already gone
ZYE_0026/2021-03-22/1,REFUSE,pass,pass,pass,fail,pass,pass,-1,68666344782,68666344782,C4: the tar is already gone
ZYE_0027/2021-01-13/1,PASS,pass,pass,pass,pass,pass,pass,24026654208,10718622240,10718622240,
ZYE_0027/2021-02-16/2,PASS,pass,pass,pass,pass,pass,pass,73578713600,34043474342,34043474342,
ZYE_0027/2021-04-19/1,REFUSE,pass,pass,pass,fail,pass,pass,-1,61592710896,61592710896,C4: the tar is already gone
ZYE_0031/2021-03-20/1,PASS,pass,pass,pass,pass,pass,pass,33436352000,14851810750,14851810750,
ZYE_0031/2021-03-21/3,PASS,pass,pass,pass,pass,pass,pass,49263533568,22019812946,22019812946,
ZYE_0031/2021-03-31/1,PASS,pass,pass,pass,pass,pass,pass,77408451072,35011135036,35011135036,
ZYE_0031/2021-04-13/3,PASS,pass,pass,pass,pass,pass,pass,2456454656,865676939,865676939,
ZYE_0031/2021-04-13/5,PASS,pass,pass,pass,pass,pass,pass,2808510976,1088552358,1088552358,
ZYE_0031/2021-04-22/1,PASS,pass,pass,pass,pass,pass,pass,3251096064,1275673501,1275673501,
ZYE_0031/2021-04-22/3,PASS,pass,pass,pass,pass,pass,pass,3166920192,1313464636,1313464636,
ZYE_0031/2021-04-22/5,PASS,pass,pass,pass,pass,pass,pass,3512094208,1540828457,1540828457,
ZYE_0031/2021-04-22/7,PASS,pass,pass,pass,pass,pass,pass,4273382912,1599447977,1599447977,
ZYE_0031/2021-06-28/1,PASS,pass,pass,pass,pass,pass,pass,94581917184,44052553581,44052553581,
ZYE_0031/2021-09-29/3,PASS,pass,pass,pass,pass,pass,pass,38057885184,17435174831,17435174831,
ZYE_0031/2021-09-30/1,PASS,pass,pass,pass,pass,pass,pass,75305111040,33933972100,33933972100,
ZYE_0031/2021-09-30/2,PASS,pass,pass,pass,pass,pass,pass,162358746624,72158155822,72158155822,
ZYE_0034/2021-05-06/3,PASS,pass,pass,pass,pass,pass,pass,38448257536,17930203144,17930203144,
ZYE_0034/2021-05-06/8,PASS,pass,pass,pass,pass,pass,pass,33656585728,15740126246,15740126246,
ZYE_0034/2021-05-21/2,PASS,pass,pass,pass,pass,pass,pass,77486803456,35534900281,35534900281,
ZYE_0035/2021-05-12/2,PASS,pass,pass,pass,pass,pass,pass,71820549632,32662027261,32662027261,
ZYE_0035/2021-07-01/1,PASS,pass,pass,pass,pass,pass,pass,67204641280,30799368985,30799368985,
ZYE_0035/2021-07-05/1,PASS,pass,pass,pass,pass,pass,pass,64301367808,29647439233,29647439233,
ZYE_0035/2021-07-17/1,REFUSE,pass,pass,pass,fail,pass,pass,-1,721753613,721753613,C4: the tar is already gone
ZYE_0035/2021-07-17/2,PASS,pass,pass,pass,pass,pass,pass,33242059264,15271894145,15271894145,
ZYE_0035/2021-07-18/1,PASS,pass,pass,pass,pass,pass,pass,69127451136,31077269818,31077269818,
ZYE_0038/2021-07-21/1,PASS,pass,pass,pass,pass,pass,pass,51692986880,22771911563,22771911563,
ZYE_0038/2021-07-21/2,PASS,pass,pass,pass,pass,pass,pass,39130664448,17160412602,17160412602,
ZYE_0038/2021-09-01/1,REFUSE,pass,pass,pass,fail,pass,pass,-1,71487607045,71487607045,C4: the tar is already gone
ZYE_0038/2021-09-02/2,REFUSE,pass,pass,pass,fail,pass,pass,-1,65038900837,65038900837,C4: the tar is already gone
ZYE_0041/2021-09-02/2,REFUSE,pass,pass,pass,fail,pass,pass,-1,87971194094,87971194094,C4: the tar is already gone
ZYE_0041/2021-09-02/7,REFUSE,pass,pass,pass,fail,pass,pass,-1,60590726226,60590726226,C4: the tar is already gone
ZYE_0041/2021-09-03/1,PASS,pass,pass,pass,pass,pass,pass,47814888960,20436214079,20436214079,
ZYE_0041/2021-09-03/2,REFUSE,pass,pass,pass,fail,pass,pass,-1,74726288387,74726288387,C4: the tar is already gone
ZYE_0043/2021-09-13/1,PASS,pass,pass,pass,pass,pass,pass,114247060992,51518654910,51518654910,
ZYE_0043/2021-09-23/1,REFUSE,pass,pass,pass,fail,pass,pass,-1,53884700819,53884700819,C4: the tar is already gone
ZYE_0043/2021-09-25/1,REFUSE,pass,pass,pass,fail,pass,pass,-1,74829612861,74829612861,C4: the tar is already gone
ZYE_0043/2021-09-26/1,PASS,pass,pass,pass,pass,pass,pass,163020688896,73766907534,73766907534,
ZYE_0043/2021-09-27/1,PASS,pass,pass,pass,pass,pass,pass,149714763264,65664931726,65664931726,
ZYE_0045/2021-09-21/1,PASS,pass,pass,pass,pass,pass,pass,39538712064,18012506386,18012506386,
ZYE_0045/2021-09-22/1,REFUSE,pass,pass,pass,fail,pass,pass,-1,80691064604,80691064604,C4: the tar is already gone
ZYE_0045/2021-09-23/2,PASS,pass,pass,pass,pass,pass,pass,96866962944,43488219482,43488219482,
ZYE_0046/2021-10-02/1,PASS,pass,pass,pass,pass,pass,pass,30474026496,13713316891,13713316891,
ZYE_0046/2021-10-06/1,PASS,pass,pass,pass,pass,pass,pass,48069920256,21815669138,21815669138,
ZYE_0046/2021-11-22/1,PASS,pass,pass,pass,pass,pass,pass,174909070848,77009828725,77009828725,
ZYE_0046/2021-11-23/2,PASS,pass,pass,pass,pass,pass,pass,87909225984,40651556230,40651556230,
ZYE_0046/2021-11-23/4,PASS,pass,pass,pass,pass,pass,pass,13726760448,6338290663,6338290663,
ZYE_0046/2021-11-24/1,PASS,pass,pass,pass,pass,pass,pass,196947445248,88251027950,88251027950,
ZYE_0046/2021-11-24/3,PASS,pass,pass,pass,pass,pass,pass,36569464320,16392408303,16392408303,
ZYE_0046/2021-11-27/2,REFUSE,pass,pass,pass,fail,pass,pass,-1,192366063076,192366063076,C4: the tar is already gone
ZYE_0046/2021-11-29/1,PASS,pass,pass,pass,pass,pass,pass,346362244608,155571900071,155571900071,
ZYE_0046/2021-11-30/6,PASS,pass,pass,pass,pass,pass,pass,124664741376,54729357143,54729357143,
ZYE_0046/2021-12-01/1,PASS,pass,pass,pass,pass,pass,pass,163064987136,71585416882,71585416882,
ZYE_0047/2021-10-02/1,PASS,pass,pass,pass,pass,pass,pass,36575159808,15963811828,15963811828,
ZYE_0047/2021-11-24/2,PASS,pass,pass,pass,pass,pass,pass,62374454784,26922162108,26922162108,
ZYE_0047/2021-11-26/2,PASS,pass,pass,pass,pass,pass,pass,80539897344,33007902878,33007902878,
ZYE_0048/2021-10-08/1,PASS,pass,pass,pass,pass,pass,pass,37454163456,16523051994,16523051994,
ZYE_0048/2021-10-11/1,PASS,pass,pass,pass,pass,pass,pass,67411164672,29203054102,29203054102,
ZYE_0048/2021-12-03/3,PASS,pass,pass,pass,pass,pass,pass,62635181568,28552604751,28552604751,
ZYE_0048/2021-12-07/1,PASS,pass,pass,pass,pass,pass,pass,193068185088,84262103754,84262103754,
ZYE_0048/2021-12-08/1,PASS,pass,pass,pass,pass,pass,pass,29167228416,12726987340,12726987340,
ZYE_0048/2021-12-08/6,PASS,pass,pass,pass,pass,pass,pass,75598745088,32992364841,32992364841,
ZYE_0048/2021-12-10/1,PASS,pass,pass,pass,pass,pass,pass,70022229504,30911087146,30911087146,
ZYE_0049/2021-12-01/2,PASS,pass,pass,pass,pass,pass,pass,207429674496,92733745745,92733745745,
ZYE_0049/2021-12-02/1,PASS,pass,pass,pass,pass,pass,pass,178629490176,79520568350,79520568350,
ZYE_0049/2021-12-02/3,PASS,pass,pass,pass,pass,pass,pass,28420486656,12553307544,12553307544,
ZYE_0049/2021-12-04/1,PASS,pass,pass,pass,pass,pass,pass,208834561536,96260009447,96260009447,
ZYE_0050/2021-12-03/1,PASS,pass,pass,pass,pass,pass,pass,69815293440,31645478247,31645478247,
ZYE_0050/2021-12-08/2,PASS,pass,pass,pass,pass,pass,pass,61267631616,28029087391,28029087391,
ZYE_0050/2021-12-11/1,PASS,pass,pass,pass,pass,pass,pass,145103949312,65680976418,65680976418,
ZYE_0050/2021-12-12/3,PASS,pass,pass,pass,pass,pass,pass,141575910912,62996160636,62996160636,
ZYE_0051/2021-12-15/1,PASS,pass,pass,pass,pass,pass,pass,32014972416,14585918058,14585918058,
ZYE_0051/2021-12-15/3,PASS,pass,pass,pass,pass,pass,pass,49309638144,22394270998,22394270998,
ZYE_0051/2022-02-21/1,PASS,pass,pass,pass,pass,pass,pass,93286399488,40696102790,40696102790,
ZYE_0052/2021-12-15/1,PASS,pass,pass,pass,pass,pass,pass,34230517248,14965674048,14965674048,
ZYE_0052/2021-12-18/2,PASS,pass,pass,pass,pass,pass,pass,138743987712,62884590354,62884590354,
ZYE_0052/2021-12-19/4,PASS,pass,pass,pass,pass,pass,pass,119245800960,51092134262,51092134262,
ZYE_0052/2021-12-20/1,PASS,pass,pass,pass,pass,pass,pass,186831625728,83527645002,83527645002,
ZYE_0052/2021-12-21/1,PASS,pass,pass,pass,pass,pass,pass,132206833152,60534575927,60534575927,
ZYE_0052/2021-12-22/4,PASS,pass,pass,pass,pass,pass,pass,137740316160,61438298522,61438298522,
ZYE_0052/2021-12-31/1,PASS,pass,pass,pass,pass,pass,pass,149913472512,66963190062,66963190062,
ZYE_0052/2022-01-04/1,PASS,pass,pass,pass,pass,pass,pass,134896369152,59633213772,59633213772,
ZYE_0053/2021-12-17/2,PASS,pass,pass,pass,pass,pass,pass,36089777664,16271081942,16271081942,
ZYE_0053/2021-12-19/2,PASS,pass,pass,pass,pass,pass,pass,164673013248,75632310897,75632310897,
ZYE_0053/2021-12-20/1,PASS,pass,pass,pass,pass,pass,pass,149805891072,66436055059,66436055059,
ZYE_0053/2021-12-20/5,PASS,pass,pass,pass,pass,pass,pass,29047623168,12897385147,12897385147,
ZYE_0053/2021-12-21/1,PASS,pass,pass,pass,pass,pass,pass,124045831680,56544067841,56544067841,
ZYE_0053/2021-12-22/1,PASS,pass,pass,pass,pass,pass,pass,138167477760,61525269141,61525269141,
ZYE_0053/2022-01-01/4,PASS,pass,pass,pass,pass,pass,pass,83814170112,37896228684,37896228684,
ZYE_0053/2022-01-02/1,PASS,pass,pass,pass,pass,pass,pass,157273941504,71990958469,71990958469,
ZYE_0053/2022-01-04/1,PASS,pass,pass,pass,pass,pass,pass,129575517696,57773069093,57773069093,
ZYE_0054/2021-12-17/2,PASS,pass,pass,pass,pass,pass,pass,30417071616,13794094222,13794094222,
ZYE_0054/2022-01-03/1,PASS,pass,pass,pass,pass,pass,pass,147135972864,65574837835,65574837835,
ZYE_0055/2022-01-02/1,PASS,pass,pass,pass,pass,pass,pass,71959328256,33460620778,33460620778,
ZYE_0055/2022-01-03/1,PASS,pass,pass,pass,pass,pass,pass,126529064448,57864879039,57864879039,
ZYE_0055/2022-01-06/1,PASS,pass,pass,pass,pass,pass,pass,142101794304,65671550550,65671550550,
ZYE_0055/2022-01-07/1,PASS,pass,pass,pass,pass,pass,pass,42777546240,19845459208,19845459208,
ZYE_0055/2022-01-07/2,PASS,pass,pass,pass,pass,pass,pass,28238863872,13087905700,13087905700,
ZYE_0055/2022-01-07/4,PASS,pass,pass,pass,pass,pass,pass,145042564608,67000437610,67000437610,
ZYE_0055/2022-01-10/1,PASS,pass,pass,pass,pass,pass,pass,170370399744,78429963118,78429963118,
ZYE_0055/2022-01-23/2,PASS,pass,pass,pass,pass,pass,pass,154024349184,68377053751,68377053751,
ZYE_0055/2022-01-24/3,PASS,pass,pass,pass,pass,pass,pass,143214312960,65953960426,65953960426,
ZYE_0056/2021-12-18/1,PASS,pass,pass,pass,pass,pass,pass,29541864960,13394005201,13394005201,
ZYE_0056/2022-01-10/1,PASS,pass,pass,pass,pass,pass,pass,132982052352,60985259579,60985259579,
ZYE_0057/2022-01-10/1,PASS,pass,pass,pass,pass,pass,pass,66537856512,30286646611,30286646611,
ZYE_0057/2022-01-28/1,PASS,pass,pass,pass,pass,pass,pass,238267123200,105950720320,105950720320,
ZYE_0057/2022-01-29/1,PASS,pass,pass,pass,pass,pass,pass,192777296896,85772236511,85772236511,
ZYE_0057/2022-01-30/1,PASS,pass,pass,pass,pass,pass,pass,201648759808,88635708134,88635708134,
ZYE_0058/2022-01-28/1,PASS,pass,pass,pass,pass,pass,pass,38720875520,16544014817,16544014817,
ZYE_0058/2022-01-29/1,PASS,pass,pass,pass,pass,pass,pass,210177059328,92549602124,92549602124,
ZYE_0058/2022-01-30/1,PASS,pass,pass,pass,pass,pass,pass,231283421696,99044019339,99044019339,
ZYE_0058/2022-01-31/1,PASS,pass,pass,pass,pass,pass,pass,238871468032,106119119412,106119119412,
ZYE_0058/2022-02-01/1,PASS,pass,pass,pass,pass,pass,pass,227076949504,102911300987,102911300987,
ZYE_0058/2022-02-02/2,PASS,pass,pass,pass,pass,pass,pass,228953102848,100870305165,100870305165,
ZYE_0058/2022-02-04/1,PASS,pass,pass,pass,pass,pass,pass,232315088384,101516309829,101516309829,
ZYE_0058/2022-03-08/2,PASS,pass,pass,pass,pass,pass,pass,42549726720,19519786898,19519786898,
ZYE_0058/2022-03-09/1,PASS,pass,pass,pass,pass,pass,pass,254283290112,113769903627,113769903627,
ZYE_0058/2022-03-10/1,PASS,pass,pass,pass,pass,pass,pass,234162396672,105135575699,105135575699,
ZYE_0058/2022-03-11/1,PASS,pass,pass,pass,pass,pass,pass,186659495424,85039488951,85039488951,
ZYE_0059/2022-03-08/1,PASS,pass,pass,pass,pass,pass,pass,40885378560,18489765183,18489765183,
ZYE_0059/2022-03-09/1,PASS,pass,pass,pass,pass,pass,pass,199512313344,90813498833,90813498833,
ZYE_0059/2022-03-14/1,PASS,pass,pass,pass,pass,pass,pass,227937861120,103445255389,103445255389,
ZYE_0059/2022-03-15/1,PASS,pass,pass,pass,pass,pass,pass,117575124480,53527816661,53527816661,
ZYE_0059/2022-03-15/5,PASS,pass,pass,pass,pass,pass,pass,130988631552,59293614071,59293614071,
ZYE_0059/2022-03-16/1,PASS,pass,pass,pass,pass,pass,pass,184138292736,81966409414,81966409414,
ZYE_0060/2022-03-23/2,PASS,pass,pass,pass,pass,pass,pass,144202796544,63413699158,63413699158,
ZYE_0060/2022-03-24/1,PASS,pass,pass,pass,pass,pass,pass,157962462720,69336281221,69336281221,
ZYE_0060/2022-03-25/1,PASS,pass,pass,pass,pass,pass,pass,157230276096,69287238672,69287238672,
ZYE_0060/2022-03-26/1,PASS,pass,pass,pass,pass,pass,pass,142178999808,64262700873,64262700873,
ZYE_0062/2022-03-29/1,PASS,pass,pass,pass,pass,pass,pass,180225492480,79653686578,79653686578,
ZYE_0062/2022-03-30/1,PASS,pass,pass,pass,pass,pass,pass,174905273856,77671332655,77671332655,
ZYE_0062/2022-03-30/5,PASS,pass,pass,pass,pass,pass,pass,130021031424,57778880830,57778880830,
ZYE_0062/2022-03-31/2,PASS,pass,pass,pass,pass,pass,pass,159465438720,71096018802,71096018802,
ZYE_0064/2022-04-14/1,PASS,pass,pass,pass,pass,pass,pass,38899551744,17173756386,17173756386,
ZYE_0066/2022-08-15/1,PASS,pass,pass,pass,pass,pass,pass,26132109824,11667012474,11667012474,
ZYE_0066/2022-10-23/6,PASS,pass,pass,pass,pass,pass,pass,167863119360,74457947832,74457947832,
ZYE_0066/2022-10-25/1,PASS,pass,pass,pass,pass,pass,pass,108857863680,45811757737,45811757737,
ZYE_0066/2022-10-25/6,PASS,pass,pass,pass,pass,pass,pass,138695259648,58147106861,58147106861,
ZYE_0067/2022-08-15/2,PASS,pass,pass,pass,pass,pass,pass,69453566464,32836009808,32836009808,
ZYE_0067/2022-10-23/2,PASS,pass,pass,pass,pass,pass,pass,171853757952,80222738252,80222738252,
ZYE_0067/2022-10-26/3,PASS,pass,pass,pass,pass,pass,pass,194292082176,88181171294,88181171294,
ZYE_0068/2022-08-15/1,PASS,pass,pass,pass,pass,pass,pass,69106804224,31545988721,31545988721,
ZYE_0069/2023-07-14/4,PASS,pass,pass,pass,pass,pass,pass,46744770048,19893243643,19893243643,
ZYE_0069/2023-07-14/6,PASS,pass,pass,pass,pass,pass,pass,52787049984,23253046727,23253046727,
ZYE_0069/2023-07-17/1,PASS,pass,pass,pass,pass,pass,pass,97092883968,41996197059,41996197059,
ZYE_0069/2023-07-19/1,PASS,pass,pass,pass,pass,pass,pass,48121812480,20559886021,20559886021,
ZYE_0069/2023-07-27/3,PASS,pass,pass,pass,pass,pass,pass,74742523392,32275137450,32275137450,
ZYE_0069/2023-08-16/1,PASS,pass,pass,pass,pass,pass,pass,61504310784,26621756317,26621756317,
ZYE_0069/2023-08-17/5,PASS,pass,pass,pass,pass,pass,pass,269463664128,115728777689,115728777689,
ZYE_0069/2023-08-22/1,PASS,pass,pass,pass,pass,pass,pass,56832744960,24524327274,24524327274,
ZYE_0069/2023-08-24/4,PASS,pass,pass,pass,pass,pass,pass,244725628416,108084581329,108084581329,
ZYE_0069/2023-09-06/1,PASS,pass,pass,pass,pass,pass,pass,96571430400,41574701735,41574701735,
ZYE_0069/2023-10-03/1,PASS,pass,pass,pass,pass,pass,pass,64093859328,27697992401,27697992401,
ZYE_0069/2023-11-20/1,PASS,pass,pass,pass,pass,pass,pass,293244225024,130299116292,130299116292,
ZYE_0070/2023-01-13/1,PASS,pass,pass,pass,pass,pass,pass,32773105152,14432768343,14432768343,
ZYE_0070/2023-01-14/1,PASS,pass,pass,pass,pass,pass,pass,145237476864,62374271525,62374271525,
ZYE_0070/2023-01-15/1,PASS,pass,pass,pass,pass,pass,pass,157096748544,66561369042,66561369042,
ZYE_0070/2023-01-16/1,PASS,pass,pass,pass,pass,pass,pass,169521139200,74396371953,74396371953,
ZYE_0070/2023-01-16/5,PASS,pass,pass,pass,pass,pass,pass,119009121792,51843471573,51843471573,
ZYE_0070/2023-01-17/1,PASS,pass,pass,pass,pass,pass,pass,98346323968,35995103794,35995103794,
ZYE_0070/2023-01-17/5,PASS,pass,pass,pass,pass,pass,pass,98346323968,35995100194,35995100194,
ZYE_0071/2023-01-13/1,PASS,pass,pass,pass,pass,pass,pass,28512247296,12283298543,12283298543,
ZYE_0071/2023-01-14/1,PASS,pass,pass,pass,pass,pass,pass,155221034496,66745479527,66745479527,
ZYE_0071/2023-01-17/3,PASS,pass,pass,pass,pass,pass,pass,168306734592,72915105556,72915105556,
ZYE_0071/2023-01-17/7,PASS,pass,pass,pass,pass,pass,pass,158226353664,68098872000,68098872000,
ZYE_0071/2023-01-19/1,PASS,pass,pass,pass,pass,pass,pass,72187147776,31822629835,31822629835,
ZYE_0072/2023-01-13/3,PASS,pass,pass,pass,pass,pass,pass,30270887424,12392354851,12392354851,
ZYE_0072/2023-01-15/1,PASS,pass,pass,pass,pass,pass,pass,148160527872,61858282414,61858282414,
ZYE_0072/2023-01-22/1,PASS,pass,pass,pass,pass,pass,pass,164876785152,66466635583,66466635583,
ZYE_0072/2023-01-22/5,PASS,pass,pass,pass,pass,pass,pass,144641349120,57200406159,57200406159,
ZYE_0075/2024-04-28/1,PASS,pass,pass,pass,pass,pass,pass,21212530176,7997101987,7997101987,
ZYE_0075/2024-05-04/2,PASS,pass,pass,pass,pass,pass,pass,15696766464,5951635370,5951635370,
ZYE_0076/2024-04-28/1,PASS,pass,pass,pass,pass,pass,pass,17291503104,6574188783,6574188783,
ZYE_0076/2024-05-04/2,PASS,pass,pass,pass,pass,pass,pass,27889540608,10533386824,10533386824,
ZYE_0076/2024-05-17/1,PASS,pass,pass,pass,pass,pass,pass,121715111424,44347640303,44347640303,
ZYE_0076/2024-05-20/1,PASS,pass,pass,pass,pass,pass,pass,122362498560,43973575220,43973575220,
ZYE_0076/2024-05-30/5,PASS,pass,pass,pass,pass,pass,pass,32979408384,11791573834,11791573834,
ZYE_0077/2024-04-28/1,PASS,pass,pass,pass,pass,pass,pass,22989522432,8672422357,8672422357,
ZYE_0077/2024-05-04/2,PASS,pass,pass,pass,pass,pass,pass,30262027776,11438353893,11438353893,
ZYE_0077/2024-05-17/1,PASS,pass,pass,pass,pass,pass,pass,103436391936,37803846954,37803846954,
ZYE_0077/2024-05-30/3,PASS,pass,pass,pass,pass,pass,pass,31668813312,11337697530,11337697530,
ZYE_0077/2024-07-22/1,PASS,pass,pass,pass,pass,pass,pass,142275190272,57180166833,57180166833,
ZYE_0078/2024-04-28/1,PASS,pass,pass,pass,pass,pass,pass,29394415104,10756679955,10756679955,
ZYE_0078/2024-05-14/2,PASS,pass,pass,pass,pass,pass,pass,77632667136,27199201664,27199201664,
ZYE_0078/2024-05-20/4,PASS,pass,pass,pass,pass,pass,pass,114163527168,40246923122,40246923122,
ZYE_0078/2024-05-30/5,PASS,pass,pass,pass,pass,pass,pass,33533136384,11678181726,11678181726,
ZYE_0078/2024-07-23/1,PASS,pass,pass,pass,pass,pass,pass,164403426816,64670861250,64670861250,
ZYE_0079/2024-04-29/1,PASS,pass,pass,pass,pass,pass,pass,28971050496,10602550598,10602550598,
ZYE_0079/2024-05-04/2,PASS,pass,pass,pass,pass,pass,pass,14569059840,5374667981,5374667981,
ZYE_0080/2024-04-29/2,PASS,pass,pass,pass,pass,pass,pass,29079264768,11115680157,11115680157,
ZYE_0081/2024-04-29/2,PASS,pass,pass,pass,pass,pass,pass,27852836352,10581556781,10581556781,
ZYE_0082/2024-04-30/1,PASS,pass,pass,pass,pass,pass,pass,29090655744,10273591787,10273591787,
ZYE_0083/2024-04-30/4,PASS,pass,pass,pass,pass,pass,pass,31947259392,11344429561,11344429561,
ZYE_0084/2024-04-29/1,PASS,pass,pass,pass,pass,pass,pass,28360367616,10752847513,10752847513,
ZYE_0085/2024-05-24/1,PASS,pass,pass,pass,pass,pass,pass,108659154432,40432734284,40432734284,
ZYE_0085/2024-07-08/1,PASS,pass,pass,pass,pass,pass,pass,162206866944,65886240006,65886240006,
ZYE_0085/2024-07-08/3,PASS,pass,pass,pass,pass,pass,pass,29415931392,11921351456,11921351456,
ZYE_0085/2024-07-09/3,PASS,pass,pass,pass,pass,pass,pass,134615391744,56199082452,56199082452,
ZYE_0085/2024-07-10/1,PASS,pass,pass,pass,pass,pass,pass,175612780032,72064338440,72064338440,
ZYE_0085/2024-07-10/3,PASS,pass,pass,pass,pass,pass,pass,80144377344,33046784824,33046784824,
ZYE_0085/2024-07-11/1,PASS,pass,pass,pass,pass,pass,pass,176584809984,73161418469,73161418469,
ZYE_0085/2024-07-11/3,PASS,pass,pass,pass,pass,pass,pass,68690750976,28613468256,28613468256,
ZYE_0085/2024-07-12/1,PASS,pass,pass,pass,pass,pass,pass,106382224896,43390302127,43390302127,
ZYE_0085/2024-07-13/2,PASS,pass,pass,pass,pass,pass,pass,123936984576,50289031021,50289031021,
ZYE_0085/2024-07-14/2,PASS,pass,pass,pass,pass,pass,pass,186924019200,77677631805,77677631805,
ZYE_0085/2024-07-14/4,PASS,pass,pass,pass,pass,pass,pass,62046014976,26084747275,26084747275,
ZYE_0085/2024-07-15/2,PASS,pass,pass,pass,pass,pass,pass,115290600960,47668039456,47668039456,
ZYE_0085/2024-07-16/1,PASS,pass,pass,pass,pass,pass,pass,175245737472,72066814067,72066814067,
ZYE_0085/2024-07-17/1,PASS,pass,pass,pass,pass,pass,pass,141923335680,58588737492,58588737492,
ZYE_0085/2024-07-17/3,PASS,pass,pass,pass,pass,pass,pass,74633676288,30952504355,30952504355,
ZYE_0085/2024-07-18/3,PASS,pass,pass,pass,pass,pass,pass,145450741248,58106223188,58106223188,
ZYE_0085/2024-07-22/1,PASS,pass,pass,pass,pass,pass,pass,141398085120,58588071174,58588071174,
ZYE_0085/2024-07-22/7,PASS,pass,pass,pass,pass,pass,pass,119257191936,49461934884,49461934884,
ZYE_0085/2024-07-22/9,PASS,pass,pass,pass,pass,pass,pass,65436728832,27245319505,27245319505,
ZYE_0085/2024-07-23/1,PASS,pass,pass,pass,pass,pass,pass,170666565120,70615861708,70615861708,
ZYE_0085/2024-07-23/3,PASS,pass,pass,pass,pass,pass,pass,91330315776,37979625401,37979625401,
ZYE_0085/2024-07-24/1,PASS,pass,pass,pass,pass,pass,pass,212070231552,87370529528,87370529528,
ZYE_0085/2024-07-24/3,PASS,pass,pass,pass,pass,pass,pass,58590119424,24289227419,24289227419,
ZYE_0085/2024-07-25/1,PASS,pass,pass,pass,pass,pass,pass,45648072192,18777765801,18777765801,
ZYE_0085/2024-07-25/3,PASS,pass,pass,pass,pass,pass,pass,224438932992,92703762386,92703762386,
ZYE_0085/2024-07-25/5,PASS,pass,pass,pass,pass,pass,pass,75862636032,31630552756,31630552756,
ZYE_0085/2024-07-26/1,PASS,pass,pass,pass,pass,pass,pass,128953443840,53735842336,53735842336,
ZYE_0085/2024-07-26/3,PASS,pass,pass,pass,pass,pass,pass,59903878656,25053637094,25053637094,
ZYE_0085/2024-07-26/5,PASS,pass,pass,pass,pass,pass,pass,35707547136,14907056649,14907056649,
ZYE_0085/2024-07-27/1,PASS,pass,pass,pass,pass,pass,pass,18828652032,7765326414,7765326414,
ZYE_0085/2024-07-27/3,PASS,pass,pass,pass,pass,pass,pass,161963226624,67217057253,67217057253,
ZYE_0085/2024-07-27/5,PASS,pass,pass,pass,pass,pass,pass,61735927296,25799287157,25799287157,
ZYE_0085/2024-07-28/1,PASS,pass,pass,pass,pass,pass,pass,160426710528,66558793836,66558793836,
ZYE_0085/2024-07-28/3,PASS,pass,pass,pass,pass,pass,pass,61631510016,25458607969,25458607969,
ZYE_0085/2024-07-29/7,PASS,pass,pass,pass,pass,pass,pass,211481064960,86460907985,86460907985,
ZYE_0085/2024-07-29/9,PASS,pass,pass,pass,pass,pass,pass,76103745024,31172245850,31172245850,
ZYE_0085/2024-09-08/1,PASS,pass,pass,pass,pass,pass,pass,141819551232,59624230003,59624230003,
ZYE_0085/2025-01-31/2,PASS,pass,pass,pass,pass,pass,pass,61727700480,24140423262,24140423262,
ZYE_0085/2025-01-31/6,PASS,pass,pass,pass,pass,pass,pass,48757808640,19100370747,19100370747,
ZYE_0086/2024-05-24/1,PASS,pass,pass,pass,pass,pass,pass,119320475136,43119155878,43119155878,
ZYE_0086/2025-02-11/1,PASS,pass,pass,pass,pass,pass,pass,132470724096,53544783926,53544783926,
ZYE_0086/2025-03-05/1,PASS,pass,pass,pass,pass,pass,pass,141301262848,55875135627,55875135627,
ZYE_0086/2025-03-06/1,PASS,pass,pass,pass,pass,pass,pass,152899806720,59326746239,59326746239,
ZYE_0087/2024-05-23/1,PASS,pass,pass,pass,pass,pass,pass,36902966784,13976257646,13976257646,
ZYE_0087/2024-05-23/5,PASS,pass,pass,pass,pass,pass,pass,112184028672,41648309373,41648309373,
ZYE_0087/2024-08-19/1,PASS,pass,pass,pass,pass,pass,pass,140232408576,55865907757,55865907757,
ZYE_0087/2024-09-04/1,PASS,pass,pass,pass,pass,pass,pass,29556420096,11884934210,11884934210,
ZYE_0087/2024-09-05/1,PASS,pass,pass,pass,pass,pass,pass,107489048064,42726832578,42726832578,
ZYE_0087/2024-09-06/1,PASS,pass,pass,pass,pass,pass,pass,51044230656,19900381178,19900381178,
ZYE_0087/2024-09-06/2,PASS,pass,pass,pass,pass,pass,pass,112980131328,44100808382,44100808382,
ZYE_0087/2024-09-06/3,PASS,pass,pass,pass,pass,pass,pass,142322652672,55529073446,55529073446,
ZYE_0087/2024-09-07/1,PASS,pass,pass,pass,pass,pass,pass,145658942976,58857221693,58857221693,
ZYE_0088/2024-05-23/1,PASS,pass,pass,pass,pass,pass,pass,152682745344,57343787837,57343787837,
ZYE_0088/2024-07-08/2,PASS,pass,pass,pass,pass,pass,pass,76681520640,31774642934,31774642934,
ZYE_0088/2024-07-09/1,PASS,pass,pass,pass,pass,pass,pass,161303815680,67216688378,67216688378,
ZYE_0088/2024-07-09/3,PASS,pass,pass,pass,pass,pass,pass,28372391424,11790368078,11790368078,
ZYE_0088/2024-07-10/1,PASS,pass,pass,pass,pass,pass,pass,134049639936,55683536810,55683536810,
ZYE_0088/2024-07-10/3,PASS,pass,pass,pass,pass,pass,pass,55517720064,23130754270,23130754270,
ZYE_0088/2024-07-11/1,PASS,pass,pass,pass,pass,pass,pass,175388124672,73937138593,73937138593,
ZYE_0088/2024-07-11/3,PASS,pass,pass,pass,pass,pass,pass,61936535040,26121291817,26121291817,
ZYE_0088/2024-07-12/1,PASS,pass,pass,pass,pass,pass,pass,44696925696,18547313699,18547313699,
ZYE_0088/2024-07-12/8,PASS,pass,pass,pass,pass,pass,pass,59908308480,24814545915,24814545915,
ZYE_0088/2024-07-13/2,PASS,pass,pass,pass,pass,pass,pass,149832470016,61988835581,61988835581,
ZYE_0088/2024-07-15/2,PASS,pass,pass,pass,pass,pass,pass,142744751616,59344172777,59344172777,
ZYE_0088/2024-07-15/4,PASS,pass,pass,pass,pass,pass,pass,61556835840,25651269578,25651269578,
ZYE_0088/2024-07-16/2,PASS,pass,pass,pass,pass,pass,pass,149878666752,61005162023,61005162023,
ZYE_0088/2024-07-17/1,PASS,pass,pass,pass,pass,pass,pass,118955331072,49831210287,49831210287,
ZYE_0088/2024-08-23/1,PASS,pass,pass,pass,pass,pass,pass,133343399424,55470065931,55470065931,
ZYE_0088/2024-09-04/1,PASS,pass,pass,pass,pass,pass,pass,29872203264,12336151904,12336151904,
ZYE_0088/2024-09-05/1,PASS,pass,pass,pass,pass,pass,pass,136907509248,56734781383,56734781383,
ZYE_0088/2024-09-06/1,PASS,pass,pass,pass,pass,pass,pass,153124462080,61448809575,61448809575,
ZYE_0088/2024-09-06/2,PASS,pass,pass,pass,pass,pass,pass,124750173696,49745641797,49745641797,
ZYE_0088/2024-09-07/1,PASS,pass,pass,pass,pass,pass,pass,122470080000,49295944358,49295944358,
ZYE_0089/2024-05-23/1,PASS,pass,pass,pass,pass,pass,pass,153235840512,56562947756,56562947756,
ZYE_0089/2024-07-08/1,PASS,pass,pass,pass,pass,pass,pass,144145841664,57552039545,57552039545,
ZYE_0089/2024-07-09/1,PASS,pass,pass,pass,pass,pass,pass,175616577024,70658157871,70658157871,
ZYE_0089/2024-07-09/3,PASS,pass,pass,pass,pass,pass,pass,35760705024,14375012238,14375012238,
ZYE_0089/2024-07-10/1,PASS,pass,pass,pass,pass,pass,pass,115233646080,45965608918,45965608918,
ZYE_0089/2024-07-10/3,PASS,pass,pass,pass,pass,pass,pass,70751884800,28418445227,28418445227,
ZYE_0089/2024-07-11/5,PASS,pass,pass,pass,pass,pass,pass,158511760896,63922723058,63922723058,
ZYE_0089/2024-07-11/7,PASS,pass,pass,pass,pass,pass,pass,85941751296,34778417969,34778417969,
ZYE_0089/2024-07-12/2,PASS,pass,pass,pass,pass,pass,pass,162746672640,65573530499,65573530499,
ZYE_0089/2024-07-12/4,PASS,pass,pass,pass,pass,pass,pass,60945520128,24673559452,24673559452,
ZYE_0089/2024-07-16/1,PASS,pass,pass,pass,pass,pass,pass,129723600384,51978240392,51978240392,
ZYE_0089/2024-07-17/1,PASS,pass,pass,pass,pass,pass,pass,125076715008,50454348558,50454348558,
ZYE_0089/2025-04-30/5,PASS,pass,pass,pass,pass,pass,pass,28855242240,11378797955,11378797955,
ZYE_0089/2025-05-01/1,PASS,pass,pass,pass,pass,pass,pass,104593841664,41925347769,41925347769,
ZYE_0089/2025-05-02/1,PASS,pass,pass,pass,pass,pass,pass,158267487744,63512012449,63512012449,
ZYE_0089/2025-05-02/5,PASS,pass,pass,pass,pass,pass,pass,96151229952,38458461288,38458461288,
ZYE_0089/2025-05-02/6,PASS,pass,pass,pass,pass,pass,pass,27831320064,11102994078,11102994078,
ZYE_0089/2025-05-03/1,PASS,pass,pass,pass,pass,pass,pass,141586036224,57621950875,57621950875,
ZYE_0089/2025-05-03/2,PASS,pass,pass,pass,pass,pass,pass,114787499520,46592544624,46592544624,
ZYE_0089/2025-05-04/1,PASS,pass,pass,pass,pass,pass,pass,89043260928,34081357853,34081357853,
ZYE_0089/2025-05-05/1,PASS,pass,pass,pass,pass,pass,pass,14620319232,5434929074,5434929074,
ZYE_0089/2025-05-07/1,PASS,pass,pass,pass,pass,pass,pass,41292289536,16011093950,16011093950,
ZYE_0089/2025-05-07/3,PASS,pass,pass,pass,pass,pass,pass,44927909376,16677304194,16677304194,
ZYE_0090/2024-06-25/2,PASS,pass,pass,pass,pass,pass,pass,29614640640,11522682747,11522682747,
ZYE_0090/2024-07-16/1,PASS,pass,pass,pass,pass,pass,pass,134642603520,54704146588,54704146588,
ZYE_0090/2024-07-16/3,PASS,pass,pass,pass,pass,pass,pass,60294968832,24527114281,24527114281,
ZYE_0090/2024-07-17/1,PASS,pass,pass,pass,pass,pass,pass,162351785472,65759464761,65759464761,
ZYE_0090/2024-07-27/1,PASS,pass,pass,pass,pass,pass,pass,141218993664,57230608218,57230608218,
ZYE_0090/2024-07-27/3,PASS,pass,pass,pass,pass,pass,pass,58258515456,23655838442,23655838442,
ZYE_0090/2024-08-10/10,PASS,pass,pass,pass,pass,pass,pass,60665808384,24437477831,24437477831,
ZYE_0090/2024-08-10/5,PASS,pass,pass,pass,pass,pass,pass,111918239232,45101103455,45101103455,
ZYE_0090/2024-08-11/4,PASS,pass,pass,pass,pass,pass,pass,128042798592,51869448962,51869448962,
ZYE_0090/2024-08-11/6,PASS,pass,pass,pass,pass,pass,pass,61959949824,25162641177,25162641177,
ZYE_0090/2024-08-12/1,PASS,pass,pass,pass,pass,pass,pass,178513681920,72312861447,72312861447,
ZYE_0090/2024-08-12/3,PASS,pass,pass,pass,pass,pass,pass,60784780800,24616044734,24616044734,
ZYE_0090/2024-08-13/1,PASS,pass,pass,pass,pass,pass,pass,24093814272,9830513327,9830513327,
ZYE_0090/2024-08-13/3,PASS,pass,pass,pass,pass,pass,pass,149555289600,60440557641,60440557641,
ZYE_0090/2024-08-13/5,PASS,pass,pass,pass,pass,pass,pass,92928216576,37689817085,37689817085,
ZYE_0090/2024-08-14/1,PASS,pass,pass,pass,pass,pass,pass,139264808448,56271815091,56271815091,
ZYE_0090/2024-08-14/3,PASS,pass,pass,pass,pass,pass,pass,85327271424,34502913293,34502913293,
ZYE_0090/2024-08-15/1,PASS,pass,pass,pass,pass,pass,pass,88381951488,36038222940,36038222940,
ZYE_0090/2024-08-15/3,PASS,pass,pass,pass,pass,pass,pass,85143117312,34859739807,34859739807,
ZYE_0090/2024-08-16/1,PASS,pass,pass,pass,pass,pass,pass,108466773504,43177079890,43177079890,
ZYE_0090/2024-08-16/3,PASS,pass,pass,pass,pass,pass,pass,127318205952,50792677457,50792677457,
ZYE_0090/2024-08-18/3,PASS,pass,pass,pass,pass,pass,pass,101327795712,41031374794,41031374794,
ZYE_0090/2024-08-18/5,PASS,pass,pass,pass,pass,pass,pass,95936699904,38777778390,38777778390,
ZYE_0090/2024-08-19/1,PASS,pass,pass,pass,pass,pass,pass,113922418176,47138582509,47138582509,
ZYE_0090/2024-08-19/3,PASS,pass,pass,pass,pass,pass,pass,81476488704,33679570237,33679570237,
ZYE_0090/2024-08-20/1,PASS,pass,pass,pass,pass,pass,pass,110195037696,45383253762,45383253762,
ZYE_0090/2024-08-20/3,PASS,pass,pass,pass,pass,pass,pass,84785567232,35018798374,35018798374,
ZYE_0090/2024-08-21/1,PASS,pass,pass,pass,pass,pass,pass,106483478016,43884614872,43884614872,
ZYE_0090/2024-08-21/3,PASS,pass,pass,pass,pass,pass,pass,92358667776,38236405191,38236405191,
ZYE_0090/2024-09-08/1,PASS,pass,pass,pass,pass,pass,pass,121332880896,49648469840,49648469840,
ZYE_0090/2025-02-02/1,PASS,pass,pass,pass,pass,pass,pass,56399887872,22301712554,22301712554,
ZYE_0090/2025-02-02/3,PASS,pass,pass,pass,pass,pass,pass,62746560000,24872081283,24872081283,
ZYE_0090/2025-02-25/1,PASS,pass,pass,pass,pass,pass,pass,142001174016,59329485012,59329485012,
ZYE_0090/2025-03-06/5,PASS,pass,pass,pass,pass,pass,pass,144525540864,61057989294,61057989294,
ZYE_0090/2025-03-14/3,PASS,pass,pass,pass,pass,pass,pass,148123823616,62475266391,62475266391,
ZYE_0090/2025-04-26/1,PASS,pass,pass,pass,pass,pass,pass,35956882944,14383771247,14383771247,
ZYE_0090/2025-04-26/3,PASS,pass,pass,pass,pass,pass,pass,28908400128,11487333867,11487333867,
ZYE_0090/2025-04-26/5,PASS,pass,pass,pass,pass,pass,pass,32735135232,13017532639,13017532639,
ZYE_0090/2025-05-02/2,PASS,pass,pass,pass,pass,pass,pass,159536948736,65333631964,65333631964,
ZYE_0090/2025-05-03/1,PASS,pass,pass,pass,pass,pass,pass,79795686912,32476590687,32476590687,
ZYE_0090/2025-05-03/2,PASS,pass,pass,pass,pass,pass,pass,12947744256,5264759398,5264759398,
ZYE_0090/2025-05-03/4,PASS,pass,pass,pass,pass,pass,pass,36349871616,15362027558,15362027558,
ZYE_0090/2025-05-03/6,PASS,pass,pass,pass,pass,pass,pass,118456659456,49255095497,49255095497,
ZYE_0090/2025-05-05/1,PASS,pass,pass,pass,pass,pass,pass,119643852288,47786962010,47786962010,
ZYE_0090/2025-06-04/2,PASS,pass,pass,pass,pass,pass,pass,117775099392,47693011777,47693011777,
ZYE_0090/2025-06-04/4,PASS,pass,pass,pass,pass,pass,pass,113906597376,45982864613,45982864613,
ZYE_0090/2025-06-05/1,PASS,pass,pass,pass,pass,pass,pass,143071925760,57796670077,57796670077,
ZYE_0090/2025-06-06/1,PASS,pass,pass,pass,pass,pass,pass,115517154816,45114114936,45114114936,
ZYE_0090/2025-06-07/1,PASS,pass,pass,pass,pass,pass,pass,146131035648,59338981372,59338981372,
ZYE_0090/2025-06-07/2,PASS,pass,pass,pass,pass,pass,pass,121045575168,47497419952,47497419952,
ZYE_0090/2025-06-08/1,PASS,pass,pass,pass,pass,pass,pass,126777767424,50616065075,50616065075,
ZYE_0090/2025-06-10/1,PASS,pass,pass,pass,pass,pass,pass,129658418688,52032413717,52032413717,
ZYE_0090/2025-06-10/2,PASS,pass,pass,pass,pass,pass,pass,145213429248,57283595801,57283595801,
ZYE_0090/2025-06-11/1,PASS,pass,pass,pass,pass,pass,pass,134323656192,53935676827,53935676827,
ZYE_0090/2025-06-12/1,PASS,pass,pass,pass,pass,pass,pass,117051139584,46020224359,46020224359,
ZYE_0090/2025-06-12/2,PASS,pass,pass,pass,pass,pass,pass,115114673664,45011219473,45011219473,
ZYE_0090/2025-06-13/1,PASS,pass,pass,pass,pass,pass,pass,123365537280,47960926269,47960926269,
ZYE_0090/2025-06-16/1,PASS,pass,pass,pass,pass,pass,pass,126962554368,47932422661,47932422661,
ZYE_0090/2025-06-16/2,PASS,pass,pass,pass,pass,pass,pass,114279968256,43119251839,43119251839,
ZYE_0090/2025-06-17/1,PASS,pass,pass,pass,pass,pass,pass,109128082944,40416705551,40416705551,
ZYE_0090/2025-06-19/2,PASS,pass,pass,pass,pass,pass,pass,106546128384,40057171242,40057171242,
ZYE_0090/2025-06-22/1,PASS,pass,pass,pass,pass,pass,pass,73378137600,27870393987,27870393987,
ZYE_0090/2025-06-22/2,PASS,pass,pass,pass,pass,pass,pass,87873787392,33217757903,33217757903,
ZYE_0091/2024-06-25/2,PASS,pass,pass,pass,pass,pass,pass,28685643264,11107042207,11107042207,
ZYE_0091/2024-07-08/1,PASS,pass,pass,pass,pass,pass,pass,103292106240,41141533240,41141533240,
ZYE_0091/2024-07-08/3,PASS,pass,pass,pass,pass,pass,pass,29675392512,11817951699,11817951699,
ZYE_0091/2024-07-09/1,PASS,pass,pass,pass,pass,pass,pass,142937765376,56929382038,56929382038,
ZYE_0091/2024-07-09/3,PASS,pass,pass,pass,pass,pass,pass,30566419968,12184702612,12184702612,
ZYE_0091/2024-07-10/1,REFUSE,pass,pass,pass,fail,pass,pass,-1,64646968967,64646968967,C4: the tar is already gone
ZYE_0091/2024-07-11/1,PASS,pass,pass,pass,pass,pass,pass,179339527680,72377416755,72377416755,
ZYE_0091/2024-07-11/3,PASS,pass,pass,pass,pass,pass,pass,61821992448,25046841363,25046841363,
ZYE_0091/2024-07-12/1,PASS,pass,pass,pass,pass,pass,pass,149278109184,59900836437,59900836437,
ZYE_0091/2024-07-12/3,PASS,pass,pass,pass,pass,pass,pass,62053608960,24923352128,24923352128,
ZYE_0091/2024-07-13/1,PASS,pass,pass,pass,pass,pass,pass,193675070976,77156586633,77156586633,
ZYE_0091/2024-07-13/4,PASS,pass,pass,pass,pass,pass,pass,81364477440,32505387538,32505387538,
ZYE_0091/2024-07-14/3,PASS,pass,pass,pass,pass,pass,pass,163667443200,66981034703,66981034703,
ZYE_0091/2024-07-14/5,PASS,pass,pass,pass,pass,pass,pass,70694929920,29065040853,29065040853,
ZYE_0091/2024-07-15/1,PASS,pass,pass,pass,pass,pass,pass,164152825344,66864336914,66864336914,
ZYE_0091/2024-07-15/5,PASS,pass,pass,pass,pass,pass,pass,65001973248,26573721643,26573721643,
ZYE_0091/2024-07-16/1,PASS,pass,pass,pass,pass,pass,pass,169788194304,68954230814,68954230814,
ZYE_0091/2024-07-16/3,PASS,pass,pass,pass,pass,pass,pass,77948450304,31821887258,31821887258,
ZYE_0091/2024-07-17/2,PASS,pass,pass,pass,pass,pass,pass,166309516800,67859167746,67859167746,
ZYE_0091/2024-07-17/4,PASS,pass,pass,pass,pass,pass,pass,60999943680,24916737564,24916737564,
ZYE_0091/2024-07-26/2,PASS,pass,pass,pass,pass,pass,pass,61165112832,25079854353,25079854353,
ZYE_0091/2024-07-26/4,PASS,pass,pass,pass,pass,pass,pass,30558193152,12488569039,12488569039,
ZYE_0091/2024-07-27/2,PASS,pass,pass,pass,pass,pass,pass,30537942528,12313016696,12313016696,
ZYE_0091/2024-07-28/1,PASS,pass,pass,pass,pass,pass,pass,138123812352,56216727522,56216727522,
ZYE_0091/2024-07-28/3,PASS,pass,pass,pass,pass,pass,pass,61917550080,25497059241,25497059241,
ZYE_0091/2024-09-08/1,PASS,pass,pass,pass,pass,pass,pass,141368974848,59215204920,59215204920,
ZYE_0091/2025-02-02/1,PASS,pass,pass,pass,pass,pass,pass,71707461120,27034338517,27034338517,
ZYE_0091/2025-02-28/3,PASS,pass,pass,pass,pass,pass,pass,146839807488,59998424279,59998424279,
ZYE_0091/2025-03-11/1,PASS,pass,pass,pass,pass,pass,pass,129821056512,52373368941,52373368941,
ZYE_0091/2025-03-13/1,PASS,pass,pass,pass,pass,pass,pass,135277334016,54864067419,54864067419,
ZYE_0091/2025-05-06/2,PASS,pass,pass,pass,pass,pass,pass,49934876160,20323891813,20323891813,
ZYE_0091/2025-05-06/3,PASS,pass,pass,pass,pass,pass,pass,100284255744,40712652232,40712652232,
ZYE_0091/2025-05-06/6,PASS,pass,pass,pass,pass,pass,pass,118757887488,48214022742,48214022742,
ZYE_0091/2025-05-07/1,PASS,pass,pass,pass,pass,pass,pass,124290104832,49850347209,49850347209,
ZYE_0091/2025-06-04/1,PASS,pass,pass,pass,pass,pass,pass,123882561024,50732811848,50732811848,
ZYE_0091/2025-06-04/3,PASS,pass,pass,pass,pass,pass,pass,118073163264,46813377654,46813377654,
ZYE_0091/2025-06-05/2,PASS,pass,pass,pass,pass,pass,pass,116154416640,47103358896,47103358896,
ZYE_0091/2025-06-06/1,PASS,pass,pass,pass,pass,pass,pass,106632193536,42542576932,42542576932,
ZYE_0091/2025-06-06/2,PASS,pass,pass,pass,pass,pass,pass,119352749568,48410887130,48410887130,
ZYE_0091/2025-06-06/5,PASS,pass,pass,pass,pass,pass,pass,129598299648,51654683164,51654683164,
ZYE_0091/2025-06-08/1,PASS,pass,pass,pass,pass,pass,pass,117439065600,45900968706,45900968706,
ZYE_0091/2025-06-08/3,PASS,pass,pass,pass,pass,pass,pass,128388324864,50113609364,50113609364,
ZYE_0091/2025-06-13/2,PASS,pass,pass,pass,pass,pass,pass,125755743744,48812757332,48812757332,
ZYE_0091/2025-06-13/3,PASS,pass,pass,pass,pass,pass,pass,115619673600,45021112288,45021112288,
ZYE_0091/2025-06-14/1,PASS,pass,pass,pass,pass,pass,pass,115798132224,44030338611,44030338611,
ZYE_0091/2025-06-17/1,PASS,pass,pass,pass,pass,pass,pass,128742077952,47866374996,47866374996,
ZYE_0091/2025-06-18/1,PASS,pass,pass,pass,pass,pass,pass,115295030784,41611179005,41611179005,
ZYE_0091/2025-06-19/1,PASS,pass,pass,pass,pass,pass,pass,48735026688,17500055033,17500055033,
ZYE_0091/2025-06-19/2,PASS,pass,pass,pass,pass,pass,pass,100518403584,35962383979,35962383979,
ZYE_0092/2025-06-02/1,PASS,pass,pass,pass,pass,pass,pass,60521522688,22465862766,22465862766,
ZYE_0092/2025-06-09/3,PASS,pass,pass,pass,pass,pass,pass,116866985472,42619285197,42619285197,
ZYE_0092/2025-06-14/1,PASS,pass,pass,pass,pass,pass,pass,145947514368,51843317420,51843317420,
ZYE_0092/2025-06-14/3,PASS,pass,pass,pass,pass,pass,pass,135119758848,48046008755,48046008755,
ZYE_0092/2025-06-15/1,PASS,pass,pass,pass,pass,pass,pass,116401853952,41450671741,41450671741,
ZYE_0092/2025-06-15/3,PASS,pass,pass,pass,pass,pass,pass,113855970816,40611192888,40611192888,
ZYE_0092/2025-06-19/2,PASS,pass,pass,pass,pass,pass,pass,108526892544,38308735233,38308735233,
ZYE_0092/2025-06-21/1,PASS,pass,pass,pass,pass,pass,pass,95612057088,33188634147,33188634147,
ZYE_0092/2025-06-21/2,PASS,pass,pass,pass,pass,pass,pass,100675345920,34966980318,34966980318,
ZYE_0092/2025-06-22/1,PASS,pass,pass,pass,pass,pass,pass,116060124672,40723838879,40723838879,
ZYE_0092/2025-06-23/2,PASS,pass,pass,pass,pass,pass,pass,95407019520,33829932324,33829932324,
ZYE_0092/2025-06-24/1,PASS,pass,pass,pass,pass,pass,pass,101039224320,35584205943,35584205943,
ZYE_0092/2025-07-09/2,PASS,pass,pass,pass,pass,pass,pass,108724336128,39508773304,39508773304,
ZYE_0093/2025-06-02/2,PASS,pass,pass,pass,pass,pass,pass,133295304192,50084103361,50084103361,
ZYE_0093/2025-06-03/1,PASS,pass,pass,pass,pass,pass,pass,42746537472,15879697470,15879697470,
ZYE_0093/2025-06-14/1,PASS,pass,pass,pass,pass,pass,pass,43705910784,15803849030,15803849030,
ZYE_0094/2025-06-03/1,PASS,pass,pass,pass,pass,pass,pass,38788173312,14705968785,14705968785,
ZYE_0094/2025-06-16/3,PASS,pass,pass,pass,pass,pass,pass,135494395392,47747309332,47747309332,
ZYE_0094/2025-06-17/1,PASS,pass,pass,pass,pass,pass,pass,114315406848,40267193581,40267193581,
ZYE_0094/2025-06-17/3,PASS,pass,pass,pass,pass,pass,pass,115937988096,41022162983,41022162983,
ZYE_0094/2025-06-18/1,PASS,pass,pass,pass,pass,pass,pass,121148093952,43624653695,43624653695,
ZYE_0094/2025-06-18/3,PASS,pass,pass,pass,pass,pass,pass,128208600576,45711088274,45711088274,
ZYE_0094/2025-06-19/1,PASS,pass,pass,pass,pass,pass,pass,97550421504,34720746026,34720746026,
ZYE_0094/2025-06-21/2,PASS,pass,pass,pass,pass,pass,pass,114849517056,40622707207,40622707207,
ZYE_0094/2025-06-21/3,PASS,pass,pass,pass,pass,pass,pass,97718754816,34416348876,34416348876,
ZYE_0094/2025-06-22/1,PASS,pass,pass,pass,pass,pass,pass,95384870400,33526690737,33526690737,
ZYE_0094/2025-06-24/1,PASS,pass,pass,pass,pass,pass,pass,95058329088,33597878018,33597878018,
ZYE_0094/2025-07-10/1,PASS,pass,pass,pass,pass,pass,pass,131416425984,47542800424,47542800424,
ZYE_0094/2025-07-16/1,PASS,pass,pass,pass,pass,pass,pass,103338935808,39032701223,39032701223,
ZYE_0094/2025-07-18/1,PASS,pass,pass,pass,pass,pass,pass,163887035904,60079077564,60079077564,
ZYE_0094/2025-07-19/1,PASS,pass,pass,pass,pass,pass,pass,134328086016,50132203034,50132203034,
ZYE_0094/2025-07-20/1,PASS,pass,pass,pass,pass,pass,pass,126525900288,46956585075,46956585075,
ZYE_0094/2025-07-21/1,PASS,pass,pass,pass,pass,pass,pass,130255179264,49539071764,49539071764,
ZYE_0094/2025-07-26/1,PASS,pass,pass,pass,pass,pass,pass,102434618880,38396033765,38396033765,
ZYE_0095/2025-07-07/1,PASS,pass,pass,pass,pass,pass,pass,33587559936,12023607561,12023607561,
ZYE_0095/2025-07-08/1,PASS,pass,pass,pass,pass,pass,pass,108458546688,39534772521,39534772521,
ZYE_0095/2025-07-09/3,PASS,pass,pass,pass,pass,pass,pass,108275658240,39883621083,39883621083,
ZYE_0095/2025-07-10/1,PASS,pass,pass,pass,pass,pass,pass,134264169984,48524934382,48524934382,
ZYE_0095/2025-07-12/3,PASS,pass,pass,pass,pass,pass,pass,114588157440,41165872294,41165872294,
ZYE_0095/2025-07-16/1,PASS,pass,pass,pass,pass,pass,pass,98269951488,37536439360,37536439360,
ZYE_0095/2025-07-17/1,PASS,pass,pass,pass,pass,pass,pass,151455051264,57889298616,57889298616,
ZYE_0095/2025-07-18/1,PASS,pass,pass,pass,pass,pass,pass,132323907072,49570830450,49570830450,
ZYE_0095/2025-07-19/1,PASS,pass,pass,pass,pass,pass,pass,129750179328,48992261740,48992261740,
ZYE_0095/2025-07-20/1,PASS,pass,pass,pass,pass,pass,pass,124193914368,47007965836,47007965836,
ZYE_0095/2025-07-26/1,PASS,pass,pass,pass,pass,pass,pass,144157232640,55266191433,55266191433,
ZYE_0096/2025-07-07/1,PASS,pass,pass,pass,pass,pass,pass,31921946112,11313953469,11313953469,
ZYE_0096/2025-07-08/1,PASS,pass,pass,pass,pass,pass,pass,123730048512,43415775600,43415775600,
ZYE_0096/2025-07-09/1,PASS,pass,pass,pass,pass,pass,pass,108535752192,38600558107,38600558107,
ZYE_0096/2025-07-10/1,PASS,pass,pass,pass,pass,pass,pass,108633841152,37345896971,37345896971,
ZYE_0096/2025-07-12/1,PASS,pass,pass,pass,pass,pass,pass,128929396224,45237518259,45237518259,
ZYE_0096/2025-07-12/2,PASS,pass,pass,pass,pass,pass,pass,125458312704,43923203254,43923203254,
ZYE_0097/2025-07-07/1,PASS,pass,pass,pass,pass,pass,pass,30879038976,11360720413,11360720413,
ZYE_0097/2025-07-08/1,PASS,pass,pass,pass,pass,pass,pass,111227186688,40851073956,40851073956,
ZYE_0097/2025-07-09/1,PASS,pass,pass,pass,pass,pass,pass,111025946112,40656244452,40656244452,
ZYE_0097/2025-07-15/1,PASS,pass,pass,pass,pass,pass,pass,102858616320,40849342871,40849342871,
ZYE_0097/2025-07-16/1,PASS,pass,pass,pass,pass,pass,pass,152628954624,59150071316,59150071316,
ZYE_0097/2025-07-18/1,PASS,pass,pass,pass,pass,pass,pass,142620083712,55192515391,55192515391,
ZYE_0097/2025-07-19/1,PASS,pass,pass,pass,pass,pass,pass,128705373696,49663530916,49663530916,
ZYE_0097/2025-07-20/1,PASS,pass,pass,pass,pass,pass,pass,126846113280,49439421679,49439421679,
ZYE_0097/2025-07-22/1,PASS,pass,pass,pass,pass,pass,pass,128923700736,49556640968,49556640968,
ZYE_0097/2025-07-26/1,PASS,pass,pass,pass,pass,pass,pass,149934355968,56535625734,56535625734,
ZYE_0097/2025-11-18/1,PASS,pass,pass,pass,pass,pass,pass,46691612160,16207262599,16207262599,
ZYE_0097/2025-11-18/8,PASS,pass,pass,pass,pass,pass,pass,26269490688,9108660002,9108660002,
ZYE_0098/2025-07-07/1,PASS,pass,pass,pass,pass,pass,pass,28848913920,10262581560,10262581560,
ZYE_0098/2025-07-08/1,PASS,pass,pass,pass,pass,pass,pass,107885200896,39381867545,39381867545,
ZYE_0098/2025-07-09/1,PASS,pass,pass,pass,pass,pass,pass,108638903808,39920312324,39920312324,
ZYE_0098/2025-07-15/1,PASS,pass,pass,pass,pass,pass,pass,103566755328,38911494682,38911494682,
ZYE_0098/2025-07-16/1,PASS,pass,pass,pass,pass,pass,pass,137711205888,50849122383,50849122383,
ZYE_0098/2025-07-18/1,PASS,pass,pass,pass,pass,pass,pass,116963808768,42945885743,42945885743,
ZYE_0098/2025-07-19/1,PASS,pass,pass,pass,pass,pass,pass,124984954368,45846202772,45846202772,
ZYE_0098/2025-07-20/1,PASS,pass,pass,pass,pass,pass,pass,129033813504,47900126003,47900126003,
ZYE_0098/2025-07-26/1,PASS,pass,pass,pass,pass,pass,pass,182918825472,67212590763,67212590763,
ZYE_0098/2025-11-19/1,PASS,pass,pass,pass,pass,pass,pass,46415064576,16581714478,16581714478,
ZYE_0098/2025-11-19/5,PASS,pass,pass,pass,pass,pass,pass,42071938560,14874918071,14874918071,
ZYE_0098/2025-11-20/6,PASS,pass,pass,pass,pass,pass,pass,52774393344,22747056873,22747056873,
ZYE_0098/2025-11-21/2,PASS,pass,pass,pass,pass,pass,pass,53751485952,20107423870,20107423870,
ZYE_0098/2025-12-16/1,PASS,pass,pass,pass,pass,pass,pass,100861398528,36692669503,36692669503,
ZYE_0098/2025-12-17/2,PASS,pass,pass,pass,pass,pass,pass,93542696960,32514339901,32514339901,
ZYE_0098/2025-12-18/1,PASS,pass,pass,pass,pass,pass,pass,101058846720,33497517949,33497517949,
ZYE_0098/2026-01-02/1,REFUSE,pass,pass,fail,pass,pass,pass,96341080576,32231604079,32231604079,C3: format_version=2 sha=False
default/2025-03-05/3,PASS,pass,pass,pass,pass,pass,pass,5194318336,1860513193,1860513193,
test/2025-02-03/3,PASS,pass,pass,pass,pass,pass,pass,530947584,192141819,192141819,
test/2025-04-30/3,PASS,pass,pass,pass,pass,pass,pass,36694789632,16003350941,16003350941,
test/2025-11-05/1,PASS,pass,pass,pass,pass,pass,pass,10444501504,4193621602,4193621602,
test/2026-02-17/1,REFUSE,pass,pass,pass,fail,pass,pass,-1,505364720,505364720,C4: the tar is already gone
