tar,wfz,session,verdict,reason,tar_bytes_now,tar_bytes_recorded,wfz_bytes_now,wfz_bytes_recorded,format_version,has_receipt,receipt_byte_identical,source_tar_sha256,reverified,reverified_sha256,tar_rehash,tar_rehash_matches
Y:\Subjects\test\2026-02-17\1\widefield.tar,Y:\Subjects\test\2026-02-17\1\widefield.wfz,test/2026-02-17/1,REFUSE,the tar is already gone,0,1189092864,0,505364720,0,False,False,,False,,,False
Y:\Subjects\AL_0033\2025-03-17\1\widefield.tar,Y:\Subjects\AL_0033\2025-03-17\1\widefield.wfz,AL_0033/2025-03-17/1,SAFE,metadata checks pass,1610082816,1610082816,682336506,682336506,2,True,True,ee9b7b9318cd55ecdde9b4a59a0639a97cae388b7c55879955e36dcacc444c3e,False,,,False
Y:\Subjects\ZYE_0035\2021-07-17\1\widefield.tar,Y:\Subjects\ZYE_0035\2021-07-17\1\widefield.wfz,ZYE_0035/2021-07-17/1,SAFE,metadata checks pass,1570225664,1570225664,721753613,721753613,2,True,True,089eb3b9ef33eed315a374b9dbe9c1787f4306fe8566ead69553fdad4c00daec,False,,,False
Y:\Subjects\AL_0048\2026-06-11\4\widefield.tar,Y:\Subjects\AL_0048\2026-06-11\4\widefield.wfz,AL_0048/2026-06-11/4,SAFE,metadata checks pass,3331896832,3331896832,1276669694,1276669694,2,True,True,18e57dbf8c3060f1f85ee470034883a30cd30b8ed613ca4897ecd6a4dc61096d,False,,,False
Y:\Subjects\test\2025-11-04\1.tar,Y:\Subjects\test\2025-11-04\1.wfz,Subjects/test/2025-11-04,SAFE,metadata checks pass,5484321280,5484321280,1441369072,1441369072,2,True,True,8d3b6e016bc3515e5aee2596b3942d7f7270480578b3592ac4daaf41057cb2b2,False,,,False
Y:\Subjects\default\2025-03-05\3\widefield.tar,Y:\Subjects\default\2025-03-05\3\widefield.wfz,default/2025-03-05/3,SAFE,metadata checks pass,5194318336,5194318336,1860513193,1860513193,2,True,True,f0df78f491938c25bbfc2467e50a625219c2291792143ffbcaa01b3b18df50d5,False,,,False
Y:\Subjects\test\2025-11-05\1\1.tar,Y:\Subjects\test\2025-11-05\1\1.wfz,test/2025-11-05/1,SAFE,metadata checks pass,10444501504,10444501504,4193621602,4193621602,2,True,True,1c7df09ebeb3fdb975391f0aa722005985c863d93eccece796d3d83558dd689f,False,,,False
Y:\Subjects\AL_0033\2025-02-24\3\3.tar,Y:\Subjects\AL_0033\2025-02-24\3\3.wfz,AL_0033/2025-02-24/3,SAFE,metadata checks pass,17471109632,17471109632,6001539791,6001539791,2,True,True,200a144a959951138ac06181975988f5d2abcd8068c1ac3d6927dfa0dceb517c,False,,,False
Y:\Subjects\ZYE_0008\2020-07-25\1\widefield.tar,Y:\Subjects\ZYE_0008\2020-07-25\1\widefield.wfz,ZYE_0008/2020-07-25/1,SAFE,metadata checks pass,20250793472,20250793472,8870590325,8870590325,2,True,True,55d12a8fa18b809365688ec736705bbd66ec318c4dd608f0d31b73197ffe8284,False,,,False
Y:\Subjects\SM_0001\2020-09-03\1\widefield.tar,Y:\Subjects\SM_0001\2020-09-03\1\widefield.wfz,SM_0001/2020-09-03/1,SAFE,metadata checks pass,27998839296,27998839296,12918583663,12918583663,2,True,True,3152812cebffd83de0f1e833710f586f697097587151491fff4066456adac357,False,,,False
Y:\Subjects\AL_0023\2023-05-15\5\widefield.tar,Y:\Subjects\AL_0023\2023-05-15\5\widefield.wfz,AL_0023/2023-05-15/5,SAFE,metadata checks pass,31639918080,31639918080,13216733344,13216733344,2,True,True,70801a9246c8d02d91e7e40b331a3bd1c755afbd42ce85239a0da49d60a75a00,False,,,False
Y:\Subjects\ZYE_0007\2020-07-29\1\widefield.tar,Y:\Subjects\ZYE_0007\2020-07-29\1\widefield.wfz,ZYE_0007/2020-07-29/1,SAFE,metadata checks pass,31907714048,31907714048,14704817866,14704817866,2,True,True,4fc73e5bea8d016adc05fa7e1a6956d9018d60ec70591d1f7d91365c41d76320,False,,,False
Y:\Subjects\ZYE_0046\2021-11-27\2\widefield.tar,Y:\Subjects\ZYE_0046\2021-11-27\2\widefield.wfz,ZYE_0046/2021-11-27/2,SAFE,metadata checks pass,430101106176,430101106176,192366063076,192366063076,2,True,True,fe0ebd6bc284af6e70e4502f28ddc701948c50deac347718a3961630fa2cae3d,False,,,False
\\sahale.biostr.washington.edu\data\Subjects\AL_0033\2025-01-17\1\widefield.tar,\\sahale.biostr.washington.edu\data\Subjects\AL_0033\2025-01-17\1\widefield.wfz,AL_0033/2025-01-17/1,SAFE,metadata checks pass,294340435456,294340435456,122923655024,122923655024,2,True,True,b859bf1451093aff0bd918838b9b90c425fef4e58701eaace28cf8be45186afd,False,,,False
\\sahale.biostr.washington.edu\data\Subjects\ZYE_0069\2023-11-20\1\widefield.tar,\\sahale.biostr.washington.edu\data\Subjects\ZYE_0069\2023-11-20\1\widefield.wfz,ZYE_0069/2023-11-20/1,SAFE,metadata checks pass,293244225024,293244225024,130299116292,130299116292,2,True,True,3e712c8fdf2bd73eb1cd7bab0cf1cc3c6edda231daea7b8d29ac004e77075598,False,,,False
\\sahale.biostr.washington.edu\data\Subjects\AL_0033\2025-06-08\2\widefield.tar,\\sahale.biostr.washington.edu\data\Subjects\AL_0033\2025-06-08\2\widefield.wfz,AL_0033/2025-06-08/2,SAFE,metadata checks pass,314173877760,314173877760,121988449690,121988449690,2,True,True,18b1f44a5044d12d9ffe798ea2d90182af5dec9fccda0a3f29a4a1aa75aafb2b,False,,,False
\\sahale.biostr.washington.edu\data\Subjects\AL_0033\2025-06-06\3\widefield.tar,\\sahale.biostr.washington.edu\data\Subjects\AL_0033\2025-06-06\3\widefield.wfz,AL_0033/2025-06-06/3,SAFE,metadata checks pass,318587880960,318587880960,127552796550,127552796550,2,True,True,8aebcb5a89c22f799b04415dda3aa6590fb3cb247d49b2f452d3f7ec49bea46b,False,,,False
\\sahale.biostr.washington.edu\data\Subjects\AL_0039\2025-04-26\1\widefield.tar,\\sahale.biostr.washington.edu\data\Subjects\AL_0039\2025-04-26\1\widefield.wfz,AL_0039/2025-04-26/1,SAFE,metadata checks pass,320323739136,320323739136,131702309610,131702309610,2,True,True,823184a5f9623d0938cd8c5838b68b97c219911e7227e263b3e0fb78b5e02798,False,,,False
\\sahale.biostr.washington.edu\data\Subjects\AL_0033\2025-04-28\1\widefield.tar,\\sahale.biostr.washington.edu\data\Subjects\AL_0033\2025-04-28\1\widefield.wfz,AL_0033/2025-04-28/1,SAFE,metadata checks pass,327825962496,327825962496,129788354030,129788354030,2,True,True,76e1afc5a49459b1a04eac2a15d330e41cf924fb34de4e47fc9ebf0e3024555c,False,,,False
\\sahale.biostr.washington.edu\data\Subjects\ZYE_0046\2021-11-29\1\widefield.tar,\\sahale.biostr.washington.edu\data\Subjects\ZYE_0046\2021-11-29\1\widefield.wfz,ZYE_0046/2021-11-29/1,SAFE,metadata checks pass,346362244608,346362244608,155571900071,155571900071,2,True,True,25b1313f02f14ad41bef90d245d5b469073479c2202f4603e94e7e480d08648e,False,,,False
\\sahale.biostr.washington.edu\data\Subjects\AB_0032\2024-04-16\1\widefield.tar,\\sahale.biostr.washington.edu\data\Subjects\AB_0032\2024-04-16\1\widefield.wfz,AB_0032/2024-04-16/1,SAFE,metadata checks pass,344282758656,344282758656,145981130097,145981130097,2,True,True,d4df7c059e27a9c31dbed16f218e011b945bfd3cd3373564b70e03dc59c7be2a,False,,,False
\\sahale.biostr.washington.edu\data\Subjects\AL_0033\2025-03-03\2\widefield.tar,\\sahale.biostr.washington.edu\data\Subjects\AL_0033\2025-03-03\2\widefield.wfz,AL_0033/2025-03-03/2,SAFE,metadata checks pass,290073876992,290073876992,112440590229,112440590229,2,True,True,fd779589f3fbd46e1ab0d5853f23e747d65400520e3f0a0ee6d46b82d8a95996,False,,,False
\\sahale.biostr.washington.edu\data\Subjects\AL_0033\2025-06-07\3\widefield.tar,\\sahale.biostr.washington.edu\data\Subjects\AL_0033\2025-06-07\3\widefield.wfz,AL_0033/2025-06-07/3,SAFE,metadata checks pass,292453817856,292453817856,116864674076,116864674076,2,True,True,5800d286e6fc7a555381e751574b112e948a43e957a22c08e16c85068e052479,False,,,False
\\sahale.biostr.washington.edu\data\Subjects\AL_0041\2026-05-27\1\widefield.tar,\\sahale.biostr.washington.edu\data\Subjects\AL_0041\2026-05-27\1\widefield.wfz,AL_0041/2026-05-27/1,SAFE,metadata checks pass,273784641024,273784641024,103444599577,103444599577,2,True,True,c9b8463e63268e5df5eafe9f83a9a9edd32f8a83bf77fabf5ec92919b61a0fa2,False,,,False
\\sahale.biostr.washington.edu\data\Subjects\LK_0003\2021-05-21\3\widefield.tar,\\sahale.biostr.washington.edu\data\Subjects\LK_0003\2021-05-21\3\widefield.wfz,LK_0003/2021-05-21/3,SAFE,metadata checks pass,270123021824,270123021824,118495014848,118495014848,2,True,True,f428e776d622fea33d79044423330f0f6bc6179609c415327f81a8bc12405e82,False,,,False
\\sahale.biostr.washington.edu\data\Subjects\ZYE_0012\2020-12-03\1\widefield.tar,\\sahale.biostr.washington.edu\data\Subjects\ZYE_0012\2020-12-03\1\widefield.wfz,ZYE_0012/2020-12-03/1,SAFE,metadata checks pass,280892239360,280892239360,125116891125,125116891125,2,True,True,e13cdb9318bef5d9a3a9ebb48876c8b8b9b459933e57cedebe20d49ba136d375,False,,,False
\\sahale.biostr.washington.edu\data\Subjects\LK_0001\2021-04-06\2\widefield.tar,\\sahale.biostr.washington.edu\data\Subjects\LK_0001\2021-04-06\2\widefield.wfz,LK_0001/2021-04-06/2,SAFE,metadata checks pass,286064026112,286064026112,132876272972,132876272972,2,True,True,f25da65ab3dcadd9eb66bb47b7f1a41188bd63e98d2d5a2a09522d8c53c3794c,False,,,False
\\sahale.biostr.washington.edu\data\Subjects\ZYE_0069\2023-08-17\5\widefield.tar,\\sahale.biostr.washington.edu\data\Subjects\ZYE_0069\2023-08-17\5\widefield.wfz,ZYE_0069/2023-08-17/5,SAFE,metadata checks pass,269463664128,269463664128,115728777689,115728777689,2,True,True,488fb93b3938390d2a32bfa1c5ccba1dd3bac4328765d86053c6f246a8c55892,False,,,False
\\sahale.biostr.washington.edu\data\Subjects\LK_0001\2021-04-07\1\widefield.tar,\\sahale.biostr.washington.edu\data\Subjects\LK_0001\2021-04-07\1\widefield.wfz,LK_0001/2021-04-07/1,SAFE,metadata checks pass,267944507904,267944507904,126112644720,126112644720,2,True,True,92f61c8b2112d740f6ea33cae88fa3e31903ad4e4536c63766d32c78100c9ea3,False,,,False
\\sahale.biostr.washington.edu\data\Subjects\AL_0033\2025-04-18\4\widefield.tar,\\sahale.biostr.washington.edu\data\Subjects\AL_0033\2025-04-18\4\widefield.wfz,AL_0033/2025-04-18/4,SAFE,metadata checks pass,254959667712,254959667712,101477536803,101477536803,2,True,True,58c218474e2fa39fd0039f1542ad1cd571e52dc8f76c35a216e980fac94962eb,False,,,False
\\sahale.biostr.washington.edu\data\Subjects\AL_0033\2024-07-12\1\widefield.tar,\\sahale.biostr.washington.edu\data\Subjects\AL_0033\2024-07-12\1\widefield.wfz,AL_0033/2024-07-12/1,SAFE,metadata checks pass,252944217600,252944217600,104451825215,104451825215,2,True,True,f2593f35f1fefc3e81cdab89ff6e3d2a9eeab533ae8e691e9abb53644d7ec7f2,False,,,False
\\sahale.biostr.washington.edu\data\Subjects\AL_0033\2025-01-21\1\widefield.tar,\\sahale.biostr.washington.edu\data\Subjects\AL_0033\2025-01-21\1\widefield.wfz,AL_0033/2025-01-21/1,SAFE,metadata checks pass,251222914560,251222914560,103769452226,103769452226,2,True,True,96a65521f190661b93938f5c710b0828016d03812f624f196e2f32ba81d5f0c0,False,,,False
\\sahale.biostr.washington.edu\data\Subjects\AL_0048\2026-07-10\3\widefield.tar,\\sahale.biostr.washington.edu\data\Subjects\AL_0048\2026-07-10\3\widefield.wfz,AL_0048/2026-07-10/3,SAFE,metadata checks pass,257381002752,257381002752,99197475690,99197475690,2,True,True,637ad6764920281231ac6c223649587a897d4053c150f0dd1709fd28290d6eb8,False,,,False
\\sahale.biostr.washington.edu\data\Subjects\ZYE_0058\2022-03-09\1\widefield.tar,\\sahale.biostr.washington.edu\data\Subjects\ZYE_0058\2022-03-09\1\widefield.wfz,ZYE_0058/2022-03-09/1,SAFE,metadata checks pass,254283290112,254283290112,113769903627,113769903627,2,True,True,d8fddb63fe28e12115f0ee0c1cd19464c2824c86955e90a960bb088c1a74de41,False,,,False
\\sahale.biostr.washington.edu\data\Subjects\AL_0039\2025-04-28\1\widefield.tar,\\sahale.biostr.washington.edu\data\Subjects\AL_0039\2025-04-28\1\widefield.wfz,AL_0039/2025-04-28/1,SAFE,metadata checks pass,258270131712,258270131712,110332315819,110332315819,2,True,True,06e725106a98df414ee2957e40065a244e9da6662c2f00d28d1f4ba1eb2bd888,False,,,False
\\sahale.biostr.washington.edu\data\Subjects\AB_0032\2024-06-28\1\widefield.tar,\\sahale.biostr.washington.edu\data\Subjects\AB_0032\2024-06-28\1\widefield.wfz,AB_0032/2024-06-28/1,SAFE,metadata checks pass,267169648128,267169648128,115379509534,115379509534,2,True,True,459a13d055827f6b1676054251975316eb512edbcc0acdbb7376bf00d6835a8b,False,,,False
\\sahale.biostr.washington.edu\data\Subjects\AL_0041\2026-05-26\1\widefield.tar,\\sahale.biostr.washington.edu\data\Subjects\AL_0041\2026-05-26\1\widefield.wfz,AL_0041/2026-05-26/1,SAFE,metadata checks pass,247253159424,247253159424,93744301772,93744301772,2,True,True,c4f5a5ccd1a61fc664c962993da22fa879dad0ffb8f57de74c0044af0ab6de18,False,,,False
\\sahale.biostr.washington.edu\data\Subjects\AB_0032\2024-07-24\1\widefield.tar,\\sahale.biostr.washington.edu\data\Subjects\AB_0032\2024-07-24\1\widefield.wfz,AB_0032/2024-07-24/1,SAFE,metadata checks pass,246396304896,246396304896,108934842267,108934842267,2,True,True,55112196380530fff787f9d1ef99a4bd2aa0a092ee057ee505f9ee713718cd59,False,,,False
\\sahale.biostr.washington.edu\data\Subjects\AL_0033\2025-04-30\1\widefield.tar,\\sahale.biostr.washington.edu\data\Subjects\AL_0033\2025-04-30\1\widefield.wfz,AL_0033/2025-04-30/1,SAFE,metadata checks pass,246364663296,246364663296,100105219900,100105219900,2,True,True,eeb5f3b388ddfa267b682b0e366d7885287e525814152771b3a389739a8ffc3f,False,,,False
\\sahale.biostr.washington.edu\data\Subjects\AL_0035\2025-04-24\1\widefield.tar,\\sahale.biostr.washington.edu\data\Subjects\AL_0035\2025-04-24\1\widefield.wfz,AL_0035/2025-04-24/1,SAFE,metadata checks pass,244069381632,244069381632,102843430840,102843430840,2,True,True,571583d92fad460fce7dbb9cc85f74bb944a8660b6dc3a8b923245352b2b3a13,False,,,False
\\sahale.biostr.washington.edu\data\Subjects\AL_0033\2025-01-29\1\widefield.tar,\\sahale.biostr.washington.edu\data\Subjects\AL_0033\2025-01-29\1\widefield.wfz,AL_0033/2025-01-29/1,SAFE,metadata checks pass,242555450880,242555450880,101523992747,101523992747,2,True,True,ee04bdf271a0e201e90d02a5a75c2ecdd502e189c4713519dae2519fbfbb7514,False,,,False
\\sahale.biostr.washington.edu\data\Subjects\ZYE_0058\2022-01-31\1\widefield.tar,\\sahale.biostr.washington.edu\data\Subjects\ZYE_0058\2022-01-31\1\widefield.wfz,ZYE_0058/2022-01-31/1,SAFE,metadata checks pass,238871468032,238871468032,106119119412,106119119412,2,True,True,616a9f5e067bd08ccb699678898193e7e3a36ed074c1c605c57bbf73b6be0afe,False,,,False
\\sahale.biostr.washington.edu\data\Subjects\ZYE_0069\2023-08-24\4\widefield.tar,\\sahale.biostr.washington.edu\data\Subjects\ZYE_0069\2023-08-24\4\widefield.wfz,ZYE_0069/2023-08-24/4,SAFE,metadata checks pass,244725628416,244725628416,108084581329,108084581329,2,True,True,5cb82a0f5f7a6f2c092d2cecfaa84c1ebd7d98112020a89887e4046044719ec6,False,,,False
\\sahale.biostr.washington.edu\data\Subjects\ZYE_0057\2022-01-28\1\widefield.tar,\\sahale.biostr.washington.edu\data\Subjects\ZYE_0057\2022-01-28\1\widefield.wfz,ZYE_0057/2022-01-28/1,SAFE,metadata checks pass,238267123200,238267123200,105950720320,105950720320,2,True,True,06ad928eda3c9c51ff451693f03ec335df338f59647ab43b0b034b6f5cf7b484,False,,,False
\\sahale.biostr.washington.edu\data\Subjects\AL_0046\2026-02-22\1\widefield.tar,\\sahale.biostr.washington.edu\data\Subjects\AL_0046\2026-02-22\1\widefield.wfz,AL_0046/2026-02-22/1,SAFE,metadata checks pass,237278461440,237278461440,90569317533,90569317533,2,True,True,9f4e0872f4aab98dcff78f69bda310926f5734fb91472960dfefaedd4e861e7c,False,,,False
\\sahale.biostr.washington.edu\data\Subjects\AL_0039\2025-06-20\3\widefield.tar,\\sahale.biostr.washington.edu\data\Subjects\AL_0039\2025-06-20\3\widefield.wfz,AL_0039/2025-06-20/3,SAFE,metadata checks pass,235712202240,235712202240,96217221427,96217221427,2,True,True,528e3c607bf740b23df714b94e29b60203dec2928b610f555d131b6e1a63a901,False,,,False
\\sahale.biostr.washington.edu\data\Subjects\AL_0033\2025-01-16\3\widefield.tar,\\sahale.biostr.washington.edu\data\Subjects\AL_0033\2025-01-16\3\widefield.wfz,AL_0033/2025-01-16/3,SAFE,metadata checks pass,233675836928,233675836928,96244698605,96244698605,2,True,True,1b83b68418458836626594802cfb589468d3ac8188a6d4bd85f33170dd542312,False,,,False
\\sahale.biostr.washington.edu\data\Subjects\AL_0035\2025-01-08\1\widefield.tar,\\sahale.biostr.washington.edu\data\Subjects\AL_0035\2025-01-08\1\widefield.wfz,AL_0035/2025-01-08/1,SAFE,metadata checks pass,233308706304,233308706304,104623000213,104623000213,2,True,True,d2d7e92edc1ae53ac5fd1d956f7886f4f2240d39f872c528010bf54f7baab3a4,False,,,False
\\sahale.biostr.washington.edu\data\Subjects\ZYE_0058\2022-03-10\1\widefield.tar,\\sahale.biostr.washington.edu\data\Subjects\ZYE_0058\2022-03-10\1\widefield.wfz,ZYE_0058/2022-03-10/1,SAFE,metadata checks pass,234162396672,234162396672,105135575699,105135575699,2,True,True,496966cd44158caa6b71dc356b3ab0c9465ccaadac48db09526ceaa2ffe1d330,False,,,False
\\sahale.biostr.washington.edu\data\Subjects\ZYE_0058\2022-02-04\1\widefield.tar,\\sahale.biostr.washington.edu\data\Subjects\ZYE_0058\2022-02-04\1\widefield.wfz,ZYE_0058/2022-02-04/1,SAFE,metadata checks pass,232315088384,232315088384,101516309829,101516309829,2,True,True,8255333aacae2ad50ead9075c66fac0ccedfd855824d4594e11d442f40d4e887,False,,,False
\\sahale.biostr.washington.edu\data\Subjects\AL_0045\2026-01-30\1\widefield.tar,\\sahale.biostr.washington.edu\data\Subjects\AL_0045\2026-01-30\1\widefield.wfz,AL_0045/2026-01-30/1,SAFE,metadata checks pass,232043042304,232043042304,81766777973,81766777973,2,True,True,f9146fa02ab444a773590a2b5634f95674e4a8adb0845b97a75b2b3f3e9ca2f6,False,,,False
\\sahale.biostr.washington.edu\data\Subjects\AL_0033\2025-06-23\1\widefield.tar,\\sahale.biostr.washington.edu\data\Subjects\AL_0033\2025-06-23\1\widefield.wfz,AL_0033/2025-06-23/1,SAFE,metadata checks pass,231719665152,231719665152,88925850844,88925850844,2,True,True,425eab4994f8a2e6fbcf901157c92deb9f67f239f127bc7d8328263448ad18e8,False,,,False
\\sahale.biostr.washington.edu\data\Subjects\ZYE_0058\2022-01-30\1\widefield.tar,\\sahale.biostr.washington.edu\data\Subjects\ZYE_0058\2022-01-30\1\widefield.wfz,ZYE_0058/2022-01-30/1,SAFE,metadata checks pass,231283421696,231283421696,99044019339,99044019339,2,True,True,914aad1f1fe70e1ea29eb52aa329178d073450600e2744314b7c5fd00f588906,False,,,False
\\sahale.biostr.washington.edu\data\Subjects\LK_0003\2021-05-20\3\widefield.tar,\\sahale.biostr.washington.edu\data\Subjects\LK_0003\2021-05-20\3\widefield.wfz,LK_0003/2021-05-20/3,SAFE,metadata checks pass,231077064192,231077064192,103503080117,103503080117,2,True,True,d6845c3168df8dd4fcfa997696e081fa855521adfcfe8b48d1e8640b9268f72e,False,,,False
\\sahale.biostr.washington.edu\data\Subjects\AL_0039\2025-06-05\1\widefield.tar,\\sahale.biostr.washington.edu\data\Subjects\AL_0039\2025-06-05\1\widefield.wfz,AL_0039/2025-06-05/1,SAFE,metadata checks pass,230666632704,230666632704,92966091452,92966091452,2,True,True,0da65aa0911096175460c9c09fc612154480dc777c46e838726b5466e4b1fd7f,False,,,False
\\sahale.biostr.washington.edu\data\Subjects\AL_0039\2025-06-19\1\widefield.tar,\\sahale.biostr.washington.edu\data\Subjects\AL_0039\2025-06-19\1\widefield.wfz,AL_0039/2025-06-19/1,SAFE,metadata checks pass,229035824640,229035824640,93183732238,93183732238,2,True,True,33d8b870333fd0bd3efdef2fd7add619dc680ac0899db13ac748f603764d37f5,False,,,False
\\sahale.biostr.washington.edu\data\Subjects\ZYE_0058\2022-02-02\2\widefield.tar,\\sahale.biostr.washington.edu\data\Subjects\ZYE_0058\2022-02-02\2\widefield.wfz,ZYE_0058/2022-02-02/2,SAFE,metadata checks pass,228953102848,228953102848,100870305165,100870305165,2,True,True,e82feb2e2675f9412a3f7b894997d36077fe208397cfd73e4e448431d339db61,False,,,False
\\sahale.biostr.washington.edu\data\Subjects\ZYE_0059\2022-03-14\1\widefield.tar,\\sahale.biostr.washington.edu\data\Subjects\ZYE_0059\2022-03-14\1\widefield.wfz,ZYE_0059/2022-03-14/1,SAFE,metadata checks pass,227937861120,227937861120,103445255389,103445255389,2,True,True,dbf885fcfbf6119c9c0aeda522568b52d71b03ea905c3abb7570eeea768809dd,False,,,False
\\sahale.biostr.washington.edu\data\Subjects\ZYE_0009\2020-08-18\1\widefield.tar,\\sahale.biostr.washington.edu\data\Subjects\ZYE_0009\2020-08-18\1\widefield.wfz,ZYE_0009/2020-08-18/1,SAFE,metadata checks pass,227348017152,227348017152,98950145976,98950145976,2,True,True,3db6e3328300eae3bfd461728067e3c25a323c9c6976b25c4988e04ed882803b,False,,,False
\\sahale.biostr.washington.edu\data\Subjects\AL_0033\2025-06-18\1\widefield.tar,\\sahale.biostr.washington.edu\data\Subjects\AL_0033\2025-06-18\1\widefield.wfz,AL_0033/2025-06-18/1,SAFE,metadata checks pass,227257566720,227257566720,83664534869,83664534869,2,True,True,81ee5bfbe3379c6857999a51bdedecf2396c4b083b7e2052246fbc984dc1259a,False,,,False
\\sahale.biostr.washington.edu\data\Subjects\ZYE_0058\2022-02-01\1\widefield.tar,\\sahale.biostr.washington.edu\data\Subjects\ZYE_0058\2022-02-01\1\widefield.wfz,ZYE_0058/2022-02-01/1,SAFE,metadata checks pass,227076949504,227076949504,102911300987,102911300987,2,True,True,3fa6ae091ab36f47372ba77349a50e4b09956c49f446a7ee397afd8451a3a9ec,False,,,False
\\sahale.biostr.washington.edu\data\Subjects\ZYE_0085\2024-07-25\3\widefield.tar,\\sahale.biostr.washington.edu\data\Subjects\ZYE_0085\2024-07-25\3\widefield.wfz,ZYE_0085/2024-07-25/3,SAFE,metadata checks pass,224438932992,224438932992,92703762386,92703762386,2,True,True,adf09c637f75ec412bf7eed86cde523468cd436390181f5b57e0528f1d56f7a3,False,,,False
\\sahale.biostr.washington.edu\data\Subjects\AB_0032\2024-08-14\1\widefield.tar,\\sahale.biostr.washington.edu\data\Subjects\AB_0032\2024-08-14\1\widefield.wfz,AB_0032/2024-08-14/1,SAFE,metadata checks pass,226635492864,226635492864,93748471303,93748471303,2,True,True,a8e777bef59ece23760a6d4fdb10daa3fd325d7e37acd75ff810c9463cc80f25,False,,,False
\\sahale.biostr.washington.edu\data\Subjects\ZYE_0009\2020-08-17\1\widefield.tar,\\sahale.biostr.washington.edu\data\Subjects\ZYE_0009\2020-08-17\1\widefield.wfz,ZYE_0009/2020-08-17/1,SAFE,metadata checks pass,225509617152,225509617152,98207070777,98207070777,2,True,True,c7d15786bca76dad137515ea3431ebf172f04e69fbf08904b484f659141a2c24,False,,,False
\\sahale.biostr.washington.edu\data\Subjects\AL_0046\2026-02-12\1\widefield.tar,\\sahale.biostr.washington.edu\data\Subjects\AL_0046\2026-02-12\1\widefield.wfz,AL_0046/2026-02-12/1,SAFE,metadata checks pass,220384378368,220384378368,79572518795,79572518795,2,True,True,c2e11b4e8b40e24a4ff849cb86d6f859375832062e4c1a3c32e151fae3ba898d,False,,,False
\\sahale.biostr.washington.edu\data\Subjects\AL_0039\2025-10-03\1\widefield.tar,\\sahale.biostr.washington.edu\data\Subjects\AL_0039\2025-10-03\1\widefield.wfz,AL_0039/2025-10-03/1,SAFE,metadata checks pass,218444748288,218444748288,73752810761,73752810761,2,True,True,7614877a28cee804a75316efd59a498cae9891ae8c23c8353be1b4f14994e516,False,,,False
\\sahale.biostr.washington.edu\data\Subjects\AL_0023\2023-08-30\1\widefield.tar,\\sahale.biostr.washington.edu\data\Subjects\AL_0023\2023-08-30\1\widefield.wfz,AL_0023/2023-08-30/1,SAFE,metadata checks pass,217932787200,217932787200,95222436473,95222436473,2,True,True,119c86df24a5530f4927342ade24963d23bd0d3c911d4d46a279980df792d4aa,False,,,False
\\sahale.biostr.washington.edu\data\Subjects\LK_0003\2021-04-06\1\widefield.tar,\\sahale.biostr.washington.edu\data\Subjects\LK_0003\2021-04-06\1\widefield.wfz,LK_0003/2021-04-06/1,SAFE,metadata checks pass,215487057408,215487057408,97114576223,97114576223,2,True,True,aec47e1a44907bc62233a89548deb9156e331c23e899322dafcdf1e794f32e71,False,,,False
\\sahale.biostr.washington.edu\data\Subjects\AL_0039\2025-05-13\1\widefield.tar,\\sahale.biostr.washington.edu\data\Subjects\AL_0039\2025-05-13\1\widefield.wfz,AL_0039/2025-05-13/1,SAFE,metadata checks pass,214527518208,214527518208,89498459839,89498459839,2,True,True,5752ad7ac814a2ed370735c6047f6e37a093c283a15d63372e7016fc914a48fe,False,,,False
\\sahale.biostr.washington.edu\data\Subjects\AL_0039\2025-05-12\1\widefield.tar,\\sahale.biostr.washington.edu\data\Subjects\AL_0039\2025-05-12\1\widefield.wfz,AL_0039/2025-05-12/1,SAFE,metadata checks pass,214480055808,214480055808,88906795786,88906795786,2,True,True,a3ecc5003b91e9b791d1e0b57504e9837700133d852289e7b32a24ad44ef2ac6,False,,,False
\\sahale.biostr.washington.edu\data\Subjects\AL_0039\2025-06-25\1\widefield.tar,\\sahale.biostr.washington.edu\data\Subjects\AL_0039\2025-06-25\1\widefield.wfz,AL_0039/2025-06-25/1,SAFE,metadata checks pass,213690281472,213690281472,85151734904,85151734904,2,True,True,1dd784e8ffe46e0edd9d81dac13af9ea2585e2113b778f0e02d246bd26c9b646,False,,,False
\\sahale.biostr.washington.edu\data\Subjects\AL_0033\2025-05-12\3\widefield.tar,\\sahale.biostr.washington.edu\data\Subjects\AL_0033\2025-05-12\3\widefield.wfz,AL_0033/2025-05-12/3,SAFE,metadata checks pass,213544730112,213544730112,85369271959,85369271959,2,True,True,e913a1774bc2e310e9c19829949ba9844f1cfa3a9f911eeed8ab8bb111490448,False,,,False
\\sahale.biostr.washington.edu\data\Subjects\ZYE_0009\2020-08-30\1\widefield.tar,\\sahale.biostr.washington.edu\data\Subjects\ZYE_0009\2020-08-30\1\widefield.wfz,ZYE_0009/2020-08-30/1,SAFE,metadata checks pass,213390884352,213390884352,91639712045,91639712045,2,True,True,7e6d59b23b6d3ccae2dca170881a2b09c18b93b2d3405cf981dca5a74978ced9,False,,,False
\\sahale.biostr.washington.edu\data\Subjects\AL_0033\2024-09-23\1\widefield.tar,\\sahale.biostr.washington.edu\data\Subjects\AL_0033\2024-09-23\1\widefield.wfz,AL_0033/2024-09-23/1,SAFE,metadata checks pass,212984040960,212984040960,90461735952,90461735952,2,True,True,03e95653b7779056418be014b32bdeef6c4e98afc510f2d3526e1ddcbf51b0f8,False,,,False
\\sahale.biostr.washington.edu\data\Subjects\AL_0039\2025-05-14\1\widefield.tar,\\sahale.biostr.washington.edu\data\Subjects\AL_0039\2025-05-14\1\widefield.wfz,AL_0039/2025-05-14/1,SAFE,metadata checks pass,212105670144,212105670144,91876625168,91876625168,2,True,True,853740116cdca92b7b09909e9ebc5a96fed290b8283265babe4ded146fea18c1,False,,,False
\\sahale.biostr.washington.edu\data\Subjects\AL_0033\2024-12-17\1\widefield.tar,\\sahale.biostr.washington.edu\data\Subjects\AL_0033\2024-12-17\1\widefield.wfz,AL_0033/2024-12-17/1,SAFE,metadata checks pass,212073395712,212073395712,91181826996,91181826996,2,True,True,334f4a569e12d992d833ed5fe4d35b3e1516c75f314514444b5eedf871c2461e,False,,,False
\\sahale.biostr.washington.edu\data\Subjects\ZYE_0085\2024-07-24\1\widefield.tar,\\sahale.biostr.washington.edu\data\Subjects\ZYE_0085\2024-07-24\1\widefield.wfz,ZYE_0085/2024-07-24/1,SAFE,metadata checks pass,212070231552,212070231552,87370529528,87370529528,2,True,True,8430509b51e8b7d6704dc508c140e3b0ddb0ff17a3e31bf43c2d8c74502707eb,False,,,False
\\sahale.biostr.washington.edu\data\Subjects\ZYE_0085\2024-07-29\7\widefield.tar,\\sahale.biostr.washington.edu\data\Subjects\ZYE_0085\2024-07-29\7\widefield.wfz,ZYE_0085/2024-07-29/7,SAFE,metadata checks pass,211481064960,211481064960,86460907985,86460907985,2,True,True,e5f12274811b6746195c93c719c9a8704ae87dc4ba93b0d0b7c53f05ee08806d,False,,,False
\\sahale.biostr.washington.edu\data\Subjects\AL_0033\2024-07-18\1\widefield.tar,\\sahale.biostr.washington.edu\data\Subjects\AL_0033\2024-07-18\1\widefield.wfz,AL_0033/2024-07-18/1,SAFE,metadata checks pass,210998214144,210998214144,87673388684,87673388684,2,True,True,698086c4283bf6ebec3963d2959c2ae2331167b417190595a53107fb8b9a0b52,False,,,False
\\sahale.biostr.washington.edu\data\Subjects\AB_0032\2024-05-02\1\widefield.tar,\\sahale.biostr.washington.edu\data\Subjects\AB_0032\2024-05-02\1\widefield.wfz,AB_0032/2024-05-02/1,SAFE,metadata checks pass,210604592640,210604592640,86255371309,86255371309,2,True,True,c18c1bb0f32049764c8207dd99f654398adb7a9e6c9441625e5f1862ad5629d9,False,,,False
\\sahale.biostr.washington.edu\data\Subjects\ZYE_0058\2022-01-29\1\widefield.tar,\\sahale.biostr.washington.edu\data\Subjects\ZYE_0058\2022-01-29\1\widefield.wfz,ZYE_0058/2022-01-29/1,SAFE,metadata checks pass,210177059328,210177059328,92549602124,92549602124,2,True,True,b36d5a07b0a921fa4873fd90d79cb52701c3bc01f9ebf23a885b9a62fc95d7de,False,,,False
\\sahale.biostr.washington.edu\data\Subjects\AL_0033\2024-11-21\1\widefield.tar,\\sahale.biostr.washington.edu\data\Subjects\AL_0033\2024-11-21\1\widefield.wfz,AL_0033/2024-11-21/1,SAFE,metadata checks pass,209657243136,209657243136,87683477207,87683477207,2,True,True,c7ea322aa410a0f1dbb53177eb91f08489e3b0182f7f95ba235a03d9781b34e0,False,,,False
\\sahale.biostr.washington.edu\data\Subjects\AL_0036\2025-01-08\1\widefield.tar,\\sahale.biostr.washington.edu\data\Subjects\AL_0036\2025-01-08\1\widefield.wfz,AL_0036/2025-01-08/1,SAFE,metadata checks pass,209834436096,209834436096,91890037894,91890037894,2,True,True,f53b9068fd3bb543f8ae28142c04bab72ed05c2ddedb0574cce47d8587e2c9d4,False,,,False
\\sahale.biostr.washington.edu\data\Subjects\AL_0039\2025-06-18\2\widefield.tar,\\sahale.biostr.washington.edu\data\Subjects\AL_0039\2025-06-18\2\widefield.wfz,AL_0039/2025-06-18/2,SAFE,metadata checks pass,209254761984,209254761984,80933265821,80933265821,2,True,True,b3abf83d6327f094d8087aa84af61487fc448e73e4c584abecf2d24ea833fef3,False,,,False
\\sahale.biostr.washington.edu\data\Subjects\AL_0039\2025-10-02\1\widefield.tar,\\sahale.biostr.washington.edu\data\Subjects\AL_0039\2025-10-02\1\widefield.wfz,AL_0039/2025-10-02/1,SAFE,metadata checks pass,269791471616,269791471616,102737582949,102737582949,2,True,True,a12fde88363eb7aa98d95c05383925196d44025cb060eb2c72867d306cfe93d1,False,,,False
\\sahale.biostr.washington.edu\data\Subjects\AL_0033\2024-08-09\1\widefield.tar,\\sahale.biostr.washington.edu\data\Subjects\AL_0033\2024-08-09\1\widefield.wfz,AL_0033/2024-08-09/1,SAFE,metadata checks pass,209076936192,209076936192,87305399347,87305399347,2,True,True,ea61803e1c3da65036d1c3950d4e558b8787d186c6eecd3501530e3874036b29,False,,,False
\\sahale.biostr.washington.edu\data\Subjects\ZYE_0049\2021-12-04\1\widefield.tar,\\sahale.biostr.washington.edu\data\Subjects\ZYE_0049\2021-12-04\1\widefield.wfz,ZYE_0049/2021-12-04/1,SAFE,metadata checks pass,208834561536,208834561536,96260009447,96260009447,2,True,True,d593261ca49db8f3c8d8cf6556d4fcf2adf5febaf83b0400ac7e8339d0305510,False,,,False
\\sahale.biostr.washington.edu\data\Subjects\AL_0033\2024-08-18\1\widefield.tar,\\sahale.biostr.washington.edu\data\Subjects\AL_0033\2024-08-18\1\widefield.wfz,AL_0033/2024-08-18/1,SAFE,metadata checks pass,207552443904,207552443904,84055864052,84055864052,2,True,True,9a5e9c3b8a3f6a05846d4e8db85530b2af7e3f2b2917d259cfe99a3be479f2c1,False,,,False
\\sahale.biostr.washington.edu\data\Subjects\ZYE_0049\2021-12-01\2\widefield.tar,\\sahale.biostr.washington.edu\data\Subjects\ZYE_0049\2021-12-01\2\widefield.wfz,ZYE_0049/2021-12-01/2,SAFE,metadata checks pass,207429674496,207429674496,92733745745,92733745745,2,True,True,2eb47c4f76d6863b86f58d20223321fa59d7cd2381fc92c43c316944bd314f89,False,,,False
\\sahale.biostr.washington.edu\data\Subjects\AB_0032\2024-07-29\1\widefield.tar,\\sahale.biostr.washington.edu\data\Subjects\AB_0032\2024-07-29\1\widefield.wfz,AB_0032/2024-07-29/1,SAFE,metadata checks pass,206220332544,206220332544,90634212367,90634212367,2,True,True,20083992434b3dbae7fdec3371db73c08e69d57b863817d7d3732966a8c5ac0d,False,,,False
\\sahale.biostr.washington.edu\data\Subjects\ZYE_0009\2020-08-15\1\widefield.tar,\\sahale.biostr.washington.edu\data\Subjects\ZYE_0009\2020-08-15\1\widefield.wfz,ZYE_0009/2020-08-15/1,SAFE,metadata checks pass,206335575552,206335575552,88654585848,88654585848,2,True,True,d79839f31a03b32cad4e025e501c93a92bd88fe72ed594133ecc5e100c3496a0,False,,,False
\\sahale.biostr.washington.edu\data\Subjects\AL_0033\2025-02-13\2\widefield.tar,\\sahale.biostr.washington.edu\data\Subjects\AL_0033\2025-02-13\2\widefield.wfz,AL_0033/2025-02-13/2,SAFE,metadata checks pass,205231695360,205231695360,85146418186,85146418186,2,True,True,074f32da76ab6d01f13cc20ff7724fd6a6d6582ecb215e272df1e4001d061ad2,False,,,False
\\sahale.biostr.washington.edu\data\Subjects\AL_0033\2025-04-03\1\widefield.tar,\\sahale.biostr.washington.edu\data\Subjects\AL_0033\2025-04-03\1\widefield.wfz,AL_0033/2025-04-03/1,SAFE,metadata checks pass,204944543232,204944543232,83070913477,83070913477,2,True,True,c007823e6656d306ee0d731d1080a81bebb88a8080ea39ebc583786952ee38f6,False,,,False
\\sahale.biostr.washington.edu\data\Subjects\AL_0039\2025-06-17\1\widefield.tar,\\sahale.biostr.washington.edu\data\Subjects\AL_0039\2025-06-17\1\widefield.wfz,AL_0039/2025-06-17/1,SAFE,metadata checks pass,204554085888,204554085888,81870200196,81870200196,2,True,True,0370a2241d3b34ab2ea9c1788f16209686c1eaccba717decb5ac3aeb88c89a96,False,,,False
\\sahale.biostr.washington.edu\data\Subjects\AL_0033\2024-09-09\1\widefield.tar,\\sahale.biostr.washington.edu\data\Subjects\AL_0033\2024-09-09\1\widefield.wfz,AL_0033/2024-09-09/1,SAFE,metadata checks pass,204374361600,204374361600,85010438628,85010438628,2,True,True,6ac7932bc924cca7931271523ed91d2a39b9b6e4fd6bc0e90d2172fe7f6d3740,False,,,False
\\sahale.biostr.washington.edu\data\Subjects\AL_0033\2025-01-18\1\widefield.tar,\\sahale.biostr.washington.edu\data\Subjects\AL_0033\2025-01-18\1\widefield.wfz,AL_0033/2025-01-18/1,SAFE,metadata checks pass,203782308352,203782308352,73954012380,73954012380,2,True,True,c159c43a41b5fa11085509333c97de69a6bbb08ec866cdfbf3a2eb09a9da9318,False,,,False
\\sahale.biostr.washington.edu\data\Subjects\ZYE_0041\2021-09-02\2\widefield.tar,\\sahale.biostr.washington.edu\data\Subjects\ZYE_0041\2021-09-02\2\widefield.wfz,ZYE_0041/2021-09-02/2,SAFE,metadata checks pass,203848478208,203848478208,87971194094,87971194094,2,True,True,829d95b49200bcdd6250c48e48d0ce2681c1ab57860450e7d22a70b69c7b7bc3,False,,,False
\\sahale.biostr.washington.edu\data\Subjects\AL_0033\2024-07-19\1\widefield.tar,\\sahale.biostr.washington.edu\data\Subjects\AL_0033\2024-07-19\1\widefield.wfz,AL_0033/2024-07-19/1,SAFE,metadata checks pass,202618885632,202618885632,83326587452,83326587452,2,True,True,89604a50de1b966ed32e3c6f90782cf1cc5545274ca7d6a828ec45e963478dd9,False,,,False
\\sahale.biostr.washington.edu\data\Subjects\AL_0039\2025-07-03\1\widefield.tar,\\sahale.biostr.washington.edu\data\Subjects\AL_0039\2025-07-03\1\widefield.wfz,AL_0039/2025-07-03/1,SAFE,metadata checks pass,201724061184,201724061184,79419635591,79419635591,2,True,True,b8aa57002b56f4327d1be721a47a1e60c6bcf8236680c460f094f99933c53adf,False,,,False
\\sahale.biostr.washington.edu\data\Subjects\ZYE_0057\2022-01-30\1\widefield.tar,\\sahale.biostr.washington.edu\data\Subjects\ZYE_0057\2022-01-30\1\widefield.wfz,ZYE_0057/2022-01-30/1,SAFE,metadata checks pass,201648759808,201648759808,88635708134,88635708134,2,True,True,659ea661f7051dc0477b53ae687b6d68ccfb4aca86a2b62862c670b9bd1c5452,False,,,False
\\sahale.biostr.washington.edu\data\Subjects\AL_0033\2024-06-22\1\widefield.tar,\\sahale.biostr.washington.edu\data\Subjects\AL_0033\2024-06-22\1\widefield.wfz,AL_0033/2024-06-22/1,SAFE,metadata checks pass,199984406016,199984406016,81558255681,81558255681,2,True,True,d20739ffa73a577e1914e0d23de537ebb252659a20ba7a221cb933496fd63fcb,False,,,False
\\sahale.biostr.washington.edu\data\Subjects\AL_0034\2024-08-13\1\widefield.tar,\\sahale.biostr.washington.edu\data\Subjects\AL_0034\2024-08-13\1\widefield.wfz,AL_0034/2024-08-13/1,SAFE,metadata checks pass,200368535040,200368535040,85792040615,85792040615,2,True,True,f29ca1b5f780327bee4b7411268976b1e6ff8e791f74fc4d825a0d9e33a15dbd,False,,,False
\\sahale.biostr.washington.edu\data\Subjects\AL_0033\2025-05-10\1\widefield.tar,\\sahale.biostr.washington.edu\data\Subjects\AL_0033\2025-05-10\1\widefield.wfz,AL_0033/2025-05-10/1,SAFE,metadata checks pass,199644575232,199644575232,79389318430,79389318430,2,True,True,cdec23c8faf6eac91f9a751319db3e37493587e31def8c061d3a4019b809d39c,False,,,False
\\sahale.biostr.washington.edu\data\Subjects\AL_0033\2024-08-26\1\widefield.tar,\\sahale.biostr.washington.edu\data\Subjects\AL_0033\2024-08-26\1\widefield.wfz,AL_0033/2024-08-26/1,SAFE,metadata checks pass,199056041472,199056041472,81056923136,81056923136,2,True,True,adcddfea86e240986259bef80fa6b8ab4deb42bc8acb24c2b2803af3a9351984,False,,,False
\\sahale.biostr.washington.edu\data\Subjects\ZYE_0059\2022-03-09\1\widefield.tar,\\sahale.biostr.washington.edu\data\Subjects\ZYE_0059\2022-03-09\1\widefield.wfz,ZYE_0059/2022-03-09/1,SAFE,metadata checks pass,199512313344,199512313344,90813498833,90813498833,2,True,True,75f118e881a82f32eb380e8cc9a9e47d3941807beb0cb2dfd7bc59a9332f2d64,False,,,False
\\sahale.biostr.washington.edu\data\Subjects\AL_0032\2024-04-19\1\widefield.tar,\\sahale.biostr.washington.edu\data\Subjects\AL_0032\2024-04-19\1\widefield.wfz,AL_0032/2024-04-19/1,SAFE,metadata checks pass,197884669440,197884669440,80129584131,80129584131,2,True,True,8dcbfffd1686ae41339328a4dd289e42ce94542c95ebbe2ed9ffddfcbc9e54e5,False,,,False
\\sahale.biostr.washington.edu\data\Subjects\AL_0034\2024-08-27\1\widefield.tar,\\sahale.biostr.washington.edu\data\Subjects\AL_0034\2024-08-27\1\widefield.wfz,AL_0034/2024-08-27/1,SAFE,metadata checks pass,197432194560,197432194560,82285347753,82285347753,2,True,True,e70b94e4e11d6122a0d6a0de54ec96a33b279aaaac7286db1b01feedbe6e9ba1,False,,,False
\\sahale.biostr.washington.edu\data\Subjects\AL_0033\2024-08-23\1\widefield.tar,\\sahale.biostr.washington.edu\data\Subjects\AL_0033\2024-08-23\1\widefield.wfz,AL_0033/2024-08-23/1,SAFE,metadata checks pass,197001868800,197001868800,79578314527,79578314527,2,True,True,a0f76ec3a5ab085ea857af7345be728cd054deaae8dc421b57b884a765d4fe51,False,,,False
\\sahale.biostr.washington.edu\data\Subjects\AL_0034\2024-09-03\1\widefield.tar,\\sahale.biostr.washington.edu\data\Subjects\AL_0034\2024-09-03\1\widefield.wfz,AL_0034/2024-09-03/1,SAFE,metadata checks pass,195762150912,195762150912,84674361220,84674361220,2,True,True,fb2de51b99d768243a12aed99b92fb8eaa2ccc47e7c40eb0eec9f3d098412b67,False,,,False
\\sahale.biostr.washington.edu\data\Subjects\ZYE_0046\2021-11-24\1\widefield.tar,\\sahale.biostr.washington.edu\data\Subjects\ZYE_0046\2021-11-24\1\widefield.wfz,ZYE_0046/2021-11-24/1,SAFE,metadata checks pass,196947445248,196947445248,88251027950,88251027950,2,True,True,264699f347014efb0cec756e3956e6d2f3f0d77b6e6ac2f396c94fe457e61f3d,False,,,False
\\sahale.biostr.washington.edu\data\Subjects\AL_0048\2026-07-15\1\widefield.tar,\\sahale.biostr.washington.edu\data\Subjects\AL_0048\2026-07-15\1\widefield.wfz,AL_0048/2026-07-15/1,SAFE,metadata checks pass,195134381568,195134381568,74082381893,74082381893,2,True,True,dc4ed9926f1a6635167654c41d405c70bb00af0dc2586c7204eb2acbddf34882,False,,,False
\\sahale.biostr.washington.edu\data\Subjects\AL_0033\2024-09-16\1\widefield.tar,\\sahale.biostr.washington.edu\data\Subjects\AL_0033\2024-09-16\1\widefield.wfz,AL_0033/2024-09-16/1,SAFE,metadata checks pass,194669250048,194669250048,81341106681,81341106681,2,True,True,f03fea578cf2bda0475ec86fffbe2a839e7ef083952fbf9ad438425d442fabcd,False,,,False
\\sahale.biostr.washington.edu\data\Subjects\AB_0032\2024-04-30\1\widefield.tar,\\sahale.biostr.washington.edu\data\Subjects\AB_0032\2024-04-30\1\widefield.wfz,AB_0032/2024-04-30/1,SAFE,metadata checks pass,194390171136,194390171136,83289731594,83289731594,2,True,True,3d070c5e35a96fae465168b8c3d26262328da232f019b9eb6357b26a8a9a60bd,False,,,False
\\sahale.biostr.washington.edu\data\Subjects\ZYE_0067\2022-10-26\3\widefield.tar,\\sahale.biostr.washington.edu\data\Subjects\ZYE_0067\2022-10-26\3\widefield.wfz,ZYE_0067/2022-10-26/3,SAFE,metadata checks pass,194292082176,194292082176,88181171294,88181171294,2,True,True,0b83bbbfb7023cdadf2e7cf77d5183ca4fefce2401a2fd0a44715b890ae111d5,False,,,False
\\sahale.biostr.washington.edu\data\Subjects\ZYE_0091\2024-07-13\1\widefield.tar,\\sahale.biostr.washington.edu\data\Subjects\ZYE_0091\2024-07-13\1\widefield.wfz,ZYE_0091/2024-07-13/1,SAFE,metadata checks pass,193675070976,193675070976,77156586633,77156586633,2,True,True,c350efc3f86d64b349108037b279234f99f768bf8bdc51810fd8185ca4c85649,False,,,False
\\sahale.biostr.washington.edu\data\Subjects\AB_0032\2024-08-13\2\widefield.tar,\\sahale.biostr.washington.edu\data\Subjects\AB_0032\2024-08-13\2\widefield.wfz,AB_0032/2024-08-13/2,SAFE,metadata checks pass,193300434432,193300434432,80549036669,80549036669,2,True,True,f491a49dcf9e9ef2b07c3f2bf52668366aaed9ebf3c52f034bac08c724146b7d,False,,,False
\\sahale.biostr.washington.edu\data\Subjects\AL_0039\2025-06-26\1\widefield.tar,\\sahale.biostr.washington.edu\data\Subjects\AL_0039\2025-06-26\1\widefield.wfz,AL_0039/2025-06-26/1,SAFE,metadata checks pass,193028316672,193028316672,74665774902,74665774902,2,True,True,42ea19cd4917aa78c49319af5c0c493e5cd59c6f70111ea57cd3809252ac1e89,False,,,False
\\sahale.biostr.washington.edu\data\Subjects\ZYE_0048\2021-12-07\1\widefield.tar,\\sahale.biostr.washington.edu\data\Subjects\ZYE_0048\2021-12-07\1\widefield.wfz,ZYE_0048/2021-12-07/1,SAFE,metadata checks pass,193068185088,193068185088,84262103754,84262103754,2,True,True,faf4041ba9764faa6fbfdaad8e8145232a80b3a454cbae17a60db7a3d34c57a3,False,,,False
\\sahale.biostr.washington.edu\data\Subjects\AB_0032\2024-06-27\1\widefield.tar,\\sahale.biostr.washington.edu\data\Subjects\AB_0032\2024-06-27\1\widefield.wfz,AB_0032/2024-06-27/1,SAFE,metadata checks pass,193293473280,193293473280,85011481838,85011481838,2,True,True,f68fe63f63a608266c2930ab6cab530eb78a7220212605bafc888da54dfc0158,False,,,False
\\sahale.biostr.washington.edu\data\Subjects\ZYE_0057\2022-01-29\1\widefield.tar,\\sahale.biostr.washington.edu\data\Subjects\ZYE_0057\2022-01-29\1\widefield.wfz,ZYE_0057/2022-01-29/1,SAFE,metadata checks pass,192777296896,192777296896,85772236511,85772236511,2,True,True,3609368de1b8a13c77d04167084bfda215817a60806103ccfe721c3b1d804430,False,,,False
\\sahale.biostr.washington.edu\data\Subjects\AB_0026\2024-03-13\1\widefield.tar,\\sahale.biostr.washington.edu\data\Subjects\AB_0026\2024-03-13\1\widefield.wfz,AB_0026/2024-03-13/1,SAFE,metadata checks pass,192130960896,192130960896,83683699319,83683699319,2,True,True,11774be17106480aac6eedd3ebc36707b18d10a873c8c0ac6faf71a513b96564,False,,,False
\\sahale.biostr.washington.edu\data\Subjects\AB_0032\2024-03-13\1\widefield.tar,\\sahale.biostr.washington.edu\data\Subjects\AB_0032\2024-03-13\1\widefield.wfz,AB_0032/2024-03-13/1,SAFE,metadata checks pass,192130960896,192130960896,83683699319,83683699319,2,True,True,11774be17106480aac6eedd3ebc36707b18d10a873c8c0ac6faf71a513b96564,False,,,False
\\sahale.biostr.washington.edu\data\Subjects\AL_0033\2024-08-24\1\widefield.tar,\\sahale.biostr.washington.edu\data\Subjects\AL_0033\2024-08-24\1\widefield.wfz,AL_0033/2024-08-24/1,SAFE,metadata checks pass,191799356928,191799356928,75640273544,75640273544,2,True,True,75352f19dd259d3274bc1e733e1d69c831eb024647f1006528b05546ce59dd5a,False,,,False
\\sahale.biostr.washington.edu\data\Subjects\AL_0039\2025-05-25\1\widefield.tar,\\sahale.biostr.washington.edu\data\Subjects\AL_0039\2025-05-25\1\widefield.wfz,AL_0039/2025-05-25/1,SAFE,metadata checks pass,190845679104,190845679104,79243746762,79243746762,2,True,True,c3ddb6ddd5d9c3989f196f04a25acc22658c85a0ee9aab36d6e2cbf3e15ff692,False,,,False
\\sahale.biostr.washington.edu\data\Subjects\ZYE_0009\2020-08-16\1\widefield.tar,\\sahale.biostr.washington.edu\data\Subjects\ZYE_0009\2020-08-16\1\widefield.wfz,ZYE_0009/2020-08-16/1,SAFE,metadata checks pass,189509332992,189509332992,83117802873,83117802873,2,True,True,7a6a93dae223cfe893f492e4d169ef5b8d72e5b9b9cc79942abbad396978aa8c,False,,,False
\\sahale.biostr.washington.edu\data\Subjects\AL_0032\2024-05-15\1\widefield.tar,\\sahale.biostr.washington.edu\data\Subjects\AL_0032\2024-05-15\1\widefield.wfz,AL_0032/2024-05-15/1,SAFE,metadata checks pass,189282584064,189282584064,77942716370,77942716370,2,True,True,97009dc457f5e570d2e02553a5026e32a70ae2f5dbdc685dd3fdcb943ed78226,False,,,False
\\sahale.biostr.washington.edu\data\Subjects\AL_0033\2025-02-24\2\widefield.tar,\\sahale.biostr.washington.edu\data\Subjects\AL_0033\2025-02-24\2\widefield.wfz,AL_0033/2025-02-24/2,SAFE,metadata checks pass,188462369280,188462369280,75587614645,75587614645,2,True,True,24c3dabdeadb4e260d9419c10ebbfdcfda3e70e07b850e76761baff7057381c1,False,,,False
\\sahale.biostr.washington.edu\data\Subjects\AL_0035\2025-04-27\1\widefield.tar,\\sahale.biostr.washington.edu\data\Subjects\AL_0035\2025-04-27\1\widefield.wfz,AL_0035/2025-04-27/1,SAFE,metadata checks pass,189171838464,189171838464,79917312819,79917312819,2,True,True,608c92cfbfec8b70e177fafdcf2240739e12f241efff16c248b7c0f7ab44ca39,False,,,False
\\sahale.biostr.washington.edu\data\Subjects\AL_0048\2026-07-21\1\widefield.tar,\\sahale.biostr.washington.edu\data\Subjects\AL_0048\2026-07-21\1\widefield.wfz,AL_0048/2026-07-21/1,SAFE,metadata checks pass,188313601536,188313601536,73531455035,73531455035,2,True,True,c52b9b1490bc6f9390032ae398b3adf7140e74a2ba0157188802edddab63f825,False,,,False
\\sahale.biostr.washington.edu\data\Subjects\AL_0033\2025-02-12\2\widefield.tar,\\sahale.biostr.washington.edu\data\Subjects\AL_0033\2025-02-12\2\widefield.wfz,AL_0033/2025-02-12/2,SAFE,metadata checks pass,187632534016,187632534016,75230804757,75230804757,2,True,True,6a0bdfdfc96ab7f1372497e2776e910155d5c54ffa3543456f2f4c1ae55282c8,False,,,False
\\sahale.biostr.washington.edu\data\Subjects\AL_0035\2025-01-19\1\widefield.tar,\\sahale.biostr.washington.edu\data\Subjects\AL_0035\2025-01-19\1\widefield.wfz,AL_0035/2025-01-19/1,SAFE,metadata checks pass,187434714624,187434714624,83901202143,83901202143,2,True,True,8e0cf3a9d67159893bb7aafcd0e6c5a07897cb6d8ccbcbbe80b50a4d3ff40fc0,False,,,False
\\sahale.biostr.washington.edu\data\Subjects\ZYE_0085\2024-07-14\2\widefield.tar,\\sahale.biostr.washington.edu\data\Subjects\ZYE_0085\2024-07-14\2\widefield.wfz,ZYE_0085/2024-07-14/2,SAFE,metadata checks pass,186924019200,186924019200,77677631805,77677631805,2,True,True,62109d31b47514ad11c349bdb94a982579dccf6c4e9ada6f277603eee292e1ca,False,,,False
\\sahale.biostr.washington.edu\data\Subjects\FD_004\2025-11-17\1\widefield.tar,\\sahale.biostr.washington.edu\data\Subjects\FD_004\2025-11-17\1\widefield.wfz,FD_004/2025-11-17/1,SAFE,metadata checks pass,121018368000,121018368000,43964377439,43964377439,2,True,True,00b9791bbe780ea7bdf83ae1129539c1e40bb30700f056311c39b012bea82c20,False,,,False
\\sahale.biostr.washington.edu\data\Subjects\ZYE_0052\2021-12-20\1\widefield.tar,\\sahale.biostr.washington.edu\data\Subjects\ZYE_0052\2021-12-20\1\widefield.wfz,ZYE_0052/2021-12-20/1,SAFE,metadata checks pass,186831625728,186831625728,83527645002,83527645002,2,True,True,5d765608b6b7daace7072bc09d3d1e1314fd40cece4a86c191decf4d54e15dcd,False,,,False
\\sahale.biostr.washington.edu\data\Subjects\ZYE_0058\2022-03-11\1\widefield.tar,\\sahale.biostr.washington.edu\data\Subjects\ZYE_0058\2022-03-11\1\widefield.wfz,ZYE_0058/2022-03-11/1,SAFE,metadata checks pass,186659495424,186659495424,85039488951,85039488951,2,True,True,e5e82d74907a1268edfa591754ee7833f30c12742420d4b95307aaff941f9631,False,,,False
\\sahale.biostr.washington.edu\data\Subjects\AB_0032\2024-03-14\1\widefield.tar,\\sahale.biostr.washington.edu\data\Subjects\AB_0032\2024-03-14\1\widefield.wfz,AB_0032/2024-03-14/1,SAFE,metadata checks pass,185266632192,185266632192,80405867355,80405867355,2,True,True,3bc2f5d3033cb0e68cf5d9347a86e65e9fee512e36a7d9e87c6f9e6c194300e7,False,,,False
\\sahale.biostr.washington.edu\data\Subjects\AL_0032\2024-06-12\1\widefield.tar,\\sahale.biostr.washington.edu\data\Subjects\AL_0032\2024-06-12\1\widefield.wfz,AL_0032/2024-06-12/1,SAFE,metadata checks pass,184983123456,184983123456,74990806433,74990806433,2,True,True,d20a403af9a7226957e8b565567e4460d07175f138a8cd505618da6650c9923e,False,,,False
\\sahale.biostr.washington.edu\data\Subjects\AL_0034\2024-07-25\1\widefield.tar,\\sahale.biostr.washington.edu\data\Subjects\AL_0034\2024-07-25\1\widefield.wfz,AL_0034/2024-07-25/1,SAFE,metadata checks pass,185006538240,185006538240,78799730822,78799730822,2,True,True,64b270095728aed375d7708faa0b6c8bc5970f490ceb9cb16bc065e48c77f3b6,False,,,False
\\sahale.biostr.washington.edu\data\Subjects\AL_0039\2025-07-01\1\widefield.tar,\\sahale.biostr.washington.edu\data\Subjects\AL_0039\2025-07-01\1\widefield.wfz,AL_0039/2025-07-01/1,SAFE,metadata checks pass,184528117248,184528117248,72640159655,72640159655,2,True,True,4e5dea4e20240472917ef92f1700ac174efa22413b1306b10695e9c192001840,False,,,False
\\sahale.biostr.washington.edu\data\Subjects\AL_0039\2025-05-11\1\widefield.tar,\\sahale.biostr.washington.edu\data\Subjects\AL_0039\2025-05-11\1\widefield.wfz,AL_0039/2025-05-11/1,SAFE,metadata checks pass,184369909248,184369909248,80389751653,80389751653,2,True,True,22e5b0ef5bcd8d924419084374e1ad71bf2c27ab480bb400374c0ac6390375fc,False,,,False
\\sahale.biostr.washington.edu\data\Subjects\AB_0032\2024-04-25\1\widefield.tar,\\sahale.biostr.washington.edu\data\Subjects\AB_0032\2024-04-25\1\widefield.wfz,AB_0032/2024-04-25/1,SAFE,metadata checks pass,184153480704,184153480704,77410504675,77410504675,2,True,True,655d2b4d115a1d92ca2725661a7f63b89083469302a9710abbc087745b0eb7d2,False,,,False
\\sahale.biostr.washington.edu\data\Subjects\ZYE_0059\2022-03-16\1\widefield.tar,\\sahale.biostr.washington.edu\data\Subjects\ZYE_0059\2022-03-16\1\widefield.wfz,ZYE_0059/2022-03-16/1,SAFE,metadata checks pass,184138292736,184138292736,81966409414,81966409414,2,True,True,16fc41ad21ef7a86388ccb0a250204d7aa0990fb442b4a4cd53021278e83c35a,False,,,False
\\sahale.biostr.washington.edu\data\Subjects\ZYE_0045\2021-09-22\1\widefield.tar,\\sahale.biostr.washington.edu\data\Subjects\ZYE_0045\2021-09-22\1\widefield.wfz,ZYE_0045/2021-09-22/1,SAFE,metadata checks pass,184080072192,184080072192,80691064604,80691064604,2,True,True,13e9901df706b432f32902cee669b2f13f479a8e60baa6314e569757ce79082e,False,,,False
\\sahale.biostr.washington.edu\data\Subjects\AL_0033\2024-07-09\1\widefield.tar,\\sahale.biostr.washington.edu\data\Subjects\AL_0033\2024-07-09\1\widefield.wfz,AL_0033/2024-07-09/1,SAFE,metadata checks pass,183598487040,183598487040,75977832896,75977832896,2,True,True,93550c5e29b21c093d8db6dd479010a3db4e39aa21123f9cae88dadcc0c705fa,False,,,False
\\sahale.biostr.washington.edu\data\Subjects\AL_0038\2025-02-18\1\widefield.tar,\\sahale.biostr.washington.edu\data\Subjects\AL_0038\2025-02-18\1\widefield.wfz,AL_0038/2025-02-18/1,SAFE,metadata checks pass,183488374272,183488374272,69272315337,69272315337,2,True,True,b6fbc1e2e04656c0b946ce85ec3c27986973cdd1e595180812b708ad6e15fc86,False,,,False
\\sahale.biostr.washington.edu\data\Subjects\AB_0032\2024-04-15\1\widefield.tar,\\sahale.biostr.washington.edu\data\Subjects\AB_0032\2024-04-15\1\widefield.wfz,AB_0032/2024-04-15/1,SAFE,metadata checks pass,183547860480,183547860480,72994129787,72994129787,2,True,True,2225b79b2f7c3375952d43e9f80140016d1312a1d19cc8810f202c8e47a00f1f,False,,,False
\\sahale.biostr.washington.edu\data\Subjects\ZYE_0098\2025-07-26\1\widefield.tar,\\sahale.biostr.washington.edu\data\Subjects\ZYE_0098\2025-07-26\1\widefield.wfz,ZYE_0098/2025-07-26/1,SAFE,metadata checks pass,182918825472,182918825472,67212590763,67212590763,2,True,True,049c99dd3dc3e71c6f1e08a8c0ae6e52bc99df88865fa42ef616f525d4110875,False,,,False
\\sahale.biostr.washington.edu\data\Subjects\AL_0039\2025-07-05\2\widefield.tar,\\sahale.biostr.washington.edu\data\Subjects\AL_0039\2025-07-05\2\widefield.wfz,AL_0039/2025-07-05/2,SAFE,metadata checks pass,182746695168,182746695168,71769598696,71769598696,2,True,True,6d46610a6afc536cc2059be899b893b3c18c02728ac2cf06f6e48f3ae9497388,False,,,False
\\sahale.biostr.washington.edu\data\Subjects\AB_0004\2021-03-30\1\widefield.tar,\\sahale.biostr.washington.edu\data\Subjects\AB_0004\2021-03-30\1\widefield.wfz,AB_0004/2021-03-30/1,SAFE,metadata checks pass,182436115968,182436115968,85185484475,85185484475,2,True,True,a791b71bc604fef7d711d7c1bf1170ab4a83f0332c5bf942bd09bbb2f40a5aa4,False,,,False
\\sahale.biostr.washington.edu\data\Subjects\AL_0035\2025-04-25\1\widefield.tar,\\sahale.biostr.washington.edu\data\Subjects\AL_0035\2025-04-25\1\widefield.wfz,AL_0035/2025-04-25/1,SAFE,metadata checks pass,181512672768,181512672768,74055122711,74055122711,2,True,True,b9309d306452c2b690eae07f1766b5a6f5f487bf5b845af24b4731f8bda6cdd3,False,,,False
\\sahale.biostr.washington.edu\data\Subjects\AL_0035\2025-04-25\2\widefield.tar,\\sahale.biostr.washington.edu\data\Subjects\AL_0035\2025-04-25\2\widefield.wfz,AL_0035/2025-04-25/2,SAFE,metadata checks pass,181512672768,181512672768,74055122711,74055122711,2,True,True,b9309d306452c2b690eae07f1766b5a6f5f487bf5b845af24b4731f8bda6cdd3,False,,,False
\\sahale.biostr.washington.edu\data\Subjects\AL_0033\2025-06-24\1\widefield.tar,\\sahale.biostr.washington.edu\data\Subjects\AL_0033\2025-06-24\1\widefield.wfz,AL_0033/2025-06-24/1,SAFE,metadata checks pass,180910849536,180910849536,70830783483,70830783483,2,True,True,0da42e464ad89e0c9140804a681c244905a48b522a5fbaeb0575a7179cd92b8a,False,,,False
\\sahale.biostr.washington.edu\data\Subjects\AB_0032\2024-06-21\1\widefield.tar,\\sahale.biostr.washington.edu\data\Subjects\AB_0032\2024-06-21\1\widefield.wfz,AB_0032/2024-06-21/1,SAFE,metadata checks pass,180702647808,180702647808,77986009498,77986009498,2,True,True,2cd9ddb2751e6c75cbdfacda5d3a0793f9a8deb17f57e34924fba75cedc125ca,False,,,False
\\sahale.biostr.washington.edu\data\Subjects\ZYE_0062\2022-03-29\1\widefield.tar,\\sahale.biostr.washington.edu\data\Subjects\ZYE_0062\2022-03-29\1\widefield.wfz,ZYE_0062/2022-03-29/1,SAFE,metadata checks pass,180225492480,180225492480,79653686578,79653686578,2,True,True,dd579bde3d548310998ea7eff6ca311bcd11d460f9b35e8bb3f66650358799bf,False,,,False
\\sahale.biostr.washington.edu\data\Subjects\AL_0035\2024-08-14\1\widefield.tar,\\sahale.biostr.washington.edu\data\Subjects\AL_0035\2024-08-14\1\widefield.wfz,AL_0035/2024-08-14/1,SAFE,metadata checks pass,179614176768,179614176768,75687580453,75687580453,2,True,True,5836b3bdcec19a0e66f9c03cf9c1087ea284dba8472b1afd5d5fa111e19250d4,False,,,False
\\sahale.biostr.washington.edu\data\Subjects\ZYE_0091\2024-07-11\1\widefield.tar,\\sahale.biostr.washington.edu\data\Subjects\ZYE_0091\2024-07-11\1\widefield.wfz,ZYE_0091/2024-07-11/1,SAFE,metadata checks pass,179339527680,179339527680,72377416755,72377416755,2,True,True,08c27eefbff37456b9f18349ae1727f9aa77e20820bfab9473b4ceda10f9f286,False,,,False
\\sahale.biostr.washington.edu\data\Subjects\AL_0039\2025-07-02\1\widefield.tar,\\sahale.biostr.washington.edu\data\Subjects\AL_0039\2025-07-02\1\widefield.wfz,AL_0039/2025-07-02/1,SAFE,metadata checks pass,178862372352,178862372352,70472290794,70472290794,2,True,True,1d4f9d182b7051d69d3b99b1b633d9e9eea19dc968335889a055a237deb6ecab,False,,,False
\\sahale.biostr.washington.edu\data\Subjects\FD_004\2025-11-14\4\widefield.tar,\\sahale.biostr.washington.edu\data\Subjects\FD_004\2025-11-14\4\widefield.wfz,FD_004/2025-11-14/4,SAFE,metadata checks pass,115457669120,115457669120,42165363056,42165363056,2,True,True,c45a361c5f1b0d03eee0caf12759d8244e5fb783b70f0be43da052a422e98702,False,,,False
\\sahale.biostr.washington.edu\data\Subjects\ZYE_0049\2021-12-02\1\widefield.tar,\\sahale.biostr.washington.edu\data\Subjects\ZYE_0049\2021-12-02\1\widefield.wfz,ZYE_0049/2021-12-02/1,SAFE,metadata checks pass,178629490176,178629490176,79520568350,79520568350,2,True,True,64a5d6e73cd168ab95ea45deec2bb38790a438ae6a6f3337b06aa92f041d3565,False,,,False
\\sahale.biostr.washington.edu\data\Subjects\ZYE_0090\2024-08-12\1\widefield.tar,\\sahale.biostr.washington.edu\data\Subjects\ZYE_0090\2024-08-12\1\widefield.wfz,ZYE_0090/2024-08-12/1,SAFE,metadata checks pass,178513681920,178513681920,72312861447,72312861447,2,True,True,56d66c596fa35e72c3702596750e4a82e18f252dfad4d9cc6c83d7eb9fec28b4,False,,,False
\\sahale.biostr.washington.edu\data\Subjects\AL_0034\2024-09-19\2\widefield.tar,\\sahale.biostr.washington.edu\data\Subjects\AL_0034\2024-09-19\2\widefield.wfz,AL_0034/2024-09-19/2,SAFE,metadata checks pass,177902366208,177902366208,75069958172,75069958172,2,True,True,e3d71feb0defe3ed7236061e60e7d53947332383813df59be87a101f78b4f207,False,,,False
\\sahale.biostr.washington.edu\data\Subjects\AL_0033\2025-03-05\1\widefield.tar,\\sahale.biostr.washington.edu\data\Subjects\AL_0033\2025-03-05\1\widefield.wfz,AL_0033/2025-03-05/1,SAFE,metadata checks pass,176954525184,176954525184,74619219130,74619219130,2,True,True,f52a09a9f5e401f4e0b6453329a4c24015c30ef1cc05e76ed50280bddc8aff77,False,,,False
\\sahale.biostr.washington.edu\data\Subjects\AL_0033\2024-08-30\2\widefield.tar,\\sahale.biostr.washington.edu\data\Subjects\AL_0033\2024-08-30\2\widefield.wfz,AL_0033/2024-08-30/2,SAFE,metadata checks pass,177894139392,177894139392,72453869885,72453869885,2,True,True,c4203b567d3f516ed9e6287629a765f75687649ecd08d9f74abc4c790f56e691,False,,,False
\\sahale.biostr.washington.edu\data\Subjects\ZYE_0085\2024-07-11\1\widefield.tar,\\sahale.biostr.washington.edu\data\Subjects\ZYE_0085\2024-07-11\1\widefield.wfz,ZYE_0085/2024-07-11/1,SAFE,metadata checks pass,176584809984,176584809984,73161418469,73161418469,2,True,True,3f25b93a8ef328e1a202a1df2b1cd947df375dc72052d16ac58c6026ef07cd8f,False,,,False
\\sahale.biostr.washington.edu\data\Subjects\AL_0039\2025-06-27\1\widefield.tar,\\sahale.biostr.washington.edu\data\Subjects\AL_0039\2025-06-27\1\widefield.wfz,AL_0039/2025-06-27/1,SAFE,metadata checks pass,176272823808,176272823808,68429933719,68429933719,2,True,True,38a85e3b2d962bd2158c73ce16a2e773497af66fee90b5a9ad3271bfcf6ff336,False,,,False
\\sahale.biostr.washington.edu\data\Subjects\AL_0036\2024-12-19\1\widefield.tar,\\sahale.biostr.washington.edu\data\Subjects\AL_0036\2024-12-19\1\widefield.wfz,AL_0036/2024-12-19/1,SAFE,metadata checks pass,175982353920,175982353920,77009653161,77009653161,2,True,True,71cd7d74fb469815a47a39cefd2f2d6a24fd23cb237755a1ed4b5726b6b5a49e,False,,,False
\\sahale.biostr.washington.edu\data\Subjects\AL_0033\2024-07-26\1\widefield.tar,\\sahale.biostr.washington.edu\data\Subjects\AL_0033\2024-07-26\1\widefield.wfz,AL_0033/2024-07-26/1,SAFE,metadata checks pass,175910843904,175910843904,71877214874,71877214874,2,True,True,ada72602b01eb48842bf925865e80091a22e7337454d4f146c87399e4c06362a,False,,,False
\\sahale.biostr.washington.edu\data\Subjects\AL_0034\2024-08-20\1\widefield.tar,\\sahale.biostr.washington.edu\data\Subjects\AL_0034\2024-08-20\1\widefield.wfz,AL_0034/2024-08-20/1,SAFE,metadata checks pass,175636827648,175636827648,76461902411,76461902411,2,True,True,54fad66720de6320bcb170415f354ef5121252ecf6e1d8c7b85270758ad07b81,False,,,False
\\sahale.biostr.washington.edu\data\Subjects\ZYE_0089\2024-07-09\1\widefield.tar,\\sahale.biostr.washington.edu\data\Subjects\ZYE_0089\2024-07-09\1\widefield.wfz,ZYE_0089/2024-07-09/1,SAFE,metadata checks pass,175616577024,175616577024,70658157871,70658157871,2,True,True,0077ed6f60d3815648322ee02b2515016fc0a34b481d0ea596e58e5553c1ce7e,False,,,False
\\sahale.biostr.washington.edu\data\Subjects\ZYE_0085\2024-07-10\1\widefield.tar,\\sahale.biostr.washington.edu\data\Subjects\ZYE_0085\2024-07-10\1\widefield.wfz,ZYE_0085/2024-07-10/1,SAFE,metadata checks pass,175612780032,175612780032,72064338440,72064338440,2,True,True,71e2ad02ade32370897ba5f7bb73949952946b2102573bca0493e2677428d0d9,False,,,False
\\sahale.biostr.washington.edu\data\Subjects\ZYE_0041\2021-09-03\2\widefield.tar,\\sahale.biostr.washington.edu\data\Subjects\ZYE_0041\2021-09-03\2\widefield.wfz,ZYE_0041/2021-09-03/2,SAFE,metadata checks pass,175507729920,175507729920,74726288387,74726288387,2,True,True,31dee515e04633e023485ffadcaad29dcb2583b80b3ffc612b2af4a08c1984b8,False,,,False
\\sahale.biostr.washington.edu\data\Subjects\ZYE_0088\2024-07-11\1\widefield.tar,\\sahale.biostr.washington.edu\data\Subjects\ZYE_0088\2024-07-11\1\widefield.wfz,ZYE_0088/2024-07-11/1,SAFE,metadata checks pass,175388124672,175388124672,73937138593,73937138593,2,True,True,5054f95ef5b7347e5894d3819136d43a41f217e9d191caddf0fae47d250c7c6d,False,,,False
\\sahale.biostr.washington.edu\data\Subjects\ZYE_0085\2024-07-16\1\widefield.tar,\\sahale.biostr.washington.edu\data\Subjects\ZYE_0085\2024-07-16\1\widefield.wfz,ZYE_0085/2024-07-16/1,SAFE,metadata checks pass,175245737472,175245737472,72066814067,72066814067,2,True,True,20378c68cf44596cec80d91f32a8c86e3d73c0f2a97a0ae9c2f430e9c810ad55,False,,,False
\\sahale.biostr.washington.edu\data\Subjects\ZYE_0046\2021-11-22\1\widefield.tar,\\sahale.biostr.washington.edu\data\Subjects\ZYE_0046\2021-11-22\1\widefield.wfz,ZYE_0046/2021-11-22/1,SAFE,metadata checks pass,174909070848,174909070848,77009828725,77009828725,2,True,True,051507d071310ea9aa43adccc3f39b8279950e972d01cfc8b8421ba07db03415,False,,,False
\\sahale.biostr.washington.edu\data\Subjects\ZYE_0062\2022-03-30\1\widefield.tar,\\sahale.biostr.washington.edu\data\Subjects\ZYE_0062\2022-03-30\1\widefield.wfz,ZYE_0062/2022-03-30/1,SAFE,metadata checks pass,174905273856,174905273856,77671332655,77671332655,2,True,True,9656509bb45f5c9fdba2865fd866e0e740b8ce3b91f90a710205797e1bb787db,False,,,False
\\sahale.biostr.washington.edu\data\Subjects\AL_0033\2025-08-05\4\widefield.tar,\\sahale.biostr.washington.edu\data\Subjects\AL_0033\2025-08-05\4\widefield.wfz,AL_0033/2025-08-05/4,SAFE,metadata checks pass,174406602240,174406602240,66762322481,66762322481,2,True,True,c66ae188b5adad75511720fc737daa49511aa72f699b61e18e6b7b9a04f74abd,False,,,False
\\sahale.biostr.washington.edu\data\Subjects\AL_0036\2025-01-16\2\widefield.tar,\\sahale.biostr.washington.edu\data\Subjects\AL_0036\2025-01-16\2\widefield.wfz,AL_0036/2025-01-16/2,SAFE,metadata checks pass,174053481984,174053481984,72597134441,72597134441,2,True,True,a5d205af32c1624323b6074dd78fc5253e0400587d05e26990a325b9d63f9ec6,False,,,False
\\sahale.biostr.washington.edu\data\Subjects\AL_0033\2025-04-15\1\widefield.tar,\\sahale.biostr.washington.edu\data\Subjects\AL_0033\2025-04-15\1\widefield.wfz,AL_0033/2025-04-15/1,SAFE,metadata checks pass,172763292160,172763292160,69461410139,69461410139,2,True,True,1334e3c237f3d3129367757a9d8ce04fdf91f27993b04d86e6ea80c464985ca5,False,,,False
\\sahale.biostr.washington.edu\data\Subjects\AL_0033\2025-02-26\2\widefield.tar,\\sahale.biostr.washington.edu\data\Subjects\AL_0033\2025-02-26\2\widefield.wfz,AL_0033/2025-02-26/2,SAFE,metadata checks pass,173607564800,173607564800,69602838388,69602838388,2,True,True,8c0df206be8c5fa7ccfd2edee49aadb87a4a9f83e4e629a343c04b90e25dc129,False,,,False
\\sahale.biostr.washington.edu\data\Subjects\AB_0005\2021-03-30\1\widefield.tar,\\sahale.biostr.washington.edu\data\Subjects\AB_0005\2021-03-30\1\widefield.wfz,AB_0005/2021-03-30/1,SAFE,metadata checks pass,172251364864,172251364864,77263434270,77263434270,2,True,True,143018d098bd35b88c0bf12c716752a93dd409ec530406e2d5bdb2e9dbe0eadb,False,,,False
\\sahale.biostr.washington.edu\data\Subjects\AL_0033\2024-06-21\2\widefield.tar,\\sahale.biostr.washington.edu\data\Subjects\AL_0033\2024-06-21\2\widefield.wfz,AL_0033/2024-06-21/2,SAFE,metadata checks pass,172054998528,172054998528,70940782071,70940782071,2,True,True,e0144549c346bf83b91c4ea5e3a9bfe1fe5e89560d8bcb09a7e77fa59856299a,False,,,False
\\sahale.biostr.washington.edu\data\Subjects\ZYE_0067\2022-10-23\2\widefield.tar,\\sahale.biostr.washington.edu\data\Subjects\ZYE_0067\2022-10-23\2\widefield.wfz,ZYE_0067/2022-10-23/2,SAFE,metadata checks pass,171853757952,171853757952,80222738252,80222738252,2,True,True,c2e3ce03ae80476d69b018de00fbe46774355a14e027ef7f4d7c9f559d5316f7,False,,,False
\\sahale.biostr.washington.edu\data\Subjects\AL_0032\2024-04-19\2\widefield.tar,\\sahale.biostr.washington.edu\data\Subjects\AL_0032\2024-04-19\2\widefield.wfz,AL_0032/2024-04-19/2,SAFE,metadata checks pass,171086765568,171086765568,69248939984,69248939984,2,True,True,621e011f5dd2d270576b649b0ef5bc99373a30ea6556f8e44d22c487dcce6a17,False,,,False
\\sahale.biostr.washington.edu\data\Subjects\ZYE_0085\2024-07-23\1\widefield.tar,\\sahale.biostr.washington.edu\data\Subjects\ZYE_0085\2024-07-23\1\widefield.wfz,ZYE_0085/2024-07-23/1,SAFE,metadata checks pass,170666565120,170666565120,70615861708,70615861708,2,True,True,8c01e724ca81c56909796c77dcac9fbc1f15514f25d0eed24063038581dd850f,False,,,False
\\sahale.biostr.washington.edu\data\Subjects\ZYE_0055\2022-01-10\1\widefield.tar,\\sahale.biostr.washington.edu\data\Subjects\ZYE_0055\2022-01-10\1\widefield.wfz,ZYE_0055/2022-01-10/1,SAFE,metadata checks pass,170370399744,170370399744,78429963118,78429963118,2,True,True,56711b531c2a5de2eed97d404807db7d34ad77ff85cd693d433d9b1cc07afcd5,False,,,False
\\sahale.biostr.washington.edu\data\Subjects\ZYE_0091\2024-07-16\1\widefield.tar,\\sahale.biostr.washington.edu\data\Subjects\ZYE_0091\2024-07-16\1\widefield.wfz,ZYE_0091/2024-07-16/1,SAFE,metadata checks pass,169788194304,169788194304,68954230814,68954230814,2,True,True,a5c88943fd1bd69da2e6ff2071323a7d680150a4321c6cd17990989c8c9a9036,False,,,False
\\sahale.biostr.washington.edu\data\Subjects\AL_0035\2025-01-25\1\widefield.tar,\\sahale.biostr.washington.edu\data\Subjects\AL_0035\2025-01-25\1\widefield.wfz,AL_0035/2025-01-25/1,SAFE,metadata checks pass,169686941184,169686941184,74476795122,74476795122,2,True,True,57c393239e2770c60638415d1a58a33718f4f98f634e06eab8c7d0dde3b153ea,False,,,False
\\sahale.biostr.washington.edu\data\Subjects\ZYE_0070\2023-01-16\1\widefield.tar,\\sahale.biostr.washington.edu\data\Subjects\ZYE_0070\2023-01-16\1\widefield.wfz,ZYE_0070/2023-01-16/1,SAFE,metadata checks pass,169521139200,169521139200,74396371953,74396371953,2,True,True,2c7e963ef40f492e5579ac86df6e31a574463d7eee21d6849fd07d4f5c3f0423,False,,,False
\\sahale.biostr.washington.edu\data\Subjects\ZYE_0043\2021-09-25\1\widefield.tar,\\sahale.biostr.washington.edu\data\Subjects\ZYE_0043\2021-09-25\1\widefield.wfz,ZYE_0043/2021-09-25/1,SAFE,metadata checks pass,168676308480,168676308480,74829612861,74829612861,2,True,True,ccef2c63bc21e1dc03f831ec93a4bd2c10646c385d81d3210fa4501377a63732,False,,,False
\\sahale.biostr.washington.edu\data\Subjects\ZYE_0071\2023-01-17\3\widefield.tar,\\sahale.biostr.washington.edu\data\Subjects\ZYE_0071\2023-01-17\3\widefield.wfz,ZYE_0071/2023-01-17/3,SAFE,metadata checks pass,168306734592,168306734592,72915105556,72915105556,2,True,True,cf18386c0fd54155fedf48be330a230396f7de8132167d3b414348963699f602,False,,,False
\\sahale.biostr.washington.edu\data\Subjects\ZYE_0066\2022-10-23\6\widefield.tar,\\sahale.biostr.washington.edu\data\Subjects\ZYE_0066\2022-10-23\6\widefield.wfz,ZYE_0066/2022-10-23/6,SAFE,metadata checks pass,167863119360,167863119360,74457947832,74457947832,2,True,True,595c36b160b4d4962847eaf1d5b2b40f3f7f96ddab27d523556d85b795aa7e45,False,,,False
\\sahale.biostr.washington.edu\data\Subjects\ZYE_0091\2024-07-17\2\widefield.tar,\\sahale.biostr.washington.edu\data\Subjects\ZYE_0091\2024-07-17\2\widefield.wfz,ZYE_0091/2024-07-17/2,SAFE,metadata checks pass,166309516800,166309516800,67859167746,67859167746,2,True,True,8423eebd177dcc8a92a20450c7ffe2d2c5b67629703fed137964b146737f3846,False,,,False
\\sahale.biostr.washington.edu\data\Subjects\AL_0033\2025-03-28\3\widefield.tar,\\sahale.biostr.washington.edu\data\Subjects\AL_0033\2025-03-28\3\widefield.wfz,AL_0033/2025-03-28/3,SAFE,metadata checks pass,166012085760,166012085760,65635193902,65635193902,2,True,True,54112f42c36eaa30ef65048029573e01ba313f1a43dcbe7d8c40da4f07d11e82,False,,,False
\\sahale.biostr.washington.edu\data\Subjects\AL_0033\2025-08-04\1\widefield.tar,\\sahale.biostr.washington.edu\data\Subjects\AL_0033\2025-08-04\1\widefield.wfz,AL_0033/2025-08-04/1,SAFE,metadata checks pass,164997656064,164997656064,64191425947,64191425947,2,True,True,05c6fa2a5951c1d73c4c13bcf9ab8df047f6adbe09db9ee373673413ec030485,False,,,False
\\sahale.biostr.washington.edu\data\Subjects\ZYE_0072\2023-01-22\1\widefield.tar,\\sahale.biostr.washington.edu\data\Subjects\ZYE_0072\2023-01-22\1\widefield.wfz,ZYE_0072/2023-01-22/1,SAFE,metadata checks pass,164876785152,164876785152,66466635583,66466635583,2,True,True,926a9cf4c9ec961231eb69c5276d539c4cf1fc43f156edc5de692ace0e0186ba,False,,,False
\\sahale.biostr.washington.edu\data\Subjects\FD_012\2026-04-23\1\widefield.tar,\\sahale.biostr.washington.edu\data\Subjects\FD_012\2026-04-23\1\widefield.wfz,FD_012/2026-04-23/1,SAFE,metadata checks pass,122809282560,122809282560,42991937505,42991937505,2,True,True,9273b13539958a42a69ddd943b87a789c76134ca3b8f93836b50944156654cf0,False,,,False
\\sahale.biostr.washington.edu\data\Subjects\FD_012\2026-04-21\1\widefield.tar,\\sahale.biostr.washington.edu\data\Subjects\FD_012\2026-04-21\1\widefield.wfz,FD_012/2026-04-21/1,SAFE,metadata checks pass,124923576320,124923576320,43757735598,43757735598,2,True,True,10f8c4c9513ad09552edd8025a45bc135cdd64c97b3139c6d8ddc6228d89b738,False,,,False
\\sahale.biostr.washington.edu\data\Subjects\FD_011\2026-03-03\1\widefield.tar,\\sahale.biostr.washington.edu\data\Subjects\FD_011\2026-03-03\1\widefield.wfz,FD_011/2026-03-03/1,SAFE,metadata checks pass,144416061440,144416061440,44586924187,44586924187,2,True,True,3f6808d5849ad5238e0bfaeba2598b0abb47b91586308ed2ec22d8dfbaa8815f,False,,,False
\\sahale.biostr.washington.edu\data\Subjects\FD_011\2026-04-13\1\widefield.tar,\\sahale.biostr.washington.edu\data\Subjects\FD_011\2026-04-13\1\widefield.wfz,FD_011/2026-04-13/1,SAFE,metadata checks pass,124084439040,124084439040,39881150064,39881150064,2,True,True,9cf6fca7b334992a046eb906db351d27352efb89254c4df810943698ad2bd1ec,False,,,False
\\sahale.biostr.washington.edu\data\Subjects\FD_011\2026-03-02\2\widefield.tar,\\sahale.biostr.washington.edu\data\Subjects\FD_011\2026-03-02\2\widefield.wfz,FD_011/2026-03-02/2,SAFE,metadata checks pass,143778170880,143778170880,49238370184,49238370184,2,True,True,51c16390f4d566f01b42c1ed066f7f9fdb62a80631f9ce56aa757134207f42c1,False,,,False
\\sahale.biostr.washington.edu\data\Subjects\FD_011\2026-02-25\1\widefield.tar,\\sahale.biostr.washington.edu\data\Subjects\FD_011\2026-02-25\1\widefield.wfz,FD_011/2026-02-25/1,SAFE,metadata checks pass,154289510400,154289510400,51404634215,51404634215,2,True,True,8326ad451f7dd9539be8d4b8f5bd4868ba8d0061d11868b510ceff855c88eadc,False,,,False
\\sahale.biostr.washington.edu\data\Subjects\FD_011\2026-02-28\1\widefield.tar,\\sahale.biostr.washington.edu\data\Subjects\FD_011\2026-02-28\1\widefield.wfz,FD_011/2026-02-28/1,SAFE,metadata checks pass,151387340800,151387340800,53028007662,53028007662,2,True,True,7185ea445f558c11e26bfefa382912a7f1591ca99feaae7c1cf3061c636d5e91,False,,,False
\\sahale.biostr.washington.edu\data\Subjects\AL_0038\2025-05-02\1\widefield.tar,\\sahale.biostr.washington.edu\data\Subjects\AL_0038\2025-05-02\1\widefield.wfz,AL_0038/2025-05-02/1,SAFE,metadata checks pass,150371010560,150371010560,56232822204,56232822204,2,True,True,07965ef1545dddaab5f9a6a112ecf2c69d70213c4161811f00bbf3f0319dde47,False,,,False
\\sahale.biostr.washington.edu\data\Subjects\FD_011\2026-04-06\1\widefield.tar,\\sahale.biostr.washington.edu\data\Subjects\FD_011\2026-04-06\1\widefield.wfz,FD_011/2026-04-06/1,SAFE,metadata checks pass,121137336320,121137336320,39814009609,39814009609,2,True,True,972460bad3a275e686ebdbe1c384197b5b7ff70bbcd64d87ed173fa07d34bb64,False,,,False
\\sahale.biostr.washington.edu\data\Subjects\ZYE_0053\2021-12-19\2\widefield.tar,\\sahale.biostr.washington.edu\data\Subjects\ZYE_0053\2021-12-19\2\widefield.wfz,ZYE_0053/2021-12-19/2,SAFE,metadata checks pass,164673013248,164673013248,75632310897,75632310897,2,True,True,1971106e42113ec82aefe2542582b1879ce33a321332395b57ea4489345b2bda,False,,,False
\\sahale.biostr.washington.edu\data\Subjects\AL_0041\2026-04-16\1\widefield.tar,\\sahale.biostr.washington.edu\data\Subjects\AL_0041\2026-04-16\1\widefield.wfz,AL_0041/2026-04-16/1,SAFE,metadata checks pass,164328752640,164328752640,61672924287,61672924287,2,True,True,9f3a464e5795bacc26acbed303a7abfef83e34f58a296547b7ecf17da05f7576,False,,,False
\\sahale.biostr.washington.edu\data\Subjects\AL_0032\2024-04-27\1\widefield.tar,\\sahale.biostr.washington.edu\data\Subjects\AL_0032\2024-04-27\1\widefield.wfz,AL_0032/2024-04-27/1,SAFE,metadata checks pass,164628082176,164628082176,67403461757,67403461757,2,True,True,ebfdcc91db09006c809189caea6abb92f83f50aba990a694a1f71b504567eebe,False,,,False
\\sahale.biostr.washington.edu\data\Subjects\ZYE_0078\2024-07-23\1\widefield.tar,\\sahale.biostr.washington.edu\data\Subjects\ZYE_0078\2024-07-23\1\widefield.wfz,ZYE_0078/2024-07-23/1,SAFE,metadata checks pass,164403426816,164403426816,64670861250,64670861250,2,True,True,dd615ca5199361882020fec9d81df9788ab4870e4fadbfef6af03c550b89274a,False,,,False
\\sahale.biostr.washington.edu\data\Subjects\ZYE_0094\2025-07-18\1\widefield.tar,\\sahale.biostr.washington.edu\data\Subjects\ZYE_0094\2025-07-18\1\widefield.wfz,ZYE_0094/2025-07-18/1,SAFE,metadata checks pass,163887035904,163887035904,60079077564,60079077564,2,True,True,99a5c6167f40eae8006b19d393a9716db5b84e75f7376b33cc12cf5352160323,False,,,False
\\sahale.biostr.washington.edu\data\Subjects\ZYE_0091\2024-07-15\1\widefield.tar,\\sahale.biostr.washington.edu\data\Subjects\ZYE_0091\2024-07-15\1\widefield.wfz,ZYE_0091/2024-07-15/1,SAFE,metadata checks pass,164152825344,164152825344,66864336914,66864336914,2,True,True,8727bb6c4d3d60c90482f57edb5dbf78782bfe9c47eabd6f8658df4b4c2b649c,False,,,False
\\sahale.biostr.washington.edu\data\Subjects\ZYE_0091\2024-07-14\3\widefield.tar,\\sahale.biostr.washington.edu\data\Subjects\ZYE_0091\2024-07-14\3\widefield.wfz,ZYE_0091/2024-07-14/3,SAFE,metadata checks pass,163667443200,163667443200,66981034703,66981034703,2,True,True,4a167bac5edeee9627534a10c367d4af5febfb6813500e9400a891f524d830de,False,,,False
\\sahale.biostr.washington.edu\data\Subjects\AL_0033\2025-01-28\1\widefield.tar,\\sahale.biostr.washington.edu\data\Subjects\AL_0033\2025-01-28\1\widefield.wfz,AL_0033/2025-01-28/1,SAFE,metadata checks pass,163194084864,163194084864,67466248948,67466248948,2,True,True,45cd9ecbfa0eccaaa049b6ea82d6647584e6b94f56b9466f4bdee2080985ca87,False,,,False
\\sahale.biostr.washington.edu\data\Subjects\ZYE_0046\2021-12-01\1\widefield.tar,\\sahale.biostr.washington.edu\data\Subjects\ZYE_0046\2021-12-01\1\widefield.wfz,ZYE_0046/2021-12-01/1,SAFE,metadata checks pass,163064987136,163064987136,71585416882,71585416882,2,True,True,a77623bb8081423f7a0e731ed7b15b4474670f2c9003c2507184c4d4f7aacb17,False,,,False
\\sahale.biostr.washington.edu\data\Subjects\ZYE_0043\2021-09-26\1\widefield.tar,\\sahale.biostr.washington.edu\data\Subjects\ZYE_0043\2021-09-26\1\widefield.wfz,ZYE_0043/2021-09-26/1,SAFE,metadata checks pass,163020688896,163020688896,73766907534,73766907534,2,True,True,51261bd2c38b00dcdb52e651a523615e76554ed8e72f5cd278377a0fc705ec69,False,,,False
\\sahale.biostr.washington.edu\data\Subjects\ZYE_0089\2024-07-12\2\widefield.tar,\\sahale.biostr.washington.edu\data\Subjects\ZYE_0089\2024-07-12\2\widefield.wfz,ZYE_0089/2024-07-12/2,SAFE,metadata checks pass,162746672640,162746672640,65573530499,65573530499,2,True,True,a1c32124a8f8f5a845ffb043f8c065e0091f8091dd772e43d1fc1c4c239409be,False,,,False
\\sahale.biostr.washington.edu\data\Subjects\AL_0036\2024-12-13\1\widefield.tar,\\sahale.biostr.washington.edu\data\Subjects\AL_0036\2024-12-13\1\widefield.wfz,AL_0036/2024-12-13/1,SAFE,metadata checks pass,162653013504,162653013504,69916612621,69916612621,2,True,True,1e446e0eedfb926c12cd9801e7ebb1d7cfbc4b024b2145d55ec9e39b32a59c73,False,,,False
\\sahale.biostr.washington.edu\data\Subjects\ZYE_0090\2024-07-17\1\widefield.tar,\\sahale.biostr.washington.edu\data\Subjects\ZYE_0090\2024-07-17\1\widefield.wfz,ZYE_0090/2024-07-17/1,SAFE,metadata checks pass,162351785472,162351785472,65759464761,65759464761,2,True,True,9f265dbeddc861333c0d075f75a8a3473bfa4fb82ed41d46e3131f6d45921ac4,False,,,False
\\sahale.biostr.washington.edu\data\Subjects\ZYE_0031\2021-09-30\2\widefield.tar,\\sahale.biostr.washington.edu\data\Subjects\ZYE_0031\2021-09-30\2\widefield.wfz,ZYE_0031/2021-09-30/2,SAFE,metadata checks pass,162358746624,162358746624,72158155822,72158155822,2,True,True,8b9292b93000a920272592c3e1c6f8e80441ecb5c37a04958aea7d4e29f50105,False,,,False
\\sahale.biostr.washington.edu\data\Subjects\ZYE_0085\2024-07-08\1\widefield.tar,\\sahale.biostr.washington.edu\data\Subjects\ZYE_0085\2024-07-08\1\widefield.wfz,ZYE_0085/2024-07-08/1,SAFE,metadata checks pass,162206866944,162206866944,65886240006,65886240006,2,True,True,c4651f89703734cc4018d75850ddd4db256d12a31da6c4d9645677cdeffc979b,False,,,False
\\sahale.biostr.washington.edu\data\Subjects\ZYE_0085\2024-07-27\3\widefield.tar,\\sahale.biostr.washington.edu\data\Subjects\ZYE_0085\2024-07-27\3\widefield.wfz,ZYE_0085/2024-07-27/3,SAFE,metadata checks pass,161963226624,161963226624,67217057253,67217057253,2,True,True,ead639d589bb6340fa79791257fbca9908142f144496a3cc43be13e18329c9df,False,,,False
\\sahale.biostr.washington.edu\data\Subjects\ZYE_0091\2024-07-10\1\widefield.tar,\\sahale.biostr.washington.edu\data\Subjects\ZYE_0091\2024-07-10\1\widefield.wfz,ZYE_0091/2024-07-10/1,SAFE,metadata checks pass,161432280576,161432280576,64646968967,64646968967,2,True,True,d640470a1ee03df768b6d58c0ba35d6c835143d7998a36d14d3171a1a4db4dfd,False,,,False
\\sahale.biostr.washington.edu\data\Subjects\AL_0045\2026-01-29\2\widefield.tar,\\sahale.biostr.washington.edu\data\Subjects\AL_0045\2026-01-29\2\widefield.wfz,AL_0045/2026-01-29/2,SAFE,metadata checks pass,161347481088,161347481088,57631731203,57631731203,2,True,True,31cd1f506801e2f39b48795a8207c73df961922c8541332942d6667d75532a74,False,,,False
\\sahale.biostr.washington.edu\data\Subjects\ZYE_0088\2024-07-09\1\widefield.tar,\\sahale.biostr.washington.edu\data\Subjects\ZYE_0088\2024-07-09\1\widefield.wfz,ZYE_0088/2024-07-09/1,SAFE,metadata checks pass,161303815680,161303815680,67216688378,67216688378,2,True,True,453c72402962129b40b831045206af78d53e4b552e855c6361d5cd79d11d183a,False,,,False
\\sahale.biostr.washington.edu\data\Subjects\ZYE_0038\2021-09-01\1\widefield.tar,\\sahale.biostr.washington.edu\data\Subjects\ZYE_0038\2021-09-01\1\widefield.wfz,ZYE_0038/2021-09-01/1,SAFE,metadata checks pass,160886779392,160886779392,71487607045,71487607045,2,True,True,1dceb6e6a768e3c9621b275ed63ff09b6b11a05ec7553a5c2ff420215830fe33,False,,,False
\\sahale.biostr.washington.edu\data\Subjects\AL_0023\2023-08-24\1\widefield.tar,\\sahale.biostr.washington.edu\data\Subjects\AL_0023\2023-08-24\1\widefield.wfz,AL_0023/2023-08-24/1,SAFE,metadata checks pass,160874755584,160874755584,69923786543,69923786543,2,True,True,d483048ee4d517c4e128df0211df92def92730716830c44457f7b07c90aa7b2d,False,,,False
\\sahale.biostr.washington.edu\data\Subjects\ZYE_0009\2020-09-10\1\widefield.tar,\\sahale.biostr.washington.edu\data\Subjects\ZYE_0009\2020-09-10\1\widefield.wfz,ZYE_0009/2020-09-10/1,SAFE,metadata checks pass,160653080064,160653080064,70317436648,70317436648,2,True,True,02b008d7c456ec586b2ded9ac5c2918f4d4703f45ffe3e6be2e1de556aa871b7,False,,,False
\\sahale.biostr.washington.edu\data\Subjects\AL_0032\2024-04-14\1\widefield.tar,\\sahale.biostr.washington.edu\data\Subjects\AL_0032\2024-04-14\1\widefield.wfz,AL_0032/2024-04-14/1,SAFE,metadata checks pass,160635545088,160635545088,67990951969,67990951969,2,True,True,f23a7a10a11bd0ea84f06b7ad420a7a2eff04e7c273e8a13393c7e6de259efb3,False,,,False
\\sahale.biostr.washington.edu\data\Subjects\ZYE_0085\2024-07-28\1\widefield.tar,\\sahale.biostr.washington.edu\data\Subjects\ZYE_0085\2024-07-28\1\widefield.wfz,ZYE_0085/2024-07-28/1,SAFE,metadata checks pass,160426710528,160426710528,66558793836,66558793836,2,True,True,716bda991b3abe270ef7932ed0adf7c828c3631da62d8aa6e3489af60f93e992,False,,,False
\\sahale.biostr.washington.edu\data\Subjects\AL_0023\2023-08-23\3\widefield.tar,\\sahale.biostr.washington.edu\data\Subjects\AL_0023\2023-08-23\3\widefield.wfz,AL_0023/2023-08-23/3,SAFE,metadata checks pass,160343809536,160343809536,68857642098,68857642098,2,True,True,cc6ab1904976d7eccf11c350d7bc351159129542748875d070985d3da660630f,False,,,False
\\sahale.biostr.washington.edu\data\Subjects\ZYE_0009\2020-08-31\1\widefield.tar,\\sahale.biostr.washington.edu\data\Subjects\ZYE_0009\2020-08-31\1\widefield.wfz,ZYE_0009/2020-08-31/1,SAFE,metadata checks pass,160207296000,160207296000,69339145933,69339145933,2,True,True,783405a47010174557150526b4d1e07098f1ce702fc47fca473a429e1ae6500a,False,,,False
\\sahale.biostr.washington.edu\data\Subjects\AL_0014\2022-08-17\1\widefield.tar,\\sahale.biostr.washington.edu\data\Subjects\AL_0014\2022-08-17\1\widefield.wfz,AL_0014/2022-08-17/1,SAFE,metadata checks pass,159801472512,159801472512,60480065463,60480065463,2,True,True,1340d9797f0169183e56cfe1775baaf31e85a92a41ffd4767f987a6641546aa3,False,,,False
\\sahale.biostr.washington.edu\data\Subjects\ZYE_0090\2025-05-02\2\widefield.tar,\\sahale.biostr.washington.edu\data\Subjects\ZYE_0090\2025-05-02\2\widefield.wfz,ZYE_0090/2025-05-02/2,SAFE,metadata checks pass,159536948736,159536948736,65333631964,65333631964,2,True,True,65088bd2a2109d0b00b334a520aebb0f4398e7a98bb750b1b2e3e98b0e2fbaa2,False,,,False
\\sahale.biostr.washington.edu\data\Subjects\ZYE_0062\2022-03-31\2\widefield.tar,\\sahale.biostr.washington.edu\data\Subjects\ZYE_0062\2022-03-31\2\widefield.wfz,ZYE_0062/2022-03-31/2,SAFE,metadata checks pass,159465438720,159465438720,71096018802,71096018802,2,True,True,261b6c51dd789a39e981381302e406b2ee6fcc6f24c20dc2ab57911e0bc97971,False,,,False
\\sahale.biostr.washington.edu\data\Subjects\ZYE_0089\2025-05-02\1\widefield.tar,\\sahale.biostr.washington.edu\data\Subjects\ZYE_0089\2025-05-02\1\widefield.wfz,ZYE_0089/2025-05-02/1,SAFE,metadata checks pass,158267487744,158267487744,63512012449,63512012449,2,True,True,fe7a8024d39ab6884d97eb9afe78f3f3f4be7e906caf4d16610c01e66697bbd4,False,,,False
\\sahale.biostr.washington.edu\data\Subjects\ZYE_0089\2024-07-11\5\widefield.tar,\\sahale.biostr.washington.edu\data\Subjects\ZYE_0089\2024-07-11\5\widefield.wfz,ZYE_0089/2024-07-11/5,SAFE,metadata checks pass,158511760896,158511760896,63922723058,63922723058,2,True,True,f2dd57dd5f56ac2d978e5af1d85509e317c98dc6637e9c649d46fb9fa196e6fa,False,,,False
\\sahale.biostr.washington.edu\data\Subjects\ZYE_0070\2023-01-15\1\widefield.tar,\\sahale.biostr.washington.edu\data\Subjects\ZYE_0070\2023-01-15\1\widefield.wfz,ZYE_0070/2023-01-15/1,SAFE,metadata checks pass,157096748544,157096748544,66561369042,66561369042,2,True,True,6cbae8b1e183ed0e36459a14a90b8674e6f6343bfbc9135be28ccb52a5aeb5d2,False,,,False
\\sahale.biostr.washington.edu\data\Subjects\ZYE_0071\2023-01-17\7\widefield.tar,\\sahale.biostr.washington.edu\data\Subjects\ZYE_0071\2023-01-17\7\widefield.wfz,ZYE_0071/2023-01-17/7,SAFE,metadata checks pass,158226353664,158226353664,68098872000,68098872000,2,True,True,96a1eaaaf15ad7cd62ceada04aa8c74ce788098c728cd4eec71d4c5cacd6a680,False,,,False
\\sahale.biostr.washington.edu\data\Subjects\ZYE_0060\2022-03-25\1\widefield.tar,\\sahale.biostr.washington.edu\data\Subjects\ZYE_0060\2022-03-25\1\widefield.wfz,ZYE_0060/2022-03-25/1,SAFE,metadata checks pass,157230276096,157230276096,69287238672,69287238672,2,True,True,33873bb3abfb37fd51695d79fce2bebdf1c4808b762be4c48e80ad13123583ec,False,,,False
\\sahale.biostr.washington.edu\data\Subjects\AL_0033\2024-12-20\1\widefield.tar,\\sahale.biostr.washington.edu\data\Subjects\AL_0033\2024-12-20\1\widefield.wfz,AL_0033/2024-12-20/1,SAFE,metadata checks pass,158142819840,158142819840,67644542180,67644542180,2,True,True,a2221466e544eb6cbfb174f525ba0b59c6a963072f0d6d63fb57e8c72dff00c9,False,,,False
\\sahale.biostr.washington.edu\data\Subjects\ZYE_0060\2022-03-24\1\widefield.tar,\\sahale.biostr.washington.edu\data\Subjects\ZYE_0060\2022-03-24\1\widefield.wfz,ZYE_0060/2022-03-24/1,SAFE,metadata checks pass,157962462720,157962462720,69336281221,69336281221,2,True,True,64e1817f0d970ee4fbd692d261efe2fc4e09a270f709a48dd64e139cfa537b25,False,,,False
\\sahale.biostr.washington.edu\data\Subjects\ZYE_0053\2022-01-02\1\widefield.tar,\\sahale.biostr.washington.edu\data\Subjects\ZYE_0053\2022-01-02\1\widefield.wfz,ZYE_0053/2022-01-02/1,SAFE,metadata checks pass,157273941504,157273941504,71990958469,71990958469,2,True,True,047e44bb070e84d669e2d2dd488b5780baf8307911e2e404ff951225c090a18f,False,,,False
\\sahale.biostr.washington.edu\data\Subjects\ZYE_0009\2020-09-03\1\widefield.tar,\\sahale.biostr.washington.edu\data\Subjects\ZYE_0009\2020-09-03\1\widefield.wfz,ZYE_0009/2020-09-03/1,SAFE,metadata checks pass,157347628032,157347628032,70777240730,70777240730,2,True,True,b390b9f707165554f18c7633b9a432646fed992fe0cd9afcb64b95faaa20c1f4,False,,,False
\\sahale.biostr.washington.edu\data\Subjects\AL_0033\2025-01-07\1\widefield.tar,\\sahale.biostr.washington.edu\data\Subjects\AL_0033\2025-01-07\1\widefield.wfz,AL_0033/2025-01-07/1,SAFE,metadata checks pass,156721479168,156721479168,65336814915,65336814915,2,True,True,d789bf751328e3d1a96fdae38f9b98a8261c562be02d3bf9f517605fd6edfcc9,False,,,False
\\sahale.biostr.washington.edu\data\Subjects\ZYE_0098\2025-12-18\1\widefield.tar,\\sahale.biostr.washington.edu\data\Subjects\ZYE_0098\2025-12-18\1\widefield.wfz,ZYE_0098/2025-12-18/1,SAFE,metadata checks pass,101058846720,101058846720,33497517949,33497517949,2,True,True,b17261160c2e8f343f0249006a2693809dfa93faa328e4da8a0591242fdb5a69,False,,,False
\\sahale.biostr.washington.edu\data\Subjects\AL_0033\2025-06-13\3\widefield.tar,\\sahale.biostr.washington.edu\data\Subjects\AL_0033\2025-06-13\3\widefield.wfz,AL_0033/2025-06-13/3,SAFE,metadata checks pass,156639211008,156639211008,59472002320,59472002320,2,True,True,0d72c186b44a073bb8c5d6042429444e5ad51e27094176d36cc9d1e4461b08e5,False,,,False
\\sahale.biostr.washington.edu\data\Subjects\ZYE_0009\2020-09-02\1\widefield.tar,\\sahale.biostr.washington.edu\data\Subjects\ZYE_0009\2020-09-02\1\widefield.wfz,ZYE_0009/2020-09-02/1,SAFE,metadata checks pass,155688067584,155688067584,67364577782,67364577782,2,True,True,c7559f467a17e77fe70d403857322638ca4db81aa0ed10039c0efb57aeae7b2e,False,,,False
\\sahale.biostr.washington.edu\data\Subjects\AL_0033\2025-01-20\2\widefield.tar,\\sahale.biostr.washington.edu\data\Subjects\AL_0033\2025-01-20\2\widefield.wfz,AL_0033/2025-01-20/2,SAFE,metadata checks pass,154354382336,154354382336,56889765357,56889765357,2,True,True,26c61e98e5927b5a9c36964e50c7b53779daef5ef6c83e171d655bb2366ec86a,False,,,False
\\sahale.biostr.washington.edu\data\Subjects\ZYE_0071\2023-01-14\1\widefield.tar,\\sahale.biostr.washington.edu\data\Subjects\ZYE_0071\2023-01-14\1\widefield.wfz,ZYE_0071/2023-01-14/1,SAFE,metadata checks pass,155221034496,155221034496,66745479527,66745479527,2,True,True,3c57079a7d1e7b41c1d4ac8d7ad36c3ec0ad508b76a97c394ca836f0bc756846,False,,,False
\\sahale.biostr.washington.edu\data\Subjects\AL_0046\2026-02-18\3\widefield.tar,\\sahale.biostr.washington.edu\data\Subjects\AL_0046\2026-02-18\3\widefield.wfz,AL_0046/2026-02-18/3,SAFE,metadata checks pass,154372406784,154372406784,60901961030,60901961030,2,True,True,04623b564f9f2d45bfe2d7c4c7753cb09018f339fd42f4eaa294bf96ed6314a5,False,,,False
\\sahale.biostr.washington.edu\data\Subjects\ZYE_0014\2020-12-09\1\widefield.tar,\\sahale.biostr.washington.edu\data\Subjects\ZYE_0014\2020-12-09\1\widefield.wfz,ZYE_0014/2020-12-09/1,SAFE,metadata checks pass,154680313344,154680313344,70171127576,70171127576,2,True,True,860f42d33a17a39f6d8be4244eec3219bc322fef8510adc91823c30441002865,False,,,False
\\sahale.biostr.washington.edu\data\Subjects\ZYE_0055\2022-01-23\2\widefield.tar,\\sahale.biostr.washington.edu\data\Subjects\ZYE_0055\2022-01-23\2\widefield.wfz,ZYE_0055/2022-01-23/2,SAFE,metadata checks pass,154024349184,154024349184,68377053751,68377053751,2,True,True,afd789dec1ba4a80aa2a273591100c047971c4e1de13c478071efe9c28e79aa4,False,,,False
\\sahale.biostr.washington.edu\data\Subjects\AL_0041\2026-02-17\1\widefield.tar,\\sahale.biostr.washington.edu\data\Subjects\AL_0041\2026-02-17\1\widefield.wfz,AL_0041/2026-02-17/1,SAFE,metadata checks pass,153899048448,153899048448,57739565667,57739565667,2,True,True,027a1edc92633cecc44b4b3f836227179227c2aba71cfe647cbe93fc622a86d7,False,,,False
\\sahale.biostr.washington.edu\data\Subjects\AL_0035\2025-05-24\1\widefield.tar,\\sahale.biostr.washington.edu\data\Subjects\AL_0035\2025-05-24\1\widefield.wfz,AL_0035/2025-05-24/1,SAFE,metadata checks pass,153477582336,153477582336,65953580807,65953580807,2,True,True,1839740d61c44fa171fa3f1ba60a946af92313f265419088251de5d5862228b9,False,,,False
\\sahale.biostr.washington.edu\data\Subjects\ZYE_0089\2024-05-23\1\widefield.tar,\\sahale.biostr.washington.edu\data\Subjects\ZYE_0089\2024-05-23\1\widefield.wfz,ZYE_0089/2024-05-23/1,SAFE,metadata checks pass,153235840512,153235840512,56562947756,56562947756,2,True,True,0a078459df80a2afc7cbaeff5122e639abdff629ad9df105b8fe577997550404,False,,,False
\\sahale.biostr.washington.edu\data\Subjects\ZYE_0086\2025-03-06\1\widefield.tar,\\sahale.biostr.washington.edu\data\Subjects\ZYE_0086\2025-03-06\1\widefield.wfz,ZYE_0086/2025-03-06/1,SAFE,metadata checks pass,152899806720,152899806720,59326746239,59326746239,2,True,True,598c25051652b2514cf0baa4ab9a0fc43b6ddecb3a6f196e53ce094102c1cd53,False,,,False
\\sahale.biostr.washington.edu\data\Subjects\ZYE_0088\2024-09-06\1\widefield.tar,\\sahale.biostr.washington.edu\data\Subjects\ZYE_0088\2024-09-06\1\widefield.wfz,ZYE_0088/2024-09-06/1,SAFE,metadata checks pass,153124462080,153124462080,61448809575,61448809575,2,True,True,00db42b4e513f494caa9e0f24b65a4f7df4869908d7644cf0070a858b490c227,False,,,False
\\sahale.biostr.washington.edu\data\Subjects\ZYE_0088\2024-05-23\1\widefield.tar,\\sahale.biostr.washington.edu\data\Subjects\ZYE_0088\2024-05-23\1\widefield.wfz,ZYE_0088/2024-05-23/1,SAFE,metadata checks pass,152682745344,152682745344,57343787837,57343787837,2,True,True,36ab2ac3639b0d5dfccd4386889b21714c926b9d298febb3a94f812f3fca1f15,False,,,False
\\sahale.biostr.washington.edu\data\Subjects\ZYE_0097\2025-07-16\1\widefield.tar,\\sahale.biostr.washington.edu\data\Subjects\ZYE_0097\2025-07-16\1\widefield.wfz,ZYE_0097/2025-07-16/1,SAFE,metadata checks pass,152628954624,152628954624,59150071316,59150071316,2,True,True,1fe55874a889fc51c0632dcc0a87432dc11d5fb3bcbaf8a986138c81a63d2040,False,,,False
\\sahale.biostr.washington.edu\data\Subjects\AL_0032\2024-04-28\1\widefield.tar,\\sahale.biostr.washington.edu\data\Subjects\AL_0032\2024-04-28\1\widefield.wfz,AL_0032/2024-04-28/1,SAFE,metadata checks pass,151915752960,151915752960,64441528746,64441528746,2,True,True,92d6b6d33f78f99a402944c2aa46c3c392b7c3322c0f1c1d5c0c46b41d5adcb4,False,,,False
\\sahale.biostr.washington.edu\data\Subjects\AL_0034\2024-08-12\1\widefield.tar,\\sahale.biostr.washington.edu\data\Subjects\AL_0034\2024-08-12\1\widefield.wfz,AL_0034/2024-08-12/1,SAFE,metadata checks pass,151596172800,151596172800,63227494812,63227494812,2,True,True,c6c5234422acbd3673397447e0846273b6045866b325b3aaf0cf95b3f8404f52,False,,,False
\\sahale.biostr.washington.edu\data\Subjects\ZYE_0095\2025-07-17\1\widefield.tar,\\sahale.biostr.washington.edu\data\Subjects\ZYE_0095\2025-07-17\1\widefield.wfz,ZYE_0095/2025-07-17/1,SAFE,metadata checks pass,151455051264,151455051264,57889298616,57889298616,2,True,True,6676af697a6bc9d08dfb4d06f56f2e09cb89719edd86ed9d909897e55eeb60c6,False,,,False
\\sahale.biostr.washington.edu\data\Subjects\AL_0033\2024-12-20\7\widefield.tar,\\sahale.biostr.washington.edu\data\Subjects\AL_0033\2024-12-20\7\widefield.wfz,AL_0033/2024-12-20/7,SAFE,metadata checks pass,151196990464,151196990464,65605579581,65605579581,2,True,True,28595a1a595343fd223e0c88cb6cdc60fc70a0bafd85e4b34417ba737f9c0d9e,False,,,False
\\sahale.biostr.washington.edu\data\Subjects\AL_0023\2023-08-25\2\widefield.tar,\\sahale.biostr.washington.edu\data\Subjects\AL_0023\2023-08-25\2\widefield.wfz,AL_0023/2023-08-25/2,SAFE,metadata checks pass,150930433536,150930433536,64315974376,64315974376,2,True,True,a32198b676117d2f384c4f667887189b7bd4ae9ef1c3ad1be1fefd10a97f4ed6,False,,,False
\\sahale.biostr.washington.edu\data\Subjects\AB_0032\2024-07-08\1\widefield.tar,\\sahale.biostr.washington.edu\data\Subjects\AB_0032\2024-07-08\1\widefield.wfz,AB_0032/2024-07-08/1,SAFE,metadata checks pass,151111423488,151111423488,65705722562,65705722562,2,True,True,9443c6008194898e91c0e765b3c0fa2f551434334b13c024ebf54ab6c28adb44,False,,,False
\\sahale.biostr.washington.edu\data\Subjects\AL_0035\2024-09-04\1\widefield.tar,\\sahale.biostr.washington.edu\data\Subjects\AL_0035\2024-09-04\1\widefield.wfz,AL_0035/2024-09-04/1,SAFE,metadata checks pass,150357087744,150357087744,65167266515,65167266515,2,True,True,d1faa63c3c7e2ed9de5195a46dee14cc21ec1308bfb5e3a7bff172c44ce19162,False,,,False
\\sahale.biostr.washington.edu\data\Subjects\ZYE_0097\2025-07-26\1\widefield.tar,\\sahale.biostr.washington.edu\data\Subjects\ZYE_0097\2025-07-26\1\widefield.wfz,ZYE_0097/2025-07-26/1,SAFE,metadata checks pass,149934355968,149934355968,56535625734,56535625734,2,True,True,73f0bc61823aaf282032a3864600cd3f45464db03d50de65aa1ee5bedb628c70,False,,,False
\\sahale.biostr.washington.edu\data\Subjects\ZYE_0052\2021-12-31\1\widefield.tar,\\sahale.biostr.washington.edu\data\Subjects\ZYE_0052\2021-12-31\1\widefield.wfz,ZYE_0052/2021-12-31/1,SAFE,metadata checks pass,149913472512,149913472512,66963190062,66963190062,2,True,True,aa6cc6b3eea42195d77da51c398602e43a902a3ab6cef776ec8b604f462cb676,False,,,False
\\sahale.biostr.washington.edu\data\Subjects\ZYE_0088\2024-07-16\2\widefield.tar,\\sahale.biostr.washington.edu\data\Subjects\ZYE_0088\2024-07-16\2\widefield.wfz,ZYE_0088/2024-07-16/2,SAFE,metadata checks pass,149878666752,149878666752,61005162023,61005162023,2,True,True,ada0ea2e1fac00680d4137b83a91ddef2ec9fdf0ad23224819640830ecb45fa6,False,,,False
\\sahale.biostr.washington.edu\data\Subjects\ZYE_0088\2024-07-13\2\widefield.tar,\\sahale.biostr.washington.edu\data\Subjects\ZYE_0088\2024-07-13\2\widefield.wfz,ZYE_0088/2024-07-13/2,SAFE,metadata checks pass,149832470016,149832470016,61988835581,61988835581,2,True,True,369f76e7c22972a985ce2bb22a77ba0584b19dd6ac9dd75647d881c88e333ecf,False,,,False
\\sahale.biostr.washington.edu\data\Subjects\ZYE_0053\2021-12-20\1\widefield.tar,\\sahale.biostr.washington.edu\data\Subjects\ZYE_0053\2021-12-20\1\widefield.wfz,ZYE_0053/2021-12-20/1,SAFE,metadata checks pass,149805891072,149805891072,66436055059,66436055059,2,True,True,27f0a849680e91feaa820dd1a1dc09105d98134869f05781d965e54dd0734e7b,False,,,False
\\sahale.biostr.washington.edu\data\Subjects\AL_0035\2024-12-09\1\widefield.tar,\\sahale.biostr.washington.edu\data\Subjects\AL_0035\2024-12-09\1\widefield.wfz,AL_0035/2024-12-09/1,SAFE,metadata checks pass,149788804608,149788804608,65210889294,65210889294,2,True,True,9e0f15cfdec3ef7c778e79bb3e019fea709c8ec4ed6d8505dbd9bbbb883affbc,False,,,False
\\sahale.biostr.washington.edu\data\Subjects\ZYE_0043\2021-09-27\1\widefield.tar,\\sahale.biostr.washington.edu\data\Subjects\ZYE_0043\2021-09-27\1\widefield.wfz,ZYE_0043/2021-09-27/1,SAFE,metadata checks pass,149714763264,149714763264,65664931726,65664931726,2,True,True,47a841ae71eeed7d784af5b6c80e7674eceb207b6db95c882e3b3e44c955b2a2,False,,,False
\\sahale.biostr.washington.edu\data\Subjects\ZYE_0090\2024-08-13\3\widefield.tar,\\sahale.biostr.washington.edu\data\Subjects\ZYE_0090\2024-08-13\3\widefield.wfz,ZYE_0090/2024-08-13/3,SAFE,metadata checks pass,149555289600,149555289600,60440557641,60440557641,2,True,True,323f0b983b30dd590e5e4aee113edb33bd6fb96e264945c42f6cbbdbce37b580,False,,,False
\\sahale.biostr.washington.edu\data\Subjects\ZYE_0091\2024-07-12\1\widefield.tar,\\sahale.biostr.washington.edu\data\Subjects\ZYE_0091\2024-07-12\1\widefield.wfz,ZYE_0091/2024-07-12/1,SAFE,metadata checks pass,149278109184,149278109184,59900836437,59900836437,2,True,True,766ff0d4860f3aad0d9aee2d85c3be6cee256fd6dce94eaa39ed4f32953d5d8d,False,,,False
\\sahale.biostr.washington.edu\data\Subjects\AB_0032\2024-07-19\1\widefield.tar,\\sahale.biostr.washington.edu\data\Subjects\AB_0032\2024-07-19\1\widefield.wfz,AB_0032/2024-07-19/1,SAFE,metadata checks pass,148181411328,148181411328,63600345054,63600345054,2,True,True,4e61b47ffc3d945633ce46a20215939b75e6531850b7fa1ab408502dae58d524,False,,,False
\\sahale.biostr.washington.edu\data\Subjects\ZYE_0072\2023-01-15\1\widefield.tar,\\sahale.biostr.washington.edu\data\Subjects\ZYE_0072\2023-01-15\1\widefield.wfz,ZYE_0072/2023-01-15/1,SAFE,metadata checks pass,148160527872,148160527872,61858282414,61858282414,2,True,True,f47c63f042657fe70bde6336de39069bb3edf4473db31a290524832a1df289a7,False,,,False
\\sahale.biostr.washington.edu\data\Subjects\ZYE_0090\2025-03-14\3\widefield.tar,\\sahale.biostr.washington.edu\data\Subjects\ZYE_0090\2025-03-14\3\widefield.wfz,ZYE_0090/2025-03-14/3,SAFE,metadata checks pass,148123823616,148123823616,62475266391,62475266391,2,True,True,f86c99df0ea5e6e6ae7b49335c57a500d28699172a4d8aa8c26412705108fc9b,False,,,False
\\sahale.biostr.washington.edu\data\Subjects\ZYE_0026\2021-03-22\1\widefield.tar,\\sahale.biostr.washington.edu\data\Subjects\ZYE_0026\2021-03-22\1\widefield.wfz,ZYE_0026/2021-03-22/1,SAFE,metadata checks pass,147369188864,147369188864,68666344782,68666344782,2,True,True,40ad44fc1269d2a34f71b767c730e768deb799649cfced0b6e9fd734c81c51d2,False,,,False
\\sahale.biostr.washington.edu\data\Subjects\ZYE_0054\2022-01-03\1\widefield.tar,\\sahale.biostr.washington.edu\data\Subjects\ZYE_0054\2022-01-03\1\widefield.wfz,ZYE_0054/2022-01-03/1,SAFE,metadata checks pass,147135972864,147135972864,65574837835,65574837835,2,True,True,a35dd1fc993f242cc4f27cfbb813f66912912b8ec17c92acc72fc475191cdf6e,False,,,False
\\sahale.biostr.washington.edu\data\Subjects\ZYE_0038\2021-09-02\2\widefield.tar,\\sahale.biostr.washington.edu\data\Subjects\ZYE_0038\2021-09-02\2\widefield.wfz,ZYE_0038/2021-09-02/2,SAFE,metadata checks pass,146985991680,146985991680,65038900837,65038900837,2,True,True,1d7283e618d07a8c56988e19a894a28282d61854d29acb60fa9f768f7f7f44c0,False,,,False
\\sahale.biostr.washington.edu\data\Subjects\ZYE_0091\2025-02-28\3\widefield.tar,\\sahale.biostr.washington.edu\data\Subjects\ZYE_0091\2025-02-28\3\widefield.wfz,ZYE_0091/2025-02-28/3,SAFE,metadata checks pass,146839807488,146839807488,59998424279,59998424279,2,True,True,ba2d6bf11995eb08bdc939d3ca284548ae264b0d01d7e9525eca8a6efad6fc04,False,,,False
\\sahale.biostr.washington.edu\data\Subjects\AL_0041\2026-02-19\2\widefield.tar,\\sahale.biostr.washington.edu\data\Subjects\AL_0041\2026-02-19\2\widefield.wfz,AL_0041/2026-02-19/2,SAFE,metadata checks pass,146498078208,146498078208,56138860310,56138860310,2,True,True,9f8a34e5976d28f6afdaa45d0dc221c3de3600fb49fe94a090889e0539381bba,False,,,False
\\sahale.biostr.washington.edu\data\Subjects\ZYE_0026\2021-03-19\1\widefield.tar,\\sahale.biostr.washington.edu\data\Subjects\ZYE_0026\2021-03-19\1\widefield.wfz,ZYE_0026/2021-03-19/1,SAFE,metadata checks pass,146463371776,146463371776,67476679333,67476679333,2,True,True,ebea6316bd02cac96c78af8983350b716e7b7a3025a787df7913be815349a305,False,,,False
\\sahale.biostr.washington.edu\data\Subjects\ZYE_0090\2025-06-07\1\widefield.tar,\\sahale.biostr.washington.edu\data\Subjects\ZYE_0090\2025-06-07\1\widefield.wfz,ZYE_0090/2025-06-07/1,SAFE,metadata checks pass,146131035648,146131035648,59338981372,59338981372,2,True,True,1eec8ce4b688caf1d848f4b9f2aa6efa74e78a66399dbe1bb57feab8cd797771,False,,,False
\\sahale.biostr.washington.edu\data\Subjects\ZYE_0092\2025-06-14\1\widefield.tar,\\sahale.biostr.washington.edu\data\Subjects\ZYE_0092\2025-06-14\1\widefield.wfz,ZYE_0092/2025-06-14/1,SAFE,metadata checks pass,145947514368,145947514368,51843317420,51843317420,2,True,True,71d3febbe46f22ebbe1d62371c0fef3e28c580d73733140b13f4a7470de99d16,False,,,False
\\sahale.biostr.washington.edu\data\Subjects\AL_0035\2024-09-10\1\widefield.tar,\\sahale.biostr.washington.edu\data\Subjects\AL_0035\2024-09-10\1\widefield.wfz,AL_0035/2024-09-10/1,SAFE,metadata checks pass,145750703616,145750703616,61847362125,61847362125,2,True,True,2d1a08fe10e300f367cec576fdf1fc6fee174bc51e5f53753793577cad9094c2,False,,,False
\\sahale.biostr.washington.edu\data\Subjects\ZYE_0087\2024-09-07\1\widefield.tar,\\sahale.biostr.washington.edu\data\Subjects\ZYE_0087\2024-09-07\1\widefield.wfz,ZYE_0087/2024-09-07/1,SAFE,metadata checks pass,145658942976,145658942976,58857221693,58857221693,2,True,True,fe0b1f477886c503c1db53d387bbb34bb7e7553c7797e923f975a024655ed85c,False,,,False
\\sahale.biostr.washington.edu\data\Subjects\ZYE_0085\2024-07-18\3\widefield.tar,\\sahale.biostr.washington.edu\data\Subjects\ZYE_0085\2024-07-18\3\widefield.wfz,ZYE_0085/2024-07-18/3,SAFE,metadata checks pass,145450741248,145450741248,58106223188,58106223188,2,True,True,db19031963178556377770794ac7f1fb739d1be183ece53c23f13c079d57f75c,False,,,False
\\sahale.biostr.washington.edu\data\Subjects\ZYE_0090\2025-06-10\2\widefield.tar,\\sahale.biostr.washington.edu\data\Subjects\ZYE_0090\2025-06-10\2\widefield.wfz,ZYE_0090/2025-06-10/2,SAFE,metadata checks pass,145213429248,145213429248,57283595801,57283595801,2,True,True,c53f4a5c2e95f6ceccecf28cbf882381f16aa503fe66c6e210a043e09d1bd3d9,False,,,False
\\sahale.biostr.washington.edu\data\Subjects\ZYE_0070\2023-01-14\1\widefield.tar,\\sahale.biostr.washington.edu\data\Subjects\ZYE_0070\2023-01-14\1\widefield.wfz,ZYE_0070/2023-01-14/1,SAFE,metadata checks pass,145237476864,145237476864,62374271525,62374271525,2,True,True,e559a3df1115259a3236b804be870c700443ee6e9809f95bab943689166c6e25,False,,,False
\\sahale.biostr.washington.edu\data\Subjects\ZYE_0050\2021-12-11\1\widefield.tar,\\sahale.biostr.washington.edu\data\Subjects\ZYE_0050\2021-12-11\1\widefield.wfz,ZYE_0050/2021-12-11/1,SAFE,metadata checks pass,145103949312,145103949312,65680976418,65680976418,2,True,True,e5798edd81ed4b0588b58e6506de9b5db756e115bf0d65af7f6536e0332e5604,False,,,False
\\sahale.biostr.washington.edu\data\Subjects\AL_0033\2024-12-23\1\widefield.tar,\\sahale.biostr.washington.edu\data\Subjects\AL_0033\2024-12-23\1\widefield.wfz,AL_0033/2024-12-23/1,SAFE,metadata checks pass,145081192448,145081192448,60944010459,60944010459,2,True,True,f295c39fd32331fe9d751e6eb7327f98817e054f3280058041c69e698a2c6961,False,,,False
\\sahale.biostr.washington.edu\data\Subjects\ZYE_0055\2022-01-07\4\widefield.tar,\\sahale.biostr.washington.edu\data\Subjects\ZYE_0055\2022-01-07\4\widefield.wfz,ZYE_0055/2022-01-07/4,SAFE,metadata checks pass,145042564608,145042564608,67000437610,67000437610,2,True,True,d6ac28f1cd8218be1e5ce10d248d51df9133c5100070dcacc14ed3054cb74273,False,,,False
\\sahale.biostr.washington.edu\data\Subjects\ZYE_0072\2023-01-22\5\widefield.tar,\\sahale.biostr.washington.edu\data\Subjects\ZYE_0072\2023-01-22\5\widefield.wfz,ZYE_0072/2023-01-22/5,SAFE,metadata checks pass,144641349120,144641349120,57200406159,57200406159,2,True,True,5b1f603a6ce493b4134982666d87f0378da97834d2b314e7a9dd5894dec0fd93,False,,,False
\\sahale.biostr.washington.edu\data\Subjects\ZYE_0090\2025-03-06\5\widefield.tar,\\sahale.biostr.washington.edu\data\Subjects\ZYE_0090\2025-03-06\5\widefield.wfz,ZYE_0090/2025-03-06/5,SAFE,metadata checks pass,144525540864,144525540864,61057989294,61057989294,2,True,True,640a0af3bc9b331a5955cc8eade22c6b340e46fcc91101e01930cacfeadee6b6,False,,,False
\\sahale.biostr.washington.edu\data\Subjects\ZYE_0016\2020-12-21\1\widefield.tar,\\sahale.biostr.washington.edu\data\Subjects\ZYE_0016\2020-12-21\1\widefield.wfz,ZYE_0016/2020-12-21/1,SAFE,metadata checks pass,144413504000,144413504000,62997509396,62997509396,2,True,True,ba204645c85e70bd90f615c77d400c34e34e8fc04014d1982610e866edbf886e,False,,,False
\\sahale.biostr.washington.edu\data\Subjects\ZYE_0095\2025-07-26\1\widefield.tar,\\sahale.biostr.washington.edu\data\Subjects\ZYE_0095\2025-07-26\1\widefield.wfz,ZYE_0095/2025-07-26/1,SAFE,metadata checks pass,144157232640,144157232640,55266191433,55266191433,2,True,True,0a518563cebee3c48dfeffb3a94b44b0e410860a0e2be575e7a1fc159485fbcb,False,,,False
\\sahale.biostr.washington.edu\data\Subjects\ZYE_0060\2022-03-23\2\widefield.tar,\\sahale.biostr.washington.edu\data\Subjects\ZYE_0060\2022-03-23\2\widefield.wfz,ZYE_0060/2022-03-23/2,SAFE,metadata checks pass,144202796544,144202796544,63413699158,63413699158,2,True,True,deed3fdaade541ea25faa9b88b8bb45b07ee5fb5d1b1614c3448ed66f54a6ea6,False,,,False
\\sahale.biostr.washington.edu\data\Subjects\ZYE_0089\2024-07-08\1\widefield.tar,\\sahale.biostr.washington.edu\data\Subjects\ZYE_0089\2024-07-08\1\widefield.wfz,ZYE_0089/2024-07-08/1,SAFE,metadata checks pass,144145841664,144145841664,57552039545,57552039545,2,True,True,d62b2c41cd6f8346861aac50a252fcdcd7332490609ad3b5881333cc8c3fe583,False,,,False
\\sahale.biostr.washington.edu\data\Subjects\AL_0032\2024-05-12\1\widefield.tar,\\sahale.biostr.washington.edu\data\Subjects\AL_0032\2024-05-12\1\widefield.wfz,AL_0032/2024-05-12/1,SAFE,metadata checks pass,143971180032,143971180032,57934816102,57934816102,2,True,True,20bad91a3cdc18ac9338c2db3e2a0e51b3774417b8f9bd6e83d2358863764d8d,False,,,False
\\sahale.biostr.washington.edu\data\Subjects\ZYE_0098\2025-12-17\2\widefield.tar,\\sahale.biostr.washington.edu\data\Subjects\ZYE_0098\2025-12-17\2\widefield.wfz,ZYE_0098/2025-12-17/2,SAFE,metadata checks pass,93542696960,93542696960,32514339901,32514339901,2,True,True,3eb0f3dd2669fcb03c0ab846c0b0b992e0f61c0c0b48086a291773e5a9f4af2b,False,,,False
\\sahale.biostr.washington.edu\data\Subjects\AL_0035\2024-08-12\1\widefield.tar,\\sahale.biostr.washington.edu\data\Subjects\AL_0035\2024-08-12\1\widefield.wfz,AL_0035/2024-08-12/1,SAFE,metadata checks pass,143465547264,143465547264,59289722123,59289722123,2,True,True,5ab986bb190968a972ffc9071a28a6adcdfe4803ca4a850ad851a69da23884bc,False,,,False
\\sahale.biostr.washington.edu\data\Subjects\AL_0041\2026-02-28\2\widefield.tar,\\sahale.biostr.washington.edu\data\Subjects\AL_0041\2026-02-28\2\widefield.wfz,AL_0041/2026-02-28/2,SAFE,metadata checks pass,143093856768,143093856768,55745430238,55745430238,2,True,True,cd7237eef12214908023be990d6ade7096a5eca0d83cf5d0a9f21a07f77b9013,False,,,False
\\sahale.biostr.washington.edu\data\Subjects\ZYE_0090\2025-06-05\1\widefield.tar,\\sahale.biostr.washington.edu\data\Subjects\ZYE_0090\2025-06-05\1\widefield.wfz,ZYE_0090/2025-06-05/1,SAFE,metadata checks pass,143071925760,143071925760,57796670077,57796670077,2,True,True,f8d92d57f724b35662888d298740939deaed5ac3dffc67a0ca46a1a0017d8c8b,False,,,False
\\sahale.biostr.washington.edu\data\Subjects\ZYE_0091\2024-07-09\1\widefield.tar,\\sahale.biostr.washington.edu\data\Subjects\ZYE_0091\2024-07-09\1\widefield.wfz,ZYE_0091/2024-07-09/1,SAFE,metadata checks pass,142937765376,142937765376,56929382038,56929382038,2,True,True,edd937883076e270901cce348429f9b3aa8937b8707c89d184aa70f42f480134,False,,,False
\\sahale.biostr.washington.edu\data\Subjects\AL_0041\2025-11-03\1\widefield.tar,\\sahale.biostr.washington.edu\data\Subjects\AL_0041\2025-11-03\1\widefield.wfz,AL_0041/2025-11-03/1,SAFE,metadata checks pass,143040284160,143040284160,57342460698,57342460698,2,True,True,4aa2a66fe785182bcf0522a8b76ec3406857023d1a7698adee20383e50def64a,False,,,False
\\sahale.biostr.washington.edu\data\Subjects\AL_0016\2022-10-04\1\widefield.tar,\\sahale.biostr.washington.edu\data\Subjects\AL_0016\2022-10-04\1\widefield.wfz,AL_0016/2022-10-04/1,SAFE,metadata checks pass,143087113728,143087113728,61821484753,61821484753,2,True,True,218c09b72373d8d9a6001d8495e1504b5eb782ae9352690a544e6c16c6864f09,False,,,False
\\sahale.biostr.washington.edu\data\Subjects\ZYE_0055\2022-01-24\3\widefield.tar,\\sahale.biostr.washington.edu\data\Subjects\ZYE_0055\2022-01-24\3\widefield.wfz,ZYE_0055/2022-01-24/3,SAFE,metadata checks pass,143214312960,143214312960,65953960426,65953960426,2,True,True,2e784e2f4614b6192475a5a631b2140ca5361565dca4f2ed58d531bd187d6528,False,,,False
\\sahale.biostr.washington.edu\data\Subjects\ZYE_0088\2024-07-15\2\widefield.tar,\\sahale.biostr.washington.edu\data\Subjects\ZYE_0088\2024-07-15\2\widefield.wfz,ZYE_0088/2024-07-15/2,SAFE,metadata checks pass,142744751616,142744751616,59344172777,59344172777,2,True,True,9e2e57be1f3b8249a9aca9d0d95ca2a7a9f43648bd78c9e52fdac286b2f1314e,False,,,False
\\sahale.biostr.washington.edu\data\Subjects\ZYE_0014\2020-10-28\1\widefield.tar,\\sahale.biostr.washington.edu\data\Subjects\ZYE_0014\2020-10-28\1\widefield.wfz,ZYE_0014/2020-10-28/1,SAFE,metadata checks pass,142943867392,142943867392,64859471295,64859471295,2,True,True,884840d2c361162e7c4e6a28a81ce69ec34e4c93e7cd45a9ca90881685bcf36d,False,,,False
\\sahale.biostr.washington.edu\data\Subjects\ZYE_0097\2025-07-18\1\widefield.tar,\\sahale.biostr.washington.edu\data\Subjects\ZYE_0097\2025-07-18\1\widefield.wfz,ZYE_0097/2025-07-18/1,SAFE,metadata checks pass,142620083712,142620083712,55192515391,55192515391,2,True,True,e711b398b5ec496fa662ed5c999baf49a9d779976507377f908360cfdd77badd,False,,,False
\\sahale.biostr.washington.edu\data\Subjects\ZYE_0087\2024-09-06\3\widefield.tar,\\sahale.biostr.washington.edu\data\Subjects\ZYE_0087\2024-09-06\3\widefield.wfz,ZYE_0087/2024-09-06/3,SAFE,metadata checks pass,142322652672,142322652672,55529073446,55529073446,2,True,True,282e1ea43f46bce213a7ec353c1543ce494cbd7bf23492ba02c4b82a7b03ce3b,False,,,False
\\sahale.biostr.washington.edu\data\Subjects\ZYE_0077\2024-07-22\1\widefield.tar,\\sahale.biostr.washington.edu\data\Subjects\ZYE_0077\2024-07-22\1\widefield.wfz,ZYE_0077/2024-07-22/1,SAFE,metadata checks pass,142275190272,142275190272,57180166833,57180166833,2,True,True,f0df0e09e14b25aaebec5002d68c48ef25a245e79eb9a7e50640ed9ad2b1cf74,False,,,False
\\sahale.biostr.washington.edu\data\Subjects\AL_0048\2026-07-14\1\widefield.tar,\\sahale.biostr.washington.edu\data\Subjects\AL_0048\2026-07-14\1\widefield.wfz,AL_0048/2026-07-14/1,SAFE,metadata checks pass,142241423872,142241423872,55903875696,55903875696,2,True,True,51344677ef73d1a3a2f4f680177e272f23eb38c2d1ccac00a96ce47bf649d776,False,,,False
\\sahale.biostr.washington.edu\data\Subjects\ZYE_0090\2025-02-25\1\widefield.tar,\\sahale.biostr.washington.edu\data\Subjects\ZYE_0090\2025-02-25\1\widefield.wfz,ZYE_0090/2025-02-25/1,SAFE,metadata checks pass,142001174016,142001174016,59329485012,59329485012,2,True,True,9cf5c0caf54b39c4f30f3b1da5d7426bf712d884cd8025c8f8e56c8f9b049fa5,False,,,False
\\sahale.biostr.washington.edu\data\Subjects\ZYE_0060\2022-03-26\1\widefield.tar,\\sahale.biostr.washington.edu\data\Subjects\ZYE_0060\2022-03-26\1\widefield.wfz,ZYE_0060/2022-03-26/1,SAFE,metadata checks pass,142178999808,142178999808,64262700873,64262700873,2,True,True,3b00e8d27423e3532d5e7436f69bf0bb50d7b0b75c55fa6bfa382c22ee84ec66,False,,,False
\\sahale.biostr.washington.edu\data\Subjects\ZYE_0055\2022-01-06\1\widefield.tar,\\sahale.biostr.washington.edu\data\Subjects\ZYE_0055\2022-01-06\1\widefield.wfz,ZYE_0055/2022-01-06/1,SAFE,metadata checks pass,142101794304,142101794304,65671550550,65671550550,2,True,True,5395c9eb1c2b9f0234e913162a3c5221f023e439646098b53bd536c1b8ea55b6,False,,,False
\\sahale.biostr.washington.edu\data\Subjects\ZYE_0085\2024-07-17\1\widefield.tar,\\sahale.biostr.washington.edu\data\Subjects\ZYE_0085\2024-07-17\1\widefield.wfz,ZYE_0085/2024-07-17/1,SAFE,metadata checks pass,141923335680,141923335680,58588737492,58588737492,2,True,True,79af054c6006c0b6f008473d07bf99751e97974cc381d0734b019ec48032cb2f,False,,,False
\\sahale.biostr.washington.edu\data\Subjects\ZYE_0085\2024-09-08\1\widefield.tar,\\sahale.biostr.washington.edu\data\Subjects\ZYE_0085\2024-09-08\1\widefield.wfz,ZYE_0085/2024-09-08/1,SAFE,metadata checks pass,141819551232,141819551232,59624230003,59624230003,2,True,True,f4ca95dc40afc2a7ca220beda1ff6000de462df4329e66c3f274dceb79aa939e,False,,,False
\\sahale.biostr.washington.edu\data\Subjects\ZYE_0089\2025-05-03\1\widefield.tar,\\sahale.biostr.washington.edu\data\Subjects\ZYE_0089\2025-05-03\1\widefield.wfz,ZYE_0089/2025-05-03/1,SAFE,metadata checks pass,141586036224,141586036224,57621950875,57621950875,2,True,True,831d84509e9b81ad99e478aec4122e42986216acc39da55626f9cd4e6b547613,False,,,False
\\sahale.biostr.washington.edu\data\Subjects\ZYE_0085\2024-07-22\1\widefield.tar,\\sahale.biostr.washington.edu\data\Subjects\ZYE_0085\2024-07-22\1\widefield.wfz,ZYE_0085/2024-07-22/1,SAFE,metadata checks pass,141398085120,141398085120,58588071174,58588071174,2,True,True,5e38e3527ca64adbf7c077977807ec276f1881129aa484233d97411c77d08f76,False,,,False
\\sahale.biostr.washington.edu\data\Subjects\ZYE_0050\2021-12-12\3\widefield.tar,\\sahale.biostr.washington.edu\data\Subjects\ZYE_0050\2021-12-12\3\widefield.wfz,ZYE_0050/2021-12-12/3,SAFE,metadata checks pass,141575910912,141575910912,62996160636,62996160636,2,True,True,8467c3053cb0e841425ad5e8d529fbb183eaffc1c309b0a89c574a4d3c6fe08f,False,,,False
\\sahale.biostr.washington.edu\data\Subjects\AL_0041\2026-02-27\1\widefield.tar,\\sahale.biostr.washington.edu\data\Subjects\AL_0041\2026-02-27\1\widefield.wfz,AL_0041/2026-02-27/1,SAFE,metadata checks pass,141174313472,141174313472,55354378228,55354378228,2,True,True,05951f94db2816f9d078157c62e2a7f208984e3e54a773e88392ba6f95d3d15b,False,,,False
\\sahale.biostr.washington.edu\data\Subjects\ZYE_0091\2024-09-08\1\widefield.tar,\\sahale.biostr.washington.edu\data\Subjects\ZYE_0091\2024-09-08\1\widefield.wfz,ZYE_0091/2024-09-08/1,SAFE,metadata checks pass,141368974848,141368974848,59215204920,59215204920,2,True,True,baeb9080458086f19ec83422762db8c03b63bf836abade5afb3414d7e6c12d93,False,,,False
\\sahale.biostr.washington.edu\data\Subjects\ZYE_0090\2024-07-27\1\widefield.tar,\\sahale.biostr.washington.edu\data\Subjects\ZYE_0090\2024-07-27\1\widefield.wfz,ZYE_0090/2024-07-27/1,SAFE,metadata checks pass,141218993664,141218993664,57230608218,57230608218,2,True,True,935cb1df8a4bceec169e2257946064a043be353215653d24f30a8a2033f84bdd,False,,,False
\\sahale.biostr.washington.edu\data\Subjects\ZYE_0086\2025-03-05\1\widefield.tar,\\sahale.biostr.washington.edu\data\Subjects\ZYE_0086\2025-03-05\1\widefield.wfz,ZYE_0086/2025-03-05/1,SAFE,metadata checks pass,141301262848,141301262848,55875135627,55875135627,2,True,True,eb14890bbed72367eec68a4a65a04ab1c4404a1fcdc16267b58634acd57f52d6,False,,,False
\\sahale.biostr.washington.edu\data\Subjects\AL_0037\2025-02-28\2\widefield.tar,\\sahale.biostr.washington.edu\data\Subjects\AL_0037\2025-02-28\2\widefield.wfz,AL_0037/2025-02-28/2,SAFE,metadata checks pass,140422258176,140422258176,54251041894,54251041894,2,True,True,35a260ae7ebc3236b3850e413e5d573f68700a2d33366fbc4e1ca927f9fb1994,False,,,False
\\sahale.biostr.washington.edu\data\Subjects\AL_0037\2025-02-11\4\widefield.tar,\\sahale.biostr.washington.edu\data\Subjects\AL_0037\2025-02-11\4\widefield.wfz,AL_0037/2025-02-11/4,SAFE,metadata checks pass,139744495104,139744495104,56634695268,56634695268,2,True,True,b5d99810d84278b34c73175843d0d5d024d7b587eafedb4628139107594505f4,False,,,False
\\sahale.biostr.washington.edu\data\Subjects\ZYE_0066\2022-10-25\6\widefield.tar,\\sahale.biostr.washington.edu\data\Subjects\ZYE_0066\2022-10-25\6\widefield.wfz,ZYE_0066/2022-10-25/6,SAFE,metadata checks pass,138695259648,138695259648,58147106861,58147106861,2,True,True,f705c24ce73f5aecffac350e6fab5e3250ec781dbe406a43b1b29a24b3afa70f,False,,,False
\\sahale.biostr.washington.edu\data\Subjects\ZYE_0090\2024-08-14\1\widefield.tar,\\sahale.biostr.washington.edu\data\Subjects\ZYE_0090\2024-08-14\1\widefield.wfz,ZYE_0090/2024-08-14/1,SAFE,metadata checks pass,139264808448,139264808448,56271815091,56271815091,2,True,True,cdc4d55f275b664bd6c8e59f804c97d03f03e95b3072d846bf73f8b45e2db44c,False,,,False
\\sahale.biostr.washington.edu\data\Subjects\ZYE_0087\2024-08-19\1\widefield.tar,\\sahale.biostr.washington.edu\data\Subjects\ZYE_0087\2024-08-19\1\widefield.wfz,ZYE_0087/2024-08-19/1,SAFE,metadata checks pass,140232408576,140232408576,55865907757,55865907757,2,True,True,a1d8b15a79d4a1e591238786d02e60544724b523669e7e6f13ede13c1cce7c7f,False,,,False
\\sahale.biostr.washington.edu\data\Subjects\AL_0032\2024-04-09\1\widefield.tar,\\sahale.biostr.washington.edu\data\Subjects\AL_0032\2024-04-09\1\widefield.wfz,AL_0032/2024-04-09/1,SAFE,metadata checks pass,138663618048,138663618048,58786392694,58786392694,2,True,True,ef09b743b21bf72954d9ad9bfa7139f9308eac34f52987d4e3b04fd4c4afa5c4,False,,,False
\\sahale.biostr.washington.edu\data\Subjects\ZYE_0052\2021-12-18\2\widefield.tar,\\sahale.biostr.washington.edu\data\Subjects\ZYE_0052\2021-12-18\2\widefield.wfz,ZYE_0052/2021-12-18/2,SAFE,metadata checks pass,138743987712,138743987712,62884590354,62884590354,2,True,True,15d8630620180beba9c207d7046f95b18fb6ecffd807539eb1a2b7b067dde69c,False,,,False
\\sahale.biostr.washington.edu\data\Subjects\AL_0014\2022-08-09\2\widefield.tar,\\sahale.biostr.washington.edu\data\Subjects\AL_0014\2022-08-09\2\widefield.wfz,AL_0014/2022-08-09/2,SAFE,metadata checks pass,138402258432,138402258432,62623767180,62623767180,2,True,True,b858c7288075c00d1bc65154b41a74bc637d473b1fd60d8d301fc48290464a85,False,,,False
\\sahale.biostr.washington.edu\data\Subjects\ZYE_0041\2021-09-02\7\widefield.tar,\\sahale.biostr.washington.edu\data\Subjects\ZYE_0041\2021-09-02\7\widefield.wfz,ZYE_0041/2021-09-02/7,SAFE,metadata checks pass,138379476480,138379476480,60590726226,60590726226,2,True,True,be0c2abc808a05ea066d4e185771a2b7884932f1a41829197aa1ad2ee95c865a,False,,,False
\\sahale.biostr.washington.edu\data\Subjects\ZYE_0091\2024-07-28\1\widefield.tar,\\sahale.biostr.washington.edu\data\Subjects\ZYE_0091\2024-07-28\1\widefield.wfz,ZYE_0091/2024-07-28/1,SAFE,metadata checks pass,138123812352,138123812352,56216727522,56216727522,2,True,True,61bf9fbecda8f46a5bf0f03b52542be8db24ff870daf01cc88ba561d0ee430f1,False,,,False
\\sahale.biostr.washington.edu\data\Subjects\AL_0027\2023-12-07\1\widefield.tar,\\sahale.biostr.washington.edu\data\Subjects\AL_0027\2023-12-07\1\widefield.wfz,AL_0027/2023-12-07/1,SAFE,metadata checks pass,138092803584,138092803584,60008741519,60008741519,2,True,True,fa849f22255b4107597563ba6a8575adfd6dc6b667fd3979412ad87e521e0893,False,,,False
\\sahale.biostr.washington.edu\data\Subjects\AL_0041\2026-02-10\1\widefield.tar,\\sahale.biostr.washington.edu\data\Subjects\AL_0041\2026-02-10\1\widefield.wfz,AL_0041/2026-02-10/1,SAFE,metadata checks pass,138029476352,138029476352,59711158849,59711158849,2,True,True,7dcf55a6f5b483c6efab99aa763fd2a897c8e786d756bad0676a29711598aa3a,False,,,False
\\sahale.biostr.washington.edu\data\Subjects\ZYE_0053\2021-12-22\1\widefield.tar,\\sahale.biostr.washington.edu\data\Subjects\ZYE_0053\2021-12-22\1\widefield.wfz,ZYE_0053/2021-12-22/1,SAFE,metadata checks pass,138167477760,138167477760,61525269141,61525269141,2,True,True,3d61a695d6f9282cdb79f46cb86fcb6de8ec0cf195dcc49d125aa6611b4b2e58,False,,,False
\\sahale.biostr.washington.edu\data\Subjects\ZYE_0014\2020-12-23\1\widefield.tar,\\sahale.biostr.washington.edu\data\Subjects\ZYE_0014\2020-12-23\1\widefield.wfz,ZYE_0014/2020-12-23/1,SAFE,metadata checks pass,137754610176,137754610176,61879557481,61879557481,2,True,True,0fdfd554dcb0e5b43f73e90ffc8d9c936dd2897b4f95559eee0ed5a3960ee465,False,,,False
\\sahale.biostr.washington.edu\data\Subjects\ZYE_0052\2021-12-22\4\widefield.tar,\\sahale.biostr.washington.edu\data\Subjects\ZYE_0052\2021-12-22\4\widefield.wfz,ZYE_0052/2021-12-22/4,SAFE,metadata checks pass,137740316160,137740316160,61438298522,61438298522,2,True,True,f9b232337f854e7f31969e6077ff75a5ce0836c9fb1e20251c7829f7a70083aa,False,,,False
\\sahale.biostr.washington.edu\data\Subjects\ZYE_0098\2025-07-16\1\widefield.tar,\\sahale.biostr.washington.edu\data\Subjects\ZYE_0098\2025-07-16\1\widefield.wfz,ZYE_0098/2025-07-16/1,SAFE,metadata checks pass,137711205888,137711205888,50849122383,50849122383,2,True,True,d11233e051b58e56157af4fc843c23fec417a1a7fd82569d51af40fa4577ccd1,False,,,False
\\sahale.biostr.washington.edu\data\Subjects\AL_0030\2024-01-23\1\widefield.tar,\\sahale.biostr.washington.edu\data\Subjects\AL_0030\2024-01-23\1\widefield.wfz,AL_0030/2024-01-23/1,SAFE,metadata checks pass,67890851840,67890851840,25990932550,25990932550,2,True,True,b5034a7d239821dd46462a843856c8c197781f9a74d2cd15eb51ed0e0912f6ef,False,,,False
\\sahale.biostr.washington.edu\data\Subjects\AL_0023\2023-10-27\1\widefield.tar,\\sahale.biostr.washington.edu\data\Subjects\AL_0023\2023-10-27\1\widefield.wfz,AL_0023/2023-10-27/1,SAFE,metadata checks pass,87872522240,87872522240,38684634249,38684634249,2,True,True,29064191b5729bbd3361316d06132bec193e47808022d33f202631c7304b6f1b,False,,,False
\\sahale.biostr.washington.edu\data\Subjects\AL_0034\2024-08-19\1\widefield.tar,\\sahale.biostr.washington.edu\data\Subjects\AL_0034\2024-08-19\1\widefield.wfz,AL_0034/2024-08-19/1,SAFE,metadata checks pass,137334038016,137334038016,54513552607,54513552607,2,True,True,fbc3cc603ad423c1193a48235b0e0c9604df59f4075b26ae6773f819590b5a64,False,,,False
\\sahale.biostr.washington.edu\data\Subjects\ZYE_0014\2020-12-10\1\widefield.tar,\\sahale.biostr.washington.edu\data\Subjects\ZYE_0014\2020-12-10\1\widefield.wfz,ZYE_0014/2020-12-10/1,SAFE,metadata checks pass,136994380288,136994380288,61353466158,61353466158,2,True,True,39013da565002782224ef8af5d33a91f5ac0e24cdbd7baeabc7f4c4b23e1cb9b,False,,,False
\\sahale.biostr.washington.edu\data\Subjects\ZYE_0088\2024-09-05\1\widefield.tar,\\sahale.biostr.washington.edu\data\Subjects\ZYE_0088\2024-09-05\1\widefield.wfz,ZYE_0088/2024-09-05/1,SAFE,metadata checks pass,136907509248,136907509248,56734781383,56734781383,2,True,True,278785a5fda10e2bfe8a2a8e2d34c3550e3fcdb4a0b9382e0b507e6d5f3b85e8,False,,,False
\\sahale.biostr.washington.edu\data\Subjects\AL_0033\2024-07-25\1\widefield.tar,\\sahale.biostr.washington.edu\data\Subjects\AL_0033\2024-07-25\1\widefield.wfz,AL_0033/2024-07-25/1,SAFE,metadata checks pass,136525278720,136525278720,55470916045,55470916045,2,True,True,c7fc8473d9523fb7c0656022c93384184f6b657443c4e0db27c3b80996f98511,False,,,False
\\sahale.biostr.washington.edu\data\Subjects\FD_011\2026-04-14\2\widefield.tar,\\sahale.biostr.washington.edu\data\Subjects\FD_011\2026-04-14\2\widefield.wfz,FD_011/2026-04-14/2,SAFE,metadata checks pass,136096851456,136096851456,43955658425,43955658425,2,True,True,ea0967e87c8756911b8a99f72515321d2d8424384f180b05607a5a8b0b5f2e2b,False,,,False
\\sahale.biostr.washington.edu\data\Subjects\AL_0038\2025-04-04\2\widefield.tar,\\sahale.biostr.washington.edu\data\Subjects\AL_0038\2025-04-04\2\widefield.wfz,AL_0038/2025-04-04/2,SAFE,metadata checks pass,136100648448,136100648448,49630853311,49630853311,2,True,True,7d739c50a42a91eecfe817750e7f7d2e2a3db59e18f79ad29f3a685570b7024c,False,,,False
\\sahale.biostr.washington.edu\data\Subjects\AL_0038\2025-03-04\1\widefield.tar,\\sahale.biostr.washington.edu\data\Subjects\AL_0038\2025-03-04\1\widefield.wfz,AL_0038/2025-03-04/1,SAFE,metadata checks pass,135523505664,135523505664,51959565020,51959565020,2,True,True,4051259d96d2c71c3483e28571ef60a3f1ea72f5d3a2829f733c452ae0ea7399,False,,,False
\\sahale.biostr.washington.edu\data\Subjects\ZYE_0094\2025-06-16\3\widefield.tar,\\sahale.biostr.washington.edu\data\Subjects\ZYE_0094\2025-06-16\3\widefield.wfz,ZYE_0094/2025-06-16/3,SAFE,metadata checks pass,135494395392,135494395392,47747309332,47747309332,2,True,True,374712fb15428dce16baa265f327636ecbd36bda9528f19b9115d6ff08bd13eb,False,,,False
\\sahale.biostr.washington.edu\data\Subjects\ZYE_0091\2025-03-13\1\widefield.tar,\\sahale.biostr.washington.edu\data\Subjects\ZYE_0091\2025-03-13\1\widefield.wfz,ZYE_0091/2025-03-13/1,SAFE,metadata checks pass,135277334016,135277334016,54864067419,54864067419,2,True,True,11420912845bbef0e257d94202e36559ec76a4d435febdb73156b4c0cf5824ff,False,,,False
\\sahale.biostr.washington.edu\data\Subjects\ZYE_0092\2025-06-14\3\widefield.tar,\\sahale.biostr.washington.edu\data\Subjects\ZYE_0092\2025-06-14\3\widefield.wfz,ZYE_0092/2025-06-14/3,SAFE,metadata checks pass,135119758848,135119758848,48046008755,48046008755,2,True,True,177812abc8013fb8ec21b053c39d8cd5ec69399bcd4603f43c610f1ea3a5c134,False,,,False
\\sahale.biostr.washington.edu\data\Subjects\FD_009\2026-06-25\1\widefield.tar,\\sahale.biostr.washington.edu\data\Subjects\FD_009\2026-06-25\1\widefield.wfz,FD_009/2026-06-25/1,SAFE,metadata checks pass,135270372864,135270372864,51271688467,51271688467,2,True,True,387567a8dc11f4fd4862a858a20258bf035ef7188f928ff02d5ec8fe52fa852e,False,,,False
\\sahale.biostr.washington.edu\data\Subjects\AL_0030\2024-01-18\2\widefield.tar,\\sahale.biostr.washington.edu\data\Subjects\AL_0030\2024-01-18\2\widefield.wfz,AL_0030/2024-01-18/2,SAFE,metadata checks pass,135088750080,135088750080,53899081450,53899081450,2,True,True,a75adfbda0ef8aac35fe45504c2a0caf1b28cb78bf7f0bfc732d6b4ba1c26572,False,,,False
\\sahale.biostr.washington.edu\data\Subjects\ZYE_0014\2021-04-06\3\widefield.tar,\\sahale.biostr.washington.edu\data\Subjects\ZYE_0014\2021-04-06\3\widefield.wfz,ZYE_0014/2021-04-06/3,SAFE,metadata checks pass,134946100736,134946100736,56394627649,56394627649,2,True,True,e4a4327fb775eccddd594ad0652173a3bd34b13122c721c9b901669f0594d548,False,,,False
\\sahale.biostr.washington.edu\data\Subjects\AB_0003\2021-04-19\1\widefield.tar,\\sahale.biostr.washington.edu\data\Subjects\AB_0003\2021-04-19\1\widefield.wfz,AB_0003/2021-04-19/1,SAFE,metadata checks pass,134969924096,134969924096,65149088729,65149088729,2,True,True,054bc48a89425ecd516083aca3092c553fb17755a4b5b3a351ad1257eaeb0324,False,,,False
\\sahale.biostr.washington.edu\data\Subjects\AL_0033\2025-04-11\1\widefield.tar,\\sahale.biostr.washington.edu\data\Subjects\AL_0033\2025-04-11\1\widefield.wfz,AL_0033/2025-04-11/1,SAFE,metadata checks pass,134941933056,134941933056,54542192374,54542192374,2,True,True,f6b9ad06b92dcea7bcde16bf6639653c718792efa9166a32c92767d3777b7469,False,,,False
\\sahale.biostr.washington.edu\data\Subjects\FD_004\2025-10-22\1\widefield.tar,\\sahale.biostr.washington.edu\data\Subjects\FD_004\2025-10-22\1\widefield.wfz,FD_004/2025-10-22/1,SAFE,metadata checks pass,86447390720,86447390720,29948736665,29948736665,2,True,True,5261902e418f6887844e1db50d63caed8cc74ea21b9c7d780b6326826d187e5c,False,,,False
\\sahale.biostr.washington.edu\data\Subjects\ZYE_0052\2022-01-04\1\widefield.tar,\\sahale.biostr.washington.edu\data\Subjects\ZYE_0052\2022-01-04\1\widefield.wfz,ZYE_0052/2022-01-04/1,SAFE,metadata checks pass,134896369152,134896369152,59633213772,59633213772,2,True,True,ed890ec87feccd285ffce619c4ec6d0bcc8a8e1823a3d8827de0bafd5fae49a2,False,,,False
\\sahale.biostr.washington.edu\data\Subjects\ZYE_0090\2024-07-16\1\widefield.tar,\\sahale.biostr.washington.edu\data\Subjects\ZYE_0090\2024-07-16\1\widefield.wfz,ZYE_0090/2024-07-16/1,SAFE,metadata checks pass,134642603520,134642603520,54704146588,54704146588,2,True,True,fd48ccc3ffc7f8f6d97e4cc5281dcfc9874c19b8173eaecc667c2a4afd4b9265,False,,,False
\\sahale.biostr.washington.edu\data\Subjects\ZYE_0085\2024-07-09\3\widefield.tar,\\sahale.biostr.washington.edu\data\Subjects\ZYE_0085\2024-07-09\3\widefield.wfz,ZYE_0085/2024-07-09/3,SAFE,metadata checks pass,134615391744,134615391744,56199082452,56199082452,2,True,True,b23f3ce99fcca8eda248c89693ad8a21e3bb2cf9eac8bd864e03fd6a73ab6e8b,False,,,False
\\sahale.biostr.washington.edu\data\Subjects\ZYE_0094\2025-07-19\1\widefield.tar,\\sahale.biostr.washington.edu\data\Subjects\ZYE_0094\2025-07-19\1\widefield.wfz,ZYE_0094/2025-07-19/1,SAFE,metadata checks pass,134328086016,134328086016,50132203034,50132203034,2,True,True,27e02d3bac2c724fc88405d1773011e3068871140057ca2e9e54419c5d8b363f,False,,,False
\\sahale.biostr.washington.edu\data\Subjects\ZYE_0095\2025-07-10\1\widefield.tar,\\sahale.biostr.washington.edu\data\Subjects\ZYE_0095\2025-07-10\1\widefield.wfz,ZYE_0095/2025-07-10/1,SAFE,metadata checks pass,134264169984,134264169984,48524934382,48524934382,2,True,True,a698791acb1145bb58325aa53fa56efa428b8972ad4a1b1a2ec6f4e3db44c086,False,,,False
\\sahale.biostr.washington.edu\data\Subjects\ZYE_0090\2025-06-11\1\widefield.tar,\\sahale.biostr.washington.edu\data\Subjects\ZYE_0090\2025-06-11\1\widefield.wfz,ZYE_0090/2025-06-11/1,SAFE,metadata checks pass,134323656192,134323656192,53935676827,53935676827,2,True,True,012ee5801668409c308841144640a8a5dc6e878aef9fd5651d544e0e9b51bacf,False,,,False
\\sahale.biostr.washington.edu\data\Subjects\ZYE_0088\2024-07-10\1\widefield.tar,\\sahale.biostr.washington.edu\data\Subjects\ZYE_0088\2024-07-10\1\widefield.wfz,ZYE_0088/2024-07-10/1,SAFE,metadata checks pass,134049639936,134049639936,55683536810,55683536810,2,True,True,6160cb8ca07087b148a15ee1344b420d88570b93ebe1df7898da4f6fe6487303,False,,,False
\\sahale.biostr.washington.edu\data\Subjects\AL_0033\2025-04-29\1\widefield.tar,\\sahale.biostr.washington.edu\data\Subjects\AL_0033\2025-04-29\1\widefield.wfz,AL_0033/2025-04-29/1,SAFE,metadata checks pass,133685761536,133685761536,53533815987,53533815987,2,True,True,6a944d74a0156d9d11d889fe365cceed5ad6b55c5682b8283e137db997afd557,False,,,False
\\sahale.biostr.washington.edu\data\Subjects\ZYE_0027\2021-04-19\1\widefield.tar,\\sahale.biostr.washington.edu\data\Subjects\ZYE_0027\2021-04-19\1\widefield.wfz,ZYE_0027/2021-04-19/1,SAFE,metadata checks pass,134045048320,134045048320,61592710896,61592710896,2,True,True,365b1651fde01c4b4fc68ec5975787c271fe6182fdd488d08b4121c9bc0254d7,False,,,False
\\sahale.biostr.washington.edu\data\Subjects\AL_0039\2025-07-05\3\widefield.tar,\\sahale.biostr.washington.edu\data\Subjects\AL_0039\2025-07-05\3\widefield.wfz,AL_0039/2025-07-05/3,SAFE,metadata checks pass,133595266560,133595266560,53095200169,53095200169,2,True,True,a2c68bb56fb187c6bfe82e5fb4c99dda203a43c0bc3fbe8714cca47fc10d5bbb,False,,,False
\\sahale.biostr.washington.edu\data\Subjects\ZYE_0088\2024-08-23\1\widefield.tar,\\sahale.biostr.washington.edu\data\Subjects\ZYE_0088\2024-08-23\1\widefield.wfz,ZYE_0088/2024-08-23/1,SAFE,metadata checks pass,133343399424,133343399424,55470065931,55470065931,2,True,True,bb1339706c3dbe83f61fdf25e7a62f775ea0374f52a0ea53910677b1c407e21d,False,,,False
\\sahale.biostr.washington.edu\data\Subjects\ZYE_0014\2020-12-22\1\widefield.tar,\\sahale.biostr.washington.edu\data\Subjects\ZYE_0014\2020-12-22\1\widefield.wfz,ZYE_0014/2020-12-22/1,SAFE,metadata checks pass,133426170368,133426170368,60362041087,60362041087,2,True,True,6e5a3678e0ef1411c449b637edf83bba0e9853cae1a87fb07ef5c57efc73ae23,False,,,False
\\sahale.biostr.washington.edu\data\Subjects\ZYE_0093\2025-06-02\2\widefield.tar,\\sahale.biostr.washington.edu\data\Subjects\ZYE_0093\2025-06-02\2\widefield.wfz,ZYE_0093/2025-06-02/2,SAFE,metadata checks pass,133295304192,133295304192,50084103361,50084103361,2,True,True,dfd5c9e595e14ee78c523e676d64f9e996fe4058200509b15c09f0b13daf0f2c,False,,,False
\\sahale.biostr.washington.edu\data\Subjects\ZYE_0056\2022-01-10\1\widefield.tar,\\sahale.biostr.washington.edu\data\Subjects\ZYE_0056\2022-01-10\1\widefield.wfz,ZYE_0056/2022-01-10/1,SAFE,metadata checks pass,132982052352,132982052352,60985259579,60985259579,2,True,True,f6c36dab3e728171f58f4a4deb922894c5593e53bf360c13c23df159c7018571,False,,,False
\\sahale.biostr.washington.edu\data\Subjects\ZYE_0086\2025-02-11\1\widefield.tar,\\sahale.biostr.washington.edu\data\Subjects\ZYE_0086\2025-02-11\1\widefield.wfz,ZYE_0086/2025-02-11/1,SAFE,metadata checks pass,132470724096,132470724096,53544783926,53544783926,2,True,True,39d5bc2f02c3bbd025d11443c0c7a6412647edab6bdbf1d413a74cb7d5df3a04,False,,,False
\\sahale.biostr.washington.edu\data\Subjects\ZYE_0095\2025-07-18\1\widefield.tar,\\sahale.biostr.washington.edu\data\Subjects\ZYE_0095\2025-07-18\1\widefield.wfz,ZYE_0095/2025-07-18/1,SAFE,metadata checks pass,132323907072,132323907072,49570830450,49570830450,2,True,True,480523184e813c603741b3415ad79cae6754b13491b4480bbe013ec210988e5d,False,,,False
\\sahale.biostr.washington.edu\data\Subjects\AL_0034\2024-11-17\1\widefield.tar,\\sahale.biostr.washington.edu\data\Subjects\AL_0034\2024-11-17\1\widefield.wfz,AL_0034/2024-11-17/1,SAFE,metadata checks pass,132251131392,132251131392,56248391093,56248391093,2,True,True,2bde41efb392f3bafa4d27d5f5f0123590932a7e5702d702509e7d84b120b608,False,,,False
\\sahale.biostr.washington.edu\data\Subjects\ZYE_0052\2021-12-21\1\widefield.tar,\\sahale.biostr.washington.edu\data\Subjects\ZYE_0052\2021-12-21\1\widefield.wfz,ZYE_0052/2021-12-21/1,SAFE,metadata checks pass,132206833152,132206833152,60534575927,60534575927,2,True,True,afdaa2f4a066e5abb856efd653a85c9fbab202295fc7fe50f9a34e2c745763ef,False,,,False
\\sahale.biostr.washington.edu\data\Subjects\ZYE_0094\2025-07-10\1\widefield.tar,\\sahale.biostr.washington.edu\data\Subjects\ZYE_0094\2025-07-10\1\widefield.wfz,ZYE_0094/2025-07-10/1,SAFE,metadata checks pass,131416425984,131416425984,47542800424,47542800424,2,True,True,964bc27d0c0e98f5b5a57aa39d81b7e46b456d74629df8243864d6d8c4896c17,False,,,False
\\sahale.biostr.washington.edu\data\Subjects\AL_0035\2024-12-19\2\widefield.tar,\\sahale.biostr.washington.edu\data\Subjects\AL_0035\2024-12-19\2\widefield.wfz,AL_0035/2024-12-19/2,SAFE,metadata checks pass,131862572544,131862572544,57058092119,57058092119,2,True,True,aa5fab7737561ec093c84697bcb8bbf27a1f204e1a5a55559ee7e9416fc4a5c3,False,,,False
\\sahale.biostr.washington.edu\data\Subjects\ZYE_0059\2022-03-15\5\widefield.tar,\\sahale.biostr.washington.edu\data\Subjects\ZYE_0059\2022-03-15\5\widefield.wfz,ZYE_0059/2022-03-15/5,SAFE,metadata checks pass,130988631552,130988631552,59293614071,59293614071,2,True,True,1214ff91948ee8d90a70bcee8f63b14e1877cf7b6c4c10a89b1da4f668032c7d,False,,,False
\\sahale.biostr.washington.edu\data\Subjects\ZYE_0094\2025-07-21\1\widefield.tar,\\sahale.biostr.washington.edu\data\Subjects\ZYE_0094\2025-07-21\1\widefield.wfz,ZYE_0094/2025-07-21/1,SAFE,metadata checks pass,130255179264,130255179264,49539071764,49539071764,2,True,True,620bac0548be2a192a7f50f79d3d340c90a4d9850ae75f97d044f694eb2a499e,False,,,False
\\sahale.biostr.washington.edu\data\Subjects\ZYE_0062\2022-03-30\5\widefield.tar,\\sahale.biostr.washington.edu\data\Subjects\ZYE_0062\2022-03-30\5\widefield.wfz,ZYE_0062/2022-03-30/5,SAFE,metadata checks pass,130021031424,130021031424,57778880830,57778880830,2,True,True,cfa94a04c2e7e12640a2142524030f3364333a524053cdc36711bbad7b34bd65,False,,,False
\\sahale.biostr.washington.edu\data\Subjects\FD_012\2026-05-06\1\widefield.tar,\\sahale.biostr.washington.edu\data\Subjects\FD_012\2026-05-06\1\widefield.wfz,FD_012/2026-05-06/1,SAFE,metadata checks pass,130003312128,130003312128,44873768130,44873768130,2,True,True,190ba7d04e736683c926b1f8b2c49e2c57654bafca198ed05f57910ec7511683,False,,,False
\\sahale.biostr.washington.edu\data\Subjects\ZYE_0091\2025-03-11\1\widefield.tar,\\sahale.biostr.washington.edu\data\Subjects\ZYE_0091\2025-03-11\1\widefield.wfz,ZYE_0091/2025-03-11/1,SAFE,metadata checks pass,129821056512,129821056512,52373368941,52373368941,2,True,True,0ef6326e298b8b53f47f5270cfeea44bb39186df7fd42b72c5e606a71a26c7e1,False,,,False
\\sahale.biostr.washington.edu\data\Subjects\ZYE_0095\2025-07-19\1\widefield.tar,\\sahale.biostr.washington.edu\data\Subjects\ZYE_0095\2025-07-19\1\widefield.wfz,ZYE_0095/2025-07-19/1,SAFE,metadata checks pass,129750179328,129750179328,48992261740,48992261740,2,True,True,6a00e0b41f6c8b5bfc6d5bf29215eadfdf02c12348db91d8cba254b093fd6079,False,,,False
\\sahale.biostr.washington.edu\data\Subjects\ZYE_0089\2024-07-16\1\widefield.tar,\\sahale.biostr.washington.edu\data\Subjects\ZYE_0089\2024-07-16\1\widefield.wfz,ZYE_0089/2024-07-16/1,SAFE,metadata checks pass,129723600384,129723600384,51978240392,51978240392,2,True,True,3fcf1327ba6ffc7db88fb85c8c8cbeb6c57d92c782950c3993534a7ec224bfff,False,,,False
\\sahale.biostr.washington.edu\data\Subjects\ZYE_0090\2025-06-10\1\widefield.tar,\\sahale.biostr.washington.edu\data\Subjects\ZYE_0090\2025-06-10\1\widefield.wfz,ZYE_0090/2025-06-10/1,SAFE,metadata checks pass,129658418688,129658418688,52032413717,52032413717,2,True,True,88473a1d7b4500697bfe88082226a2941ea01dc185df8ee4f74b0b8ff34ce29c,False,,,False
\\sahale.biostr.washington.edu\data\Subjects\ZYE_0091\2025-06-06\5\widefield.tar,\\sahale.biostr.washington.edu\data\Subjects\ZYE_0091\2025-06-06\5\widefield.wfz,ZYE_0091/2025-06-06/5,SAFE,metadata checks pass,129598299648,129598299648,51654683164,51654683164,2,True,True,ddee15a788e4d1f58e89af323d5d81f55406efdbfbf55358f56edae1a56847c4,False,,,False
\\sahale.biostr.washington.edu\data\Subjects\ZYE_0053\2022-01-04\1\widefield.tar,\\sahale.biostr.washington.edu\data\Subjects\ZYE_0053\2022-01-04\1\widefield.wfz,ZYE_0053/2022-01-04/1,SAFE,metadata checks pass,129575517696,129575517696,57773069093,57773069093,2,True,True,3728f1061c8dfd9eac1b21042f11604f6b061dcc3729680acb3a187a012fef73,False,,,False
\\sahale.biostr.washington.edu\data\Subjects\AL_0035\2024-08-22\1\widefield.tar,\\sahale.biostr.washington.edu\data\Subjects\AL_0035\2024-08-22\1\widefield.wfz,AL_0035/2024-08-22/1,SAFE,metadata checks pass,129462873600,129462873600,55027163730,55027163730,2,True,True,6fe3b8b7f3bfa3d906d372cc88fd3869cce52033698fdb427ad99182f1607faa,False,,,False
\\sahale.biostr.washington.edu\data\Subjects\AB_0026\2024-03-12\1\widefield.tar,\\sahale.biostr.washington.edu\data\Subjects\AB_0026\2024-03-12\1\widefield.wfz,AB_0026/2024-03-12/1,SAFE,metadata checks pass,129452748288,129452748288,56659468530,56659468530,2,True,True,4ae4e8a380a3f5c65f96641a1c4fa24c683836cc217f7d71cd4517eb836a9e27,False,,,False
\\sahale.biostr.washington.edu\data\Subjects\AB_0032\2024-03-12\1\widefield.tar,\\sahale.biostr.washington.edu\data\Subjects\AB_0032\2024-03-12\1\widefield.wfz,AB_0032/2024-03-12/1,SAFE,metadata checks pass,129452748288,129452748288,56659468529,56659468529,2,True,True,4ae4e8a380a3f5c65f96641a1c4fa24c683836cc217f7d71cd4517eb836a9e27,False,,,False
\\sahale.biostr.washington.edu\data\Subjects\FD_008\2026-06-23\1\widefield.tar,\\sahale.biostr.washington.edu\data\Subjects\FD_008\2026-06-23\1\widefield.wfz,FD_008/2026-06-23/1,SAFE,metadata checks pass,129329978880,129329978880,48701976961,48701976961,2,True,True,85c90a69cd9d0761c95cdede44b2148e13f4bd1aa3e366ade537c6669ee3f840,False,,,False
\\sahale.biostr.washington.edu\data\Subjects\FD_009\2026-06-23\1\widefield.tar,\\sahale.biostr.washington.edu\data\Subjects\FD_009\2026-06-23\1\widefield.wfz,FD_009/2026-06-23/1,SAFE,metadata checks pass,129286313472,129286313472,48862742321,48862742321,2,True,True,35c1726aab59a0cd1f3744d441b8f795ce63bd247444ff05cdac5d2371ebbce0,False,,,False
\\sahale.biostr.washington.edu\data\Subjects\AL_0038\2025-01-06\1\widefield.tar,\\sahale.biostr.washington.edu\data\Subjects\AL_0038\2025-01-06\1\widefield.wfz,AL_0038/2025-01-06/1,SAFE,metadata checks pass,129166075392,129166075392,47576997783,47576997783,2,True,True,8d3b529124b34374be8c07ca73279482af0cd147139bff974fefb6f2d22fd680,False,,,False
\\sahale.biostr.washington.edu\data\Subjects\ZYE_0098\2025-07-20\1\widefield.tar,\\sahale.biostr.washington.edu\data\Subjects\ZYE_0098\2025-07-20\1\widefield.wfz,ZYE_0098/2025-07-20/1,SAFE,metadata checks pass,129033813504,129033813504,47900126003,47900126003,2,True,True,d30f473e52c523dbc4f8e01e7539683e90b2636577af3cd96dd3a35a268dd287,False,,,False
\\sahale.biostr.washington.edu\data\Subjects\ZYE_0085\2024-07-26\1\widefield.tar,\\sahale.biostr.washington.edu\data\Subjects\ZYE_0085\2024-07-26\1\widefield.wfz,ZYE_0085/2024-07-26/1,SAFE,metadata checks pass,128953443840,128953443840,53735842336,53735842336,2,True,True,b63756c7bcd083421ca00642f0b7cd77a9012998bc3402f5df0a033a6642dc26,False,,,False
\\sahale.biostr.washington.edu\data\Subjects\AL_0023\2023-07-10\1\widefield.tar,\\sahale.biostr.washington.edu\data\Subjects\AL_0023\2023-07-10\1\widefield.wfz,AL_0023/2023-07-10/1,SAFE,metadata checks pass,128938888704,128938888704,56284823321,56284823321,2,True,True,b37ca22644fc3d172a7c08e6afbe62ab7e5dbb11163d4f1e8c0790e006c5a8c2,False,,,False
\\sahale.biostr.washington.edu\data\Subjects\ZYE_0096\2025-07-12\1\widefield.tar,\\sahale.biostr.washington.edu\data\Subjects\ZYE_0096\2025-07-12\1\widefield.wfz,ZYE_0096/2025-07-12/1,SAFE,metadata checks pass,128929396224,128929396224,45237518259,45237518259,2,True,True,fa07cd4b6ac796086e88e36d747f2a359614f5b05da5e9a375cb74c97a56dd36,False,,,False
\\sahale.biostr.washington.edu\data\Subjects\ZYE_0097\2025-07-22\1\widefield.tar,\\sahale.biostr.washington.edu\data\Subjects\ZYE_0097\2025-07-22\1\widefield.wfz,ZYE_0097/2025-07-22/1,SAFE,metadata checks pass,128923700736,128923700736,49556640968,49556640968,2,True,True,218268f6915d216e89765d9ffb04e5a7dcb6ae06e83fa1f009a4996517786c82,False,,,False
\\sahale.biostr.washington.edu\data\Subjects\AL_0035\2025-04-14\1\widefield.tar,\\sahale.biostr.washington.edu\data\Subjects\AL_0035\2025-04-14\1\widefield.wfz,AL_0035/2025-04-14/1,SAFE,metadata checks pass,128922435072,128922435072,53923173324,53923173324,2,True,True,6305e724f9fd2f7190061936ee57d7871c592fc512b5d22a1d380f382c8d0dfe,False,,,False
\\sahale.biostr.washington.edu\data\Subjects\ZYE_0091\2025-06-17\1\widefield.tar,\\sahale.biostr.washington.edu\data\Subjects\ZYE_0091\2025-06-17\1\widefield.wfz,ZYE_0091/2025-06-17/1,SAFE,metadata checks pass,128742077952,128742077952,47866374996,47866374996,2,True,True,7019626e49331a4231a7cc98c6c192b5dd91611c45fcea5fab4ed54caf7f29a4,False,,,False
\\sahale.biostr.washington.edu\data\Subjects\AL_0014\2022-08-08\1\widefield.tar,\\sahale.biostr.washington.edu\data\Subjects\AL_0014\2022-08-08\1\widefield.wfz,AL_0014/2022-08-08/1,SAFE,metadata checks pass,128783844864,128783844864,56537226330,56537226330,2,True,True,b6d9ae9b582ed1b43157539040f7678d50ea113f1a7520e63b055bc3db840883,False,,,False
\\sahale.biostr.washington.edu\data\Subjects\ZYE_0097\2025-07-19\1\widefield.tar,\\sahale.biostr.washington.edu\data\Subjects\ZYE_0097\2025-07-19\1\widefield.wfz,ZYE_0097/2025-07-19/1,SAFE,metadata checks pass,128705373696,128705373696,49663530916,49663530916,2,True,True,8a6aa7e4cea1de912f22e35b94a43a5dab9e4e2fe45599ddeee9f6f6a3172bb2,False,,,False
\\sahale.biostr.washington.edu\data\Subjects\ZYE_0091\2025-06-08\3\widefield.tar,\\sahale.biostr.washington.edu\data\Subjects\ZYE_0091\2025-06-08\3\widefield.wfz,ZYE_0091/2025-06-08/3,SAFE,metadata checks pass,128388324864,128388324864,50113609364,50113609364,2,True,True,acefadedfd89f302acd8f4f25e511cdcf01795702b27e95b10316a72f033bf7c,False,,,False
\\sahale.biostr.washington.edu\data\Subjects\FD_009\2026-06-26\1\widefield.tar,\\sahale.biostr.washington.edu\data\Subjects\FD_009\2026-06-26\1\widefield.wfz,FD_009/2026-06-26/1,SAFE,metadata checks pass,128283907584,128283907584,48346806278,48346806278,2,True,True,93e76f9cb62a6c8d1c9d547bfec546e29d994114c144b09be2c41c13fe9ca478,False,,,False
\\sahale.biostr.washington.edu\data\Subjects\AL_0041\2025-11-20\2\widefield.tar,\\sahale.biostr.washington.edu\data\Subjects\AL_0041\2025-11-20\2\widefield.wfz,AL_0041/2025-11-20/2,SAFE,metadata checks pass,128347823616,128347823616,50889873274,50889873274,2,True,True,1d3a0a06182e5821cced8e6a9ae1fc6c95522ac1d333c25ef3b643de556a9bf7,False,,,False
\\sahale.biostr.washington.edu\data\Subjects\ZYE_0094\2025-06-18\3\widefield.tar,\\sahale.biostr.washington.edu\data\Subjects\ZYE_0094\2025-06-18\3\widefield.wfz,ZYE_0094/2025-06-18/3,SAFE,metadata checks pass,128208600576,128208600576,45711088274,45711088274,2,True,True,7774ceb405de9060d15a335630c4905e0b068825952c9c67b4c97a60da2c8b05,False,,,False
\\sahale.biostr.washington.edu\data\Subjects\ZYE_0090\2024-08-11\4\widefield.tar,\\sahale.biostr.washington.edu\data\Subjects\ZYE_0090\2024-08-11\4\widefield.wfz,ZYE_0090/2024-08-11/4,SAFE,metadata checks pass,128042798592,128042798592,51869448962,51869448962,2,True,True,461838d1b25e692f754bb029b0b30d6b636012a3295a0b4089d53d91b6b4fcf9,False,,,False
\\sahale.biostr.washington.edu\data\Subjects\AL_0035\2024-08-29\1\widefield.tar,\\sahale.biostr.washington.edu\data\Subjects\AL_0035\2024-08-29\1\widefield.wfz,AL_0035/2024-08-29/1,SAFE,metadata checks pass,127437811200,127437811200,51870584553,51870584553,2,True,True,4d0be1589515ffa0969b45a2171d87a9bbae35842190797935ebdf61b8d95518,False,,,False
\\sahale.biostr.washington.edu\data\Subjects\ZYE_0090\2024-08-16\3\widefield.tar,\\sahale.biostr.washington.edu\data\Subjects\ZYE_0090\2024-08-16\3\widefield.wfz,ZYE_0090/2024-08-16/3,SAFE,metadata checks pass,127318205952,127318205952,50792677457,50792677457,2,True,True,f6a69c84202d2d6efaab295cce6afd2f426a4aeba49e7253bb012f2f4ab0ea29,False,,,False
\\sahale.biostr.washington.edu\data\Subjects\ZYE_0090\2025-06-16\1\widefield.tar,\\sahale.biostr.washington.edu\data\Subjects\ZYE_0090\2025-06-16\1\widefield.wfz,ZYE_0090/2025-06-16/1,SAFE,metadata checks pass,126962554368,126962554368,47932422661,47932422661,2,True,True,215966b4509b3e899ab35819f09378ae217f273cc8b74cf516fb3dc8030b5cae,False,,,False
\\sahale.biostr.washington.edu\data\Subjects\ZYE_0097\2025-07-20\1\widefield.tar,\\sahale.biostr.washington.edu\data\Subjects\ZYE_0097\2025-07-20\1\widefield.wfz,ZYE_0097/2025-07-20/1,SAFE,metadata checks pass,126846113280,126846113280,49439421679,49439421679,2,True,True,771cd819b322989ecbd79aa81867db804de82836d5cc96081fc1fff77e8cb4ba,False,,,False
\\sahale.biostr.washington.edu\data\Subjects\FD_012\2026-04-20\1\widefield.tar,\\sahale.biostr.washington.edu\data\Subjects\FD_012\2026-04-20\1\widefield.wfz,FD_012/2026-04-20/1,SAFE,metadata checks pass,126789158400,126789158400,45854785750,45854785750,2,True,True,241bdacfa658c0896b310a7f2293bbc53484d04f6084052715707f0f851842f1,False,,,False
\\sahale.biostr.washington.edu\data\Subjects\ZYE_0090\2025-06-08\1\widefield.tar,\\sahale.biostr.washington.edu\data\Subjects\ZYE_0090\2025-06-08\1\widefield.wfz,ZYE_0090/2025-06-08/1,SAFE,metadata checks pass,126777767424,126777767424,50616065075,50616065075,2,True,True,5d98134a5d01b1e05bfae5cbb20867486f4bb7bd6a0f7a1421df1b2415eb6ee7,False,,,False
\\sahale.biostr.washington.edu\data\Subjects\ZYE_0055\2022-01-03\1\widefield.tar,\\sahale.biostr.washington.edu\data\Subjects\ZYE_0055\2022-01-03\1\widefield.wfz,ZYE_0055/2022-01-03/1,SAFE,metadata checks pass,126529064448,126529064448,57864879039,57864879039,2,True,True,e1cdd61221b3fc850820d304af73807f456ad4d731c95a6f9b5b7e3edc9c6861,False,,,False
\\sahale.biostr.washington.edu\data\Subjects\ZYE_0094\2025-07-20\1\widefield.tar,\\sahale.biostr.washington.edu\data\Subjects\ZYE_0094\2025-07-20\1\widefield.wfz,ZYE_0094/2025-07-20/1,SAFE,metadata checks pass,126525900288,126525900288,46956585075,46956585075,2,True,True,2c8ec70db73341e22a07eea1e9cef793e75c692a49042b38451447d83d5a968c,False,,,False
\\sahale.biostr.washington.edu\data\Subjects\AL_0039\2025-07-06\3\widefield.tar,\\sahale.biostr.washington.edu\data\Subjects\AL_0039\2025-07-06\3\widefield.wfz,AL_0039/2025-07-06/3,SAFE,metadata checks pass,126452491776,126452491776,50759928250,50759928250,2,True,True,1525b29af14e370a00356a47b0fb098ea50bee45911654f20bd395fd9911a375,False,,,False
\\sahale.biostr.washington.edu\data\Subjects\FD_012\2026-05-05\1\widefield.tar,\\sahale.biostr.washington.edu\data\Subjects\FD_012\2026-05-05\1\widefield.wfz,FD_012/2026-05-05/1,SAFE,metadata checks pass,126363262464,126363262464,42907880516,42907880516,2,True,True,5e5089fc245e49f0dcee51605783e0c1bc5fa352ba887fcdc9f32788283da1ff,False,,,False
\\sahale.biostr.washington.edu\data\Subjects\AL_0035\2024-08-16\1\widefield.tar,\\sahale.biostr.washington.edu\data\Subjects\AL_0035\2024-08-16\1\widefield.wfz,AL_0035/2024-08-16/1,SAFE,metadata checks pass,126138607104,126138607104,52232273250,52232273250,2,True,True,5b868a01f92027b9540fca9b121441d24b5020737d78b0fc06e16ab2a879b680,False,,,False
\\sahale.biostr.washington.edu\data\Subjects\ZYE_0091\2025-06-13\2\widefield.tar,\\sahale.biostr.washington.edu\data\Subjects\ZYE_0091\2025-06-13\2\widefield.wfz,ZYE_0091/2025-06-13/2,SAFE,metadata checks pass,125755743744,125755743744,48812757332,48812757332,2,True,True,288831979675b3092bb613ef66af2c63af341608a853d09d5ba9f275c137dabc,False,,,False
\\sahale.biostr.washington.edu\data\Subjects\AL_0041\2026-02-24\1\widefield.tar,\\sahale.biostr.washington.edu\data\Subjects\AL_0041\2026-02-24\1\widefield.wfz,AL_0041/2026-02-24/1,SAFE,metadata checks pass,125717140992,125717140992,45166216765,45166216765,2,True,True,de2e9080715be410fb454c03284406fd652a82c58ebcd4eb544bb7ffe5dd1b31,False,,,False
\\sahale.biostr.washington.edu\data\Subjects\AL_0035\2025-04-11\1\widefield.tar,\\sahale.biostr.washington.edu\data\Subjects\AL_0035\2025-04-11\1\widefield.wfz,AL_0035/2025-04-11/1,SAFE,metadata checks pass,125613356544,125613356544,53938545818,53938545818,2,True,True,b5277f9e7e453b6e300b7590042c988c6de4dbe24f0d9118cadc00c28d49ff31,False,,,False
\\sahale.biostr.washington.edu\data\Subjects\ZYE_0096\2025-07-12\2\widefield.tar,\\sahale.biostr.washington.edu\data\Subjects\ZYE_0096\2025-07-12\2\widefield.wfz,ZYE_0096/2025-07-12/2,SAFE,metadata checks pass,125458312704,125458312704,43923203254,43923203254,2,True,True,148918d7db4d160a79b7a381a8f40cfeea5cebae950dae3a46fc67d24aa4974d,False,,,False
\\sahale.biostr.washington.edu\data\Subjects\ZYE_0089\2024-07-17\1\widefield.tar,\\sahale.biostr.washington.edu\data\Subjects\ZYE_0089\2024-07-17\1\widefield.wfz,ZYE_0089/2024-07-17/1,SAFE,metadata checks pass,125076715008,125076715008,50454348558,50454348558,2,True,True,c8f6eb22ef0a73a2c07b1e48d702c0fbd644efb49e53b9cba20f7aada4bf4818,False,,,False
\\sahale.biostr.washington.edu\data\Subjects\ZYE_0098\2025-07-19\1\widefield.tar,\\sahale.biostr.washington.edu\data\Subjects\ZYE_0098\2025-07-19\1\widefield.wfz,ZYE_0098/2025-07-19/1,SAFE,metadata checks pass,124984954368,124984954368,45846202772,45846202772,2,True,True,95d4f5da2da88f10eb062b3badbaa8ddd5cdd87422af0db380843deacc74c550,False,,,False
\\sahale.biostr.washington.edu\data\Subjects\AL_0033\2025-06-14\1\widefield.tar,\\sahale.biostr.washington.edu\data\Subjects\AL_0033\2025-06-14\1\widefield.wfz,AL_0033/2025-06-14/1,SAFE,metadata checks pass,124843832832,124843832832,48245676310,48245676310,2,True,True,267726f7d2c8365d09fc3b712228faba23f85d30f45bfd6a8b876c682910e8dc,False,,,False
\\sahale.biostr.washington.edu\data\Subjects\ZYE_0088\2024-09-06\2\widefield.tar,\\sahale.biostr.washington.edu\data\Subjects\ZYE_0088\2024-09-06\2\widefield.wfz,ZYE_0088/2024-09-06/2,SAFE,metadata checks pass,124750173696,124750173696,49745641797,49745641797,2,True,True,856911816f52149e47aa6f6d1430f68e777ede46427cc0f17f22b06876dbbfbd,False,,,False
\\sahale.biostr.washington.edu\data\Subjects\ZYE_0046\2021-11-30\6\widefield.tar,\\sahale.biostr.washington.edu\data\Subjects\ZYE_0046\2021-11-30\6\widefield.wfz,ZYE_0046/2021-11-30/6,SAFE,metadata checks pass,124664741376,124664741376,54729357143,54729357143,2,True,True,eef12c8023bc89c7673e11c782f92fd60803d416d3ca55d64f1c640de1e42da0,False,,,False
\\sahale.biostr.washington.edu\data\Subjects\AL_0033\2024-08-16\1\widefield.tar,\\sahale.biostr.washington.edu\data\Subjects\AL_0033\2024-08-16\1\widefield.wfz,AL_0033/2024-08-16/1,SAFE,metadata checks pass,124417304064,124417304064,50563629109,50563629109,2,True,True,afceb2bb7040535ab3773df8abea1e5df3586ef54c1f07ff20d9da23325f8294,False,,,False
\\sahale.biostr.washington.edu\data\Subjects\ZYE_0091\2025-05-07\1\widefield.tar,\\sahale.biostr.washington.edu\data\Subjects\ZYE_0091\2025-05-07\1\widefield.wfz,ZYE_0091/2025-05-07/1,SAFE,metadata checks pass,124290104832,124290104832,49850347209,49850347209,2,True,True,abdbb920e3548e8de60ce46dea1de25452935b8f76487b26dd9074b1abda24c2,False,,,False
\\sahale.biostr.washington.edu\data\Subjects\ZYE_0095\2025-07-20\1\widefield.tar,\\sahale.biostr.washington.edu\data\Subjects\ZYE_0095\2025-07-20\1\widefield.wfz,ZYE_0095/2025-07-20/1,SAFE,metadata checks pass,124193914368,124193914368,47007965836,47007965836,2,True,True,2245687e3c113788b4072fcfa0c3d81c6d7ddaa1af635ea6b3f00c07247e2841,False,,,False
\\sahale.biostr.washington.edu\data\Subjects\ZYE_0053\2021-12-21\1\widefield.tar,\\sahale.biostr.washington.edu\data\Subjects\ZYE_0053\2021-12-21\1\widefield.wfz,ZYE_0053/2021-12-21/1,SAFE,metadata checks pass,124045831680,124045831680,56544067841,56544067841,2,True,True,07d619f45c74f9ca1be280dd1601f9b91b3a37b4561200abe50ecda5e4e7ea76,False,,,False
\\sahale.biostr.washington.edu\data\Subjects\ZYE_0085\2024-07-13\2\widefield.tar,\\sahale.biostr.washington.edu\data\Subjects\ZYE_0085\2024-07-13\2\widefield.wfz,ZYE_0085/2024-07-13/2,SAFE,metadata checks pass,123936984576,123936984576,50289031021,50289031021,2,True,True,7220472c9ff6d0e14c2fe3623d4da49c79ad0c3cfae4429a5fb5bea8b05abb31,False,,,False
\\sahale.biostr.washington.edu\data\Subjects\ZYE_0091\2025-06-04\1\widefield.tar,\\sahale.biostr.washington.edu\data\Subjects\ZYE_0091\2025-06-04\1\widefield.wfz,ZYE_0091/2025-06-04/1,SAFE,metadata checks pass,123882561024,123882561024,50732811848,50732811848,2,True,True,698e46a5575d584ef7341e64e491f87a4e963dd4beba1abfba9e91b1cd6bd5b5,False,,,False
\\sahale.biostr.washington.edu\data\Subjects\ZYE_0096\2025-07-08\1\widefield.tar,\\sahale.biostr.washington.edu\data\Subjects\ZYE_0096\2025-07-08\1\widefield.wfz,ZYE_0096/2025-07-08/1,SAFE,metadata checks pass,123730048512,123730048512,43415775600,43415775600,2,True,True,1f01ee2e96356a47f16d71f32efff47013463f1c009263c49a1e3162441d2883,False,,,False
\\sahale.biostr.washington.edu\data\Subjects\ZYE_0090\2025-06-13\1\widefield.tar,\\sahale.biostr.washington.edu\data\Subjects\ZYE_0090\2025-06-13\1\widefield.wfz,ZYE_0090/2025-06-13/1,SAFE,metadata checks pass,123365537280,123365537280,47960926269,47960926269,2,True,True,15b79f9d8ae49c3abc1e8496ea11f7bd378499dfd4c524999c43d50a4a5081f0,False,,,False
\\sahale.biostr.washington.edu\data\Subjects\ZYE_0076\2024-05-20\1\widefield.tar,\\sahale.biostr.washington.edu\data\Subjects\ZYE_0076\2024-05-20\1\widefield.wfz,ZYE_0076/2024-05-20/1,SAFE,metadata checks pass,122362498560,122362498560,43973575220,43973575220,2,True,True,b0c653e23a646766abf4c18a8e1af7eaf9f16178860a82e508e3a32c14ed7e9b,False,,,False
\\sahale.biostr.washington.edu\data\Subjects\ZYE_0088\2024-09-07\1\widefield.tar,\\sahale.biostr.washington.edu\data\Subjects\ZYE_0088\2024-09-07\1\widefield.wfz,ZYE_0088/2024-09-07/1,SAFE,metadata checks pass,122470080000,122470080000,49295944358,49295944358,2,True,True,35c29a6df5ec7e4451b8f02d62729900f5f5dd7dacc24e77490989f78f52042b,False,,,False
\\sahale.biostr.washington.edu\data\Subjects\AL_0035\2025-05-10\1\widefield.tar,\\sahale.biostr.washington.edu\data\Subjects\AL_0035\2025-05-10\1\widefield.wfz,AL_0035/2025-05-10/1,SAFE,metadata checks pass,122172648960,122172648960,51890082700,51890082700,2,True,True,f921133e2e07d2cbce966e363aa9eff02f359049411e49f0173334e339522bc8,False,,,False
\\sahale.biostr.washington.edu\data\Subjects\ZYE_0076\2024-05-17\1\widefield.tar,\\sahale.biostr.washington.edu\data\Subjects\ZYE_0076\2024-05-17\1\widefield.wfz,ZYE_0076/2024-05-17/1,SAFE,metadata checks pass,121715111424,121715111424,44347640303,44347640303,2,True,True,e34678c6605067a2c4ced61bec92d5aa1ac146a0506dd59219f817c4a2fbc409,False,,,False
\\sahale.biostr.washington.edu\data\Subjects\FD_012\2026-04-15\1\widefield.tar,\\sahale.biostr.washington.edu\data\Subjects\FD_012\2026-04-15\1\widefield.wfz,FD_012/2026-04-15/1,SAFE,metadata checks pass,121577154048,121577154048,43861704089,43861704089,2,True,True,e5d3eaafd5f6e1317add0c81a9200eb38695f3626ff5db426cff4a1f88caa912,False,,,False
\\sahale.biostr.washington.edu\data\Subjects\XL_009\2026-06-03\1\widefield.tar,\\sahale.biostr.washington.edu\data\Subjects\XL_009\2026-06-03\1\widefield.wfz,XL_009/2026-06-03/1,SAFE,metadata checks pass,121628413440,121628413440,49037479558,49037479558,2,True,True,643e95b8ac1cc1cdfc0f64f3c3866fdf204f388889fdcbc213004f7db2b806c8,False,,,False
\\sahale.biostr.washington.edu\data\Subjects\ZYE_0090\2024-09-08\1\widefield.tar,\\sahale.biostr.washington.edu\data\Subjects\ZYE_0090\2024-09-08\1\widefield.wfz,ZYE_0090/2024-09-08/1,SAFE,metadata checks pass,121332880896,121332880896,49648469840,49648469840,2,True,True,2c6df104bd21d698c5ca027b117be4e46bf91b56f4e0ce0ae425f430e6071b71,False,,,False
\\sahale.biostr.washington.edu\data\Subjects\ZYE_0094\2025-06-18\1\widefield.tar,\\sahale.biostr.washington.edu\data\Subjects\ZYE_0094\2025-06-18\1\widefield.wfz,ZYE_0094/2025-06-18/1,SAFE,metadata checks pass,121148093952,121148093952,43624653695,43624653695,2,True,True,3da68ca8762d8b50feef697346f7852b43f7e5c9f0fd5c5dc4ae2eb0142a0305,False,,,False
\\sahale.biostr.washington.edu\data\Subjects\AL_0048\2026-07-01\4\widefield.tar,\\sahale.biostr.washington.edu\data\Subjects\AL_0048\2026-07-01\4\widefield.wfz,AL_0048/2026-07-01/4,SAFE,metadata checks pass,121280355840,121280355840,46972334134,46972334134,2,True,True,242b8ca178b25378ae050a2cc34301eadbb83d172f13716db14ab3221c757a48,False,,,False
\\sahale.biostr.washington.edu\data\Subjects\ZYE_0090\2025-06-07\2\widefield.tar,\\sahale.biostr.washington.edu\data\Subjects\ZYE_0090\2025-06-07\2\widefield.wfz,ZYE_0090/2025-06-07/2,SAFE,metadata checks pass,121045575168,121045575168,47497419952,47497419952,2,True,True,425ff38940e362a38aaa243281cc6dcee2703f4b16c3820fbd4692e85ce1e632,False,,,False
\\sahale.biostr.washington.edu\data\Subjects\AL_0038\2024-12-27\1\widefield.tar,\\sahale.biostr.washington.edu\data\Subjects\AL_0038\2024-12-27\1\widefield.wfz,AL_0038/2024-12-27/1,SAFE,metadata checks pass,120905719296,120905719296,40820614329,40820614329,2,True,True,00571088ec811f6359215a54ca7f5e6c773ed8db731b956da13127e2d1f0f051,False,,,False
\\sahale.biostr.washington.edu\data\Subjects\AL_0048\2026-06-24\2\widefield.tar,\\sahale.biostr.washington.edu\data\Subjects\AL_0048\2026-06-24\2\widefield.wfz,AL_0048/2026-06-24/2,SAFE,metadata checks pass,120553231872,120553231872,46843361192,46843361192,2,True,True,053d856d2475b2d46b80b42a46eeb8c9e13781a47cebc9bbb98eb17eab73b287,False,,,False
\\sahale.biostr.washington.edu\data\Subjects\AL_0039\2025-07-04\2\widefield.tar,\\sahale.biostr.washington.edu\data\Subjects\AL_0039\2025-07-04\2\widefield.wfz,AL_0039/2025-07-04/2,SAFE,metadata checks pass,120115312128,120115312128,47227534878,47227534878,2,True,True,3fe364a836eb811b205991e298d24239f8b497c0620dfd3b4fb9743e94531762,False,,,False
\\sahale.biostr.washington.edu\data\Subjects\ZYE_0090\2025-05-05\1\widefield.tar,\\sahale.biostr.washington.edu\data\Subjects\ZYE_0090\2025-05-05\1\widefield.wfz,ZYE_0090/2025-05-05/1,SAFE,metadata checks pass,119643852288,119643852288,47786962010,47786962010,2,True,True,3a33e139ffc4feef11d921555279d3fde881bdb23d00d54021ebeb5d0ef0377b,False,,,False
\\sahale.biostr.washington.edu\data\Subjects\ZYE_0091\2025-06-06\2\widefield.tar,\\sahale.biostr.washington.edu\data\Subjects\ZYE_0091\2025-06-06\2\widefield.wfz,ZYE_0091/2025-06-06/2,SAFE,metadata checks pass,119352749568,119352749568,48410887130,48410887130,2,True,True,31cdf0d97b869fe75c4533ee7a49ecfbe307d575ab12d624c76dce2dbdd55e93,False,,,False
\\sahale.biostr.washington.edu\data\Subjects\ZYE_0086\2024-05-24\1\widefield.tar,\\sahale.biostr.washington.edu\data\Subjects\ZYE_0086\2024-05-24\1\widefield.wfz,ZYE_0086/2024-05-24/1,SAFE,metadata checks pass,119320475136,119320475136,43119155878,43119155878,2,True,True,5e0d494fa45a639c20d9654504c451bac4c1d28f173393028aaa55cb5e8e13fc,False,,,False
\\sahale.biostr.washington.edu\data\Subjects\ZYE_0085\2024-07-22\7\widefield.tar,\\sahale.biostr.washington.edu\data\Subjects\ZYE_0085\2024-07-22\7\widefield.wfz,ZYE_0085/2024-07-22/7,SAFE,metadata checks pass,119257191936,119257191936,49461934884,49461934884,2,True,True,edeb2e8fe9f2611bbc52c86550b6f1df744e405664462daf37dc523bcc7840ea,False,,,False
\\sahale.biostr.washington.edu\data\Subjects\ZYE_0052\2021-12-19\4\widefield.tar,\\sahale.biostr.washington.edu\data\Subjects\ZYE_0052\2021-12-19\4\widefield.wfz,ZYE_0052/2021-12-19/4,SAFE,metadata checks pass,119245800960,119245800960,51092134262,51092134262,2,True,True,bd1a01a0894c4906dd13ffb23676a3f5c98ba82f62cf91a9d1bbad496ee75ff2,False,,,False
\\sahale.biostr.washington.edu\data\Subjects\ZYE_0043\2021-09-23\1\widefield.tar,\\sahale.biostr.washington.edu\data\Subjects\ZYE_0043\2021-09-23\1\widefield.wfz,ZYE_0043/2021-09-23/1,SAFE,metadata checks pass,119154673152,119154673152,53884700819,53884700819,2,True,True,06ecfe4118e3afae476d771eba27dcc0bd4a8bb2ce3b13dc621110e67de17273,False,,,False
\\sahale.biostr.washington.edu\data\Subjects\ZYE_0070\2023-01-16\5\widefield.tar,\\sahale.biostr.washington.edu\data\Subjects\ZYE_0070\2023-01-16\5\widefield.wfz,ZYE_0070/2023-01-16/5,SAFE,metadata checks pass,119009121792,119009121792,51843471573,51843471573,2,True,True,45905f47697e07f8af7c3e4688dc2f1d1e8bf87e8f9dfcebee2abcf08f3e7f1c,False,,,False
\\sahale.biostr.washington.edu\data\Subjects\ZYE_0088\2024-07-17\1\widefield.tar,\\sahale.biostr.washington.edu\data\Subjects\ZYE_0088\2024-07-17\1\widefield.wfz,ZYE_0088/2024-07-17/1,SAFE,metadata checks pass,118955331072,118955331072,49831210287,49831210287,2,True,True,779dfa7e7d2d3a894b440852c611893a2cf4ffa2e06c02f002d1de4777c4cf81,False,,,False
\\sahale.biostr.washington.edu\data\Subjects\ZYE_0091\2025-05-06\6\widefield.tar,\\sahale.biostr.washington.edu\data\Subjects\ZYE_0091\2025-05-06\6\widefield.wfz,ZYE_0091/2025-05-06/6,SAFE,metadata checks pass,118757887488,118757887488,48214022742,48214022742,2,True,True,c7c1aaba09f9f946a0ac9b37fdaab688e18d0327407d4d80b4bd5b9a8e0a7cd2,False,,,False
\\sahale.biostr.washington.edu\data\Subjects\AL_0035\2025-05-01\1\widefield.tar,\\sahale.biostr.washington.edu\data\Subjects\AL_0035\2025-05-01\1\widefield.wfz,AL_0035/2025-05-01/1,SAFE,metadata checks pass,118668025344,118668025344,50311919102,50311919102,2,True,True,6e306e5437847706bf00f0df97b6e1b064a787078e13cce4e52ff9207b3e4a03,False,,,False
\\sahale.biostr.washington.edu\data\Subjects\ZYE_0090\2025-05-03\6\widefield.tar,\\sahale.biostr.washington.edu\data\Subjects\ZYE_0090\2025-05-03\6\widefield.wfz,ZYE_0090/2025-05-03/6,SAFE,metadata checks pass,118456659456,118456659456,49255095497,49255095497,2,True,True,851186079a5c81909b978ca9edbc8c9021c4fb3e5229f78f8148bf48e8ac9a22,False,,,False
\\sahale.biostr.washington.edu\data\Subjects\FD_012\2026-02-20\1\widefield.tar,\\sahale.biostr.washington.edu\data\Subjects\FD_012\2026-02-20\1\widefield.wfz,FD_012/2026-02-20/1,SAFE,metadata checks pass,118232004096,118232004096,41955268893,41955268893,2,True,True,7398547935aeb8053086f7b4a2b0f5667d907d9d060eddc8b5abdd26c3753454,False,,,False
\\sahale.biostr.washington.edu\data\Subjects\AL_0032\2024-06-10\1\widefield.tar,\\sahale.biostr.washington.edu\data\Subjects\AL_0032\2024-06-10\1\widefield.wfz,AL_0032/2024-06-10/1,SAFE,metadata checks pass,118348445184,118348445184,48191484631,48191484631,2,True,True,fb8506126ad79b70e9eac23337d3c7123910e61fddaf85e46843793e1248102b,False,,,False
