server,path,bytes,band,subject,date,session,has_cbin,cbin_bytes,has_ch,has_meta,n_channels,sample_rate_hz,implied_seconds,error
Y,\\sahale.biostr.washington.edu\data\Subjects\Sawtell\060623_file001_g1\060623_file001_g1_t0.imec0.ap.bin,25776905770,ap,Sawtell,,,False,0,False,True,385,30000.0,1115.8833666666667,
Y,\\sahale.biostr.washington.edu\data\Subjects\Sawtell\060623_file001_g1\060623_file001_g1_t0.imec0.lf.bin,2148075930,lf,Sawtell,,,False,0,False,True,385,2500.0,1115.8836,
Y,\\sahale.biostr.washington.edu\data\Subjects\Sawtell\060623_file001_g1\060623_file001_g1_t0.nidq.bin,603719928,nidq,Sawtell,,,False,0,False,True,9,30000.0,1117.9998666666668,
Y,\\sahale.biostr.washington.edu\data\Subjects\Sawtell\060623_file001_g9\060623_file001_g9_t0.imec0.ap.bin,22206363410,ap,Sawtell,,,False,0,False,True,385,30000.0,961.3144333333333,
Y,\\sahale.biostr.washington.edu\data\Subjects\Sawtell\060623_file001_g9\060623_file001_g9_t0.imec0.lf.bin,1850530990,lf,Sawtell,,,False,0,False,True,385,2500.0,961.3148,
Y,\\sahale.biostr.washington.edu\data\Subjects\Sawtell\060623_file001_g9\060623_file001_g9_t0.nidq.bin,522872136,nidq,Sawtell,,,False,0,False,True,9,30000.0,968.2817333333334,
Y,\\sahale.biostr.washington.edu\data\Subjects\Sawtell\2022-06-27\062722_6_g0_t0.imec0.ap.bin,18030874400,ap,Sawtell,2022-06-27,062722_6_g0_t0.imec0.ap.bin,False,0,False,True,385,30000.0,780.5573333333333,
Y,\\sahale.biostr.washington.edu\data\Subjects\MonkeyUltra_01\a220301_CSDflashNPX_g1\a220301_CSDflashNPX_g1_t1.nidq.bin,77232694,nidq,MonkeyUltra_01,,,False,0,False,True,7,25000.0,220.66484,
Y,\\sahale.biostr.washington.edu\data\Subjects\MonkeyUltra_01\a220301_CSDflashNPX_g1\a220301_CSDflashNPX_g1_t2.nidq.bin,98116172,nidq,MonkeyUltra_01,,,False,0,False,True,7,25000.0,280.33192,
Y,\\sahale.biostr.washington.edu\data\Subjects\MonkeyUltra_01\a220302_Ultradense_g1\a220302_Ultradense_g1_t0.nidq.bin,2695678132,nidq,MonkeyUltra_01,,,False,0,False,True,7,25000.0,7701.93752,
Y,\\sahale.biostr.washington.edu\data\Subjects\lightFlipperTest\p0_g0\p0_g0_imec0\p0_g0_t0.imec0.ap.bin,953969940,ap,lightFlipperTest,,,False,0,False,True,385,30000.0,41.2974,
Y,\\sahale.biostr.washington.edu\data\Subjects\Laurent\GL1300\GL1300_test202315_openfield1_g0\GL1300_test202315_morning_g0_t0.imec0.ap.bin,19953105480,ap,Laurent,,,False,0,False,True,385,30000.138083945476,863.7668242556311,
Y,\\sahale.biostr.washington.edu\data\Subjects\Laurent\GL1300\GL1300_test202315_openfield1_g0\GL1300_test202315_openfield1_g0_t0.imec0.ap.bin,57525166160,ap,Laurent,,,True,20620033813,True,True,385,30000.138083945476,2490.2554711899766,
Y,\\sahale.biostr.washington.edu\data\Subjects\Laurent\GL1300\GL1300_test202316_morning_g0\GL1300_test202316_morning_g0_t0.imec0.ap.bin,14549776010,ap,Laurent,,,True,5200884631,True,True,385,30000.138083945476,629.8575342262195,
Y,\\sahale.biostr.washington.edu\data\Subjects\Laurent\GL1300\GL1300_test202316_morning_g0\GL1300_test202316_morning_g0_t0.imec0.lf.bin,1212482040,lf,Laurent,,,True,289907327,True,True,385,2500.0115069954563,629.8579008911986,
Y,\\sahale.biostr.washington.edu\data\Subjects\Laurent\GL1350\20230324\GL1350_20230324_morning_g0_t0.imec0.ap.bin,53517387000,ap,Laurent,,,True,19984772739,True,True,385,30000.073387096774,2316.764332646391,
Y,\\sahale.biostr.washington.edu\data\Subjects\Laurent\GL1350\20230324\GL1350_20230324_morning_g0_t0.imec0.lf.bin,4459782250,lf,Laurent,,,True,1234034453,True,True,385,2500.0061155913977,2316.764332646391,
Y,\\sahale.biostr.washington.edu\data\Subjects\Laurent\GL1350\20230325\GL1350_20230325_morning_g0_t0.imec0.ap.bin,15378189750,ap,Laurent,,,True,5731141019,True,True,385,30000.11074074074,665.7200425889787,
Y,\\sahale.biostr.washington.edu\data\Subjects\Laurent\GL1350\20230325\GL1350_20230325_morning_g0_t0.imec0.lf.bin,1281516390,lf,Laurent,,,True,336340652,True,True,385,2500.0092283950617,665.7203425878712,
Y,\\sahale.biostr.washington.edu\data\Subjects\Laurent\GL1350\20230326\GL1350_20230326_morning1_g0_t0.imec0.ap.bin,25468528470,ap,Laurent,,,True,9327404284,True,True,385,30000.11074074074,1102.5296301684023,
Y,\\sahale.biostr.washington.edu\data\Subjects\Laurent\GL1350\20230326\GL1350_20230326_morning1_g0_t0.imec0.lf.bin,2122377950,lf,Laurent,,,True,549938411,True,True,385,2500.0092283950617,1102.5299301672949,
Y,\\sahale.biostr.washington.edu\data\Subjects\lightFlipperTest2\p1_g0\p1_g0_imec0\p1_g0_t0.imec0.ap.bin,751332890,ap,lightFlipperTest2,,,False,0,False,True,385,30000.0,32.52523333333333,
Y,\\sahale.biostr.washington.edu\data\Subjects\lightFlipperTest2\p1_g0\p1_g0_imec0\p1_g0_t0.imec0.lf.bin,62611780,lf,lightFlipperTest2,,,False,0,False,True,385,2500.0,32.5256,
Y,\\sahale.biostr.washington.edu\data\Subjects\SM_0004\2021-10-20\shank1\mergedFiles.ap.bin,153751197600,ap,SM_0004,2021-10-20,shank1,False,0,False,True,385,30000.0,6655.896,
Y,\\sahale.biostr.washington.edu\data\Subjects\SM_0004\2021-10-20\shank3\mergedFiles.ap.bin,153751197600,ap,SM_0004,2021-10-20,shank3,False,0,False,True,385,30000.0,6655.896,
Y,\\sahale.biostr.washington.edu\data\Subjects\JRS_0023\2023-05-22\p0_g0\p0_g0_t0.imec0.ap.bin,13012765150,ap,JRS_0023,2023-05-22,p0_g0,False,0,False,True,385,30000.0,563.3231666666667,
Y,\\sahale.biostr.washington.edu\data\Subjects\JRS_0023\2023-05-22\p1_g0\p1_g0_t0.imec1.ap.bin,13012678140,ap,JRS_0023,2023-05-22,p1_g0,False,0,False,True,385,30000.0,563.3194,
Y,\\sahale.biostr.washington.edu\data\Subjects\JRS_0023\2023-05-22\p2_g0\p2_g0_t0.imec2.ap.bin,13012698160,ap,JRS_0023,2023-05-22,p2_g0,False,0,False,True,385,30000.0,563.3202666666666,
Y,\\sahale.biostr.washington.edu\data\Subjects\JRS_0023\2023-05-22\_spikeglx_ephysData_g0\p3_g0_t0.nidq.bin,67604848,nidq,JRS_0023,2023-05-22,_spikeglx_ephysData_g0,False,0,False,True,2,30003.0003,563.3173959605633,
Y,\\sahale.biostr.washington.edu\data\Subjects\MonkeyUltra_01\a220301_CSDflashNPX_g1\a220301_CSDflashNPX_g1_imec0\a220301_CSDflashNPX_g1_t1.imec0.ap.bin,5097399230,ap,MonkeyUltra_01,,,False,0,False,True,385,30000.0,220.66663333333332,
Y,\\sahale.biostr.washington.edu\data\Subjects\MonkeyUltra_01\a220301_CSDflashNPX_g1\a220301_CSDflashNPX_g1_imec0\a220301_CSDflashNPX_g1_t1.imec0.lf.bin,424783590,lf,MonkeyUltra_01,,,False,0,False,True,385,2500.0,220.6668,
Y,\\sahale.biostr.washington.edu\data\Subjects\MonkeyUltra_01\a220301_CSDflashNPX_g1\a220301_CSDflashNPX_g1_imec0\a220301_CSDflashNPX_g1_t2.imec0.ap.bin,6475720790,ap,MonkeyUltra_01,,,False,0,False,True,385,30000.0,280.3342333333333,
Y,\\sahale.biostr.washington.edu\data\Subjects\MonkeyUltra_01\a220301_CSDflashNPX_g1\a220301_CSDflashNPX_g1_imec0\a220301_CSDflashNPX_g1_t2.imec0.lf.bin,539643720,lf,MonkeyUltra_01,,,False,0,False,True,385,2500.0,280.3344,
Y,\\sahale.biostr.washington.edu\data\Subjects\MonkeyUltra_01\a220302_Ultradense_g1\a220302_Ultradense_g1_imec0\a220302_Ultradense_g1_t0.imec0.ap.bin,177915282160,ap,MonkeyUltra_01,,,False,0,False,True,385,30000.0,7701.960266666667,
Y,\\sahale.biostr.washington.edu\data\Subjects\MonkeyUltra_01\a220302_Ultradense_g1\a220302_Ultradense_g1_imec0\a220302_Ultradense_g1_t0.imec0.lf.bin,14826273770,lf,MonkeyUltra_01,,,False,0,False,True,385,2500.0,7701.9604,
Y,\\sahale.biostr.washington.edu\data\Subjects\AB_0041\2025-01-20\1\p0_g0\p0_g0_t0.imec0.ap.bin,63197008490,ap,AB_0041,2025-01-20,1,False,0,False,True,385,30000.0,2735.801233333333,
Y,\\sahale.biostr.washington.edu\data\Subjects\AB_0041\2025-01-20\1\p1_g0\p1_g0_t0.imec0.ap.bin,63197447390,ap,AB_0041,2025-01-20,1,False,0,False,True,385,30000.0,2735.8202333333334,
Y,\\sahale.biostr.washington.edu\data\Subjects\AB_0041\2025-01-22\1\p0_g0\p0_g0_t0.imec0.ap.bin,72359904540,ap,AB_0041,2025-01-22,1,False,0,False,True,385,30000.0,3132.4634,
Y,\\sahale.biostr.washington.edu\data\Subjects\AB_0041\2025-01-22\1\p1_g0\p1_g0_t0.imec0.ap.bin,72360414280,ap,AB_0041,2025-01-22,1,False,0,False,True,385,30000.0,3132.4854666666665,
Y,\\sahale.biostr.washington.edu\data\Subjects\AB_0041\2025-01-22\1\p1_g0\p1_g0_t0.imec0.lf.bin,6030034780,lf,AB_0041,2025-01-22,1,False,0,False,True,385,2500.0,3132.4856,
Y,\\sahale.biostr.washington.edu\data\Subjects\AB_0041\2025-01-23\1\p0_g0\p0_g0_t0.imec0.ap.bin,89727597960,ap,AB_0041,2025-01-23,1,False,0,False,True,385,30000.0,3884.3116,
Y,\\sahale.biostr.washington.edu\data\Subjects\AB_0041\2025-01-23\1\p1_g0\p1_g0_t0.imec0.ap.bin,89728359490,ap,AB_0041,2025-01-23,1,False,0,False,True,385,30000.0,3884.3445666666667,
Y,\\sahale.biostr.washington.edu\data\Subjects\AB_0041\2025-01-24\1\p0_g0\p0_g0_t0.imec0.ap.bin,99477930090,ap,AB_0041,2025-01-24,1,False,0,False,True,385,30000.0,4306.4039,
Y,\\sahale.biostr.washington.edu\data\Subjects\AB_0041\2025-01-24\1\p1_g0\p1_g0_t0.imec0.ap.bin,99478610770,ap,AB_0041,2025-01-24,1,False,0,False,True,385,30000.0,4306.433366666667,
Y,\\sahale.biostr.washington.edu\data\Subjects\AB_0041\2025-01-24\1\p1_g0\p1_g0_t0.imec0.lf.bin,8289884680,lf,AB_0041,2025-01-24,1,False,0,False,True,385,2500.0,4306.4336,
Y,\\sahale.biostr.washington.edu\data\Subjects\AB_0041\2025-01-25\1\p0_g0\p0_g0_t0.imec0.ap.bin,98460658450,ap,AB_0041,2025-01-25,1,False,0,False,True,385,30000.0,4262.366166666667,
Y,\\sahale.biostr.washington.edu\data\Subjects\AB_0041\2025-01-25\1\p1_g0\p1_g0_t0.imec0.ap.bin,98461400730,ap,AB_0041,2025-01-25,1,False,0,False,True,385,30000.0,4262.3983,
Y,\\sahale.biostr.washington.edu\data\Subjects\AB_0041\2025-01-25\1\p1_g0\p1_g0_t0.imec0.lf.bin,8205116920,lf,AB_0041,2025-01-25,1,False,0,False,True,385,2500.0,4262.3984,
Y,\\sahale.biostr.washington.edu\data\Subjects\AB_0041\2025-01-26\1\p0_g0\p0_g0_t0.imec0.ap.bin,83856030720,ap,AB_0041,2025-01-26,1,False,0,False,True,385,30000.0,3630.1312,
Y,\\sahale.biostr.washington.edu\data\Subjects\AB_0041\2025-01-26\1\p0_g0\p0_g0_t0.imec0.lf.bin,6988003330,lf,AB_0041,2025-01-26,1,False,0,False,True,385,2500.0,3630.1316,
Y,\\sahale.biostr.washington.edu\data\Subjects\AB_0041\2025-01-26\1\p1_g0\p1_g0_t0.imec0.ap.bin,83856711400,ap,AB_0041,2025-01-26,1,False,0,False,True,385,30000.0,3630.1606666666667,
Y,\\sahale.biostr.washington.edu\data\Subjects\AB_0041\2025-01-26\1\p1_g0\p1_g0_t0.imec0.lf.bin,6988059540,lf,AB_0041,2025-01-26,1,False,0,False,True,385,2500.0,3630.1608,
Y,\\sahale.biostr.washington.edu\data\Subjects\AB_0041\2025-01-27\1\p0_g0\p0_g0_t0.imec0.ap.bin,108496173940,ap,AB_0041,2025-01-27,1,False,0,False,True,385,30000.0,4696.804066666667,
Y,\\sahale.biostr.washington.edu\data\Subjects\AB_0041\2025-01-27\1\p0_g0\p0_g0_t0.imec0.lf.bin,9041348470,lf,AB_0041,2025-01-27,1,False,0,False,True,385,2500.0,4696.8044,
Y,\\sahale.biostr.washington.edu\data\Subjects\AB_0041\2025-01-27\1\p1_g0\p1_g1_t0.imec0.ap.bin,108496525060,ap,AB_0041,2025-01-27,1,False,0,False,True,385,30000.0,4696.819266666666,
Y,\\sahale.biostr.washington.edu\data\Subjects\AB_0041\2025-01-27\1\p1_g0\p1_g1_t0.imec0.lf.bin,9041377730,lf,AB_0041,2025-01-27,1,False,0,False,True,385,2500.0,4696.8196,
Y,\\sahale.biostr.washington.edu\data\Subjects\AB_0041\2025-01-28\1\p0_g0\p0_g0_t0.imec0.ap.bin,91676116840,ap,AB_0041,2025-01-28,1,False,0,False,True,385,30000.0,3968.6630666666665,
Y,\\sahale.biostr.washington.edu\data\Subjects\AB_0041\2025-01-28\1\p1_g0\p1_g0_t0.imec0.ap.bin,91677041610,ap,AB_0041,2025-01-28,1,False,0,False,True,385,30000.0,3968.7031,
Y,\\sahale.biostr.washington.edu\data\Subjects\AB_0041\2025-01-29\1\p0_g0\p0_g0_t0.imec0.ap.bin,107960658960,ap,AB_0041,2025-01-29,1,False,0,False,True,385,30000.0,4673.6216,
Y,\\sahale.biostr.washington.edu\data\Subjects\AB_0041\2025-01-29\1\p1_g0\p1_g0_t0.imec0.ap.bin,107961358120,ap,AB_0041,2025-01-29,1,False,0,False,True,385,30000.0,4673.651866666667,
Y,\\sahale.biostr.washington.edu\data\Subjects\AB_0041\2025-01-29\1\p1_g0\p1_g0_t0.imec0.lf.bin,8996780100,lf,AB_0041,2025-01-29,1,False,0,False,True,385,2500.0,4673.652,
Y,\\sahale.biostr.washington.edu\data\Subjects\ZYE_0020\2021-04-18\1\p1_g0\p1_g0_t0.imec0.ap.bin,59302277650,ap,ZYE_0020,2021-04-18,1,False,0,False,True,385,30000.0,2567.1981666666666,
Y,\\sahale.biostr.washington.edu\data\Subjects\AL_0006\2021-08-10\2\p0_g1_t0.imec0\p0_g1_t0.imec0.ap.bin,105530713750,ap,AL_0006,2021-08-10,2,False,0,False,True,385,30000.0,4568.429166666667,
Y,\\sahale.biostr.washington.edu\data\Subjects\AL_0006\2021-08-10\2\p0_g1_t0.imec1\p0_g1_t0.imec1.ap.bin,105531172670,ap,AL_0006,2021-08-10,2,False,0,False,True,385,30000.0,4568.449033333333,
Y,\\sahale.biostr.washington.edu\data\Subjects\FD_013\2026-06-08\1\p0_g0_imec0\p0_g0_t0.imec0.ap.bin,73072676600,ap,FD_013,2026-06-08,1,False,0,False,True,385,30000.0,3163.3193333333334,
Y,\\sahale.biostr.washington.edu\data\Subjects\FD_013\2026-06-09\1\p0_g0_imec0\p0_g0_t0.imec0.ap.bin,77776997760,ap,FD_013,2026-06-09,1,False,0,False,True,385,30000.0,3366.9696,
Y,\\sahale.biostr.washington.edu\data\Subjects\FD_013\2026-06-10\3\p0_g0_imec0\p0_g0_t0.imec0.ap.bin,77424196080,ap,FD_013,2026-06-10,3,False,0,False,True,385,30000.0,3351.6968,
Y,\\sahale.biostr.washington.edu\data\Subjects\FD_013\2026-06-11\1\p0_g0_imec0\p0_g0_t0.imec0.ap.bin,81467463770,ap,FD_013,2026-06-11,1,False,0,False,True,385,30000.0,3526.7300333333333,
Y,\\sahale.biostr.washington.edu\data\Subjects\FD_013\2026-06-12\1\p0_g0_imec0\p0_g0_t0.imec0.ap.bin,79950101000,ap,FD_013,2026-06-12,1,False,0,False,True,385,30000.0,3461.0433333333335,
Y,\\sahale.biostr.washington.edu\data\Subjects\FD_013\2026-07-11\1\p0_g0_imec0\p0_g0_t0.imec0.ap.bin,42538172600,ap,FD_013,2026-07-11,1,False,0,False,True,385,30000.0,1841.4793333333334,
Y,\\sahale.biostr.washington.edu\data\Subjects\FD_013\2026-07-12\1\p0_g0_imec0\p0_g0_t0.imec0.ap.bin,45799433680,ap,FD_013,2026-07-12,1,False,0,False,True,385,30000.0,1982.6594666666667,
Y,\\sahale.biostr.washington.edu\data\Subjects\FD_013\2026-07-13\1\p0_g0_imec0\p0_g0_t0.imec0.ap.bin,49560446320,ap,FD_013,2026-07-13,1,False,0,False,True,385,30000.0,2145.4738666666667,
Y,\\sahale.biostr.washington.edu\data\Subjects\FD_013\2026-07-14\1\p0_g0_imec0\p0_g0_t0.imec0.ap.bin,91729576400,ap,FD_013,2026-07-14,1,False,0,False,True,385,30000.0,3970.9773333333333,
Y,\\sahale.biostr.washington.edu\data\Subjects\FD_013\2026-07-16\1\p0_g0_imec0\p0_g0_t0.imec0.ap.bin,90861093400,ap,FD_013,2026-07-16,1,False,0,False,True,385,30000.0,3933.3806666666665,
Y,\\sahale.biostr.washington.edu\data\Subjects\FD_013\2026-07-27\1\p0_g0_imec0\p0_g0_t0.imec0.ap.bin,74418987720,ap,FD_013,2026-07-27,1,False,0,False,True,385,30000.0,3221.6012,
Y,\\sahale.biostr.washington.edu\data\Subjects\FD_013\2026-07-29\4\p0_g0_imec0\p0_g0_t0.imec0.ap.bin,227541209280,ap,FD_013,2026-07-29,4,False,0,False,True,1540,30000.0,2462.5672,
Y,\\sahale.biostr.washington.edu\data\Subjects\FD_013\2026-07-30\1\p0_g0_imec0\p0_g0_t0.imec0.ap.bin,305425625120,ap,FD_013,2026-07-30,1,False,0,False,True,1540,30000.0,3305.472133333333,
Y,\\sahale.biostr.washington.edu\data\Subjects\FD_013\2026-08-01\1\p0_g0_imec0\p0_g0_t0.imec0.ap.bin,72984955120,ap,FD_013,2026-08-01,1,False,0,False,True,385,30000.0,3159.5218666666665,
Y,\\sahale.biostr.washington.edu\data\Subjects\AL_0043\2026-01-20\1\p0_g0_t0.imec0\p0_g0_t0.imec0.ap.bin,57870485750,ap,AL_0043,2026-01-20,1,False,0,False,True,385,30000.0,2505.215833333333,
Y,\\sahale.biostr.washington.edu\data\Subjects\AL_0043\2026-01-20\1\p0_g0_t0.imec1\p0_g0_t0.imec1.ap.bin,57869761180,ap,AL_0043,2026-01-20,1,False,0,False,True,385,30000.0,2505.1844666666666,
Y,\\sahale.biostr.washington.edu\data\Subjects\AL_0043\2026-01-21\1\p0_g0_t0.imec0\p0_g0_t0.imec0.ap.bin,51145103240,ap,AL_0043,2026-01-21,1,False,0,False,True,385,30000.0,2214.073733333333,
Y,\\sahale.biostr.washington.edu\data\Subjects\AL_0043\2026-01-21\1\p0_g0_t0.imec1\p0_g0_t0.imec1.ap.bin,51144467990,ap,AL_0043,2026-01-21,1,False,0,False,True,385,30000.0,2214.0462333333335,
Y,\\sahale.biostr.washington.edu\data\Subjects\AL_0034\2024-09-19\1\p0_g0_t0.imec0\p0_g0_t0.imec0.ap.bin,20521825170,ap,AL_0034,2024-09-19,1,False,0,False,True,385,30000.0,888.3907,
Y,\\sahale.biostr.washington.edu\data\Subjects\AL_0034\2024-09-19\2\p0_g0_t0.imec0\p0_g0_t0.imec0.ap.bin,94029338480,ap,AL_0034,2024-09-19,2,False,0,False,True,385,30000.0,4070.5341333333336,
Y,\\sahale.biostr.washington.edu\data\Subjects\AL_0034\2024-11-18\10\p0_g0_t0.imec0\p0_g0_t0.imec0.ap.bin,13136956910,ap,AL_0034,2024-11-18,10,False,0,False,True,385,30000.0,568.6994333333333,
Y,\\sahale.biostr.washington.edu\data\Subjects\AL_0034\2024-11-18\5\p0_g0_t0.imec0\p0_g0_t0.imec0.ap.bin,7942817190,ap,AL_0034,2024-11-18,5,False,0,False,True,385,30000.0,343.8449,
Y,\\sahale.biostr.washington.edu\data\Subjects\AL_0034\2024-11-18\7\p0_g0_t0.imec0\p0_g0_t0.imec0.ap.bin,23973037550,ap,AL_0034,2024-11-18,7,False,0,False,True,385,30000.0,1037.7938333333334,
Y,\\sahale.biostr.washington.edu\data\Subjects\AL_0034\2024-11-19\1\p0_g0_t0.imec0\p0_g0_t0.imec0.ap.bin,10752208390,ap,AL_0034,2024-11-19,1,False,0,False,True,385,30000.0,465.4635666666667,
Y,\\sahale.biostr.washington.edu\data\Subjects\AL_0034\2024-11-19\3\p0_g0_t0.imec0\p0_g0_t0.imec0.ap.bin,12972551130,ap,AL_0034,2024-11-19,3,False,0,False,True,385,30000.0,561.5823,
Y,\\sahale.biostr.washington.edu\data\Subjects\AL_0034\2024-11-19\5\p0_g0_t0.imec0\p0_g0_t0.imec0.ap.bin,12287800910,ap,AL_0034,2024-11-19,5,False,0,False,True,385,30000.0,531.9394333333333,
Y,\\sahale.biostr.washington.edu\data\Subjects\AB_0025\2022-08-23\1\p0_g0\p0_g0_t0.imec0.ap.bin,96214170360,ap,AB_0025,2022-08-23,1,False,0,False,True,385,30000.0,4165.1156,
Y,\\sahale.biostr.washington.edu\data\Subjects\AB_0025\2022-08-23\1\p0_g0\p0_g0_t0.imec0.lf.bin,8017847530,lf,AB_0025,2022-08-23,1,False,0,False,True,385,2500.0,4165.1156,
Y,\\sahale.biostr.washington.edu\data\Subjects\AB_0025\2022-08-24\1\p0_g0\p0_g0_t0.imec0.ap.bin,88665330600,ap,AB_0025,2022-08-24,1,False,0,False,True,385,30000.0,3838.326,
Y,\\sahale.biostr.washington.edu\data\Subjects\AB_0025\2022-08-24\1\p0_g0\p0_g0_t0.imec0.lf.bin,7388777550,lf,AB_0025,2022-08-24,1,False,0,False,True,385,2500.0,3838.326,
Y,\\sahale.biostr.washington.edu\data\Subjects\AB_0025\2022-08-25\1\p0_g0\p0_g0_t0.imec0.ap.bin,88183937380,ap,AB_0025,2022-08-25,1,False,0,False,True,385,30000.0,3817.4864666666667,
Y,\\sahale.biostr.washington.edu\data\Subjects\AB_0025\2022-08-25\1\p0_g0\p0_g0_t0.imec0.lf.bin,7348662090,lf,AB_0025,2022-08-25,1,False,0,False,True,385,2500.0,3817.4868,
Y,\\sahale.biostr.washington.edu\data\Subjects\AB_0025\2022-08-26\1\p0_g0\p0_g0_t0.imec0.ap.bin,87739297800,ap,AB_0025,2022-08-26,1,False,0,False,True,385,30000.0,3798.238,
Y,\\sahale.biostr.washington.edu\data\Subjects\AB_0025\2022-08-26\1\p0_g0\p0_g0_t0.imec0.lf.bin,7311608150,lf,AB_0025,2022-08-26,1,False,0,False,True,385,2500.0,3798.238,
Y,\\sahale.biostr.washington.edu\data\Subjects\AB_0025\2022-08-29\1\p0_g0\p0_g0_t0.imec0.ap.bin,89298678700,ap,AB_0025,2022-08-29,1,False,0,False,True,385,30000.0,3865.7436666666667,
Y,\\sahale.biostr.washington.edu\data\Subjects\AB_0025\2022-08-29\1\p0_g0\p0_g0_t0.imec0.lf.bin,7441557200,lf,AB_0025,2022-08-29,1,False,0,False,True,385,2500.0,3865.744,
Y,\\sahale.biostr.washington.edu\data\Subjects\AB_0025\2022-08-30\1\p0_g0\p0_g0_t0.imec0.ap.bin,87132784200,ap,AB_0025,2022-08-30,1,False,0,False,True,385,30000.0,3771.982,
Y,\\sahale.biostr.washington.edu\data\Subjects\AB_0025\2022-08-30\1\p0_g0\p0_g0_t0.imec0.lf.bin,7261065350,lf,AB_0025,2022-08-30,1,False,0,False,True,385,2500.0,3771.982,
Y,\\sahale.biostr.washington.edu\data\Subjects\AB_0025\2022-08-31\1\p0_g0\p0_g0_t0.imec0.ap.bin,89959882320,ap,AB_0025,2022-08-31,1,False,0,False,True,385,30000.0,3894.3672,
Y,\\sahale.biostr.washington.edu\data\Subjects\AB_0025\2022-08-31\1\p0_g0\p0_g0_t0.imec0.lf.bin,7496656860,lf,AB_0025,2022-08-31,1,False,0,False,True,385,2500.0,3894.3672,
Y,\\sahale.biostr.washington.edu\data\Subjects\AB_0025\2022-09-01\1\p0_g0\p0_g0_t0.imec0.ap.bin,93520035840,ap,AB_0025,2022-09-01,1,False,0,False,True,385,30000.0,4048.4864,
Y,\\sahale.biostr.washington.edu\data\Subjects\AB_0025\2022-09-01\1\p0_g0\p0_g0_t0.imec0.lf.bin,7793336320,lf,AB_0025,2022-09-01,1,False,0,False,True,385,2500.0,4048.4864,
Y,\\sahale.biostr.washington.edu\data\Subjects\AB_0025\2022-09-02\1\p0_g0\p0_g0_t0.imec0.ap.bin,87983021280,ap,AB_0025,2022-09-02,1,False,0,False,True,385,30000.0,3808.7888,
Y,\\sahale.biostr.washington.edu\data\Subjects\AB_0025\2022-09-02\1\p0_g0\p0_g0_t0.imec0.lf.bin,7331918440,lf,AB_0025,2022-09-02,1,False,0,False,True,385,2500.0,3808.7888,
Y,\\sahale.biostr.washington.edu\data\Subjects\AB_0025\2022-09-05\1\p0_g0\p0_g0_t0.imec0.ap.bin,90913847640,ap,AB_0025,2022-09-05,1,False,0,False,True,385,30000.0,3935.6644,
Y,\\sahale.biostr.washington.edu\data\Subjects\AB_0025\2022-09-05\1\p0_g0\p0_g0_t0.imec0.lf.bin,7576153970,lf,AB_0025,2022-09-05,1,False,0,False,True,385,2500.0,3935.6644,
Y,\\sahale.biostr.washington.edu\data\Subjects\AB_0025\2022-09-06\1\p0_g0\p0_g0_t0.imec0.ap.bin,84286014120,ap,AB_0025,2022-09-06,1,False,0,False,True,385,30000.0,3648.7452,
Y,\\sahale.biostr.washington.edu\data\Subjects\AB_0025\2022-09-06\1\p0_g0\p0_g0_t0.imec0.lf.bin,7023834510,lf,AB_0025,2022-09-06,1,False,0,False,True,385,2500.0,3648.7452,
Y,\\sahale.biostr.washington.edu\data\Subjects\AB_0025\2022-09-07\1\p0_g0\p0_g0_t0.imec0.ap.bin,70106097600,ap,AB_0025,2022-09-07,1,False,0,False,True,385,30000.0,3034.896,
Y,\\sahale.biostr.washington.edu\data\Subjects\AB_0025\2022-09-07\1\p0_g0\p0_g0_t0.imec0.lf.bin,5842174800,lf,AB_0025,2022-09-07,1,False,0,False,True,385,2500.0,3034.896,
Y,\\sahale.biostr.washington.edu\data\Subjects\AB_0025\2022-09-08\3\p0_g0\p0_g0_t0.imec0.ap.bin,83986120680,ap,AB_0025,2022-09-08,3,False,0,False,True,385,30000.0,3635.7628,
Y,\\sahale.biostr.washington.edu\data\Subjects\AB_0025\2022-09-08\3\p0_g0\p0_g0_t0.imec0.lf.bin,6998843390,lf,AB_0025,2022-09-08,3,False,0,False,True,385,2500.0,3635.7628,
Y,\\sahale.biostr.washington.edu\data\Subjects\AB_0025\2022-09-09\1\p0_g0\p0_g0_t0.imec0.ap.bin,89524299480,ap,AB_0025,2022-09-09,1,False,0,False,True,385,30000.0,3875.5108,
Y,\\sahale.biostr.washington.edu\data\Subjects\AB_0025\2022-09-09\1\p0_g0\p0_g0_t0.imec0.lf.bin,7460358290,lf,AB_0025,2022-09-09,1,False,0,False,True,385,2500.0,3875.5108,
Y,\\sahale.biostr.washington.edu\data\Subjects\AB_0025\2022-09-12\1\p0_g0\p0_g0_t0.imec0.ap.bin,87784047120,ap,AB_0025,2022-09-12,1,False,0,False,True,385,30000.0,3800.1752,
Y,\\sahale.biostr.washington.edu\data\Subjects\AB_0025\2022-09-12\1\p0_g0\p0_g0_t0.imec0.lf.bin,7315337260,lf,AB_0025,2022-09-12,1,False,0,False,True,385,2500.0,3800.1752,
Y,\\sahale.biostr.washington.edu\data\Subjects\AB_0025\2022-09-21\1\p0_g0\p0_g0_t0.imec0.ap.bin,87109684970,ap,AB_0025,2022-09-21,1,False,0,False,True,385,30000.0,3770.982033333333,
Y,\\sahale.biostr.washington.edu\data\Subjects\AB_0025\2022-09-21\1\p0_g0\p0_g0_t0.imec0.lf.bin,7259141120,lf,AB_0025,2022-09-21,1,False,0,False,True,385,2500.0,3770.9824,
Y,\\sahale.biostr.washington.edu\data\Subjects\AB_0025\2022-09-22\2\p0_g0\p0_g0_t0.imec0.ap.bin,88224619560,ap,AB_0025,2022-09-22,2,False,0,False,True,385,30000.0,3819.2476,
Y,\\sahale.biostr.washington.edu\data\Subjects\AB_0025\2022-09-22\2\p0_g0\p0_g0_t0.imec0.lf.bin,7352051630,lf,AB_0025,2022-09-22,2,False,0,False,True,385,2500.0,3819.2476,
Y,\\sahale.biostr.washington.edu\data\Subjects\AB_0025\2022-09-27\1\p0_g0\p0_g0_t0.imec0.ap.bin,91414572480,ap,AB_0025,2022-09-27,1,False,0,False,True,385,30000.0,3957.3408,
Y,\\sahale.biostr.washington.edu\data\Subjects\AB_0025\2022-09-27\1\p0_g0\p0_g0_t0.imec0.lf.bin,7617881040,lf,AB_0025,2022-09-27,1,False,0,False,True,385,2500.0,3957.3408,
Y,\\sahale.biostr.washington.edu\data\Subjects\AB_0025\2022-09-28\1\p0_g0\p0_g0_t0.imec0.ap.bin,87951633000,ap,AB_0025,2022-09-28,1,False,0,False,True,385,30000.0,3807.43,
Y,\\sahale.biostr.washington.edu\data\Subjects\AB_0025\2022-09-28\1\p0_g0\p0_g0_t0.imec0.lf.bin,7329302750,lf,AB_0025,2022-09-28,1,False,0,False,True,385,2500.0,3807.43,
Y,\\sahale.biostr.washington.edu\data\Subjects\XL_002\2025-11-18\1\p0_g0_t0.imec0\p0_g0_t0.imec0.ap.bin,48194028190,ap,XL_002,2025-11-18,1,False,0,False,True,385,30000.0,2086.3215666666665,
Y,\\sahale.biostr.washington.edu\data\Subjects\XL_002\2025-11-18\1\p0_g0_t0.imec1\p0_g0_t0.imec1.ap.bin,48194922930,ap,XL_002,2025-11-18,1,False,0,False,True,385,30000.0,2086.3603,
Y,\\sahale.biostr.washington.edu\data\Subjects\JRS_0004\2021-06-16\2\p1_g0\p1_g0_t0.imec0.ap.bin,115806111190,ap,JRS_0004,2021-06-16,2,False,0,False,True,385,30000.0,5013.251566666667,
Y,\\sahale.biostr.washington.edu\data\Subjects\JRS_0004\2021-06-18\1\p1_g0\p1_g0_t0.imec0.ap.bin,83274581390,ap,JRS_0004,2021-06-18,1,False,0,False,True,385,30000.0,3604.9602333333332,
Y,\\sahale.biostr.washington.edu\data\Subjects\ZYE_0098\2025-12-17\2\p0_g0_t0.imec0\p0_g0_t0.imec0.ap.bin,49578215610,ap,ZYE_0098,2025-12-17,2,False,0,False,True,385,30000.0,2146.2431,
Y,\\sahale.biostr.washington.edu\data\Subjects\ZYE_0098\2025-12-18\1\p0_g0_t0.imec0\p0_g0_t0.imec0.ap.bin,54927638920,ap,ZYE_0098,2025-12-18,1,False,0,False,True,385,30000.0,2377.8198666666667,
Y,\\sahale.biostr.washington.edu\data\Subjects\ZYE_0098\2026-01-02\1\p0_g0_t0.imec0\p0_g0_t0.imec0.ap.bin,52344319720,ap,ZYE_0098,2026-01-02,1,False,0,False,True,385,30000.0,2265.987866666667,
Y,\\sahale.biostr.washington.edu\data\Subjects\SM_0013\2022-08-24\11\p0_g0_imec0\p0_g0_t0.imec0.ap.bin,12085584280,ap,SM_0013,2022-08-24,11,False,0,False,True,385,30000.0,523.1854666666667,
Y,\\sahale.biostr.washington.edu\data\Subjects\SM_0013\2022-08-24\2\p0_g0_imec0\p0_g0_t0.imec0.ap.bin,157380205290,ap,SM_0013,2022-08-24,2,False,0,False,True,385,30000.0,6812.9959,
Y,\\sahale.biostr.washington.edu\data\Subjects\SM_0013\2022-08-26\1\p0_g0_imec0\p0_g0_t0.imec0.ap.bin,156751547260,ap,SM_0013,2022-08-26,1,False,0,False,True,385,30000.0,6785.781266666667,
Y,\\sahale.biostr.washington.edu\data\Subjects\SM_0013\2022-09-09\2\p0_g0_imec0\p0_g0_t0.imec0.ap.bin,140794344460,ap,SM_0013,2022-09-09,2,False,0,False,True,385,30000.0,6094.993266666666,
Y,\\sahale.biostr.washington.edu\data\Subjects\SM_0013\2022-09-09\2\p0_g0_imec0\p0_g0_t0.imec0.lf.bin,11723250000,lf,SM_0013,2022-09-09,2,False,0,False,False,0,0.0,0.0,
Y,\\sahale.biostr.washington.edu\data\Subjects\AB_0010\2021-06-17\3\p3_g0\p3_g0_t0.imec0.ap.bin,91973058100,ap,AB_0010,2021-06-17,3,False,0,False,True,385,30000.0,3981.5176666666666,
Y,\\sahale.biostr.washington.edu\data\Subjects\AB_0010\2021-06-18\1\p1_g0\p1_g0_t0.imec0.ap.bin,76794560150,ap,AB_0010,2021-06-18,1,False,0,False,True,385,30000.0,3324.4398333333334,
Y,\\sahale.biostr.washington.edu\data\Subjects\AB_0010\2021-06-21\1\p1_g0\p1_g0_t0.imec0.ap.bin,72871486380,ap,AB_0010,2021-06-21,1,False,0,False,True,385,30000.0,3154.6098,
Y,\\sahale.biostr.washington.edu\data\Subjects\AB_0010\2021-06-22\1\p1_g0\p1_g0_t0.imec0.ap.bin,92598137170,ap,AB_0010,2021-06-22,1,False,0,False,True,385,30000.0,4008.577366666667,
Y,\\sahale.biostr.washington.edu\data\Subjects\AB_0010\2021-06-23\1\p1_g0\p1_g0_t0.imec0.ap.bin,92864478630,ap,AB_0010,2021-06-23,1,False,0,False,True,385,30000.0,4020.1073,
Y,\\sahale.biostr.washington.edu\data\Subjects\AB_0010\2021-06-24\1\p0_g0\p0_g0_t0.imec0.ap.bin,91660066960,ap,AB_0010,2021-06-24,1,False,0,False,True,385,30000.0,3967.9682666666668,
Y,\\sahale.biostr.washington.edu\data\Subjects\AB_0010\2021-06-25\1\p0_g0\p0_g0_t0.imec0.ap.bin,93878959790,ap,AB_0010,2021-06-25,1,False,0,False,True,385,30000.0,4064.0242333333335,
Y,\\sahale.biostr.washington.edu\data\Subjects\AB_0028\2024-05-26\1\p0_g0\p0_g0_t0.imec0.ap.bin,53849093760,ap,AB_0028,2024-05-26,1,False,0,False,True,385,30000.0,2331.1296,
Y,\\sahale.biostr.washington.edu\data\Subjects\AB_0028\2024-05-26\1\p0_g0\p0_g0_t0.imec0.lf.bin,4487424480,lf,AB_0028,2024-05-26,1,False,0,False,True,385,2500.0,2331.1296,
Y,\\sahale.biostr.washington.edu\data\Subjects\AB_0028\2024-05-26\1\p1_g0\p1_g0_t0.imec0.ap.bin,53849315520,ap,AB_0028,2024-05-26,1,False,0,False,True,385,30000.0,2331.1392,
Y,\\sahale.biostr.washington.edu\data\Subjects\AB_0028\2024-05-26\1\p1_g0\p1_g0_t0.imec0.lf.bin,4487442960,lf,AB_0028,2024-05-26,1,False,0,False,True,385,2500.0,2331.1392,
Y,\\sahale.biostr.washington.edu\data\Subjects\AB_0028\2024-05-26\1\p2_g0\p2_g0_t0.imec0.ap.bin,53848391520,ap,AB_0028,2024-05-26,1,False,0,False,True,385,30000.0,2331.0992,
Y,\\sahale.biostr.washington.edu\data\Subjects\AB_0028\2024-05-27\1\p0_g0\p0_g0_t0.imec0.ap.bin,70134177960,ap,AB_0028,2024-05-27,1,False,0,False,True,385,30000.0,3036.1116,
Y,\\sahale.biostr.washington.edu\data\Subjects\AB_0028\2024-05-27\1\p0_g0\p0_g0_t0.imec0.lf.bin,5844514830,lf,AB_0028,2024-05-27,1,False,0,False,True,385,2500.0,3036.1116,
Y,\\sahale.biostr.washington.edu\data\Subjects\AB_0028\2024-05-27\1\p1_g0\p1_g0_t0.imec0.ap.bin,70134691550,ap,AB_0028,2024-05-27,1,False,0,False,True,385,30000.0,3036.1338333333333,
Y,\\sahale.biostr.washington.edu\data\Subjects\AB_0028\2024-05-27\1\p2_g0\p2_g0_t0.imec0.ap.bin,70133311710,ap,AB_0028,2024-05-27,1,False,0,False,True,385,30000.0,3036.0741,
Y,\\sahale.biostr.washington.edu\data\Subjects\ZYE_0049\2021-12-08\1\p0_g0\p0_g0_t0.imec0.ap.bin,84501529420,ap,ZYE_0049,2021-12-08,1,False,0,False,True,385,30000.0,3658.074866666667,
Y,\\sahale.biostr.washington.edu\data\Subjects\ZYE_0049\2021-12-08\1\p1_g0\p1_g0_t0.imec0.ap.bin,84501715760,ap,ZYE_0049,2021-12-08,1,False,0,False,True,385,30000.0,3658.082933333333,
Y,\\sahale.biostr.washington.edu\data\Subjects\ZYE_0049\2021-12-09\1\p0_g0\p0_g0_t0.imec0.ap.bin,91965795460,ap,ZYE_0049,2021-12-09,1,False,0,False,True,385,30000.0,3981.203266666667,
Y,\\sahale.biostr.washington.edu\data\Subjects\ZYE_0049\2021-12-10\1\p0_g0\p0_g0_t0.imec0.ap.bin,91624435210,ap,ZYE_0049,2021-12-10,1,False,0,False,True,385,30000.0,3966.4257666666667,
Y,\\sahale.biostr.washington.edu\data\Subjects\ZYE_0049\2021-12-10\1\p1_g0\p1_g0_t0.imec1.ap.bin,91624765540,ap,ZYE_0049,2021-12-10,1,False,0,False,True,385,30000.0,3966.4400666666666,
Y,\\sahale.biostr.washington.edu\data\Subjects\ZYE_0049\2021-12-21\1\p0_g0\p0_g0_t0.imec0.ap.bin,94331364050,ap,ZYE_0049,2021-12-21,1,False,0,False,True,385,30000.0,4083.608833333333,
Y,\\sahale.biostr.washington.edu\data\Subjects\ZYE_0049\2021-12-22\1\p0_g0\p0_g0_t0.imec0.ap.bin,92316468090,ap,ZYE_0049,2021-12-22,1,False,0,False,True,385,30000.0,3996.3839,
Y,\\sahale.biostr.washington.edu\data\Subjects\ZYE_0049\2021-12-22\1\p1_g0\p1_g0_t0.imec0.ap.bin,92316918540,ap,ZYE_0049,2021-12-22,1,False,0,False,True,385,30000.0,3996.4034,
Y,\\sahale.biostr.washington.edu\data\Subjects\ZYE_0049\2021-12-23\1\p0_g0\p0_g0_t0.imec0.ap.bin,92105121570,ap,ZYE_0049,2021-12-23,1,False,0,False,True,385,30000.0,3987.2347,
Y,\\sahale.biostr.washington.edu\data\Subjects\ZYE_0049\2021-12-23\1\p1_g0\p1_g0_t0.imec0.ap.bin,92105332550,ap,ZYE_0049,2021-12-23,1,False,0,False,True,385,30000.0,3987.2438333333334,
Y,\\sahale.biostr.washington.edu\data\Subjects\ZYE_0049\2021-12-24\1\p0_g0\p0_g0_t0.imec0.ap.bin,94924410350,ap,ZYE_0049,2021-12-24,1,False,0,False,True,385,30000.0,4109.281833333333,
Y,\\sahale.biostr.washington.edu\data\Subjects\ZYE_0034\2021-05-21\2\p2_g0\p2_g0_t0.imec0.ap.bin,49815378690,ap,ZYE_0034,2021-05-21,2,False,0,False,True,385,30000.0,2156.5099,
Y,\\sahale.biostr.washington.edu\data\Subjects\Laurent\GL1350\20230323\GL1350_20230323_openfieldA_g0\GL1350_20230323_openfieldA_g0_t0.imec0.ap.bin,42204229760,ap,Laurent,,,True,15821471195,True,True,385,30000.073387096774,1827.0184640139726,
Y,\\sahale.biostr.washington.edu\data\Subjects\Laurent\GL1350\20230323\GL1350_20230323_openfieldA_g0\GL1350_20230323_openfieldA_g0_t0.imec0.lf.bin,3517019660,lf,Laurent,,,True,1024890565,True,True,385,2500.0061155913977,1827.018730679987,
Y,\\sahale.biostr.washington.edu\data\Subjects\AL_0039\2025-09-30\1\p0_g0_t0.imec0\p0_g0_t0.imec0.ap.bin,16947334250,ap,AL_0039,2025-09-30,1,False,0,False,True,385,30000.0,733.6508333333334,
Y,\\sahale.biostr.washington.edu\data\Subjects\AL_0039\2025-09-30\6\p0_g0_t0.imec0\p0_g0_t0.imec0.ap.bin,10321243240,ap,AL_0039,2025-09-30,6,False,0,False,True,385,30000.0,446.8070666666667,
Y,\\sahale.biostr.washington.edu\data\Subjects\AL_0039\2025-10-01\1\p0_g0_t0.imec0\p0_g0_t0.imec0.ap.bin,116060159600,ap,AL_0039,2025-10-01,1,False,0,False,True,385,30000.0,5024.249333333333,
Y,\\sahale.biostr.washington.edu\data\Subjects\AB_0003\2021-04-20\1\p1_g0\p1_g0_t0.imec0.ap.bin,83882518720,ap,AB_0003,2021-04-20,1,False,0,False,True,385,30000.0,3631.277866666667,
Y,\\sahale.biostr.washington.edu\data\Subjects\AB_0003\2021-04-26\1\p1_g0\p1_g0_t0.imec0.ap.bin,84016027480,ap,AB_0003,2021-04-26,1,False,0,False,True,385,30000.0,3637.0574666666666,
Y,\\sahale.biostr.washington.edu\data\Subjects\AB_0003\2021-04-27\1\p1_g0\p1_g0_t0.imec0.ap.bin,87691188970,ap,AB_0003,2021-04-27,1,False,0,False,True,385,30000.0,3796.155366666667,
Y,\\sahale.biostr.washington.edu\data\Subjects\AB_0003\2021-05-19\1\p1_g0\p1_g0_t0.imec0.ap.bin,93215115840,ap,AB_0003,2021-05-19,1,False,0,False,True,385,30000.0,4035.2864,
Y,\\sahale.biostr.washington.edu\data\Subjects\AB_0003\2021-05-20\1\p1_g0\p1_g0_t0.imec0.ap.bin,92133851040,ap,AB_0003,2021-05-20,1,False,0,False,True,385,30000.0,3988.4784,
Y,\\sahale.biostr.washington.edu\data\Subjects\AB_0003\2021-05-21\1\p1_g0\p1_g0_t0.imec0.ap.bin,93367253980,ap,AB_0003,2021-05-21,1,False,0,False,True,385,30000.0,4041.8724666666667,
Y,\\sahale.biostr.washington.edu\data\Subjects\AB_0003\2021-05-25\1\p1_g0\p1_g0_t0.imec0.ap.bin,92258854380,ap,AB_0003,2021-05-25,1,False,0,False,True,385,30000.0,3993.8898,
Y,\\sahale.biostr.washington.edu\data\Subjects\AL_0033\2025-08-04\1\p0_g0_t0.imec0\p0_g0_t0.imec0.ap.bin,87486337400,ap,AL_0033,2025-08-04,1,False,0,False,True,385,30000.0,3787.287333333333,
Y,\\sahale.biostr.washington.edu\data\Subjects\AL_0033\2025-08-05\1\p0_g0_t0.imec0\p0_g0_t0.imec0.ap.bin,15334146520,ap,AL_0033,2025-08-05,1,False,0,False,True,385,30000.0,663.8158666666667,
Y,\\sahale.biostr.washington.edu\data\Subjects\AL_0033\2025-08-05\4\p0_g0_t0.imec0\p0_g0_t0.imec0.ap.bin,91662966010,ap,AL_0033,2025-08-05,4,False,0,False,True,385,30000.0,3968.093766666667,
Y,\\sahale.biostr.washington.edu\data\Subjects\AL_0033\2025-08-05\7\p0_g0_t0.imec0\p0_g0_t0.imec0.ap.bin,10303810440,ap,AL_0033,2025-08-05,7,False,0,False,True,385,30000.0,446.0524,
Y,\\sahale.biostr.washington.edu\data\Subjects\AL_0033\2025-08-05\9\p0_g0_t0.imec0\p0_g0_t0.imec0.ap.bin,8355624200,ap,AL_0033,2025-08-05,9,False,0,False,True,385,30000.0,361.7153333333333,
Y,\\sahale.biostr.washington.edu\data\Subjects\AB_0009\2021-07-22\1\p0_g0\p0_g0_t0.imec0.ap.bin,92717590350,ap,AB_0009,2021-07-22,1,False,0,False,True,385,30000.0,4013.7485,
Y,\\sahale.biostr.washington.edu\data\Subjects\AB_0009\2021-07-22\1\p1_g0\p1_g0_t0.imec1.ap.bin,92717866010,ap,AB_0009,2021-07-22,1,False,0,False,True,385,30000.0,4013.7604333333334,
Y,\\sahale.biostr.washington.edu\data\Subjects\AB_0009\2021-07-23\1\p0_g0\p0_g0_t0.imec0.ap.bin,79995326950,ap,AB_0009,2021-07-23,1,False,0,False,True,385,30000.0,3463.0011666666664,
Y,\\sahale.biostr.washington.edu\data\Subjects\AB_0009\2021-07-23\1\p1_g0\p1_g0_t0.imec1.ap.bin,79995712720,ap,AB_0009,2021-07-23,1,False,0,False,True,385,30000.0,3463.0178666666666,
Y,\\sahale.biostr.washington.edu\data\Subjects\AB_0009\2021-07-28\1\p0_g0\p0_g0_t0.imec0.ap.bin,78454838770,ap,AB_0009,2021-07-28,1,False,0,False,True,385,30000.0,3396.3133666666668,
Y,\\sahale.biostr.washington.edu\data\Subjects\AB_0009\2021-07-28\1\p1_g0\p1_g0_t0.imec1.ap.bin,78455090560,ap,AB_0009,2021-07-28,1,False,0,False,True,385,30000.0,3396.3242666666665,
Y,\\sahale.biostr.washington.edu\data\Subjects\AB_0009\2021-07-29\3\p1_g0\p1_g1_t0.imec0.ap.bin,26601554980,ap,AB_0009,2021-07-29,3,False,0,False,True,385,30000.0,1151.5824666666667,
Y,\\sahale.biostr.washington.edu\data\Subjects\AB_0031\2023-11-19\1\p0_g0\p0_g0_t0.imec0.ap.bin,44241803760,ap,AB_0031,2023-11-19,1,False,0,False,True,385,30000.0,1915.2296,
Y,\\sahale.biostr.washington.edu\data\Subjects\AB_0031\2023-11-19\1\p0_g0\p0_g0_t0.imec0.lf.bin,3686817750,lf,AB_0031,2023-11-19,1,False,0,False,True,385,2500.0,1915.23,
Y,\\sahale.biostr.washington.edu\data\Subjects\AB_0031\2023-11-19\1\p1_g0\p1_g0_t0.imec0.ap.bin,44241571220,ap,AB_0031,2023-11-19,1,False,0,False,True,385,30000.0,1915.2195333333334,
Y,\\sahale.biostr.washington.edu\data\Subjects\AB_0031\2023-11-20\1\p0_g0\p0_g0_t0.imec0.ap.bin,72311611680,ap,AB_0031,2023-11-20,1,False,0,False,True,385,30000.0,3130.3728,
Y,\\sahale.biostr.washington.edu\data\Subjects\AB_0031\2023-11-20\1\p0_g0\p0_g0_t0.imec0.lf.bin,6025967640,lf,AB_0031,2023-11-20,1,False,0,False,True,385,2500.0,3130.3728,
Y,\\sahale.biostr.washington.edu\data\Subjects\AB_0031\2023-11-20\1\p1_g0\p1_g0_t0.imec0.ap.bin,72311022630,ap,AB_0031,2023-11-20,1,False,0,False,True,385,30000.0,3130.3473,
Y,\\sahale.biostr.washington.edu\data\Subjects\AB_0031\2023-11-21\1\p0_g0\p0_g0_t0.imec0.ap.bin,64958281080,ap,AB_0031,2023-11-21,1,False,0,False,True,385,30000.0,2812.0468,
Y,\\sahale.biostr.washington.edu\data\Subjects\AB_0031\2023-11-21\1\p0_g0\p0_g0_t0.imec0.lf.bin,5413190860,lf,AB_0031,2023-11-21,1,False,0,False,True,385,2500.0,2812.0472,
Y,\\sahale.biostr.washington.edu\data\Subjects\AB_0031\2023-11-21\1\p1_g0\p1_g0_t0.imec0.ap.bin,64958284930,ap,AB_0031,2023-11-21,1,False,0,False,True,385,30000.0,2812.046966666667,
Y,\\sahale.biostr.washington.edu\data\Subjects\AB_0031\2023-11-22\1\p0_g0\p0_g0_t0.imec0.ap.bin,63410526410,ap,AB_0031,2023-11-22,1,False,0,False,True,385,30000.0,2745.0444333333335,
Y,\\sahale.biostr.washington.edu\data\Subjects\AB_0031\2023-11-22\1\p0_g0\p0_g0_t0.imec0.lf.bin,5284211240,lf,AB_0031,2023-11-22,1,False,0,False,True,385,2500.0,2745.0448,
Y,\\sahale.biostr.washington.edu\data\Subjects\AB_0031\2023-11-22\1\p1_g0\p1_g0_t0.imec0.ap.bin,63410507930,ap,AB_0031,2023-11-22,1,False,0,False,True,385,30000.0,2745.043633333333,
Y,\\sahale.biostr.washington.edu\data\Subjects\AB_0031\2023-11-22\1\p1_g0\p1_g0_t0.imec0.lf.bin,5284209700,lf,AB_0031,2023-11-22,1,False,0,False,True,385,2500.0,2745.044,
Y,\\sahale.biostr.washington.edu\data\Subjects\AB_0031\2023-11-22\1\p2_g0\p2_g0_t0.imec0.ap.bin,63408922500,ap,AB_0031,2023-11-22,1,False,0,False,True,385,30000.0,2744.975,
Y,\\sahale.biostr.washington.edu\data\Subjects\AB_0031\2023-11-27\1\p0_g0\p0_g0_t0.imec0.ap.bin,72600407880,ap,AB_0031,2023-11-27,1,False,0,False,True,385,30000.0,3142.8748,
Y,\\sahale.biostr.washington.edu\data\Subjects\AB_0031\2023-11-27\1\p0_g0\p0_g0_t0.imec0.lf.bin,6050033990,lf,AB_0031,2023-11-27,1,False,0,False,True,385,2500.0,3142.8748,
Y,\\sahale.biostr.washington.edu\data\Subjects\AB_0031\2023-11-27\1\p1_g0\p1_g0_t0.imec0.ap.bin,72600352440,ap,AB_0031,2023-11-27,1,False,0,False,True,385,30000.0,3142.8724,
Y,\\sahale.biostr.washington.edu\data\Subjects\AB_0031\2023-11-27\1\p1_g0\p1_g0_t0.imec0.lf.bin,6050029370,lf,AB_0031,2023-11-27,1,False,0,False,True,385,2500.0,3142.8724,
Y,\\sahale.biostr.washington.edu\data\Subjects\AB_0031\2023-11-27\1\p2_g0\p2_g0_t0.imec0.ap.bin,72597853790,ap,AB_0031,2023-11-27,1,False,0,False,True,385,30000.0,3142.7642333333333,
Y,\\sahale.biostr.washington.edu\data\Subjects\AB_0031\2023-11-28\1\p0_g0\p0_g0_t0.imec0.ap.bin,59691675120,ap,AB_0031,2023-11-28,1,False,0,False,True,385,30000.0,2584.0552,
Y,\\sahale.biostr.washington.edu\data\Subjects\AB_0031\2023-11-28\1\p0_g0\p0_g0_t0.imec0.lf.bin,4974306260,lf,AB_0031,2023-11-28,1,False,0,False,True,385,2500.0,2584.0552,
Y,\\sahale.biostr.washington.edu\data\Subjects\AB_0031\2023-11-28\1\p1_g0\p1_g0_t0.imec0.ap.bin,59691832200,ap,AB_0031,2023-11-28,1,False,0,False,True,385,30000.0,2584.062,
Y,\\sahale.biostr.washington.edu\data\Subjects\AB_0031\2023-11-28\1\p1_g0\p1_g0_t0.imec0.lf.bin,4974319350,lf,AB_0031,2023-11-28,1,False,0,False,True,385,2500.0,2584.062,
Y,\\sahale.biostr.washington.edu\data\Subjects\ZYE_0027\2021-04-20\1\p1_g0\p1_g0_t0.imec0.ap.bin,83872506410,ap,ZYE_0027,2021-04-20,1,False,0,False,True,385,30000.0,3630.844433333333,
Y,\\sahale.biostr.washington.edu\data\Subjects\ZYE_0027\2021-04-26\1\p1_g0\p1_g0_t0.imec0.ap.bin,68900975990,ap,ZYE_0027,2021-04-26,1,False,0,False,True,385,30000.0,2982.7262333333333,
Y,\\sahale.biostr.washington.edu\data\Subjects\ZYE_0027\2021-04-27\1\p1_g0\p1_g0_t0.imec0.ap.bin,61490162580,ap,ZYE_0027,2021-04-27,1,False,0,False,True,385,30000.0,2661.9118,
Y,\\sahale.biostr.washington.edu\data\Subjects\ZYE_0027\2021-05-13\2\p1_g0\p1_g0_t0.imec0.ap.bin,28880538610,ap,ZYE_0027,2021-05-13,2,False,0,False,True,385,30000.0,1250.2397666666666,
Y,\\sahale.biostr.washington.edu\data\Subjects\ZYE_0027\2021-05-14\1\p1_g0\p1_g0_t0.imec0.ap.bin,75709703300,ap,ZYE_0027,2021-05-14,1,False,0,False,True,385,30000.0,3277.4763333333335,
Y,\\sahale.biostr.washington.edu\data\Subjects\NR_0032\2023-12-13\quarterDensity\_spikeglx_ephysData_g0\_spikeglx_ephysData_g0_t0.nidq.bin,38913648,nidq,NR_0032,2023-12-13,quarterDensity,False,0,False,True,2,30003.0003,324.24797196032426,
Y,\\sahale.biostr.washington.edu\data\Subjects\NR_0032\2023-12-15\quarterDensity\_spikeglx_ephysData_g0\_spikeglx_ephysData_g0_t0.nidq.bin,36463436,nidq,NR_0032,2023-12-15,quarterDensity,False,0,False,True,2,30003.0003,303.83158047030383,
Y,\\sahale.biostr.washington.edu\data\Subjects\AL_0005\2021-08-04\5\p1_g0_t0.imec0\p1_g0_t0.imec0.ap.bin,83354818470,ap,AL_0005,2021-08-04,5,False,0,False,True,385,30000.0,3608.4337,
Y,\\sahale.biostr.washington.edu\data\Subjects\AL_0005\2021-08-04\5\p1_g0_t0.imec1\p1_g0_t0.imec1.ap.bin,83355258910,ap,AL_0005,2021-08-04,5,False,0,False,True,385,30000.0,3608.452766666667,
Y,\\sahale.biostr.washington.edu\data\Subjects\AB_0035\2024-05-26\1\p0_g0\p0_g0_t0.imec0.ap.bin,51438303840,ap,AB_0035,2024-05-26,1,False,0,False,True,385,30000.0,2226.7664,
Y,\\sahale.biostr.washington.edu\data\Subjects\AB_0035\2024-05-26\1\p0_g0\p0_g0_t0.imec0.lf.bin,4286525320,lf,AB_0035,2024-05-26,1,False,0,False,True,385,2500.0,2226.7664,
Y,\\sahale.biostr.washington.edu\data\Subjects\AB_0035\2024-05-26\1\p1_g0\p1_g0_t0.imec0.ap.bin,51438618000,ap,AB_0035,2024-05-26,1,False,0,False,True,385,30000.0,2226.78,
Y,\\sahale.biostr.washington.edu\data\Subjects\AB_0035\2024-05-26\1\p1_g0\p1_g0_t0.imec0.lf.bin,4286551500,lf,AB_0035,2024-05-26,1,False,0,False,True,385,2500.0,2226.78,
Y,\\sahale.biostr.washington.edu\data\Subjects\AB_0035\2024-05-26\1\p2_g0\p2_g0_t0.imec0.ap.bin,51437427580,ap,AB_0035,2024-05-26,1,False,0,False,True,385,30000.0,2226.7284666666665,
Y,\\sahale.biostr.washington.edu\data\Subjects\AB_0035\2024-05-28\1\p0_g0\p0_g0_t0.imec0.ap.bin,85630240080,ap,AB_0035,2024-05-28,1,False,0,False,True,385,30000.0,3706.9368,
Y,\\sahale.biostr.washington.edu\data\Subjects\AB_0035\2024-05-28\1\p0_g0\p0_g0_t0.imec0.lf.bin,7135853340,lf,AB_0035,2024-05-28,1,False,0,False,True,385,2500.0,3706.9368,
Y,\\sahale.biostr.washington.edu\data\Subjects\AB_0035\2024-05-28\1\p1_g0\p1_g0_t0.imec0.ap.bin,85629406170,ap,AB_0035,2024-05-28,1,False,0,False,True,385,30000.0,3706.9007,
Y,\\sahale.biostr.washington.edu\data\Subjects\MT_004\2025-06-05\p0_g0\p0_g0_imec0\p0_g0_t0.imec0.ap.bin,21591893400,ap,MT_004,2025-06-05,p0_g0,False,0,False,True,385,30000.0,934.714,
Y,\\sahale.biostr.washington.edu\data\Subjects\MT_004\2025-06-05\p0_g0\p0_g0_imec0\p0_g0_t0.imec0.lf.bin,1799324450,lf,MT_004,2025-06-05,p0_g0,False,0,False,True,385,2500.0,934.714,
Y,\\sahale.biostr.washington.edu\data\Subjects\MT_004\2025-06-05\p1_g0\p1_g0_imec0\p1_g0_t0.imec0.ap.bin,21294762720,ap,MT_004,2025-06-05,p1_g0,False,0,False,True,385,30000.0,921.8512,
Y,\\sahale.biostr.washington.edu\data\Subjects\MT_004\2025-06-05\p1_g0\p1_g0_imec0\p1_g0_t0.imec0.lf.bin,1774563560,lf,MT_004,2025-06-05,p1_g0,False,0,False,True,385,2500.0,921.8512,
Y,\\sahale.biostr.washington.edu\data\Subjects\AB_0007\2021-07-08\1\p0_g0\p0_g0_t0.imec0.ap.bin,91265810020,ap,AB_0007,2021-07-08,1,False,0,False,True,385,30000.0,3950.900866666667,
Y,\\sahale.biostr.washington.edu\data\Subjects\AB_0007\2021-07-09\1\p0_g0\p0_g0_t0.imec0.ap.bin,92016349810,ap,AB_0007,2021-07-09,1,False,0,False,True,385,30000.0,3983.3917666666666,
Y,\\sahale.biostr.washington.edu\data\Subjects\AB_0007\2021-07-12\1\p0_g0\p0_g0_t0.imec0.ap.bin,92496350100,ap,AB_0007,2021-07-12,1,False,0,False,True,385,30000.0,4004.171,
Y,\\sahale.biostr.washington.edu\data\Subjects\AB_0007\2021-07-14\1\p0_g0\p0_g0_t0.imec0.ap.bin,92491922600,ap,AB_0007,2021-07-14,1,False,0,False,True,385,30000.0,4003.979333333333,
Y,\\sahale.biostr.washington.edu\data\Subjects\AB_0007\2021-07-14\1\p1_g0\p1_g0_t0.imec1.ap.bin,92492473920,ap,AB_0007,2021-07-14,1,False,0,False,True,385,30000.0,4004.0032,
Y,\\sahale.biostr.washington.edu\data\Subjects\AB_0007\2021-07-16\1\p0_g0\p0_g0_t0.imec0.ap.bin,92042492850,ap,AB_0007,2021-07-16,1,False,0,False,True,385,30000.0,3984.5235,
Y,\\sahale.biostr.washington.edu\data\Subjects\AB_0007\2021-07-16\1\p1_g0\p1_g0_t0.imec1.ap.bin,92042805470,ap,AB_0007,2021-07-16,1,False,0,False,True,385,30000.0,3984.5370333333335,
Y,\\sahale.biostr.washington.edu\data\Subjects\LK_0003\2021-07-06\1\p0_g0\p0_g0_t0.imec0.ap.bin,49653653280,ap,LK_0003,2021-07-06,1,False,0,False,True,385,30000.0,2149.5088,
Y,\\sahale.biostr.washington.edu\data\Subjects\LK_0003\2021-07-06\1\p0_g0\p0_g0_t0.imec0.lf.bin,4137804440,lf,LK_0003,2021-07-06,1,False,0,False,True,385,2500.0,2149.5088,
Y,\\sahale.biostr.washington.edu\data\Subjects\LK_0003\2021-07-17\1\p0_g0\p0_g0_t0.imec0.ap.bin,43240957760,ap,LK_0003,2021-07-17,1,False,0,False,True,385,30000.0,1871.9029333333333,
Y,\\sahale.biostr.washington.edu\data\Subjects\AB_0026\2024-02-16\1\p0_g0_imec0\p0_g0_t0.imec0.ap.bin,48868321810,ap,AB_0026,2024-02-16,1,False,0,False,True,385,30000.0,2115.5117666666665,
Y,\\sahale.biostr.washington.edu\data\Subjects\AB_0026\2024-02-22\1\p0_g0_imec0\p0_g0_t0.imec0.ap.bin,68602491650,ap,AB_0026,2024-02-22,1,False,0,False,True,385,30000.0,2969.804833333333,
Y,\\sahale.biostr.washington.edu\data\Subjects\AL_0016\2022-10-04\1\p0_g0_t0.imec0\p0_g0_t0.imec0.ap.bin,77830448850,ap,AL_0016,2022-10-04,1,False,0,False,True,385,30000.0,3369.2835,
Y,\\sahale.biostr.washington.edu\data\Subjects\AL_0016\2022-10-04\1\p0_g0_t0.imec1\p0_g0_t0.imec1.ap.bin,77830150090,ap,AL_0016,2022-10-04,1,False,0,False,True,385,30000.0,3369.2705666666666,
Y,\\sahale.biostr.washington.edu\data\Subjects\AB_0014\2021-11-16\3\p0_g0\p0_g0_t0.imec0.ap.bin,92006631640,ap,AB_0014,2021-11-16,3,False,0,False,True,385,30000.0,3982.9710666666665,
Y,\\sahale.biostr.washington.edu\data\Subjects\AB_0014\2021-11-17\1\p0_g0\p0_g0_t0.imec0.ap.bin,92470972440,ap,AB_0014,2021-11-17,1,False,0,False,True,385,30000.0,4003.0724,
Y,\\sahale.biostr.washington.edu\data\Subjects\AB_0014\2021-11-18\1\p0_g0\p0_g0_t0.imec0.ap.bin,92445483900,ap,AB_0014,2021-11-18,1,False,0,False,True,385,30000.0,4001.969,
Y,\\sahale.biostr.washington.edu\data\Subjects\AB_0014\2021-11-23\1\p0_g0\p0_g0_t0.imec0.ap.bin,97946526370,ap,AB_0014,2021-11-23,1,False,0,False,True,385,30000.0,4240.109366666667,
Y,\\sahale.biostr.washington.edu\data\Subjects\AB_0014\2021-11-24\1\p0_g0\p0_g0_t0.imec0.ap.bin,112796208140,ap,AB_0014,2021-11-24,1,False,0,False,True,385,30000.0,4882.9527333333335,
Y,\\sahale.biostr.washington.edu\data\Subjects\AL_0024\2023-10-11\1\p0_g0_t0.imec0\p0_g0_t0.imec0.ap.bin,50231514410,ap,AL_0024,2023-10-11,1,False,0,False,True,385,30000.0,2174.5244333333335,
Y,\\sahale.biostr.washington.edu\data\Subjects\AL_0024\2023-10-11\1\p0_g0_t0.imec1\p0_g0_t0.imec1.ap.bin,50232495390,ap,AL_0024,2023-10-11,1,False,0,False,True,385,30000.0,2174.5669,
Y,\\sahale.biostr.washington.edu\data\Subjects\DO_0011\2021-12-13\7\p0_g0\p0_g0_t0.imec0.ap.bin,69034211400,ap,DO_0011,2021-12-13,7,False,0,False,True,385,30000.0,2988.494,
Y,\\sahale.biostr.washington.edu\data\Subjects\DO_0011\2021-12-14\1\p0_g0\p0_g0_t0.imec0.ap.bin,69083041720,ap,DO_0011,2021-12-14,1,False,0,False,True,385,30000.0,2990.6078666666667,
Y,\\sahale.biostr.washington.edu\data\Subjects\DO_0011\2021-12-15\1\p0_g0\p0_g0_t0.imec0.ap.bin,69756660820,ap,DO_0011,2021-12-15,1,False,0,False,True,385,30000.0,3019.768866666667,
Y,\\sahale.biostr.washington.edu\data\Subjects\DO_0011\2021-12-16\1\p0_g0\p0_g0_t0.imec0.ap.bin,68835615310,ap,DO_0011,2021-12-16,1,False,0,False,True,385,30000.0,2979.8967666666667,
Y,\\sahale.biostr.washington.edu\data\Subjects\DO_0011\2021-12-16\1\p1_g0\p1_g0_t0.imec1.ap.bin,68835368140,ap,DO_0011,2021-12-16,1,False,0,False,True,385,30000.0,2979.8860666666665,
Y,\\sahale.biostr.washington.edu\data\Subjects\DO_0011\2021-12-17\1\p0_g0\p0_g0_t0.imec0.ap.bin,68984032810,ap,DO_0011,2021-12-17,1,False,0,False,True,385,30000.0,2986.3217666666665,
Y,\\sahale.biostr.washington.edu\data\Subjects\DO_0011\2021-12-17\1\p1_g0\p1_g0_t0.imec1.ap.bin,68984282290,ap,DO_0011,2021-12-17,1,False,0,False,True,385,30000.0,2986.3325666666665,
Y,\\sahale.biostr.washington.edu\data\Subjects\DO_0011\2021-12-20\7\p0_g0\p0_g0_t0.imec0.ap.bin,68156203500,ap,DO_0011,2021-12-20,7,False,0,False,True,385,30000.0,2950.485,
Y,\\sahale.biostr.washington.edu\data\Subjects\DO_0011\2021-12-20\7\p1_g0\p1_g0_t0.imec0.ap.bin,68156480700,ap,DO_0011,2021-12-20,7,False,0,False,True,385,30000.0,2950.497,
Y,\\sahale.biostr.washington.edu\data\Subjects\DO_0011\2021-12-21\1\p0_g0\p0_g0_t0.imec0.ap.bin,69801236890,ap,DO_0011,2021-12-21,1,False,0,False,True,385,30000.0,3021.6985666666665,
Y,\\sahale.biostr.washington.edu\data\Subjects\DO_0011\2021-12-22\1\p0_g0\p0_g0_t0.imec0.ap.bin,68842593050,ap,DO_0011,2021-12-22,1,False,0,False,True,385,30000.0,2980.1988333333334,
Y,\\sahale.biostr.washington.edu\data\Subjects\DO_0011\2021-12-23\1\p0_g0\p0_g0_t0.imec0.ap.bin,68943224350,ap,DO_0011,2021-12-23,1,False,0,False,True,385,30000.0,2984.5551666666665,
Y,\\sahale.biostr.washington.edu\data\Subjects\AB_0019\2022-05-18\1\p0_g0\p0_g0_t0.imec0.ap.bin,95231764320,ap,AB_0019,2022-05-18,1,False,0,False,True,385,30000.0,4122.5872,
Y,\\sahale.biostr.washington.edu\data\Subjects\AB_0019\2022-05-18\1\p0_g0\p0_g0_t0.imec0.lf.bin,7935980360,lf,AB_0019,2022-05-18,1,False,0,False,True,385,2500.0,4122.5872,
Y,\\sahale.biostr.washington.edu\data\Subjects\AB_0019\2022-05-19\1\p0_g0\p0_g0_t0.imec0.ap.bin,99849417360,ap,AB_0019,2022-05-19,1,False,0,False,True,385,30000.0,4322.4856,
Y,\\sahale.biostr.washington.edu\data\Subjects\AB_0019\2022-05-19\1\p0_g0\p0_g0_t0.imec0.lf.bin,8320784780,lf,AB_0019,2022-05-19,1,False,0,False,True,385,2500.0,4322.4856,
Y,\\sahale.biostr.washington.edu\data\Subjects\AB_0019\2022-05-20\1\p0_g0\p0_g0_t0.imec0.ap.bin,93993761400,ap,AB_0019,2022-05-20,1,False,0,False,True,385,30000.0,4068.994,
Y,\\sahale.biostr.washington.edu\data\Subjects\AB_0019\2022-05-20\1\p0_g0\p0_g0_t0.imec0.lf.bin,7832813450,lf,AB_0019,2022-05-20,1,False,0,False,True,385,2500.0,4068.994,
Y,\\sahale.biostr.washington.edu\data\Subjects\AB_0019\2022-05-23\1\p0_g0\p0_g0_t0.imec0.ap.bin,85377267360,ap,AB_0019,2022-05-23,1,False,0,False,True,385,30000.0,3695.9856,
Y,\\sahale.biostr.washington.edu\data\Subjects\AB_0019\2022-05-23\1\p0_g0\p0_g0_t0.imec0.lf.bin,7114772280,lf,AB_0019,2022-05-23,1,False,0,False,True,385,2500.0,3695.9856,
Y,\\sahale.biostr.washington.edu\data\Subjects\AB_0019\2022-05-27\1\p0_g0\p0_g0_t0.imec0.ap.bin,93051004200,ap,AB_0019,2022-05-27,1,False,0,False,True,385,30000.0,4028.182,
Y,\\sahale.biostr.washington.edu\data\Subjects\AB_0019\2022-05-27\1\p0_g0\p0_g0_t0.imec0.lf.bin,7754250350,lf,AB_0019,2022-05-27,1,False,0,False,True,385,2500.0,4028.182,
Y,\\sahale.biostr.washington.edu\data\Subjects\AB_0019\2022-05-31\1\p0_g0\p0_g0_t0.imec0.ap.bin,93011327640,ap,AB_0019,2022-05-31,1,False,0,False,True,385,30000.0,4026.4644,
Y,\\sahale.biostr.washington.edu\data\Subjects\AB_0019\2022-05-31\1\p0_g0\p0_g0_t0.imec0.lf.bin,7750943970,lf,AB_0019,2022-05-31,1,False,0,False,True,385,2500.0,4026.4644,
Y,\\sahale.biostr.washington.edu\data\Subjects\AB_0019\2022-06-01\1\p0_g0\p0_g0_t0.imec0.ap.bin,92737925280,ap,AB_0019,2022-06-01,1,False,0,False,True,385,30000.0,4014.6288,
Y,\\sahale.biostr.washington.edu\data\Subjects\AB_0019\2022-06-01\1\p0_g0\p0_g0_t0.imec0.lf.bin,7728160440,lf,AB_0019,2022-06-01,1,False,0,False,True,385,2500.0,4014.6288,
Y,\\sahale.biostr.washington.edu\data\Subjects\AB_0019\2022-06-02\1\p0_g0\p0_g0_t0.imec0.ap.bin,98133567840,ap,AB_0019,2022-06-02,1,False,0,False,True,385,30000.0,4248.2064,
Y,\\sahale.biostr.washington.edu\data\Subjects\AB_0019\2022-06-02\1\p0_g0\p0_g0_t0.imec0.lf.bin,8177797320,lf,AB_0019,2022-06-02,1,False,0,False,True,385,2500.0,4248.2064,
Y,\\sahale.biostr.washington.edu\data\Subjects\AB_0019\2022-06-03\1\p0_g0\p0_g0_t0.imec0.ap.bin,91542435600,ap,AB_0019,2022-06-03,1,False,0,False,True,385,30000.0,3962.876,
Y,\\sahale.biostr.washington.edu\data\Subjects\AB_0019\2022-06-03\1\p0_g0\p0_g0_t0.imec0.lf.bin,7628536300,lf,AB_0019,2022-06-03,1,False,0,False,True,385,2500.0,3962.876,
Y,\\sahale.biostr.washington.edu\data\Subjects\AB_0019\2022-06-06\1\p0_g0\p0_g0_t0.imec0.ap.bin,92474751600,ap,AB_0019,2022-06-06,1,False,0,False,True,385,30000.0,4003.236,
Y,\\sahale.biostr.washington.edu\data\Subjects\AB_0019\2022-06-06\1\p0_g0\p0_g0_t0.imec0.lf.bin,7706229300,lf,AB_0019,2022-06-06,1,False,0,False,True,385,2500.0,4003.236,
Y,\\sahale.biostr.washington.edu\data\Subjects\AB_0019\2022-06-07\1\p0_g0\p0_g0_t0.imec0.ap.bin,91136753400,ap,AB_0019,2022-06-07,1,False,0,False,True,385,30000.0,3945.314,
Y,\\sahale.biostr.washington.edu\data\Subjects\AB_0019\2022-06-07\1\p0_g0\p0_g0_t0.imec0.lf.bin,7594729450,lf,AB_0019,2022-06-07,1,False,0,False,True,385,2500.0,3945.314,
Y,\\sahale.biostr.washington.edu\data\Subjects\AB_0019\2022-06-08\1\p0_g0\p0_g0_t0.imec0.ap.bin,95637261720,ap,AB_0019,2022-06-08,1,False,0,False,True,385,30000.0,4140.1412,
Y,\\sahale.biostr.washington.edu\data\Subjects\AB_0019\2022-06-08\1\p0_g0\p0_g0_t0.imec0.lf.bin,7969771810,lf,AB_0019,2022-06-08,1,False,0,False,True,385,2500.0,4140.1412,
Y,\\sahale.biostr.washington.edu\data\Subjects\AL_0023\2023-10-26\1\p0_g0_t0.imec0\p0_g0_t0.imec0.ap.bin,52097678710,ap,AL_0023,2023-10-26,1,False,0,False,True,385,30000.0,2255.3107666666665,
Y,\\sahale.biostr.washington.edu\data\Subjects\AL_0023\2023-10-26\1\p0_g0_t0.imec1\p0_g0_t0.imec1.ap.bin,52098373250,ap,AL_0023,2023-10-26,1,False,0,False,True,385,30000.0,2255.340833333333,
Y,\\sahale.biostr.washington.edu\data\Subjects\AL_0023\2023-10-26\4\p0_g0_t0.imec0\p0_g0_t0.imec0.ap.bin,19288566220,ap,AL_0023,2023-10-26,4,False,0,False,True,385,30000.0,835.0028666666667,
Y,\\sahale.biostr.washington.edu\data\Subjects\AL_0023\2023-10-26\4\p0_g0_t0.imec1\p0_g0_t0.imec1.ap.bin,19288879610,ap,AL_0023,2023-10-26,4,False,0,False,True,385,30000.0,835.0164333333333,
Y,\\sahale.biostr.washington.edu\data\Subjects\AL_0023\2023-10-27\1\p0_g0_t0.imec0\p0_g0_t0.imec0.ap.bin,48309106230,ap,AL_0023,2023-10-27,1,False,0,False,True,385,30000.0,2091.3033,
Y,\\sahale.biostr.washington.edu\data\Subjects\AL_0023\2023-10-27\4\p0_g0_t0.imec0\p0_g0_t0.imec0.ap.bin,20117316450,ap,AL_0023,2023-10-27,4,False,0,False,True,385,30000.0,870.8795,
Y,\\sahale.biostr.washington.edu\data\Subjects\SM_0010\2022-07-29\1\p0_g0_imec0\p0_g0_t0.imec0.ap.bin,145863995970,ap,SM_0010,2022-07-29,1,False,0,False,True,385,30000.0,6314.4587,
Y,\\sahale.biostr.washington.edu\data\Subjects\SM_0010\2022-07-29\1\p0_g0_imec0\p0_g0_t0.imec0.lf.bin,12146750000,lf,SM_0010,2022-07-29,1,False,0,False,False,0,0.0,0.0,
Y,\\sahale.biostr.washington.edu\data\Subjects\SM_0010\2022-08-13\1\p2_g0_imec0\p0_g0_t0.imec0.lf.bin,0,lf,SM_0010,2022-08-13,1,False,0,False,False,0,0.0,0.0,
Y,\\sahale.biostr.washington.edu\data\Subjects\SM_0010\2022-08-13\1\p2_g0_imec0\p1_g0_t0.imec0.lf.bin,0,lf,SM_0010,2022-08-13,1,False,0,False,False,0,0.0,0.0,
Y,\\sahale.biostr.washington.edu\data\Subjects\SM_0010\2022-08-13\1\p2_g0_imec0\p2_g0_t0.imec0.ap.bin,130155493930,ap,SM_0010,2022-08-13,1,False,0,False,True,385,30000.0,5634.436966666667,
Y,\\sahale.biostr.washington.edu\data\Subjects\SM_0010\2022-08-13\1\p2_g0_imec0\p2_g0_t0.imec0.lf.bin,10837750000,lf,SM_0010,2022-08-13,1,False,0,False,False,0,0.0,0.0,
Y,\\sahale.biostr.washington.edu\data\Subjects\AB_0021\2022-06-13\1\p0_g0\p0_g0_t0.imec0.ap.bin,93523066560,ap,AB_0021,2022-06-13,1,False,0,False,True,385,30000.0,4048.6176,
Y,\\sahale.biostr.washington.edu\data\Subjects\AB_0021\2022-06-13\1\p0_g0\p0_g0_t0.imec0.lf.bin,7793588880,lf,AB_0021,2022-06-13,1,False,0,False,True,385,2500.0,4048.6176,
Y,\\sahale.biostr.washington.edu\data\Subjects\AB_0021\2022-06-14\1\p0_g0\p0_g0_t0.imec0.ap.bin,91629448680,ap,AB_0021,2022-06-14,1,False,0,False,True,385,30000.0,3966.6428,
Y,\\sahale.biostr.washington.edu\data\Subjects\AB_0021\2022-06-14\1\p0_g0\p0_g0_t0.imec0.lf.bin,7635787390,lf,AB_0021,2022-06-14,1,False,0,False,True,385,2500.0,3966.6428,
Y,\\sahale.biostr.washington.edu\data\Subjects\AB_0021\2022-06-15\1\p0_g0\p0_g0_t0.imec0.ap.bin,92396571960,ap,AB_0021,2022-06-15,1,False,0,False,True,385,30000.0,3999.8516,
Y,\\sahale.biostr.washington.edu\data\Subjects\AB_0021\2022-06-15\1\p0_g0\p0_g0_t0.imec0.lf.bin,7699714330,lf,AB_0021,2022-06-15,1,False,0,False,True,385,2500.0,3999.8516,
Y,\\sahale.biostr.washington.edu\data\Subjects\AB_0021\2022-06-16\1\p0_g0\p0_g0_t0.imec0.ap.bin,91439461960,ap,AB_0021,2022-06-16,1,False,0,False,True,385,30000.0,3958.4182666666666,
Y,\\sahale.biostr.washington.edu\data\Subjects\AB_0021\2022-06-16\1\p1_g0\p1_g0_t0.imec0.ap.bin,91442761410,ap,AB_0021,2022-06-16,1,False,0,False,True,385,30000.0,3958.5611,
Y,\\sahale.biostr.washington.edu\data\Subjects\AB_0021\2022-06-16\1\p1_g0\p1_g0_t0.imec0.lf.bin,7620231080,lf,AB_0021,2022-06-16,1,False,0,False,True,385,2500.0,3958.5616,
Y,\\sahale.biostr.washington.edu\data\Subjects\AB_0021\2022-06-17\1\p0_g0\p0_g0_t0.imec0.ap.bin,91776586440,ap,AB_0021,2022-06-17,1,False,0,False,True,385,30000.0,3973.0124,
Y,\\sahale.biostr.washington.edu\data\Subjects\AB_0021\2022-06-17\1\p0_g0\p0_g0_t0.imec0.lf.bin,7648049640,lf,AB_0021,2022-06-17,1,False,0,False,True,385,2500.0,3973.0128,
Y,\\sahale.biostr.washington.edu\data\Subjects\AB_0021\2022-06-17\1\p1_g0\p1_g0_t0.imec0.ap.bin,91777253260,ap,AB_0021,2022-06-17,1,False,0,False,True,385,30000.0,3973.0412666666666,
Y,\\sahale.biostr.washington.edu\data\Subjects\AB_0021\2022-06-17\1\p1_g0\p1_g0_t0.imec0.lf.bin,7648105080,lf,AB_0021,2022-06-17,1,False,0,False,True,385,2500.0,3973.0416,
Y,\\sahale.biostr.washington.edu\data\Subjects\AB_0021\2022-06-20\1\p0_g0\p0_g0_t0.imec0.ap.bin,93046873920,ap,AB_0021,2022-06-20,1,False,0,False,True,385,30000.0,4028.0032,
Y,\\sahale.biostr.washington.edu\data\Subjects\AB_0021\2022-06-20\1\p0_g0\p0_g0_t0.imec0.lf.bin,7753906160,lf,AB_0021,2022-06-20,1,False,0,False,True,385,2500.0,4028.0032,
Y,\\sahale.biostr.washington.edu\data\Subjects\AB_0021\2022-06-21\1\p0_g0\p0_g0_t0.imec0.ap.bin,94505953080,ap,AB_0021,2022-06-21,1,False,0,False,True,385,30000.0,4091.1668,
Y,\\sahale.biostr.washington.edu\data\Subjects\AB_0021\2022-06-21\1\p0_g0\p0_g0_t0.imec0.lf.bin,7875496090,lf,AB_0021,2022-06-21,1,False,0,False,True,385,2500.0,4091.1668,
Y,\\sahale.biostr.washington.edu\data\Subjects\AB_0021\2022-06-22\1\p0_g0\p0_g0_t0.imec0.ap.bin,93155813520,ap,AB_0021,2022-06-22,1,False,0,False,True,385,30000.0,4032.7192,
Y,\\sahale.biostr.washington.edu\data\Subjects\AB_0021\2022-06-22\1\p0_g0\p0_g0_t0.imec0.lf.bin,7762984460,lf,AB_0021,2022-06-22,1,False,0,False,True,385,2500.0,4032.7192,
Y,\\sahale.biostr.washington.edu\data\Subjects\AB_0021\2022-06-23\1\p0_g0\p0_g0_t0.imec0.ap.bin,93644822810,ap,AB_0021,2022-06-23,1,False,0,False,True,385,30000.0,4053.8884333333335,
Y,\\sahale.biostr.washington.edu\data\Subjects\AB_0021\2022-06-23\1\p0_g0\p0_g0_t0.imec0.lf.bin,7803735940,lf,AB_0021,2022-06-23,1,False,0,False,True,385,2500.0,4053.8888,
Y,\\sahale.biostr.washington.edu\data\Subjects\JRS_0045\2024-09-26\1\p0_g0_imec0\p0_g0_t0.imec0.ap.bin,45078428010,ap,JRS_0045,2024-09-26,1,False,0,False,True,385,30000.0,1951.4471,
Y,\\sahale.biostr.washington.edu\data\Subjects\AL_0011\2022-05-02\2\p0_g1_t0.imec0\p0_g1_t0.imec0.ap.bin,87060221710,ap,AL_0011,2022-05-02,2,False,0,False,True,385,30000.0,3768.8407666666667,
Y,\\sahale.biostr.washington.edu\data\Subjects\AL_0011\2022-05-02\2\p0_g1_t0.imec1\p0_g1_t0.imec1.ap.bin,87060129310,ap,AL_0011,2022-05-02,2,False,0,False,True,385,30000.0,3768.836766666667,
Y,\\sahale.biostr.washington.edu\data\Subjects\AL_0011\2022-05-03\1\p0_g0_t0.imec0\p0_g0_t0.imec0.ap.bin,38034843000,ap,AL_0011,2022-05-03,1,False,0,False,True,385,30000.0,1646.53,
Y,\\sahale.biostr.washington.edu\data\Subjects\FD_004\2025-10-22\1\p0_g0\p0_g0_t0.imec0.ap.bin,48105365000,ap,FD_004,2025-10-22,1,False,0,False,True,385,30000.0,2082.483333333333,
Y,\\sahale.biostr.washington.edu\data\Subjects\FD_004\2025-11-14\4\p0_g0_imec0\p0_g0_t0.imec0.ap.bin,62519860480,ap,FD_004,2025-11-14,4,False,0,False,True,385,30000.0,2706.4874666666665,
Y,\\sahale.biostr.washington.edu\data\Subjects\FD_004\2025-11-17\1\p0_g0_imec0\p0_g0_t0.imec0.ap.bin,65236743880,ap,FD_004,2025-11-17,1,False,0,False,True,385,30000.0,2824.1014666666665,
Y,\\sahale.biostr.washington.edu\data\Subjects\DO_0008\2021-05-13\1\p1_g0\p1_g0_t0.imec0.ap.bin,92352571850,ap,DO_0008,2021-05-13,1,False,0,False,True,385,30000.0,3997.9468333333334,
Y,\\sahale.biostr.washington.edu\data\Subjects\DO_0008\2021-05-14\1\p1_g0\p1_g0_t0.imec0.ap.bin,91680364930,ap,DO_0008,2021-05-14,1,False,0,False,True,385,30000.0,3968.8469666666665,
Y,\\sahale.biostr.washington.edu\data\Subjects\DO_0008\2021-05-17\1\p1_g0\p1_g0_t0.imec0.ap.bin,92558236540,ap,DO_0008,2021-05-17,1,False,0,False,True,385,30000.0,4006.850066666667,
Y,\\sahale.biostr.washington.edu\data\Subjects\JRS_0019\2023-06-09\p0_g0\p0_g0_imec0\p0_g0_t0.imec0.ap.bin,8704681370,ap,JRS_0019,2023-06-09,p0_g0,False,0,False,True,385,30000.0,376.8260333333333,
Y,\\sahale.biostr.washington.edu\data\Subjects\JRS_0019\2023-06-09\p0_g0\p0_g0_imec0\p0_g0_t0.imec0.lf.bin,725390820,lf,JRS_0019,2023-06-09,p0_g0,False,0,False,True,385,2500.0,376.8264,
Y,\\sahale.biostr.washington.edu\data\Subjects\JRS_0019\2023-06-09\p0_g0\p0_g0_imec0\p0_g0_tcat.imec0.ap.bin,8704681370,ap,JRS_0019,2023-06-09,p0_g0,False,0,False,True,385,30000.0,376.8260333333333,
Y,\\sahale.biostr.washington.edu\data\Subjects\JRS_0019\2023-06-09\p1_g0\p1_g0_imec0\p1_g0_t0.imec0.ap.bin,7061623800,ap,JRS_0019,2023-06-09,p1_g0,False,0,False,True,385,30000.0,305.698,
Y,\\sahale.biostr.washington.edu\data\Subjects\JRS_0019\2023-06-09\p1_g0\p1_g0_imec0\p1_g0_t0.imec0.lf.bin,588468650,lf,JRS_0019,2023-06-09,p1_g0,False,0,False,True,385,2500.0,305.698,
Y,\\sahale.biostr.washington.edu\data\Subjects\JRS_0019\2023-06-09\p1_g0\p1_g0_imec0\p1_g0_tcat.imec0.ap.bin,7061623800,ap,JRS_0019,2023-06-09,p1_g0,False,0,False,True,385,30000.0,305.698,
Y,\\sahale.biostr.washington.edu\data\Subjects\JRS_0019\2023-06-09\p2_g0\p2_g0_imec0\p2_g0_t0.imec0.ap.bin,7256412240,ap,JRS_0019,2023-06-09,p2_g0,False,0,False,True,385,30000.0,314.1304,
Y,\\sahale.biostr.washington.edu\data\Subjects\JRS_0019\2023-06-09\p2_g0\p2_g0_imec0\p2_g0_t0.imec0.lf.bin,604701020,lf,JRS_0019,2023-06-09,p2_g0,False,0,False,True,385,2500.0,314.1304,
Y,\\sahale.biostr.washington.edu\data\Subjects\JRS_0019\2023-06-09\p2_g0\p2_g0_imec0\p2_g0_tcat.imec0.ap.bin,7256412240,ap,JRS_0019,2023-06-09,p2_g0,False,0,False,True,385,30000.0,314.1304,
Y,\\sahale.biostr.washington.edu\data\Subjects\JRS_0019\2023-06-09\p3_g0\p3_g0_imec0\p3_g0_t0.imec0.ap.bin,7727790840,ap,JRS_0019,2023-06-09,p3_g0,False,0,False,True,385,30000.0,334.5364,
Y,\\sahale.biostr.washington.edu\data\Subjects\JRS_0019\2023-06-09\p3_g0\p3_g0_imec0\p3_g0_t0.imec0.lf.bin,643982570,lf,JRS_0019,2023-06-09,p3_g0,False,0,False,True,385,2500.0,334.5364,
Y,\\sahale.biostr.washington.edu\data\Subjects\JRS_0019\2023-06-09\p3_g0\p3_g0_imec0\p3_g0_tcat.imec0.ap.bin,7727790840,ap,JRS_0019,2023-06-09,p3_g0,False,0,False,True,385,30000.0,334.5364,
Y,\\sahale.biostr.washington.edu\data\Subjects\JRS_0019\2023-06-09\p4_g0\p4_g0_imec0\p4_g0_t0.imec0.ap.bin,8999936330,ap,JRS_0019,2023-06-09,p4_g0,False,0,False,True,385,30000.0,389.60763333333335,
Y,\\sahale.biostr.washington.edu\data\Subjects\JRS_0019\2023-06-09\p4_g0\p4_g0_imec0\p4_g0_t0.imec0.lf.bin,749995400,lf,JRS_0019,2023-06-09,p4_g0,False,0,False,True,385,2500.0,389.608,
Y,\\sahale.biostr.washington.edu\data\Subjects\JRS_0019\2023-06-09\p4_g0\p4_g0_imec0\p4_g0_tcat.imec0.ap.bin,8999936330,ap,JRS_0019,2023-06-09,p4_g0,False,0,False,True,385,30000.0,389.60763333333335,
Y,\\sahale.biostr.washington.edu\data\Subjects\AL_0030\2024-01-22\2\p1_g0_t0.imec0\p1_g0_t0.imec0.ap.bin,61901933170,ap,AL_0030,2024-01-22,2,False,0,False,True,385,30000.0,2679.7373666666667,
Y,\\sahale.biostr.washington.edu\data\Subjects\AL_0030\2024-01-22\5\p2_g0_t0.imec0\p2_g0_t0.imec0.ap.bin,9265465440,ap,AL_0030,2024-01-22,5,False,0,False,True,385,30000.0,401.1024,
Y,\\sahale.biostr.washington.edu\data\Subjects\AL_0030\2024-01-23\1\p0_g0_t0.imec0\p0_g0_t0.imec0.ap.bin,54254373250,ap,AL_0030,2024-01-23,1,False,0,False,True,385,30000.0,2348.6741666666667,
Y,\\sahale.biostr.washington.edu\data\Subjects\AL_0030\2024-01-25\1\p0_g0_t0.imec0\p0_g0_t0.imec0.ap.bin,39341044820,ap,AL_0030,2024-01-25,1,False,0,False,True,385,30000.0,1703.0755333333334,
Y,\\sahale.biostr.washington.edu\data\Subjects\AL_0030\2024-01-26\1\p0_g0_imec0\p0_g0_t0.imec0.ap.bin,69040042610,ap,AL_0030,2024-01-26,1,False,0,False,True,385,30000.0,2988.7464333333332,
Y,\\sahale.biostr.washington.edu\data\Subjects\AL_0030\2024-01-26\1\p0_g0_t0.imec0\p0_g0_t0.imec0.ap.bin,69040042610,ap,AL_0030,2024-01-26,1,False,0,False,True,385,30000.0,2988.7464333333332,
Y,\\sahale.biostr.washington.edu\data\Subjects\ZYE_0016\2021-02-25\1\p1_g0\p1_g0_t0.imec0.ap.bin,42777515550,ap,ZYE_0016,2021-02-25,1,False,0,False,True,385,30000.0,1851.8405,
Y,\\sahale.biostr.washington.edu\data\Subjects\SM_0009\2022-07-30\1\p0_g0_imec0\p0_g0_t0.imec0.ap.bin,103960190180,ap,SM_0009,2022-07-30,1,False,0,False,True,385,30000.0,4500.441133333334,
Y,\\sahale.biostr.washington.edu\data\Subjects\SM_0009\2022-08-09\1\p1_g0_imec0\p0_g0_t0.imec0.lf.bin,0,lf,SM_0009,2022-08-09,1,False,0,False,False,0,0.0,0.0,
Y,\\sahale.biostr.washington.edu\data\Subjects\SM_0009\2022-08-09\1\p1_g0_imec0\p1_g0_t0.imec0.ap.bin,153377350280,ap,SM_0009,2022-08-09,1,False,0,False,True,385,30000.0,6639.712133333333,
Y,\\sahale.biostr.washington.edu\data\Subjects\SM_0009\2022-08-09\1\p1_g0_imec0\p1_g0_t0.imec0.lf.bin,12777600000,lf,SM_0009,2022-08-09,1,False,0,False,False,0,0.0,0.0,
Y,\\sahale.biostr.washington.edu\data\Subjects\SM_0009\2022-08-11\1\p0_g0_imec0\p0_g0_t0.imec0.ap.bin,127616773130,ap,SM_0009,2022-08-11,1,False,0,False,True,385,30000.0,5524.535633333333,
Y,\\sahale.biostr.washington.edu\data\Subjects\SM_0009\2022-08-11\1\p0_g0_imec0\p0_g0_t0.imec0.lf.bin,10627200000,lf,SM_0009,2022-08-11,1,False,0,False,False,0,0.0,0.0,
Y,\\sahale.biostr.washington.edu\data\Subjects\SM_0003\2021-10-14\4\p2_g0\p2_g0_t0.imec0.ap.bin,155929877950,ap,SM_0003,2021-10-14,4,False,0,False,True,385,30000.0,6750.211166666667,
Y,\\sahale.biostr.washington.edu\data\Subjects\AB_0032\2024-08-13\1\p0_g0_t0.imec0\p0_g0_t0.imec0.ap.bin,9160322710,ap,AB_0032,2024-08-13,1,False,0,False,True,385,30000.0,396.5507666666667,
Y,\\sahale.biostr.washington.edu\data\Subjects\AB_0032\2024-08-13\2\p0_g0_t0.imec0\p0_g0_t0.imec0.ap.bin,103350584260,ap,AB_0032,2024-08-13,2,False,0,False,True,385,30000.0,4474.051266666666,
Y,\\sahale.biostr.washington.edu\data\Subjects\AB_0032\2024-08-14\1\p0_g0_t0.imec0\p0_g0_t0.imec0.ap.bin,121464409220,ap,AB_0032,2024-08-14,1,False,0,False,True,385,30000.0,5258.199533333333,
Y,\\sahale.biostr.washington.edu\data\Subjects\AB_0032\2024-08-14\1\p0_g0_t0.imec0\p0_g0_t0.imec0.lf.bin,1155000000,lf,AB_0032,2024-08-14,1,False,0,False,True,385,2500.0,600.0,
Y,\\sahale.biostr.washington.edu\data\Subjects\AB_0032\2024-08-15\1\p0_g0\p0_g0_t0.imec0.ap.bin,89609556960,ap,AB_0032,2024-08-15,1,False,0,False,True,385,30000.0,3879.2016,
Y,\\sahale.biostr.washington.edu\data\Subjects\AB_0032\2024-08-15\1\p0_g0\p0_g0_t0.imec0.lf.bin,7467463080,lf,AB_0032,2024-08-15,1,False,0,False,True,385,2500.0,3879.2016,
Y,\\sahale.biostr.washington.edu\data\Subjects\AB_0032\2024-08-21\1\p0_g0\p0_g0_t0.imec0.ap.bin,4642388520,ap,AB_0032,2024-08-21,1,False,0,False,True,385,30000.0,200.9692,
Y,\\sahale.biostr.washington.edu\data\Subjects\AB_0032\2024-08-21\1\p0_g0\p0_g0_t0.imec0.lf.bin,386865710,lf,AB_0032,2024-08-21,1,False,0,False,True,385,2500.0,200.9692,
Y,\\sahale.biostr.washington.edu\data\Subjects\AB_0032\2024-08-21\2\p0_g1_imec0\p0_g1_t0.imec0.ap.bin,80090481240,ap,AB_0032,2024-08-21,2,False,0,False,True,385,30000.0,3467.1204,
Y,\\sahale.biostr.washington.edu\data\Subjects\AB_0032\2024-08-21\2\p0_g1_imec0\p0_g1_t0.imec0.lf.bin,6674206770,lf,AB_0032,2024-08-21,2,False,0,False,True,385,2500.0,3467.1204,
Y,\\sahale.biostr.washington.edu\data\Subjects\AB_0032\2024-08-21\7\p0_g0\p0_g0_t0.imec0.ap.bin,43877027040,ap,AB_0032,2024-08-21,7,False,0,False,True,385,30000.0,1899.4384,
Y,\\sahale.biostr.washington.edu\data\Subjects\AB_0032\2024-08-21\7\p0_g0\p0_g0_t0.imec0.lf.bin,3656418920,lf,AB_0032,2024-08-21,7,False,0,False,True,385,2500.0,1899.4384,
Y,\\sahale.biostr.washington.edu\data\Subjects\AB_0032\2024-09-04\1\p0_g0\p0_g0_t0.imec0.ap.bin,13147078560,ap,AB_0032,2024-09-04,1,False,0,False,True,385,30000.0,569.1376,
Y,\\sahale.biostr.washington.edu\data\Subjects\AB_0032\2024-09-04\1\p0_g0\p0_g0_t0.imec0.lf.bin,1095589880,lf,AB_0032,2024-09-04,1,False,0,False,True,385,2500.0,569.1376,
Y,\\sahale.biostr.washington.edu\data\Subjects\AB_0032\2024-09-04\6\p0_g0\p0_g0_t0.imec0.ap.bin,67151099400,ap,AB_0032,2024-09-04,6,False,0,False,True,385,30000.0,2906.974,
Y,\\sahale.biostr.washington.edu\data\Subjects\AB_0032\2024-09-04\6\p0_g0\p0_g0_t0.imec0.lf.bin,5595924950,lf,AB_0032,2024-09-04,6,False,0,False,True,385,2500.0,2906.974,
Y,\\sahale.biostr.washington.edu\data\Subjects\ZYE_0069\2024-04-29\3\p0_g0_t0.imec0\p0_g2_t0.imec0.ap.bin,5257823340,ap,ZYE_0069,2024-04-29,3,False,0,False,True,385,30000.0,227.6114,
Y,\\sahale.biostr.washington.edu\data\Subjects\AL_0045\2026-02-05\1\p0_g0_t0.imec0\p0_g0_t0.imec0.ap.bin,49050432970,ap,AL_0045,2026-02-05,1,False,0,False,True,385,30000.0,2123.3953666666666,
Y,\\sahale.biostr.washington.edu\data\Subjects\AL_0045\2026-02-06\1\p0_g0_t0.imec0\p0_g0_t0.imec0.ap.bin,45784795210,ap,AL_0045,2026-02-06,1,False,0,False,True,385,30000.0,1982.0257666666666,
Y,\\sahale.biostr.washington.edu\data\Subjects\AL_0045\2026-02-09\1\p0_g0_t0.imec0\p0_g0_t0.imec0.ap.bin,43577114350,ap,AL_0045,2026-02-09,1,False,0,False,True,385,30000.0,1886.4551666666666,
Y,\\sahale.biostr.washington.edu\data\Subjects\AB_0008\2021-06-22\1\p1_g0\p1_g0_t0.imec0.ap.bin,92834480200,ap,AB_0008,2021-06-22,1,False,0,False,True,385,30000.0,4018.808666666667,
Y,\\sahale.biostr.washington.edu\data\Subjects\AB_0008\2021-06-23\1\p0_g0\p0_g0_t0.imec0.ap.bin,91518011970,ap,AB_0008,2021-06-23,1,False,0,False,True,385,30000.0,3961.8187,
Y,\\sahale.biostr.washington.edu\data\Subjects\AB_0008\2021-06-24\1\p0_g0\p0_g0_t0.imec0.ap.bin,87959601730,ap,AB_0008,2021-06-24,1,False,0,False,True,385,30000.0,3807.774966666667,
Y,\\sahale.biostr.washington.edu\data\Subjects\AB_0008\2021-06-29\1\p0_g0\p0_g0_t0.imec0.ap.bin,95897340000,ap,AB_0008,2021-06-29,1,False,0,False,True,385,30000.0,4151.4,
Y,\\sahale.biostr.washington.edu\data\Subjects\AB_0008\2021-06-30\1\p0_g0\p0_g0_t0.imec0.ap.bin,91760148480,ap,AB_0008,2021-06-30,1,False,0,False,True,385,30000.0,3972.3008,
Y,\\sahale.biostr.washington.edu\data\Subjects\AB_0008\2021-07-02\1\p0_g0\p0_g0_t0.imec0.ap.bin,91374637200,ap,AB_0008,2021-07-02,1,False,0,False,True,385,30000.0,3955.612,
Y,\\sahale.biostr.washington.edu\data\Subjects\AL_0038\2025-04-16\1\p0_g0_imec0\p0_g0_t0.imec0.ap.bin,21467468330,ap,AL_0038,2025-04-16,1,False,0,False,True,385,30000.0,929.3276333333333,
Y,\\sahale.biostr.washington.edu\data\Subjects\AL_0038\2025-04-17\1\p0_g0_imec0\p0_g0_t0.imec0.ap.bin,25281694130,ap,AL_0038,2025-04-17,1,False,0,False,True,385,30000.0,1094.4456333333333,
Y,\\sahale.biostr.washington.edu\data\Subjects\AL_0038\2025-05-01\1\p0_g0_imec0\p0_g0_t0.imec0.ap.bin,30668212960,ap,AL_0038,2025-05-01,1,False,0,False,True,385,30000.0,1327.6282666666666,
Y,\\sahale.biostr.washington.edu\data\Subjects\ZYE_0014\2021-04-06\1\p1_g0\p1_g0_t0.imec0.ap.bin,25832163280,ap,ZYE_0014,2021-04-06,1,False,0,False,True,385,30000.0,1118.2754666666667,
Y,\\sahale.biostr.washington.edu\data\Subjects\ZYE_0014\2021-04-06\3\p2_g0\p2_g0_t0.imec0.ap.bin,86224157250,ap,ZYE_0014,2021-04-06,3,False,0,False,True,385,30000.0,3732.6475,
Y,\\sahale.biostr.washington.edu\data\Subjects\ZYE_0014\2021-04-17\1\p1_g0\p1_g0_t0.imec0.ap.bin,16988791820,ap,ZYE_0014,2021-04-17,1,False,0,False,True,385,30000.0,735.4455333333333,
Y,\\sahale.biostr.washington.edu\data\Subjects\ZYE_0014\2021-04-17\2\p2_g0\p2_g0_t0.imec0.ap.bin,14665324520,ap,ZYE_0014,2021-04-17,2,False,0,False,True,385,30000.0,634.8625333333333,
Y,\\sahale.biostr.washington.edu\data\Subjects\ZYE_0026\2021-04-28\1\p1_g0\p1_g0_t0.imec0.ap.bin,87249362200,ap,ZYE_0026,2021-04-28,1,False,0,False,True,385,30000.0,3777.0286666666666,
Y,\\sahale.biostr.washington.edu\data\Subjects\ZYE_0026\2021-04-28\1\p2_g0\p2_g0_t0.imec1.ap.bin,87251244850,ap,ZYE_0026,2021-04-28,1,False,0,False,True,385,30000.0,3777.110166666667,
Y,\\sahale.biostr.washington.edu\data\Subjects\ZYE_0026\2021-05-05\1\p2_g0\p2_g0_t0.imec0.ap.bin,92417539060,ap,ZYE_0026,2021-05-05,1,False,0,False,True,385,30000.0,4000.7592666666665,
Y,\\sahale.biostr.washington.edu\data\Subjects\ZYE_0026\2021-05-06\1\p0_g0\p0_g0_t0.imec0.ap.bin,93593566220,ap,ZYE_0026,2021-05-06,1,False,0,False,True,385,30000.0,4051.669533333333,
Y,\\sahale.biostr.washington.edu\data\Subjects\ZYE_0026\2021-05-07\1\p0_g0\p0_g0_t0.imec0.ap.bin,93495977960,ap,ZYE_0026,2021-05-07,1,False,0,False,True,385,30000.0,4047.444933333333,
Y,\\sahale.biostr.washington.edu\data\Subjects\AB_0030\2023-12-01\1\p0_g0\p0_g0_t0.imec0.ap.bin,65473910040,ap,AB_0030,2023-12-01,1,False,0,False,True,385,30000.0,2834.3684,
Y,\\sahale.biostr.washington.edu\data\Subjects\AB_0030\2023-12-01\1\p0_g0\p0_g0_t0.imec0.lf.bin,5456159170,lf,AB_0030,2023-12-01,1,False,0,False,True,385,2500.0,2834.3684,
Y,\\sahale.biostr.washington.edu\data\Subjects\AB_0030\2023-12-01\1\p1_g0\p1_g0_t0.imec0.ap.bin,65473362570,ap,AB_0030,2023-12-01,1,False,0,False,True,385,30000.0,2834.3447,
Y,\\sahale.biostr.washington.edu\data\Subjects\AB_0030\2023-12-02\1\p0_g0\p0_g0_t0.imec0.ap.bin,91662038160,ap,AB_0030,2023-12-02,1,False,0,False,True,385,30000.0,3968.0536,
Y,\\sahale.biostr.washington.edu\data\Subjects\AB_0030\2023-12-02\1\p0_g0\p0_g0_t0.imec0.lf.bin,7638503180,lf,AB_0030,2023-12-02,1,False,0,False,True,385,2500.0,3968.0536,
Y,\\sahale.biostr.washington.edu\data\Subjects\AB_0030\2023-12-02\1\p1_g0\p1_g0_t0.imec0.ap.bin,91662056640,ap,AB_0030,2023-12-02,1,False,0,False,True,385,30000.0,3968.0544,
Y,\\sahale.biostr.washington.edu\data\Subjects\AB_0030\2023-12-02\1\p1_g0\p1_g0_t0.imec0.lf.bin,7638504720,lf,AB_0030,2023-12-02,1,False,0,False,True,385,2500.0,3968.0544,
Y,\\sahale.biostr.washington.edu\data\Subjects\AB_0030\2023-12-02\1\p2_g0\p2_g0_t0.imec0.ap.bin,91660461970,ap,AB_0030,2023-12-02,1,False,0,False,True,385,30000.0,3967.985366666667,
Y,\\sahale.biostr.washington.edu\data\Subjects\AB_0030\2023-12-03\1\p0_g0\p0_g0_t0.imec0.ap.bin,85514038610,ap,AB_0030,2023-12-03,1,False,0,False,True,385,30000.0,3701.9064333333336,
Y,\\sahale.biostr.washington.edu\data\Subjects\AB_0030\2023-12-03\1\p0_g0\p0_g0_t0.imec0.lf.bin,7126170590,lf,AB_0030,2023-12-03,1,False,0,False,True,385,2500.0,3701.9068,
Y,\\sahale.biostr.washington.edu\data\Subjects\AB_0030\2023-12-03\1\p1_g0\p1_g0_t0.imec0.ap.bin,85514177210,ap,AB_0030,2023-12-03,1,False,0,False,True,385,30000.0,3701.9124333333334,
Y,\\sahale.biostr.washington.edu\data\Subjects\AB_0030\2023-12-03\1\p1_g0\p1_g0_t0.imec0.lf.bin,7126182140,lf,AB_0030,2023-12-03,1,False,0,False,True,385,2500.0,3701.9128,
Y,\\sahale.biostr.washington.edu\data\Subjects\AB_0030\2023-12-04\1\p0_g0\p0_g0_t0.imec0.ap.bin,85781960880,ap,AB_0030,2023-12-04,1,False,0,False,True,385,30000.0,3713.5048,
Y,\\sahale.biostr.washington.edu\data\Subjects\AB_0030\2023-12-04\1\p0_g0\p0_g0_t0.imec0.lf.bin,7148496740,lf,AB_0030,2023-12-04,1,False,0,False,True,385,2500.0,3713.5048,
Y,\\sahale.biostr.washington.edu\data\Subjects\AB_0030\2023-12-04\1\p1_g0\p1_g0_t0.imec0.ap.bin,85782034800,ap,AB_0030,2023-12-04,1,False,0,False,True,385,30000.0,3713.508,
Y,\\sahale.biostr.washington.edu\data\Subjects\AB_0030\2023-12-04\1\p1_g0\p1_g0_t0.imec0.lf.bin,7148502900,lf,AB_0030,2023-12-04,1,False,0,False,True,385,2500.0,3713.508,
Y,\\sahale.biostr.washington.edu\data\Subjects\SM_0012\2022-08-20\7\p0_g0_imec0\p0_g0_t0.imec0.ap.bin,133215144370,ap,SM_0012,2022-08-20,7,False,0,False,True,385,30000.0,5766.889366666666,
Y,\\sahale.biostr.washington.edu\data\Subjects\SM_0012\2022-08-20\7\p0_g0_imec0\p0_g0_t0.imec0.lf.bin,19250000,lf,SM_0012,2022-08-20,7,False,0,False,False,0,0.0,0.0,
Y,\\sahale.biostr.washington.edu\data\Subjects\SM_0012\2022-08-22\2\p0_g0_imec0\p0_g0_t0.imec0.ap.bin,113049749890,ap,SM_0012,2022-08-22,2,False,0,False,True,385,30000.0,4893.9285666666665,
Y,\\sahale.biostr.washington.edu\data\Subjects\SM_0012\2022-08-22\2\p0_g0_imec0\p0_g0_t0.imec0.lf.bin,9413250000,lf,SM_0012,2022-08-22,2,False,0,False,False,0,0.0,0.0,
Y,\\sahale.biostr.washington.edu\data\Subjects\SM_0012\2022-09-08\1\p0_g0_imec0\p0_g0_t0.imec0.ap.bin,145166099540,ap,SM_0012,2022-09-08,1,False,0,False,True,385,30000.0,6284.246733333333,
Y,\\sahale.biostr.washington.edu\data\Subjects\SM_0012\2022-09-09\1\p0_g0_imec0\p0_g0_t0.imec0.ap.bin,124912890410,ap,SM_0012,2022-09-09,1,False,0,False,True,385,30000.0,5407.484433333333,
Y,\\sahale.biostr.washington.edu\data\Subjects\DO_0013\2022-01-10\1\p0_g0\p0_g0_t0.imec0.ap.bin,69913879420,ap,DO_0013,2022-01-10,1,False,0,False,True,385,30000.0,3026.574866666667,
Y,\\sahale.biostr.washington.edu\data\Subjects\DO_0013\2022-01-11\1\p0_g0\p0_g0_t0.imec0.ap.bin,68999298060,ap,DO_0013,2022-01-11,1,False,0,False,True,385,30000.0,2986.9826,
Y,\\sahale.biostr.washington.edu\data\Subjects\DO_0013\2022-01-12\1\p0_g0\p0_g0_t0.imec0.ap.bin,68958792210,ap,DO_0013,2022-01-12,1,False,0,False,True,385,30000.0,2985.2291,
Y,\\sahale.biostr.washington.edu\data\Subjects\ZYE_0070\2023-01-17\5\p0_g1_t0.imec0\p0_g1_t0.imec0.ap.bin,59877056470,ap,ZYE_0070,2023-01-17,5,False,0,False,True,385,30000.0,2592.0803666666666,
Y,\\sahale.biostr.washington.edu\data\Subjects\ZYE_0070\2023-01-17\5\p0_g1_t0.imec1\p0_g1_t0.imec1.ap.bin,59876792360,ap,ZYE_0070,2023-01-17,5,False,0,False,True,385,30000.0,2592.0689333333335,
Y,\\sahale.biostr.washington.edu\data\Subjects\AB_0011\2021-10-28\1\p0_g0\p0_g0_t0.imec0.ap.bin,50660188040,ap,AB_0011,2021-10-28,1,False,0,False,True,385,30000.0,2193.0817333333334,
Y,\\sahale.biostr.washington.edu\data\Subjects\AB_0011\2021-10-29\1\p0_g0\p0_g0_t0.imec0.ap.bin,59377769990,ap,AB_0011,2021-10-29,1,False,0,False,True,385,30000.0,2570.4662333333335,
Y,\\sahale.biostr.washington.edu\data\Subjects\AB_0011\2021-11-01\1\p0_g0\p0_g0_t0.imec0.ap.bin,72145297070,ap,AB_0011,2021-11-01,1,False,0,False,True,385,30000.0,3123.1730333333335,
Y,\\sahale.biostr.washington.edu\data\Subjects\AL_0021\2023-04-20\1\p0_g0_t0.imec0\p0_g0_t0.imec0.ap.bin,64006646550,ap,AL_0021,2023-04-20,1,False,0,False,True,385,30000.0,2770.8505,
Y,\\sahale.biostr.washington.edu\data\Subjects\AL_0021\2023-04-20\1\p0_g0_t0.imec1\p0_g0_t0.imec1.ap.bin,64006470220,ap,AL_0021,2023-04-20,1,False,0,False,True,385,30000.0,2770.842866666667,
Y,\\sahale.biostr.washington.edu\data\Subjects\AL_0021\2023-04-20\1\p0_g0_t0.imec2\p0_g0_t0.imec2.ap.bin,64006258470,ap,AL_0021,2023-04-20,1,False,0,False,True,385,30000.0,2770.8337,
Y,\\sahale.biostr.washington.edu\data\Subjects\AB_0023\2022-08-09\1\p0_g0\p0_g0_t0.imec0.ap.bin,92280619200,ap,AB_0023,2022-08-09,1,False,0,False,True,385,30000.0,3994.832,
Y,\\sahale.biostr.washington.edu\data\Subjects\AB_0023\2022-08-09\1\p0_g0\p0_g0_t0.imec0.lf.bin,7690051600,lf,AB_0023,2022-08-09,1,False,0,False,True,385,2500.0,3994.832,
Y,\\sahale.biostr.washington.edu\data\Subjects\AB_0023\2022-08-10\5\p0_g0\p0_g0_t0.imec0.ap.bin,87914423520,ap,AB_0023,2022-08-10,5,False,0,False,True,385,30000.0,3805.8192,
Y,\\sahale.biostr.washington.edu\data\Subjects\AB_0023\2022-08-10\5\p0_g0\p0_g0_t0.imec0.lf.bin,7326201960,lf,AB_0023,2022-08-10,5,False,0,False,True,385,2500.0,3805.8192,
Y,\\sahale.biostr.washington.edu\data\Subjects\AB_0023\2022-08-11\1\p0_g0\p0_g0_t0.imec0.ap.bin,88395550320,ap,AB_0023,2022-08-11,1,False,0,False,True,385,30000.0,3826.6472,
Y,\\sahale.biostr.washington.edu\data\Subjects\AB_0023\2022-08-11\1\p0_g0\p0_g0_t0.imec0.lf.bin,7366295860,lf,AB_0023,2022-08-11,1,False,0,False,True,385,2500.0,3826.6472,
Y,\\sahale.biostr.washington.edu\data\Subjects\AB_0023\2022-08-12\1\p0_g0\p0_g0_t0.imec0.ap.bin,90412540680,ap,AB_0023,2022-08-12,1,False,0,False,True,385,30000.0,3913.9628,
Y,\\sahale.biostr.washington.edu\data\Subjects\AB_0023\2022-08-12\1\p0_g0\p0_g0_t0.imec0.lf.bin,7534378390,lf,AB_0023,2022-08-12,1,False,0,False,True,385,2500.0,3913.9628,
Y,\\sahale.biostr.washington.edu\data\Subjects\AB_0023\2022-08-15\1\p0_g0\p0_g0_t0.imec0.ap.bin,95205799920,ap,AB_0023,2022-08-15,1,False,0,False,True,385,30000.0,4121.4632,
Y,\\sahale.biostr.washington.edu\data\Subjects\AB_0023\2022-08-15\1\p0_g0\p0_g0_t0.imec0.lf.bin,7933816660,lf,AB_0023,2022-08-15,1,False,0,False,True,385,2500.0,4121.4632,
Y,\\sahale.biostr.washington.edu\data\Subjects\AB_0023\2022-08-16\1\p0_g0\p0_g0_t0.imec0.ap.bin,90026299440,ap,AB_0023,2022-08-16,1,False,0,False,True,385,30000.0,3897.2424,
Y,\\sahale.biostr.washington.edu\data\Subjects\AB_0023\2022-08-16\1\p0_g0\p0_g0_t0.imec0.lf.bin,7502191620,lf,AB_0023,2022-08-16,1,False,0,False,True,385,2500.0,3897.2424,
Y,\\sahale.biostr.washington.edu\data\Subjects\AB_0023\2022-08-17\1\p0_g0\p0_g0_t0.imec0.ap.bin,93418730020,ap,AB_0023,2022-08-17,1,False,0,False,True,385,30000.0,4044.1008666666667,
Y,\\sahale.biostr.washington.edu\data\Subjects\AB_0023\2022-08-17\1\p0_g0\p0_g0_t0.imec0.lf.bin,7784894810,lf,AB_0023,2022-08-17,1,False,0,False,True,385,2500.0,4044.1012,
Y,\\sahale.biostr.washington.edu\data\Subjects\AB_0023\2022-08-18\1\p0_g0\p0_g0_t0.imec0.ap.bin,90332901120,ap,AB_0023,2022-08-18,1,False,0,False,True,385,30000.0,3910.5152,
Y,\\sahale.biostr.washington.edu\data\Subjects\AB_0023\2022-08-18\1\p0_g0\p0_g0_t0.imec0.lf.bin,7527741760,lf,AB_0023,2022-08-18,1,False,0,False,True,385,2500.0,3910.5152,
Y,\\sahale.biostr.washington.edu\data\Subjects\AB_0023\2022-08-19\1\p0_g0\p0_g0_t0.imec0.ap.bin,97279708680,ap,AB_0023,2022-08-19,1,False,0,False,True,385,30000.0,4211.2428,
Y,\\sahale.biostr.washington.edu\data\Subjects\AB_0023\2022-08-19\1\p0_g0\p0_g0_t0.imec0.lf.bin,8106642390,lf,AB_0023,2022-08-19,1,False,0,False,True,385,2500.0,4211.2428,
Y,\\sahale.biostr.washington.edu\data\Subjects\AB_0023\2022-08-19\1\p1_g0\p1_g0_t0.imec0.ap.bin,97279847280,ap,AB_0023,2022-08-19,1,False,0,False,True,385,30000.0,4211.2488,
Y,\\sahale.biostr.washington.edu\data\Subjects\AB_0023\2022-08-19\1\p1_g0\p1_g0_t0.imec0.lf.bin,8106653940,lf,AB_0023,2022-08-19,1,False,0,False,True,385,2500.0,4211.2488,
Y,\\sahale.biostr.washington.edu\data\Subjects\AB_0023\2022-08-22\1\p0_g0\p0_g0_t0.imec0.ap.bin,88947021240,ap,AB_0023,2022-08-22,1,False,0,False,True,385,30000.0,3850.5204,
Y,\\sahale.biostr.washington.edu\data\Subjects\AB_0023\2022-08-22\1\p0_g0\p0_g0_t0.imec0.lf.bin,7412251770,lf,AB_0023,2022-08-22,1,False,0,False,True,385,2500.0,3850.5204,
Y,\\sahale.biostr.washington.edu\data\Subjects\AB_0023\2022-08-23\1\p0_g0\p0_g0_t0.imec0.ap.bin,93786757680,ap,AB_0023,2022-08-23,1,False,0,False,True,385,30000.0,4060.0328,
Y,\\sahale.biostr.washington.edu\data\Subjects\AB_0023\2022-08-23\1\p0_g0\p0_g0_t0.imec0.lf.bin,7815563140,lf,AB_0023,2022-08-23,1,False,0,False,True,385,2500.0,4060.0328,
Y,\\sahale.biostr.washington.edu\data\Subjects\AB_0023\2022-08-24\1\p0_g0\p0_g0_t0.imec0.ap.bin,89186947080,ap,AB_0023,2022-08-24,1,False,0,False,True,385,30000.0,3860.9068,
Y,\\sahale.biostr.washington.edu\data\Subjects\AB_0023\2022-08-24\1\p0_g0\p0_g0_t0.imec0.lf.bin,7432245590,lf,AB_0023,2022-08-24,1,False,0,False,True,385,2500.0,3860.9068,
Y,\\sahale.biostr.washington.edu\data\Subjects\AB_0023\2022-08-25\3\p0_g0\p0_g0_t0.imec0.ap.bin,88354524720,ap,AB_0023,2022-08-25,3,False,0,False,True,385,30000.0,3824.8712,
Y,\\sahale.biostr.washington.edu\data\Subjects\AB_0023\2022-08-25\3\p0_g0\p0_g0_t0.imec0.lf.bin,7362877060,lf,AB_0023,2022-08-25,3,False,0,False,True,385,2500.0,3824.8712,
Y,\\sahale.biostr.washington.edu\data\Subjects\AB_0023\2022-08-26\1\p0_g0\p0_g0_t0.imec0.ap.bin,89491885560,ap,AB_0023,2022-08-26,1,False,0,False,True,385,30000.0,3874.1076,
Y,\\sahale.biostr.washington.edu\data\Subjects\AB_0023\2022-08-26\1\p0_g0\p0_g0_t0.imec0.lf.bin,7457657130,lf,AB_0023,2022-08-26,1,False,0,False,True,385,2500.0,3874.1076,
Y,\\sahale.biostr.washington.edu\data\Subjects\AB_0023\2022-08-29\1\p0_g0\p0_g0_t0.imec0.ap.bin,89808235440,ap,AB_0023,2022-08-29,1,False,0,False,True,385,30000.0,3887.8024,
Y,\\sahale.biostr.washington.edu\data\Subjects\AB_0023\2022-08-29\1\p0_g0\p0_g0_t0.imec0.lf.bin,7484019620,lf,AB_0023,2022-08-29,1,False,0,False,True,385,2500.0,3887.8024,
Y,\\sahale.biostr.washington.edu\data\Subjects\AL_0019\2023-02-07\1\p0_g0_t0.imec0\p0_g0_t0.imec0.ap.bin,70931475230,ap,AL_0019,2023-02-07,1,False,0,False,True,385,30000.0,3070.6266333333333,
Y,\\sahale.biostr.washington.edu\data\Subjects\AL_0019\2023-02-07\1\p0_g0_t0.imec1\p0_g0_t0.imec1.ap.bin,70931604590,ap,AL_0019,2023-02-07,1,False,0,False,True,385,30000.0,3070.6322333333333,
Y,\\sahale.biostr.washington.edu\data\Subjects\ZYE_0035\2021-07-05\1\p0_g0\p0_g0_t0.imec0.ap.bin,46973415720,ap,ZYE_0035,2021-07-05,1,False,0,False,True,385,30000.0,2033.4812,
Y,\\sahale.biostr.washington.edu\data\Subjects\ZYE_0035\2021-07-05\1\p0_g0\p0_g0_t0.imec0.lf.bin,3914451310,lf,ZYE_0035,2021-07-05,1,False,0,False,True,385,2500.0,2033.4812,
Y,\\sahale.biostr.washington.edu\data\Subjects\ZYE_0035\2021-07-18\1\p0_g0\p0_g0_t0.imec0.ap.bin,47966467010,ap,ZYE_0035,2021-07-18,1,False,0,False,True,385,30000.0,2076.4704333333334,
Y,\\sahale.biostr.washington.edu\data\Subjects\AB_0029\2023-12-01\1\p0_g0\p0_g0_t0.imec0.ap.bin,41918913960,ap,AB_0029,2023-12-01,1,False,0,False,True,385,30000.0,1814.6716,
Y,\\sahale.biostr.washington.edu\data\Subjects\AB_0029\2023-12-01\1\p0_g0\p0_g0_t0.imec0.lf.bin,3493242830,lf,AB_0029,2023-12-01,1,False,0,False,True,385,2500.0,1814.6716,
Y,\\sahale.biostr.washington.edu\data\Subjects\AB_0029\2023-12-01\1\p1_g0\p1_g0_t0.imec0.ap.bin,41918605190,ap,AB_0029,2023-12-01,1,False,0,False,True,385,30000.0,1814.6582333333333,
Y,\\sahale.biostr.washington.edu\data\Subjects\AB_0029\2023-12-04\1\p0_g0\p0_g0_t0.imec0.ap.bin,74023617360,ap,AB_0029,2023-12-04,1,False,0,False,True,385,30000.0,3204.4856,
Y,\\sahale.biostr.washington.edu\data\Subjects\AB_0029\2023-12-04\1\p0_g0\p0_g0_t0.imec0.lf.bin,6168634780,lf,AB_0029,2023-12-04,1,False,0,False,True,385,2500.0,3204.4856,
Y,\\sahale.biostr.washington.edu\data\Subjects\AB_0029\2023-12-05\1\p0_g0\p0_g0_t0.imec0.ap.bin,114013302480,ap,AB_0029,2023-12-05,1,False,0,False,True,385,30000.0,4935.6408,
Y,\\sahale.biostr.washington.edu\data\Subjects\AB_0029\2023-12-05\1\p0_g0\p0_g0_t0.imec0.lf.bin,9501108540,lf,AB_0029,2023-12-05,1,False,0,False,True,385,2500.0,4935.6408,
Y,\\sahale.biostr.washington.edu\data\Subjects\AB_0029\2023-12-05\1\p1_g0\p1_g0_t0.imec0.ap.bin,114013302480,ap,AB_0029,2023-12-05,1,False,0,False,True,385,30000.0,4935.6408,
Y,\\sahale.biostr.washington.edu\data\Subjects\AB_0029\2023-12-05\1\p1_g0\p1_g0_t0.imec0.lf.bin,9501108540,lf,AB_0029,2023-12-05,1,False,0,False,True,385,2500.0,4935.6408,
Y,\\sahale.biostr.washington.edu\data\Subjects\AB_0029\2023-12-06\1\p0_g0\p0_g0_t0.imec0.ap.bin,84829972920,ap,AB_0029,2023-12-06,1,False,0,False,True,385,30000.0,3672.2932,
Y,\\sahale.biostr.washington.edu\data\Subjects\AB_0029\2023-12-06\1\p0_g0\p0_g0_t0.imec0.lf.bin,7069164410,lf,AB_0029,2023-12-06,1,False,0,False,True,385,2500.0,3672.2932,
Y,\\sahale.biostr.washington.edu\data\Subjects\AB_0029\2023-12-06\1\p1_g0\p1_g0_t0.imec0.ap.bin,84831756240,ap,AB_0029,2023-12-06,1,False,0,False,True,385,30000.0,3672.3704,
Y,\\sahale.biostr.washington.edu\data\Subjects\AB_0029\2023-12-06\1\p1_g0\p1_g0_t0.imec0.lf.bin,7069313020,lf,AB_0029,2023-12-06,1,False,0,False,True,385,2500.0,3672.3704,
Y,\\sahale.biostr.washington.edu\data\Subjects\AL_0013\2022-07-06\1\p0_g0_t0.imec0\p0_g0_t0.imec0.ap.bin,85421225890,ap,AL_0013,2022-07-06,1,False,0,False,True,385,30000.0,3697.8885666666665,
Y,\\sahale.biostr.washington.edu\data\Subjects\AL_0013\2022-07-06\1\p0_g0_t0.imec1\p0_g0_t0.imec1.ap.bin,85421072660,ap,AL_0013,2022-07-06,1,False,0,False,True,385,30000.0,3697.881933333333,
Y,\\sahale.biostr.washington.edu\data\Subjects\AL_0013\2022-07-07\1\p0_g0_t0.imec0\p0_g0_t0.imec0.ap.bin,89955021310,ap,AL_0013,2022-07-07,1,False,0,False,True,385,30000.0,3894.1567666666665,
Y,\\sahale.biostr.washington.edu\data\Subjects\AL_0013\2022-07-07\1\p0_g0_t0.imec1\p0_g0_t0.imec1.ap.bin,89955072130,ap,AL_0013,2022-07-07,1,False,0,False,True,385,30000.0,3894.158966666667,
Y,\\sahale.biostr.washington.edu\data\Subjects\AL_0013\2022-07-28\1\p0_g0_t0.imec0\p0_g0_t0.imec0.ap.bin,76211733290,ap,AL_0013,2022-07-28,1,False,0,False,True,385,30000.0,3299.2092333333335,
Y,\\sahale.biostr.washington.edu\data\Subjects\AL_0013\2022-07-28\1\p0_g0_t0.imec1\p0_g0_t0.imec1.ap.bin,76211929640,ap,AL_0013,2022-07-28,1,False,0,False,True,385,30000.0,3299.2177333333334,
Y,\\sahale.biostr.washington.edu\data\Subjects\AB_0024\2022-08-30\1\p0_g0\p0_g0_t0.imec0.ap.bin,87553259640,ap,AB_0024,2022-08-30,1,False,0,False,True,385,30000.0,3790.1844,
Y,\\sahale.biostr.washington.edu\data\Subjects\AB_0024\2022-08-30\1\p0_g0\p0_g0_t0.imec0.lf.bin,7296104970,lf,AB_0024,2022-08-30,1,False,0,False,True,385,2500.0,3790.1844,
Y,\\sahale.biostr.washington.edu\data\Subjects\AB_0024\2022-08-31\1\p0_g0\p0_g0_t0.imec0.ap.bin,56924784840,ap,AB_0024,2022-08-31,1,False,0,False,True,385,30000.0,2464.2764,
Y,\\sahale.biostr.washington.edu\data\Subjects\AB_0024\2022-08-31\1\p0_g0\p0_g0_t0.imec0.lf.bin,4743732070,lf,AB_0024,2022-08-31,1,False,0,False,True,385,2500.0,2464.2764,
Y,\\sahale.biostr.washington.edu\data\Subjects\AB_0024\2022-09-01\1\p0_g0\p0_g0_t0.imec0.ap.bin,80061735600,ap,AB_0024,2022-09-01,1,False,0,False,True,385,30000.0,3465.876,
Y,\\sahale.biostr.washington.edu\data\Subjects\AB_0024\2022-09-01\1\p0_g0\p0_g0_t0.imec0.lf.bin,6671811300,lf,AB_0024,2022-09-01,1,False,0,False,True,385,2500.0,3465.876,
Y,\\sahale.biostr.washington.edu\data\Subjects\AB_0024\2022-09-02\1\p0_g0\p0_g0_t0.imec0.ap.bin,86068086720,ap,AB_0024,2022-09-02,1,False,0,False,True,385,30000.0,3725.8912,
Y,\\sahale.biostr.washington.edu\data\Subjects\AB_0024\2022-09-02\1\p0_g0\p0_g0_t0.imec0.lf.bin,7172340560,lf,AB_0024,2022-09-02,1,False,0,False,True,385,2500.0,3725.8912,
Y,\\sahale.biostr.washington.edu\data\Subjects\AB_0024\2022-09-05\1\p0_g0\p0_g0_t0.imec0.ap.bin,90260302440,ap,AB_0024,2022-09-05,1,False,0,False,True,385,30000.0,3907.3724,
Y,\\sahale.biostr.washington.edu\data\Subjects\AB_0024\2022-09-05\1\p0_g0\p0_g0_t0.imec0.lf.bin,7521691870,lf,AB_0024,2022-09-05,1,False,0,False,True,385,2500.0,3907.3724,
Y,\\sahale.biostr.washington.edu\data\Subjects\AB_0024\2022-09-21\1\p0_g0\p0_g0_t0.imec0.ap.bin,88665820320,ap,AB_0024,2022-09-21,1,False,0,False,True,385,30000.0,3838.3472,
Y,\\sahale.biostr.washington.edu\data\Subjects\AB_0024\2022-09-21\1\p0_g0\p0_g0_t0.imec0.lf.bin,7388818360,lf,AB_0024,2022-09-21,1,False,0,False,True,385,2500.0,3838.3472,
Y,\\sahale.biostr.washington.edu\data\Subjects\AB_0024\2022-09-22\1\p0_g0\p0_g0_t0.imec0.ap.bin,95123268240,ap,AB_0024,2022-09-22,1,False,0,False,True,385,30000.0,4117.8904,
Y,\\sahale.biostr.washington.edu\data\Subjects\AB_0024\2022-09-22\1\p0_g0\p0_g0_t0.imec0.lf.bin,7926939020,lf,AB_0024,2022-09-22,1,False,0,False,True,385,2500.0,4117.8904,
Y,\\sahale.biostr.washington.edu\data\Subjects\AB_0024\2022-09-27\1\p0_g0\p0_g0_t0.imec0.ap.bin,90319493880,ap,AB_0024,2022-09-27,1,False,0,False,True,385,30000.0,3909.9348,
Y,\\sahale.biostr.washington.edu\data\Subjects\AB_0024\2022-09-27\1\p0_g0\p0_g0_t0.imec0.lf.bin,7526624490,lf,AB_0024,2022-09-27,1,False,0,False,True,385,2500.0,3909.9348,
Y,\\sahale.biostr.washington.edu\data\Subjects\AB_0024\2022-09-28\3\p0_g0\p0_g0_t0.imec0.ap.bin,87563164920,ap,AB_0024,2022-09-28,3,False,0,False,True,385,30000.0,3790.6132,
Y,\\sahale.biostr.washington.edu\data\Subjects\AB_0024\2022-09-28\3\p0_g0\p0_g0_t0.imec0.lf.bin,7296930410,lf,AB_0024,2022-09-28,3,False,0,False,True,385,2500.0,3790.6132,
Y,\\sahale.biostr.washington.edu\data\Subjects\AB_0024\2022-09-29\1\p0_g0\p0_g0_t0.imec0.ap.bin,88610019960,ap,AB_0024,2022-09-29,1,False,0,False,True,385,30000.0,3835.9316,
Y,\\sahale.biostr.washington.edu\data\Subjects\AB_0024\2022-09-29\1\p0_g0\p0_g0_t0.imec0.lf.bin,7384168330,lf,AB_0024,2022-09-29,1,False,0,False,True,385,2500.0,3835.9316,
Y,\\sahale.biostr.washington.edu\data\Subjects\AB_0024\2022-09-30\1\p0_g0\p0_g0_t0.imec0.ap.bin,87780221760,ap,AB_0024,2022-09-30,1,False,0,False,True,385,30000.0,3800.0096,
Y,\\sahale.biostr.washington.edu\data\Subjects\AB_0024\2022-09-30\1\p0_g0\p0_g0_t0.imec0.lf.bin,7315018480,lf,AB_0024,2022-09-30,1,False,0,False,True,385,2500.0,3800.0096,
Y,\\sahale.biostr.washington.edu\data\Subjects\ZYE_0038\2021-09-01\1\p0_g0\p0_g0_t0.imec0.ap.bin,88433606800,ap,ZYE_0038,2021-09-01,1,False,0,False,True,385,30000.0,3828.2946666666667,
Y,\\sahale.biostr.washington.edu\data\Subjects\AL_0014\2022-08-08\1\p0_g0_imec0\p0_g0_t0.imec0.ap.bin,87697826370,ap,AL_0014,2022-08-08,1,False,0,False,True,385,30000.0,3796.4427,
Y,\\sahale.biostr.washington.edu\data\Subjects\AL_0014\2022-08-09\1\p0_g0_imec0\p0_g0_t0.imec0.ap.bin,8085808500,ap,AL_0014,2022-08-09,1,False,0,False,True,385,30000.0,350.035,
Y,\\sahale.biostr.washington.edu\data\Subjects\AL_0014\2022-08-09\2\p1_g0_imec0\p1_g0_t0.imec0.ap.bin,75580117690,ap,AL_0014,2022-08-09,2,False,0,False,True,385,30000.0,3271.8665666666666,
Y,\\sahale.biostr.washington.edu\data\Subjects\AL_0014\2022-08-15\1\p0_g0_imec0\p0_g0_t0.imec0.ap.bin,80263394750,ap,AL_0014,2022-08-15,1,False,0,False,True,385,30000.0,3474.6058333333335,
Y,\\sahale.biostr.washington.edu\data\Subjects\AL_0014\2022-08-17\1\p0_g0_imec0\p0_g0_t0.imec0.ap.bin,90783423500,ap,AL_0014,2022-08-17,1,False,0,False,True,385,30000.0,3930.0183333333334,
Y,\\sahale.biostr.washington.edu\data\Subjects\NR_0023\2023-12-13\quarterDensity\_spikeglx_ephysData_g0\_spikeglx_ephysData_g0_t0.nidq.bin,38913648,nidq,NR_0023,2023-12-13,quarterDensity,False,0,False,True,2,30003.0003,324.24797196032426,
Y,\\sahale.biostr.washington.edu\data\Subjects\NR_0023\2023-12-15\quarterDensity\_spikeglx_ephysData_g0\_spikeglx_ephysData_g0_t0.nidq.bin,36463436,nidq,NR_0023,2023-12-15,quarterDensity,False,0,False,True,2,30003.0003,303.83158047030383,
Y,\\sahale.biostr.washington.edu\data\Subjects\DO_0014\2022-01-13\1\p0_g0\p0_g0_t0.imec0.ap.bin,68203886520,ap,DO_0014,2022-01-13,1,False,0,False,True,385,30000.0,2952.5492,
Y,\\sahale.biostr.washington.edu\data\Subjects\DO_0014\2022-01-14\1\p0_g0\p0_g0_t0.imec0.ap.bin,68417180370,ap,DO_0014,2022-01-14,1,False,0,False,True,385,30000.0,2961.7827,
Y,\\sahale.biostr.washington.edu\data\Subjects\DO_0014\2022-01-15\2\p0_g0\p0_g1_t0.imec0.ap.bin,67865702520,ap,DO_0014,2022-01-15,2,False,0,False,True,385,30000.0,2937.9092,
Y,\\sahale.biostr.washington.edu\data\Subjects\DO_0014\2022-01-18\1\p0_g0\p0_g0_t0.imec0.ap.bin,68874021370,ap,DO_0014,2022-01-18,1,False,0,False,True,385,30000.0,2981.559366666667,
Y,\\sahale.biostr.washington.edu\data\Subjects\DO_0014\2022-01-19\2\p0_g0\p0_g0_t0.imec0.ap.bin,68658693950,ap,DO_0014,2022-01-19,2,False,0,False,True,385,30000.0,2972.237833333333,
Y,\\sahale.biostr.washington.edu\data\Subjects\DO_0014\2022-01-21\1\p0_g0\p0_g0_t0.imec0.ap.bin,68885921720,ap,DO_0014,2022-01-21,1,False,0,False,True,385,30000.0,2982.0745333333334,
Y,\\sahale.biostr.washington.edu\data\Subjects\DO_0014\2022-01-24\1\p0_g0\p0_g0_t0.imec0.ap.bin,70967160880,ap,DO_0014,2022-01-24,1,False,0,False,True,385,30000.0,3072.1714666666667,
Y,\\sahale.biostr.washington.edu\data\Subjects\DO_0014\2022-01-25\1\p0_g0\p0_g0_t0.imec0.ap.bin,69524352590,ap,DO_0014,2022-01-25,1,False,0,False,True,385,30000.0,3009.712233333333,
Y,\\sahale.biostr.washington.edu\data\Subjects\DO_0014\2022-01-26\1\p0_g0\p0_g0_t0.imec0.ap.bin,68701857840,ap,DO_0014,2022-01-26,1,False,0,False,True,385,30000.0,2974.1064,
Y,\\sahale.biostr.washington.edu\data\Subjects\DO_0014\2022-01-27\1\p0_g0\p0_g0_t0.imec0.ap.bin,68930664110,ap,DO_0014,2022-01-27,1,False,0,False,True,385,30000.0,2984.011433333333,
Y,\\sahale.biostr.washington.edu\data\Subjects\AB_0016\2022-01-31\1\p0_g0\p0_g0_t0.imec0.ap.bin,69793579240,ap,AB_0016,2022-01-31,1,False,0,False,True,385,30000.0,3021.3670666666667,
Y,\\sahale.biostr.washington.edu\data\Subjects\AB_0016\2022-02-01\1\p0_g0\p0_g0_t0.imec0.ap.bin,68218280900,ap,AB_0016,2022-02-01,1,False,0,False,True,385,30000.0,2953.1723333333334,
Y,\\sahale.biostr.washington.edu\data\Subjects\AB_0016\2022-02-02\1\p0_g0\p0_g0_t0.imec0.ap.bin,72822197910,ap,AB_0016,2022-02-02,1,False,0,False,True,385,30000.0,3152.4761,
Y,\\sahale.biostr.washington.edu\data\Subjects\AB_0016\2022-02-03\2\p0_g0\p0_g0_t0.imec0.ap.bin,68976385170,ap,AB_0016,2022-02-03,2,False,0,False,True,385,30000.0,2985.9907,
Y,\\sahale.biostr.washington.edu\data\Subjects\AB_0016\2022-02-03\2\p1_g0\p1_g0_t0.imec1.ap.bin,68976541480,ap,AB_0016,2022-02-03,2,False,0,False,True,385,30000.0,2985.9974666666667,
Y,\\sahale.biostr.washington.edu\data\Subjects\AB_0016\2022-02-04\1\p0_g0\p0_g0_t0.imec0.ap.bin,68052791730,ap,AB_0016,2022-02-04,1,False,0,False,True,385,30000.0,2946.0083,
Y,\\sahale.biostr.washington.edu\data\Subjects\AB_0016\2022-02-07\1\p0_g0\p0_g0_t0.imec0.ap.bin,68275417980,ap,AB_0016,2022-02-07,1,False,0,False,True,385,30000.0,2955.6458,
Y,\\sahale.biostr.washington.edu\data\Subjects\AB_0016\2022-02-08\1\p0_g0\p0_g0_t0.imec0.ap.bin,68727055320,ap,AB_0016,2022-02-08,1,False,0,False,True,385,30000.0,2975.1972,
Y,\\sahale.biostr.washington.edu\data\Subjects\AB_0016\2022-02-08\1\p0_g0\p0_g0_t0.imec0.lf.bin,5727254610,lf,AB_0016,2022-02-08,1,False,0,False,True,385,2500.0,2975.1972,
Y,\\sahale.biostr.washington.edu\data\Subjects\AB_0016\2022-02-09\1\p0_g0\p0_g0_t0.imec0.ap.bin,70198091040,ap,AB_0016,2022-02-09,1,False,0,False,True,385,30000.0,3038.8784,
Y,\\sahale.biostr.washington.edu\data\Subjects\AB_0016\2022-02-09\1\p0_g0\p0_g0_t0.imec0.lf.bin,5849840920,lf,AB_0016,2022-02-09,1,False,0,False,True,385,2500.0,3038.8784,
Y,\\sahale.biostr.washington.edu\data\Subjects\JRS_0059\2026-02-13\p0_g0\p0_g0_imec0\p0_g0_t0.imec0.ap.bin,452719171520,ap,JRS_0059,2026-02-13,p0_g0,False,0,False,True,1540,30000.0,4899.558133333333,
Y,\\sahale.biostr.washington.edu\data\Subjects\AL_0007\2021-09-20\1\p0_g0_t0.imec0\p0_g0_t0.imec0.ap.bin,99867458460,ap,AL_0007,2021-09-20,1,False,0,False,True,385,30000.0,4323.2666,
Y,\\sahale.biostr.washington.edu\data\Subjects\AL_0007\2021-09-20\1\p0_g0_t0.imec1\p0_g0_t0.imec1.ap.bin,99867541620,ap,AL_0007,2021-09-20,1,False,0,False,True,385,30000.0,4323.2702,
Y,\\sahale.biostr.washington.edu\data\Subjects\ZYE_0021\2021-04-28\1\p1_g0\p1_g0_t0.imec0.ap.bin,70103233970,ap,ZYE_0021,2021-04-28,1,False,0,False,True,385,30000.0,3034.772033333333,
Y,\\sahale.biostr.washington.edu\data\Subjects\ZYE_0021\2021-04-28\1\p1_g0\p1_g0_t0.imec0.lf.bin,5841936870,lf,ZYE_0021,2021-04-28,1,False,0,False,True,385,2500.0,3034.7724,
Y,\\sahale.biostr.washington.edu\data\Subjects\ZYE_0021\2021-04-28\1\p1_g0\p1_g0_t0.imec1.ap.bin,70103391050,ap,ZYE_0021,2021-04-28,1,False,0,False,True,385,30000.0,3034.7788333333333,
Y,\\sahale.biostr.washington.edu\data\Subjects\ZYE_0021\2021-04-28\1\p1_g0\p1_g0_t0.imec1.lf.bin,5841949960,lf,ZYE_0021,2021-04-28,1,False,0,False,True,385,2500.0,3034.7792,
Y,\\sahale.biostr.washington.edu\data\Subjects\ZYE_0021\2021-04-28\5\p3_g0\p3_g0_t0.imec0.ap.bin,90144340440,ap,ZYE_0021,2021-04-28,5,False,0,False,True,385,30000.0,3902.3524,
Y,\\sahale.biostr.washington.edu\data\Subjects\ZYE_0021\2021-04-28\5\p3_g0\p3_g0_t0.imec0.lf.bin,7512028370,lf,ZYE_0021,2021-04-28,5,False,0,False,True,385,2500.0,3902.3524,
Y,\\sahale.biostr.washington.edu\data\Subjects\ZYE_0021\2021-04-28\5\p3_g0\p3_g0_t0.imec1.ap.bin,90144479040,ap,ZYE_0021,2021-04-28,5,False,0,False,True,385,30000.0,3902.3584,
Y,\\sahale.biostr.washington.edu\data\Subjects\ZYE_0021\2021-04-28\5\p3_g0\p3_g0_t0.imec1.lf.bin,7512039920,lf,ZYE_0021,2021-04-28,5,False,0,False,True,385,2500.0,3902.3584,
Y,\\sahale.biostr.washington.edu\data\Subjects\ZYE_0021\2021-05-01\1\p1_g0\p1_g0_t0.imec0.ap.bin,93331077840,ap,ZYE_0021,2021-05-01,1,False,0,False,True,385,30000.0,4040.3064,
Y,\\sahale.biostr.washington.edu\data\Subjects\ZYE_0021\2021-05-01\1\p1_g0\p1_g0_t0.imec0.lf.bin,7777589820,lf,ZYE_0021,2021-05-01,1,False,0,False,True,385,2500.0,4040.3064,
Y,\\sahale.biostr.washington.edu\data\Subjects\ZYE_0021\2021-05-01\1\p1_g0\p1_g0_tcat.imec0.ap.bin,93331077840,ap,ZYE_0021,2021-05-01,1,False,0,False,True,385,30000.0,4040.3064,
Y,\\sahale.biostr.washington.edu\data\Subjects\ZYE_0021\2021-05-01\4\p2_g0\p2_g0_t0.imec0.ap.bin,97083552720,ap,ZYE_0021,2021-05-01,4,False,0,False,True,385,30000.0,4202.7512,
Y,\\sahale.biostr.washington.edu\data\Subjects\ZYE_0021\2021-05-01\4\p2_g0\p2_g0_t0.imec0.lf.bin,8090296060,lf,ZYE_0021,2021-05-01,4,False,0,False,True,385,2500.0,4202.7512,
Y,\\sahale.biostr.washington.edu\data\Subjects\ZYE_0021\2021-05-01\4\p2_g0\p2_g0_tcat.imec0.ap.bin,97083552720,ap,ZYE_0021,2021-05-01,4,False,0,False,True,385,30000.0,4202.7512,
Y,\\sahale.biostr.washington.edu\data\Subjects\ZYE_0021\2021-06-29\1\p0_g0\p0_g0_t0.imec0.ap.bin,89040937370,ap,ZYE_0021,2021-06-29,1,False,0,False,True,385,30000.0,3854.5860333333335,
Y,\\sahale.biostr.washington.edu\data\Subjects\ZYE_0021\2021-06-29\3\p1_g0\p1_g0_t0.imec0.ap.bin,13314217840,ap,ZYE_0021,2021-06-29,3,False,0,False,True,385,30000.0,576.3730666666667,
Y,\\sahale.biostr.washington.edu\data\Subjects\ZYE_0021\2021-06-29\4\p2_g0\p2_g0_t0.imec0.ap.bin,18139129470,ap,ZYE_0021,2021-06-29,4,False,0,False,True,385,30000.0,785.2437,
Y,\\sahale.biostr.washington.edu\data\Subjects\ZYE_0021\2021-06-29\5\p3_g0\p3_g0_t0.imec0.ap.bin,23705578820,ap,ZYE_0021,2021-06-29,5,False,0,False,True,385,30000.0,1026.2155333333333,
Y,\\sahale.biostr.washington.edu\data\Subjects\AB_0037\2024-05-29\1\p0_g0\p0_g0_t0.imec0.ap.bin,82859635320,ap,AB_0037,2024-05-29,1,False,0,False,True,385,30000.0,3586.9972,
Y,\\sahale.biostr.washington.edu\data\Subjects\AB_0037\2024-05-29\1\p0_g0\p0_g0_t0.imec0.lf.bin,6904969610,lf,AB_0037,2024-05-29,1,False,0,False,True,385,2500.0,3586.9972,
Y,\\sahale.biostr.washington.edu\data\Subjects\AB_0037\2024-05-29\1\p1_g0\p1_g0_t0.imec0.ap.bin,82860053430,ap,AB_0037,2024-05-29,1,False,0,False,True,385,30000.0,3587.0153,
Y,\\sahale.biostr.washington.edu\data\Subjects\AB_0037\2024-05-29\1\p2_g0\p2_g0_t0.imec0.ap.bin,82858379450,ap,AB_0037,2024-05-29,1,False,0,False,True,385,30000.0,3586.9428333333335,
Y,\\sahale.biostr.washington.edu\data\Subjects\AB_0037\2024-05-30\1\p0_g0\p0_g0_t0.imec0.ap.bin,59000883480,ap,AB_0037,2024-05-30,1,False,0,False,True,385,30000.0,2554.1508,
Y,\\sahale.biostr.washington.edu\data\Subjects\AB_0037\2024-05-30\1\p0_g0\p0_g0_t0.imec0.lf.bin,4916740290,lf,AB_0037,2024-05-30,1,False,0,False,True,385,2500.0,2554.1508,
Y,\\sahale.biostr.washington.edu\data\Subjects\AB_0037\2024-05-30\1\p1_g0\p1_g0_t0.imec0.ap.bin,59001146050,ap,AB_0037,2024-05-30,1,False,0,False,True,385,30000.0,2554.1621666666665,
Y,\\sahale.biostr.washington.edu\data\Subjects\AB_0037\2024-05-30\1\p2_g0\p2_g0_t0.imec0.ap.bin,58999698450,ap,AB_0037,2024-05-30,1,False,0,False,True,385,30000.0,2554.0995,
Y,\\sahale.biostr.washington.edu\data\Subjects\FD_012\2026-04-21\1\p0_g0_imec0\p0_g0_t0.imec0.ap.bin,66426698800,ap,FD_012,2026-04-21,1,False,0,False,True,385,30000.0,2875.614666666667,
Y,\\sahale.biostr.washington.edu\data\Subjects\FD_012\2026-04-23\1\p0_g0_imec0\p0_g0_t0.imec0.ap.bin,69489977480,ap,FD_012,2026-04-23,1,False,0,False,True,385,30000.0,3008.224133333333,
Y,\\sahale.biostr.washington.edu\data\Subjects\AL_0042\2026-01-12\1\p0_g0_t0.imec0\p0_g0_t0.imec0.ap.bin,55494566820,ap,AL_0042,2026-01-12,1,False,0,False,True,385,30000.0,2402.3622,
Y,\\sahale.biostr.washington.edu\data\Subjects\AL_0042\2026-01-12\1\p0_g0_t0.imec1\p0_g0_t0.imec1.ap.bin,55493806830,ap,AL_0042,2026-01-12,1,False,0,False,True,385,30000.0,2402.3293,
Y,\\sahale.biostr.washington.edu\data\Subjects\AL_0042\2026-01-13\1\p0_g0_t0.imec0\p0_g0_t0.imec0.ap.bin,51468304580,ap,AL_0042,2026-01-13,1,False,0,False,True,385,30000.0,2228.0651333333335,
Y,\\sahale.biostr.washington.edu\data\Subjects\AL_0042\2026-01-13\1\p0_g0_t0.imec1\p0_g0_t0.imec1.ap.bin,51467708600,ap,AL_0042,2026-01-13,1,False,0,False,True,385,30000.0,2228.039333333333,
Y,\\sahale.biostr.washington.edu\data\Subjects\XL_010\2026-07-06\p0_g0\p0_g0_imec0\p0_g0_t0.imec0.ap.bin,31422280120,ap,XL_010,2026-07-06,p0_g0,False,0,False,True,1540,30000.0,340.0679666666667,
Y,\\sahale.biostr.washington.edu\data\Subjects\XL_010\2026-07-06\p0_g0\p0_g0_imec1\p0_g0_t0.imec1.ap.bin,31422474160,ap,XL_010,2026-07-06,p0_g0,False,0,False,True,1540,30000.0,340.07006666666666,
Y,\\sahale.biostr.washington.edu\data\Subjects\XL_010\2026-07-08\p0_g0\p0_g0_imec0\p0_g0_t0.imec0.ap.bin,110754918120,ap,XL_010,2026-07-08,p0_g0,False,0,False,True,1540,30000.0,1198.6463,
Y,\\sahale.biostr.washington.edu\data\Subjects\XL_010\2026-07-08\p0_g0\p0_g0_imec1\p0_g0_t0.imec1.ap.bin,110753978720,ap,XL_010,2026-07-08,p0_g0,False,0,False,True,1540,30000.0,1198.6361333333334,
Y,\\sahale.biostr.washington.edu\data\Subjects\KM_047\2025-12-08\1\p0_g0_t0.imec0\p0_g0_t0.imec0.ap.bin,50645713580,ap,KM_047,2025-12-08,1,False,0,False,True,385,30000.0,2192.4551333333334,
Y,\\sahale.biostr.washington.edu\data\Subjects\KM_047\2025-12-08\1\p0_g0_t0.imec1\p0_g0_t0.imec1.ap.bin,50646099350,ap,KM_047,2025-12-08,1,False,0,False,True,385,30000.0,2192.4718333333335,
Y,\\sahale.biostr.washington.edu\data\Subjects\AL_0046\2026-03-02\1\p0_g0_t0.imec0\p0_g0_t0.imec0.ap.bin,51854331760,ap,AL_0046,2026-03-02,1,False,0,False,True,385,30000.0,2244.7762666666667,
Y,\\sahale.biostr.washington.edu\data\Subjects\AL_0046\2026-03-03\1\p0_g0_t0.imec0\p0_g0_t0.imec0.ap.bin,52186707650,ap,AL_0046,2026-03-03,1,False,0,False,True,385,30000.0,2259.1648333333333,
Y,\\sahale.biostr.washington.edu\data\Subjects\AL_0046\2026-03-04\1\p0_g0_t0.imec0\p0_g0_t0.imec0.ap.bin,49655704560,ap,AL_0046,2026-03-04,1,False,0,False,True,385,30000.0,2149.5976,
Y,\\sahale.biostr.washington.edu\data\Subjects\AL_0046\2026-03-05\3\p0_g0_t0.imec0\p0_g0_t0.imec0.ap.bin,42527802240,ap,AL_0046,2026-03-05,3,False,0,False,True,385,30000.0,1841.0304,
Y,\\sahale.biostr.washington.edu\data\Subjects\AL_0046\2026-04-07\p0_g0\p0_g0_imec0\p0_g0_t0.imec0.ap.bin,15865357970,ap,AL_0046,2026-04-07,p0_g0,False,0,False,True,385,30000.0,686.8120333333334,
Y,\\sahale.biostr.washington.edu\data\Subjects\AL_0046\2026-04-07\p0_g0\p0_g0_imec0\p0_g0_t0.imec0.lf.bin,1322113870,lf,AL_0046,2026-04-07,p0_g0,False,0,False,True,385,2500.0,686.8124,
Y,\\sahale.biostr.washington.edu\data\Subjects\AL_0046\2026-04-07\p1_g0\p1_g0_imec0\p1_g0_t0.imec0.ap.bin,5705182560,ap,AL_0046,2026-04-07,p1_g0,False,0,False,True,385,30000.0,246.9776,
Y,\\sahale.biostr.washington.edu\data\Subjects\AL_0046\2026-04-07\p1_g0\p1_g0_imec0\p1_g0_t0.imec0.lf.bin,475431880,lf,AL_0046,2026-04-07,p1_g0,False,0,False,True,385,2500.0,246.9776,
Y,\\sahale.biostr.washington.edu\data\Subjects\AL_0046\2026-04-07\p2_g0\p2_g0_imec0\p2_g0_t0.imec0.ap.bin,7058159570,ap,AL_0046,2026-04-07,p2_g0,False,0,False,True,385,30000.0,305.5480333333333,
Y,\\sahale.biostr.washington.edu\data\Subjects\AL_0046\2026-04-07\p2_g0\p2_g0_imec0\p2_g0_t0.imec0.lf.bin,588180670,lf,AL_0046,2026-04-07,p2_g0,False,0,False,True,385,2500.0,305.5484,
Y,\\sahale.biostr.washington.edu\data\Subjects\AL_0046\2026-04-07\p3_g0\p3_g0_imec0\p3_g0_t0.imec0.ap.bin,3113714450,ap,AL_0046,2026-04-07,p3_g0,False,0,False,True,385,30000.0,134.79283333333333,
Y,\\sahale.biostr.washington.edu\data\Subjects\AL_0046\2026-04-07\p3_g0\p3_g0_imec0\p3_g0_t0.imec0.lf.bin,259476910,lf,AL_0046,2026-04-07,p3_g0,False,0,False,True,385,2500.0,134.7932,
Y,\\sahale.biostr.washington.edu\data\Subjects\AL_0046\2026-04-07\p5_g0\p5_g0_imec0\p5_g0_t0.imec0.ap.bin,1481920440,ap,AL_0046,2026-04-07,p5_g0,False,0,False,True,385,30000.0,64.1524,
Y,\\sahale.biostr.washington.edu\data\Subjects\AL_0046\2026-04-07\p5_g0\p5_g0_imec0\p5_g0_t0.imec0.lf.bin,123493370,lf,AL_0046,2026-04-07,p5_g0,False,0,False,True,385,2500.0,64.1524,
Y,\\sahale.biostr.washington.edu\data\Subjects\SM_0008\2022-08-05\4\p0_g0_imec0\p0_g0_t0.imec0.ap.bin,135401473130,ap,SM_0008,2022-08-05,4,False,0,False,True,385,30000.0,5861.535633333333,
Y,\\sahale.biostr.washington.edu\data\Subjects\SM_0008\2022-08-05\4\p0_g0_imec0\p0_g0_t0.imec0.lf.bin,11280500000,lf,SM_0008,2022-08-05,4,False,0,False,False,0,0.0,0.0,
Y,\\sahale.biostr.washington.edu\data\Subjects\SM_0008\2022-08-07\2\p0_g0_imec0\p0_g0_t0.imec0.ap.bin,133428639190,ap,SM_0008,2022-08-07,2,False,0,False,True,385,30000.0,5776.131566666667,
Y,\\sahale.biostr.washington.edu\data\Subjects\SM_0008\2022-08-07\2\p0_g0_imec0\p0_g0_t0.imec0.lf.bin,11116875000,lf,SM_0008,2022-08-07,2,False,0,False,False,0,0.0,0.0,
Y,\\sahale.biostr.washington.edu\data\Subjects\AL_0009\2022-02-23\1\p0_g0_t0.imec0\p0_g0_t0.imec0.ap.bin,92900845730,ap,AL_0009,2022-02-23,1,False,0,False,True,385,30000.0,4021.681633333333,
Y,\\sahale.biostr.washington.edu\data\Subjects\AL_0009\2022-02-23\1\p0_g0_t0.imec1\p0_g0_t0.imec1.ap.bin,92900696350,ap,AL_0009,2022-02-23,1,False,0,False,True,385,30000.0,4021.675166666667,
Y,\\sahale.biostr.washington.edu\data\Subjects\AL_0009\2022-02-24\1\p0_g0_t0.imec0\p0_g0_t0.imec0.ap.bin,90185867310,ap,AL_0009,2022-02-24,1,False,0,False,True,385,30000.0,3904.1501,
Y,\\sahale.biostr.washington.edu\data\Subjects\AB_0033\2024-01-17\1\p0_g0\p0_g0_t0.imec0.ap.bin,87964986340,ap,AB_0033,2024-01-17,1,False,0,False,True,385,30000.0,3808.0080666666668,
Y,\\sahale.biostr.washington.edu\data\Subjects\AB_0033\2024-01-17\1\p0_g0\p0_g0_t0.imec0.lf.bin,7330416170,lf,AB_0033,2024-01-17,1,False,0,False,True,385,2500.0,3808.0084,
Y,\\sahale.biostr.washington.edu\data\Subjects\AB_0033\2024-01-17\1\p1_g0\p1_g0_t0.imec0.ap.bin,87965572310,ap,AB_0033,2024-01-17,1,False,0,False,True,385,30000.0,3808.0334333333335,
Y,\\sahale.biostr.washington.edu\data\Subjects\AB_0033\2024-01-18\1\p0_g0\p0_g0_t0.imec0.ap.bin,75637789920,ap,AB_0033,2024-01-18,1,False,0,False,True,385,30000.0,3274.3632,
Y,\\sahale.biostr.washington.edu\data\Subjects\AB_0033\2024-01-18\1\p0_g0\p0_g0_t0.imec0.lf.bin,6303149160,lf,AB_0033,2024-01-18,1,False,0,False,True,385,2500.0,3274.3632,
Y,\\sahale.biostr.washington.edu\data\Subjects\AB_0033\2024-01-18\1\p1_g0\p1_g0_t0.imec0.ap.bin,75638018610,ap,AB_0033,2024-01-18,1,False,0,False,True,385,30000.0,3274.3731,
Y,\\sahale.biostr.washington.edu\data\Subjects\AB_0033\2024-01-19\1\p0_g0\p0_g0_t0.imec0.ap.bin,66096048480,ap,AB_0033,2024-01-19,1,False,0,False,True,385,30000.0,2861.3008,
Y,\\sahale.biostr.washington.edu\data\Subjects\AB_0033\2024-01-19\1\p0_g0\p0_g0_t0.imec0.lf.bin,5508004040,lf,AB_0033,2024-01-19,1,False,0,False,True,385,2500.0,2861.3008,
Y,\\sahale.biostr.washington.edu\data\Subjects\AB_0033\2024-01-19\1\p1_g0\p1_g0_t0.imec0.ap.bin,66096190930,ap,AB_0033,2024-01-19,1,False,0,False,True,385,30000.0,2861.3069666666665,
Y,\\sahale.biostr.washington.edu\data\Subjects\AB_0033\2024-01-24\1\p0_g0\p0_g0_t0.imec0.ap.bin,94861064760,ap,AB_0033,2024-01-24,1,False,0,False,True,385,30000.0,4106.5396,
Y,\\sahale.biostr.washington.edu\data\Subjects\AB_0033\2024-01-24\1\p0_g0\p0_g0_t0.imec0.lf.bin,7905088730,lf,AB_0033,2024-01-24,1,False,0,False,True,385,2500.0,4106.5396,
Y,\\sahale.biostr.washington.edu\data\Subjects\AB_0033\2024-01-24\1\p1_g0\p1_g0_t0.imec0.ap.bin,94861674600,ap,AB_0033,2024-01-24,1,False,0,False,True,385,30000.0,4106.566,
Y,\\sahale.biostr.washington.edu\data\Subjects\AB_0033\2024-01-25\1\p0_g0\p0_g0_t0.imec0.ap.bin,99122294040,ap,AB_0033,2024-01-25,1,False,0,False,True,385,30000.0,4291.0084,
Y,\\sahale.biostr.washington.edu\data\Subjects\AB_0033\2024-01-25\1\p0_g0\p0_g0_t0.imec0.lf.bin,8260191940,lf,AB_0033,2024-01-25,1,False,0,False,True,385,2500.0,4291.0088,
Y,\\sahale.biostr.washington.edu\data\Subjects\AB_0033\2024-01-25\1\p1_g0\p1_g0_t0.imec0.ap.bin,99123031700,ap,AB_0033,2024-01-25,1,False,0,False,True,385,30000.0,4291.040333333333,
Y,\\sahale.biostr.washington.edu\data\Subjects\AB_0033\2024-01-25\1\p1_g0\p1_g0_t0.imec0.lf.bin,8260253540,lf,AB_0033,2024-01-25,1,False,0,False,True,385,2500.0,4291.0408,
Y,\\sahale.biostr.washington.edu\data\Subjects\AB_0033\2024-01-25\1\p2_g0\p2_g0_t0.imec0.ap.bin,99123921820,ap,AB_0033,2024-01-25,1,False,0,False,True,385,30000.0,4291.078866666667,
Y,\\sahale.biostr.washington.edu\data\Subjects\AB_0033\2024-01-26\1\p0_g0\p0_g0_t0.imec0.ap.bin,81935533680,ap,AB_0033,2024-01-26,1,False,0,False,True,385,30000.0,3546.9928,
Y,\\sahale.biostr.washington.edu\data\Subjects\AB_0033\2024-01-26\1\p0_g0\p0_g0_t0.imec0.lf.bin,6827961910,lf,AB_0033,2024-01-26,1,False,0,False,True,385,2500.0,3546.9932,
Y,\\sahale.biostr.washington.edu\data\Subjects\AB_0033\2024-01-26\1\p1_g0\p1_g0_t0.imec0.ap.bin,81938675280,ap,AB_0033,2024-01-26,1,False,0,False,True,385,30000.0,3547.1288,
Y,\\sahale.biostr.washington.edu\data\Subjects\AB_0033\2024-01-26\1\p1_g0\p1_g0_t0.imec0.lf.bin,6828223710,lf,AB_0033,2024-01-26,1,False,0,False,True,385,2500.0,3547.1292,
Y,\\sahale.biostr.washington.edu\data\Subjects\AB_0033\2024-01-26\1\p2_g0\p2_g0_t0.imec0.ap.bin,81942509110,ap,AB_0033,2024-01-26,1,False,0,False,True,385,30000.0,3547.294766666667,
Y,\\sahale.biostr.washington.edu\data\Subjects\AB_0039\2024-12-02\1\p0_g0\p0_g0_t0.imec0.ap.bin,92590011360,ap,AB_0039,2024-12-02,1,False,0,False,True,385,30000.0,4008.2256,
Y,\\sahale.biostr.washington.edu\data\Subjects\AB_0039\2024-12-02\1\p0_g0\p0_g0_t0.imec0.lf.bin,7715835050,lf,AB_0039,2024-12-02,1,False,0,False,True,385,2500.0,4008.226,
Y,\\sahale.biostr.washington.edu\data\Subjects\AB_0039\2024-12-03\1\p0_g0\p0_g0_t0.imec0.ap.bin,91747877760,ap,AB_0039,2024-12-03,1,False,0,False,True,385,30000.0,3971.7696,
Y,\\sahale.biostr.washington.edu\data\Subjects\AB_0039\2024-12-03\1\p0_g0\p0_g0_t0.imec0.lf.bin,7645656480,lf,AB_0039,2024-12-03,1,False,0,False,True,385,2500.0,3971.7696,
Y,\\sahale.biostr.washington.edu\data\Subjects\AB_0039\2024-12-03\1\p1_g0\p1_g0_t0.imec0.ap.bin,91748372870,ap,AB_0039,2024-12-03,1,False,0,False,True,385,30000.0,3971.7910333333334,
Y,\\sahale.biostr.washington.edu\data\Subjects\AB_0039\2024-12-04\1\p0_g0\p0_g0_t0.imec0.ap.bin,70914809350,ap,AB_0039,2024-12-04,1,False,0,False,True,385,30000.0,3069.9051666666664,
Y,\\sahale.biostr.washington.edu\data\Subjects\AB_0039\2024-12-05\3\p0_g0\p0_g0_t0.imec0.ap.bin,68882013970,ap,AB_0039,2024-12-05,3,False,0,False,True,385,30000.0,2981.905366666667,
Y,\\sahale.biostr.washington.edu\data\Subjects\AB_0039\2024-12-05\3\p1_g0\p1_g0_t0.imec0.ap.bin,68882584540,ap,AB_0039,2024-12-05,3,False,0,False,True,385,30000.0,2981.930066666667,
Y,\\sahale.biostr.washington.edu\data\Subjects\AB_0039\2024-12-06\1\p0_g0\p0_g0_t0.imec0.ap.bin,91820465660,ap,AB_0039,2024-12-06,1,False,0,False,True,385,30000.0,3974.9119333333333,
Y,\\sahale.biostr.washington.edu\data\Subjects\AB_0039\2024-12-06\1\p1_g0\p1_g0_t0.imec0.ap.bin,91821396590,ap,AB_0039,2024-12-06,1,False,0,False,True,385,30000.0,3974.9522333333334,
Y,\\sahale.biostr.washington.edu\data\Subjects\AB_0039\2024-12-07\1\p0_g0\p0_g0_t0.imec0.ap.bin,104366237360,ap,AB_0039,2024-12-07,1,False,0,False,True,385,30000.0,4518.018933333334,
Y,\\sahale.biostr.washington.edu\data\Subjects\AB_0039\2024-12-07\1\p1_g0\p1_g0_t0.imec0.ap.bin,104367089750,ap,AB_0039,2024-12-07,1,False,0,False,True,385,30000.0,4518.055833333333,
Y,\\sahale.biostr.washington.edu\data\Subjects\AB_0039\2024-12-07\1\p2_g0\p2_g0_t0.imec0.ap.bin,104367020450,ap,AB_0039,2024-12-07,1,False,0,False,True,385,30000.0,4518.052833333333,
Y,\\sahale.biostr.washington.edu\data\Subjects\AB_0039\2024-12-07\1\p2_g0\p2_g0_t0.imec0.lf.bin,8697252410,lf,AB_0039,2024-12-07,1,False,0,False,True,385,2500.0,4518.0532,
Y,\\sahale.biostr.washington.edu\data\Subjects\AB_0039\2024-12-09\1\p0_g0\p0_g0_t0.imec0.ap.bin,101870663510,ap,AB_0039,2024-12-09,1,False,0,False,True,385,30000.0,4409.985433333333,
Y,\\sahale.biostr.washington.edu\data\Subjects\AB_0039\2024-12-09\1\p1_g0\p1_g0_t0.imec0.ap.bin,101871349580,ap,AB_0039,2024-12-09,1,False,0,False,True,385,30000.0,4410.015133333333,
Y,\\sahale.biostr.washington.edu\data\Subjects\AB_0039\2024-12-09\1\p1_g0\p1_g0_t0.imec0.lf.bin,8489279260,lf,AB_0039,2024-12-09,1,False,0,False,True,385,2500.0,4410.0152,
Y,\\sahale.biostr.washington.edu\data\Subjects\AB_0039\2024-12-10\1\p0_g0\p0_g0_t0.imec0.ap.bin,105003433150,ap,AB_0039,2024-12-10,1,False,0,False,True,385,30000.0,4545.603166666667,
Y,\\sahale.biostr.washington.edu\data\Subjects\AB_0039\2024-12-10\1\p1_g0\p1_g0_t0.imec0.ap.bin,105003366930,ap,AB_0039,2024-12-10,1,False,0,False,True,385,30000.0,4545.6003,
Y,\\sahale.biostr.washington.edu\data\Subjects\AB_0039\2024-12-10\1\p1_g0\p1_g0_t0.imec0.lf.bin,8750280770,lf,AB_0039,2024-12-10,1,False,0,False,True,385,2500.0,4545.6004,
Y,\\sahale.biostr.washington.edu\data\Subjects\AB_0039\2024-12-11\1\p0_g0\p0_g0_t0.imec0.ap.bin,96447219330,ap,AB_0039,2024-12-11,1,False,0,False,True,385,30000.0,4175.2043,
Y,\\sahale.biostr.washington.edu\data\Subjects\AB_0039\2024-12-11\1\p1_g0\p1_g0_t0.imec0.ap.bin,96447055320,ap,AB_0039,2024-12-11,1,False,0,False,True,385,30000.0,4175.1972,
Y,\\sahale.biostr.washington.edu\data\Subjects\AB_0039\2024-12-11\1\p1_g0\p1_g0_t0.imec0.lf.bin,8037254610,lf,AB_0039,2024-12-11,1,False,0,False,True,385,2500.0,4175.1972,
Y,\\sahale.biostr.washington.edu\data\Subjects\AB_0012\2021-10-19\1\p0_g0\p0_g0_t0.imec0.ap.bin,91632671130,ap,AB_0012,2021-10-19,1,False,0,False,True,385,30000.0,3966.7823,
Y,\\sahale.biostr.washington.edu\data\Subjects\AB_0012\2021-10-20\1\p0_g0\p0_g0_t0.imec0.ap.bin,91748449870,ap,AB_0012,2021-10-20,1,False,0,False,True,385,30000.0,3971.7943666666665,
Y,\\sahale.biostr.washington.edu\data\Subjects\AB_0012\2021-10-21\1\p0_g0\p0_g0_t0.imec0.ap.bin,92296659840,ap,AB_0012,2021-10-21,1,False,0,False,True,385,30000.0,3995.5264,
Y,\\sahale.biostr.washington.edu\data\Subjects\AB_0012\2021-10-21\1\p0_g0\p0_g0_t0.imec0.lf.bin,7691389090,lf,AB_0012,2021-10-21,1,False,0,False,True,385,2500.0,3995.5268,
Y,\\sahale.biostr.washington.edu\data\Subjects\AB_0012\2021-10-21\1\p1_g0\p1_g0_t0.imec1.ap.bin,92295389340,ap,AB_0012,2021-10-21,1,False,0,False,True,385,30000.0,3995.4714,
Y,\\sahale.biostr.washington.edu\data\Subjects\AB_0012\2021-10-22\1\p0_g0\p0_g0_t0.imec0.ap.bin,91374765020,ap,AB_0012,2021-10-22,1,False,0,False,True,385,30000.0,3955.6175333333335,
Y,\\sahale.biostr.washington.edu\data\Subjects\AB_0012\2021-10-25\1\p0_g0\p0_g0_t0.imec0.ap.bin,92802217970,ap,AB_0012,2021-10-25,1,False,0,False,True,385,30000.0,4017.4120333333335,
Y,\\sahale.biostr.washington.edu\data\Subjects\AB_0012\2021-10-25\1\p0_g0\p0_g0_t0.imec0.lf.bin,7733518870,lf,AB_0012,2021-10-25,1,False,0,False,True,385,2500.0,4017.4124,
Y,\\sahale.biostr.washington.edu\data\Subjects\AB_0012\2021-10-26\1\p0_g0\p0_g0_t0.imec0.ap.bin,91854711410,ap,AB_0012,2021-10-26,1,False,0,False,True,385,30000.0,3976.3944333333334,
Y,\\sahale.biostr.washington.edu\data\Subjects\AB_0012\2021-10-27\1\p0_g0\p0_g0_t0.imec0.ap.bin,93228884980,ap,AB_0012,2021-10-27,1,False,0,False,True,385,30000.0,4035.8824666666665,
Y,\\sahale.biostr.washington.edu\data\Subjects\AB_0012\2021-10-28\1\p0_g0\p0_g0_t0.imec0.ap.bin,91898646070,ap,AB_0012,2021-10-28,1,False,0,False,True,385,30000.0,3978.2963666666665,
Y,\\sahale.biostr.washington.edu\data\Subjects\AL_0028\2024-04-17\1\p0_g0_t0.imec0\p0_g0_t0.imec0.ap.bin,100241301160,ap,AL_0028,2024-04-17,1,False,0,False,True,385,30000.0,4339.450266666667,
Y,\\sahale.biostr.washington.edu\data\Subjects\AL_0028\2024-04-17\1\p0_g0_t0.imec1\p0_g0_t0.imec1.ap.bin,100239861260,ap,AL_0028,2024-04-17,1,False,0,False,True,385,30000.0,4339.387933333333,
Y,\\sahale.biostr.washington.edu\data\Subjects\AL_0028\2024-04-18\1\p0_g0_t0.imec0\p0_g0_t0.imec0.ap.bin,88240115040,ap,AL_0028,2024-04-18,1,False,0,False,True,385,30000.0,3819.9184,
Y,\\sahale.biostr.washington.edu\data\Subjects\AL_0028\2024-04-18\1\p0_g0_t0.imec1\p0_g0_t0.imec1.ap.bin,88238235470,ap,AL_0028,2024-04-18,1,False,0,False,True,385,30000.0,3819.8370333333332,
Y,\\sahale.biostr.washington.edu\data\Subjects\AL_0028\2024-04-22\1\p0_g0_t0.imec0\p0_g0_t0.imec0.ap.bin,82381088790,ap,AL_0028,2024-04-22,1,False,0,False,True,385,30000.0,3566.2809,
Y,\\sahale.biostr.washington.edu\data\Subjects\AL_0028\2024-04-22\1\p0_g0_t0.imec1\p0_g0_t0.imec1.ap.bin,82379705100,ap,AL_0028,2024-04-22,1,False,0,False,True,385,30000.0,3566.221,
Y,\\sahale.biostr.washington.edu\data\Subjects\test\2024-08-28\10\p1_g0\p1_g0_t0.imec0.ap.bin,11075165640,ap,test,2024-08-28,10,False,0,False,True,385,30000.0,479.4444,
Y,\\sahale.biostr.washington.edu\data\Subjects\test\2024-08-28\10\p1_g0\p1_g0_t0.imec0.lf.bin,922930470,lf,test,2024-08-28,10,False,0,False,True,385,2500.0,479.4444,
Y,\\sahale.biostr.washington.edu\data\Subjects\test\2024-08-28\13\p2_g0\p2_g0_t0.imec0.ap.bin,9247798560,ap,test,2024-08-28,13,False,0,False,True,385,30000.0,400.3376,
Y,\\sahale.biostr.washington.edu\data\Subjects\test\2024-08-28\13\p2_g0\p2_g0_t0.imec0.lf.bin,770649880,lf,test,2024-08-28,13,False,0,False,True,385,2500.0,400.3376,
Y,\\sahale.biostr.washington.edu\data\Subjects\test\2024-08-28\16\p3_g0\p3_g0_t0.imec0.ap.bin,10332306600,ap,test,2024-08-28,16,False,0,False,True,385,30000.0,447.286,
Y,\\sahale.biostr.washington.edu\data\Subjects\test\2024-08-28\16\p3_g0\p3_g0_t0.imec0.lf.bin,861025550,lf,test,2024-08-28,16,False,0,False,True,385,2500.0,447.286,
Y,\\sahale.biostr.washington.edu\data\Subjects\test\2024-08-28\19\p4_g0\p4_g0_t0.imec0.ap.bin,11650032240,ap,test,2024-08-28,19,False,0,False,True,385,30000.0,504.3304,
Y,\\sahale.biostr.washington.edu\data\Subjects\test\2024-08-28\19\p4_g0\p4_g0_t0.imec0.lf.bin,970836020,lf,test,2024-08-28,19,False,0,False,True,385,2500.0,504.3304,
Y,\\sahale.biostr.washington.edu\data\Subjects\test\2024-08-28\22\p5_g0\p5_g0_t0.imec0.ap.bin,9462250490,ap,test,2024-08-28,22,False,0,False,True,385,30000.0,409.62123333333335,
Y,\\sahale.biostr.washington.edu\data\Subjects\test\2024-08-28\22\p5_g0\p5_g0_t0.imec0.lf.bin,788521580,lf,test,2024-08-28,22,False,0,False,True,385,2500.0,409.6216,
Y,\\sahale.biostr.washington.edu\data\Subjects\test\2024-08-28\4\p0_g0\p0_g0_t0.imec0.ap.bin,17666676720,ap,test,2024-08-28,4,False,0,False,True,385,30000.0,764.7912,
Y,\\sahale.biostr.washington.edu\data\Subjects\test\2024-08-28\4\p0_g0\p0_g0_t0.imec0.lf.bin,1472223060,lf,test,2024-08-28,4,False,0,False,True,385,2500.0,764.7912,
Y,\\sahale.biostr.washington.edu\data\Subjects\SM_0011\2022-08-17\1\p0_g0_imec0\p0_g0_t0.imec0.ap.bin,134855495390,ap,SM_0011,2022-08-17,1,False,0,False,True,385,30000.0,5837.900233333334,
Y,\\sahale.biostr.washington.edu\data\Subjects\SM_0011\2022-08-17\1\p0_g0_imec0\p0_g0_t0.imec0.lf.bin,11232375000,lf,SM_0011,2022-08-17,1,False,0,False,False,0,0.0,0.0,
Y,\\sahale.biostr.washington.edu\data\Subjects\SM_0011\2022-08-18\1\p0_g0_imec0\p0_g0_t0.imec0.ap.bin,136410909250,ap,SM_0011,2022-08-18,1,False,0,False,True,385,30000.0,5905.234166666667,
Y,\\sahale.biostr.washington.edu\data\Subjects\SM_0011\2022-08-18\1\p0_g0_imec0\p0_g0_t0.imec0.lf.bin,11367125000,lf,SM_0011,2022-08-18,1,False,0,False,False,0,0.0,0.0,
Y,\\sahale.biostr.washington.edu\data\Subjects\SM_0011\2022-09-03\1\p0_g0_imec0\p0_g0_t0.imec0.ap.bin,136940327370,ap,SM_0011,2022-09-03,1,False,0,False,True,385,30000.0,5928.1527,
Y,\\sahale.biostr.washington.edu\data\Subjects\AL_0010\2022-02-25\1\p0_g0_t0.imec0\p0_g0_t0.imec0.ap.bin,86456206760,ap,AL_0010,2022-02-25,1,False,0,False,True,385,30000.0,3742.6929333333333,
Y,\\sahale.biostr.washington.edu\data\Subjects\AL_0010\2022-02-25\1\p0_g0_t0.imec1\p0_g0_t0.imec1.ap.bin,86456423130,ap,AL_0010,2022-02-25,1,False,0,False,True,385,30000.0,3742.7023,
Y,\\sahale.biostr.washington.edu\data\Subjects\AB_0020\2022-05-18\1\p0_g0\p0_g0_t0.imec0.ap.bin,92195575010,ap,AB_0020,2022-05-18,1,False,0,False,True,385,30000.0,3991.1504333333332,
Y,\\sahale.biostr.washington.edu\data\Subjects\AB_0020\2022-05-18\1\p0_g0\p0_g0_t0.imec0.lf.bin,7682965290,lf,AB_0020,2022-05-18,1,False,0,False,True,385,2500.0,3991.1508,
Y,\\sahale.biostr.washington.edu\data\Subjects\AB_0020\2022-05-19\1\p0_g0\p0_g0_t0.imec0.ap.bin,92970551520,ap,AB_0020,2022-05-19,1,False,0,False,True,385,30000.0,4024.6992,
Y,\\sahale.biostr.washington.edu\data\Subjects\AB_0020\2022-05-19\1\p0_g0\p0_g0_t0.imec0.lf.bin,7747545960,lf,AB_0020,2022-05-19,1,False,0,False,True,385,2500.0,4024.6992,
Y,\\sahale.biostr.washington.edu\data\Subjects\AB_0020\2022-05-20\1\p0_g0\p0_g0_t0.imec0.ap.bin,80356426920,ap,AB_0020,2022-05-20,1,False,0,False,True,385,30000.0,3478.6332,
Y,\\sahale.biostr.washington.edu\data\Subjects\AB_0020\2022-05-20\1\p0_g0\p0_g0_t0.imec0.lf.bin,6696368910,lf,AB_0020,2022-05-20,1,False,0,False,True,385,2500.0,3478.6332,
Y,\\sahale.biostr.washington.edu\data\Subjects\AB_0020\2022-05-23\1\p0_g0\p0_g0_t0.imec0.ap.bin,80369317490,ap,AB_0020,2022-05-23,1,False,0,False,True,385,30000.0,3479.1912333333335,
Y,\\sahale.biostr.washington.edu\data\Subjects\AB_0020\2022-05-23\1\p0_g0\p0_g0_t0.imec0.lf.bin,6697443830,lf,AB_0020,2022-05-23,1,False,0,False,True,385,2500.0,3479.1916,
Y,\\sahale.biostr.washington.edu\data\Subjects\AB_0020\2022-05-27\1\p0_g0\p0_g0_t0.imec0.ap.bin,89330518200,ap,AB_0020,2022-05-27,1,False,0,False,True,385,30000.0,3867.122,
Y,\\sahale.biostr.washington.edu\data\Subjects\AB_0020\2022-05-27\1\p0_g0\p0_g0_t0.imec0.lf.bin,7444209850,lf,AB_0020,2022-05-27,1,False,0,False,True,385,2500.0,3867.122,
Y,\\sahale.biostr.washington.edu\data\Subjects\AB_0020\2022-05-31\1\p0_g0\p0_g0_t0.imec0.ap.bin,92765516690,ap,AB_0020,2022-05-31,1,False,0,False,True,385,30000.0,4015.8232333333335,
Y,\\sahale.biostr.washington.edu\data\Subjects\AB_0020\2022-05-31\1\p0_g0\p0_g0_t0.imec0.lf.bin,7730460430,lf,AB_0020,2022-05-31,1,False,0,False,True,385,2500.0,4015.8236,
Y,\\sahale.biostr.washington.edu\data\Subjects\AB_0020\2022-06-01\1\p0_g0\p0_g0_t0.imec0.ap.bin,91890266160,ap,AB_0020,2022-06-01,1,False,0,False,True,385,30000.0,3977.9336,
Y,\\sahale.biostr.washington.edu\data\Subjects\AB_0020\2022-06-01\1\p0_g0\p0_g0_t0.imec0.lf.bin,7657522180,lf,AB_0020,2022-06-01,1,False,0,False,True,385,2500.0,3977.9336,
Y,\\sahale.biostr.washington.edu\data\Subjects\AB_0020\2022-06-02\1\p0_g0\p0_g0_t0.imec0.ap.bin,91544874960,ap,AB_0020,2022-06-02,1,False,0,False,True,385,30000.0,3962.9816,
Y,\\sahale.biostr.washington.edu\data\Subjects\AB_0020\2022-06-02\1\p0_g0\p0_g0_t0.imec0.lf.bin,7628739580,lf,AB_0020,2022-06-02,1,False,0,False,True,385,2500.0,3962.9816,
Y,\\sahale.biostr.washington.edu\data\Subjects\AB_0020\2022-06-03\1\p0_g0\p0_g0_t0.imec0.ap.bin,92111767440,ap,AB_0020,2022-06-03,1,False,0,False,True,385,30000.0,3987.5224,
Y,\\sahale.biostr.washington.edu\data\Subjects\AB_0020\2022-06-03\1\p0_g0\p0_g0_t0.imec0.lf.bin,7675980620,lf,AB_0020,2022-06-03,1,False,0,False,True,385,2500.0,3987.5224,
Y,\\sahale.biostr.washington.edu\data\Subjects\AB_0020\2022-06-06\1\p0_g0\p0_g0_t0.imec0.ap.bin,93249165240,ap,AB_0020,2022-06-06,1,False,0,False,True,385,30000.0,4036.7604,
Y,\\sahale.biostr.washington.edu\data\Subjects\AB_0020\2022-06-06\1\p0_g0\p0_g0_t0.imec0.lf.bin,7770763770,lf,AB_0020,2022-06-06,1,False,0,False,True,385,2500.0,4036.7604,
Y,\\sahale.biostr.washington.edu\data\Subjects\AB_0020\2022-06-07\1\p0_g0\p0_g0_t0.imec0.ap.bin,94174227840,ap,AB_0020,2022-06-07,1,False,0,False,True,385,30000.0,4076.8064,
Y,\\sahale.biostr.washington.edu\data\Subjects\AB_0020\2022-06-07\1\p0_g0\p0_g0_t0.imec0.lf.bin,7847852320,lf,AB_0020,2022-06-07,1,False,0,False,True,385,2500.0,4076.8064,
Y,\\sahale.biostr.washington.edu\data\Subjects\AB_0020\2022-06-08\1\p0_g0\p0_g0_t0.imec0.ap.bin,91448521010,ap,AB_0020,2022-06-08,1,False,0,False,True,385,30000.0,3958.8104333333335,
Y,\\sahale.biostr.washington.edu\data\Subjects\AB_0020\2022-06-08\1\p0_g0\p0_g0_t0.imec0.lf.bin,7620710790,lf,AB_0020,2022-06-08,1,False,0,False,True,385,2500.0,3958.8108,
Y,\\sahale.biostr.washington.edu\data\Subjects\FD_005\2026-02-05\1\p0_g0_imec0\p0_g0_t0.imec0.ap.bin,33115474700,ap,FD_005,2026-02-05,1,False,0,False,True,385,30000.0,1433.5703333333333,
Y,\\sahale.biostr.washington.edu\data\Subjects\LK_0008\2021-08-12\1\p0_g0\p0_g0_t0.imec0.ap.bin,77170096080,ap,LK_0008,2021-08-12,1,False,0,False,True,385,30000.0,3340.6968,
Y,\\sahale.biostr.washington.edu\data\Subjects\AB_0015\2022-01-31\1\p0_g0\p0_g0_t0.imec0.ap.bin,68579606480,ap,AB_0015,2022-01-31,1,False,0,False,True,385,30000.0,2968.8141333333333,
Y,\\sahale.biostr.washington.edu\data\Subjects\AB_0015\2022-02-01\1\p0_g0\p0_g0_t0.imec0.ap.bin,69676785640,ap,AB_0015,2022-02-01,1,False,0,False,True,385,30000.0,3016.3110666666666,
Y,\\sahale.biostr.washington.edu\data\Subjects\AB_0015\2022-02-02\1\p0_g0\p0_g0_t0.imec0.ap.bin,68762827210,ap,AB_0015,2022-02-02,1,False,0,False,True,385,30000.0,2976.7457666666664,
Y,\\sahale.biostr.washington.edu\data\Subjects\AB_0015\2022-02-03\1\p0_g0\p0_g0_t0.imec0.ap.bin,67465860000,ap,AB_0015,2022-02-03,1,False,0,False,True,385,30000.0,2920.6,
Y,\\sahale.biostr.washington.edu\data\Subjects\AB_0015\2022-02-03\1\p1_g0\p1_g0_t0.imec0.ap.bin,67466349720,ap,AB_0015,2022-02-03,1,False,0,False,True,385,30000.0,2920.6212,
Y,\\sahale.biostr.washington.edu\data\Subjects\AB_0015\2022-02-04\1\p0_g0\p0_g0_t0.imec0.ap.bin,69037446940,ap,AB_0015,2022-02-04,1,False,0,False,True,385,30000.0,2988.6340666666665,
Y,\\sahale.biostr.washington.edu\data\Subjects\AB_0015\2022-02-04\1\p1_g0\p1_g0_t0.imec0.ap.bin,69037968230,ap,AB_0015,2022-02-04,1,False,0,False,True,385,30000.0,2988.6566333333335,
Y,\\sahale.biostr.washington.edu\data\Subjects\AB_0015\2022-02-07\1\p0_g0\p0_g0_t0.imec0.ap.bin,68799831100,ap,AB_0015,2022-02-07,1,False,0,False,True,385,30000.0,2978.3476666666666,
Y,\\sahale.biostr.washington.edu\data\Subjects\AB_0015\2022-02-08\1\p0_g0\p0_g0_t0.imec0.ap.bin,67941276480,ap,AB_0015,2022-02-08,1,False,0,False,True,385,30000.0,2941.1808,
Y,\\sahale.biostr.washington.edu\data\Subjects\AB_0015\2022-02-08\1\p0_g0\p0_g0_t0.imec0.lf.bin,5661773040,lf,AB_0015,2022-02-08,1,False,0,False,True,385,2500.0,2941.1808,
Y,\\sahale.biostr.washington.edu\data\Subjects\AB_0015\2022-02-09\1\p0_g0\p0_g0_t0.imec0.ap.bin,68640753720,ap,AB_0015,2022-02-09,1,False,0,False,True,385,30000.0,2971.4612,
Y,\\sahale.biostr.washington.edu\data\Subjects\AB_0015\2022-02-09\1\p0_g0\p0_g0_t0.imec0.lf.bin,5720062810,lf,AB_0015,2022-02-09,1,False,0,False,True,385,2500.0,2971.4612,
Y,\\sahale.biostr.washington.edu\data\Subjects\AL_artifactTest\2022-08-12\p0_g0\p0_g0_imec0\p0_g0_t0.imec0.ap.bin,952081130,ap,AL_artifactTest,2022-08-12,p0_g0,False,0,False,True,385,30000.0,41.21563333333334,
Y,\\sahale.biostr.washington.edu\data\Subjects\AL_artifactTest\2022-08-12\p1_g0\p1_g0_imec0\p1_g0_t0.imec0.ap.bin,1146688620,ap,AL_artifactTest,2022-08-12,p1_g0,False,0,False,True,385,30000.0,49.6402,
Y,\\sahale.biostr.washington.edu\data\Subjects\AL_artifactTest\2022-08-12\p2_g0\p2_g0_imec0\p2_g0_t0.imec0.ap.bin,1301982220,ap,AL_artifactTest,2022-08-12,p2_g0,False,0,False,True,385,30000.0,56.36286666666667,
Y,\\sahale.biostr.washington.edu\data\Subjects\AL_artifactTest\2022-08-12\p2_g1\p2_g1_imec0\p2_g1_t0.imec0.ap.bin,1840991460,ap,AL_artifactTest,2022-08-12,p2_g1,False,0,False,True,385,30000.0,79.6966,
Y,\\sahale.biostr.washington.edu\data\Subjects\FD_011\2026-02-25\1\p0_g0_imec0\p0_g0_t0.imec0.ap.bin,82259281720,ap,FD_011,2026-02-25,1,False,0,False,True,385,30000.0,3561.007866666667,
Y,\\sahale.biostr.washington.edu\data\Subjects\FD_011\2026-02-28\1\p0_g0_imec0\p0_g0_t0.imec0.ap.bin,79832123140,ap,FD_011,2026-02-28,1,False,0,False,True,385,30000.0,3455.9360666666666,
Y,\\sahale.biostr.washington.edu\data\Subjects\FD_011\2026-03-02\2\p0_g0_imec0\p0_g0_t0.imec0.ap.bin,76318384450,ap,FD_011,2026-03-02,2,False,0,False,True,385,30000.0,3303.8261666666667,
Y,\\sahale.biostr.washington.edu\data\Subjects\FD_011\2026-03-03\1\p0_g0_imec0\p0_g0_t0.imec0.ap.bin,76487047560,ap,FD_011,2026-03-03,1,False,0,False,True,385,30000.0,3311.1276,
Y,\\sahale.biostr.washington.edu\data\Subjects\FD_011\2026-04-06\1\p0_g0_imec0\p0_g0_t0.imec0.ap.bin,64965248040,ap,FD_011,2026-04-06,1,False,0,False,True,385,30000.0,2812.3484,
Y,\\sahale.biostr.washington.edu\data\Subjects\FD_011\2026-04-09\2\p0_g0_imec0\p0_g0_t0.imec0.ap.bin,40203046730,ap,FD_011,2026-04-09,2,False,0,False,True,385,30000.0,1740.3916333333334,
Y,\\sahale.biostr.washington.edu\data\Subjects\FD_011\2026-04-13\1\p0_g0_imec0\p0_g0_t0.imec0.ap.bin,65720818240,ap,FD_011,2026-04-13,1,False,0,False,True,385,30000.0,2845.0570666666667,
Y,\\sahale.biostr.washington.edu\data\Subjects\FD_011\2026-04-14\2\p0_g0_imec0\p0_g0_t0.imec0.ap.bin,71956870370,ap,FD_011,2026-04-14,2,False,0,False,True,385,30000.0,3115.0160333333333,
Y,\\sahale.biostr.washington.edu\data\Subjects\FD_011\2026-05-23\1\p0_g0_imec0\p0_g0_t0.imec0.ap.bin,53711483210,ap,FD_011,2026-05-23,1,False,0,False,True,385,30000.0,2325.172433333333,
Y,\\sahale.biostr.washington.edu\data\Subjects\FD_011\2026-05-25\1\p0_g0_imec0\p0_g0_t0.imec0.ap.bin,53693467520,ap,FD_011,2026-05-25,1,False,0,False,True,385,30000.0,2324.392533333333,
Y,\\sahale.biostr.washington.edu\data\Subjects\FD_011\2026-07-16\1\p0_g0_imec0\p0_g0_t0.imec0.ap.bin,28913333680,ap,FD_011,2026-07-16,1,False,0,False,True,385,30000.0,1251.6594666666667,
Y,\\sahale.biostr.washington.edu\data\Subjects\AB_0043\2025-01-20\1\p0_g0\p0_g0_t0.imec0.ap.bin,91460286610,ap,AB_0043,2025-01-20,1,False,0,False,True,385,30000.0,3959.3197666666665,
Y,\\sahale.biostr.washington.edu\data\Subjects\AB_0043\2025-01-20\1\p1_g0\p1_g0_t0.imec0.ap.bin,91461169800,ap,AB_0043,2025-01-20,1,False,0,False,True,385,30000.0,3959.358,
Y,\\sahale.biostr.washington.edu\data\Subjects\AB_0043\2025-01-21\1\p0_g0\p0_g0_t0.imec0.ap.bin,93520596400,ap,AB_0043,2025-01-21,1,False,0,False,True,385,30000.0,4048.5106666666666,
Y,\\sahale.biostr.washington.edu\data\Subjects\AB_0043\2025-01-21\1\p1_g0\p1_g0_t0.imec0.ap.bin,93521610490,ap,AB_0043,2025-01-21,1,False,0,False,True,385,30000.0,4048.5545666666667,
Y,\\sahale.biostr.washington.edu\data\Subjects\AB_0043\2025-01-22\1\p0_g0\p0_g0_t0.imec0.ap.bin,68478595570,ap,AB_0043,2025-01-22,1,False,0,False,True,385,30000.0,2964.4413666666665,
Y,\\sahale.biostr.washington.edu\data\Subjects\AB_0043\2025-01-22\1\p1_g0\p1_g0_t0.imec0.ap.bin,68479152280,ap,AB_0043,2025-01-22,1,False,0,False,True,385,30000.0,2964.4654666666665,
Y,\\sahale.biostr.washington.edu\data\Subjects\AB_0043\2025-01-22\1\p1_g0\p1_g0_t0.imec0.lf.bin,5706596280,lf,AB_0043,2025-01-22,1,False,0,False,True,385,2500.0,2964.4656,
Y,\\sahale.biostr.washington.edu\data\Subjects\AB_0043\2025-01-23\1\p0_g0\p0_g0_t0.imec0.ap.bin,89932082240,ap,AB_0043,2025-01-23,1,False,0,False,True,385,30000.0,3893.1637333333333,
Y,\\sahale.biostr.washington.edu\data\Subjects\AB_0043\2025-01-23\1\p1_g0\p1_g0_t0.imec0.ap.bin,89933018560,ap,AB_0043,2025-01-23,1,False,0,False,True,385,30000.0,3893.2042666666666,
Y,\\sahale.biostr.washington.edu\data\Subjects\AB_0043\2025-01-24\1\p0_g0\p0_g0_t0.imec0.ap.bin,93498302590,ap,AB_0043,2025-01-24,1,False,0,False,True,385,30000.0,4047.5455666666667,
Y,\\sahale.biostr.washington.edu\data\Subjects\AB_0043\2025-01-24\1\p1_g0\p1_g0_t0.imec0.ap.bin,93498937840,ap,AB_0043,2025-01-24,1,False,0,False,True,385,30000.0,4047.573066666667,
Y,\\sahale.biostr.washington.edu\data\Subjects\AB_0043\2025-01-24\1\p1_g0\p1_g0_t0.imec0.lf.bin,7791578410,lf,AB_0043,2025-01-24,1,False,0,False,True,385,2500.0,4047.5732,
Y,\\sahale.biostr.washington.edu\data\Subjects\AB_0043\2025-01-26\1\p0_g0\p0_g0_t0.imec0.ap.bin,91465651200,ap,AB_0043,2025-01-26,1,False,0,False,True,385,30000.0,3959.552,
Y,\\sahale.biostr.washington.edu\data\Subjects\AB_0043\2025-01-26\1\p0_g0\p0_g0_t0.imec0.lf.bin,7622137600,lf,AB_0043,2025-01-26,1,False,0,False,True,385,2500.0,3959.552,
Y,\\sahale.biostr.washington.edu\data\Subjects\AB_0043\2025-01-26\1\p1_g0\p1_g0_t0.imec0.ap.bin,91465946880,ap,AB_0043,2025-01-26,1,False,0,False,True,385,30000.0,3959.5648,
Y,\\sahale.biostr.washington.edu\data\Subjects\AB_0043\2025-01-26\1\p1_g0\p1_g0_t0.imec0.lf.bin,7622162240,lf,AB_0043,2025-01-26,1,False,0,False,True,385,2500.0,3959.5648,
Y,\\sahale.biostr.washington.edu\data\Subjects\AB_0043\2025-01-27\1\p0_g0\p0_g0_t0.imec0.ap.bin,87890362560,ap,AB_0043,2025-01-27,1,False,0,False,True,385,30000.0,3804.7776,
Y,\\sahale.biostr.washington.edu\data\Subjects\AB_0043\2025-01-27\1\p0_g0\p0_g0_t0.imec0.lf.bin,7324196880,lf,AB_0043,2025-01-27,1,False,0,False,True,385,2500.0,3804.7776,
Y,\\sahale.biostr.washington.edu\data\Subjects\AB_0043\2025-01-27\1\p1_g0\p1_g0_t0.imec0.ap.bin,87890658240,ap,AB_0043,2025-01-27,1,False,0,False,True,385,30000.0,3804.7904,
Y,\\sahale.biostr.washington.edu\data\Subjects\AB_0043\2025-01-27\1\p1_g0\p1_g0_t0.imec0.lf.bin,7324221520,lf,AB_0043,2025-01-27,1,False,0,False,True,385,2500.0,3804.7904,
Y,\\sahale.biostr.washington.edu\data\Subjects\AB_0043\2025-01-28\1\p0_g0\p0_g0_t0.imec0.ap.bin,96081225240,ap,AB_0043,2025-01-28,1,False,0,False,True,385,30000.0,4159.3604,
Y,\\sahale.biostr.washington.edu\data\Subjects\AB_0043\2025-01-28\1\p1_g0\p1_g0_t0.imec0.ap.bin,96082796810,ap,AB_0043,2025-01-28,1,False,0,False,True,385,30000.0,4159.4284333333335,
Y,\\sahale.biostr.washington.edu\data\Subjects\AB_0043\2025-01-29\1\p0_g0\p0_g0_t0.imec0.ap.bin,75468122730,ap,AB_0043,2025-01-29,1,False,0,False,True,385,30000.0,3267.0183,
Y,\\sahale.biostr.washington.edu\data\Subjects\AB_0043\2025-01-29\1\p1_g0\p1_g0_t0.imec0.ap.bin,75466499570,ap,AB_0043,2025-01-29,1,False,0,False,True,385,30000.0,3266.948033333333,
Y,\\sahale.biostr.washington.edu\data\Subjects\AB_0043\2025-01-29\1\p1_g0\p1_g0_t0.imec0.lf.bin,6289848950,lf,AB_0043,2025-01-29,1,False,0,False,True,385,2500.0,3267.454,
Y,\\sahale.biostr.washington.edu\data\Subjects\AB_0034\2024-01-16\2\p0_g0\p0_g0_t0.imec0.ap.bin,102287731700,ap,AB_0034,2024-01-16,2,False,0,False,True,385,30000.0,4428.040333333333,
Y,\\sahale.biostr.washington.edu\data\Subjects\AB_0034\2024-01-17\1\p0_g0\p0_g0_t0.imec0.ap.bin,99582787920,ap,AB_0034,2024-01-17,1,False,0,False,True,385,30000.0,4310.9432,
Y,\\sahale.biostr.washington.edu\data\Subjects\AB_0034\2024-01-17\1\p0_g0\p0_g0_t0.imec0.lf.bin,8298565660,lf,AB_0034,2024-01-17,1,False,0,False,True,385,2500.0,4310.9432,
Y,\\sahale.biostr.washington.edu\data\Subjects\AB_0034\2024-01-17\1\p1_g0\p1_g0_t0.imec0.ap.bin,99582861840,ap,AB_0034,2024-01-17,1,False,0,False,True,385,30000.0,4310.9464,
Y,\\sahale.biostr.washington.edu\data\Subjects\AB_0034\2024-01-17\1\p1_g0\p1_g0_t0.imec0.lf.bin,8298571820,lf,AB_0034,2024-01-17,1,False,0,False,True,385,2500.0,4310.9464,
Y,\\sahale.biostr.washington.edu\data\Subjects\AB_0034\2024-01-17\1\p2_g0\p2_g0_t0.imec0.ap.bin,99583206030,ap,AB_0034,2024-01-17,1,False,0,False,True,385,30000.0,4310.9613,
Y,\\sahale.biostr.washington.edu\data\Subjects\AB_0034\2024-01-18\1\p0_g0\p0_g0_t0.imec0.ap.bin,104369117160,ap,AB_0034,2024-01-18,1,False,0,False,True,385,30000.0,4518.1436,
Y,\\sahale.biostr.washington.edu\data\Subjects\AB_0034\2024-01-18\1\p0_g0\p0_g0_t0.imec0.lf.bin,8697426430,lf,AB_0034,2024-01-18,1,False,0,False,True,385,2500.0,4518.1436,
Y,\\sahale.biostr.washington.edu\data\Subjects\AB_0034\2024-01-18\1\p1_g0\p1_g0_t0.imec0.ap.bin,104369163360,ap,AB_0034,2024-01-18,1,False,0,False,True,385,30000.0,4518.1456,
Y,\\sahale.biostr.washington.edu\data\Subjects\AB_0034\2024-01-18\1\p1_g0\p1_g0_t0.imec0.lf.bin,8697430280,lf,AB_0034,2024-01-18,1,False,0,False,True,385,2500.0,4518.1456,
Y,\\sahale.biostr.washington.edu\data\Subjects\AB_0034\2024-01-18\1\p2_g0\p2_g0_t0.imec0.ap.bin,104369077890,ap,AB_0034,2024-01-18,1,False,0,False,True,385,30000.0,4518.1419,
Y,\\sahale.biostr.washington.edu\data\Subjects\AB_0034\2024-01-19\1\p0_g0\p0_g0_t0.imec0.ap.bin,85916513760,ap,AB_0034,2024-01-19,1,False,0,False,True,385,30000.0,3719.3296,
Y,\\sahale.biostr.washington.edu\data\Subjects\AB_0034\2024-01-19\1\p0_g0\p0_g0_t0.imec0.lf.bin,7159709480,lf,AB_0034,2024-01-19,1,False,0,False,True,385,2500.0,3719.3296,
Y,\\sahale.biostr.washington.edu\data\Subjects\AB_0034\2024-01-19\1\p1_g0\p1_g0_t0.imec0.ap.bin,85916751690,ap,AB_0034,2024-01-19,1,False,0,False,True,385,30000.0,3719.3399,
Y,\\sahale.biostr.washington.edu\data\Subjects\AB_0006\2021-06-30\1\p0_g0\p0_g0_t0.imec0.ap.bin,102775893220,ap,AB_0006,2021-06-30,1,False,0,False,True,385,30000.0,4449.172866666667,
Y,\\sahale.biostr.washington.edu\data\Subjects\AB_0006\2021-07-01\1\p0_g0\p0_g0_t0.imec0.ap.bin,92264445350,ap,AB_0006,2021-07-01,1,False,0,False,True,385,30000.0,3994.1318333333334,
Y,\\sahale.biostr.washington.edu\data\Subjects\AB_0006\2021-07-02\1\p0_g0\p0_g0_t0.imec0.ap.bin,91404598670,ap,AB_0006,2021-07-02,1,False,0,False,True,385,30000.0,3956.9090333333334,
Y,\\sahale.biostr.washington.edu\data\Subjects\AB_0006\2021-07-06\1\p0_g0\p0_g0_t0.imec0.ap.bin,93922619560,ap,AB_0006,2021-07-06,1,False,0,False,True,385,30000.0,4065.9142666666667,
Y,\\sahale.biostr.washington.edu\data\Subjects\AB_0006\2021-07-07\1\p0_g0\p0_g0_t0.imec0.ap.bin,74799215260,ap,AB_0006,2021-07-07,1,False,0,False,True,385,30000.0,3238.0612666666666,
Y,\\sahale.biostr.washington.edu\data\Subjects\AB_0006\2021-07-07\1\p1_g0\p1_g0_t0.imec1.ap.bin,74798525340,ap,AB_0006,2021-07-07,1,False,0,False,True,385,30000.0,3238.0314,
Y,\\sahale.biostr.washington.edu\data\Subjects\AB_0006\2021-07-08\1\p0_g0\p0_g0_t0.imec0.ap.bin,92254763370,ap,AB_0006,2021-07-08,1,False,0,False,True,385,30000.0,3993.7127,
Y,\\sahale.biostr.washington.edu\data\Subjects\AL_0041\2026-04-15\2\p1_g0_t0.imec0\p1_g0_t0.imec0.ap.bin,61635996730,ap,AL_0041,2026-04-15,2,False,0,False,True,385,30000.0,2668.2249666666667,
Y,\\sahale.biostr.washington.edu\data\Subjects\AL_0041\2026-04-16\1\p0_g0_t0.imec0\p0_g0_t0.imec0.ap.bin,90922782720,ap,AL_0041,2026-04-16,1,False,0,False,True,385,30000.0,3936.0512,
Y,\\sahale.biostr.washington.edu\data\Subjects\AL_0041\2026-04-22\1\p1_g0_t0.imec0\p1_g0_t0.imec0.ap.bin,12407872400,ap,AL_0041,2026-04-22,1,False,0,False,True,385,30000.0,537.1373333333333,
Y,\\sahale.biostr.washington.edu\data\Subjects\AL_0041\2026-04-22\3\p2_g0_t0.imec0\p2_g0_t0.imec0.ap.bin,56880735450,ap,AL_0041,2026-04-22,3,False,0,False,True,385,30000.0,2462.3695,
Y,\\sahale.biostr.washington.edu\data\Subjects\AL_0041\2026-04-23\1\p0_g0_t0.imec0\p0_g0_t0.imec0.ap.bin,27047802320,ap,AL_0041,2026-04-23,1,False,0,False,True,385,30000.0,1170.9005333333334,
Y,\\sahale.biostr.washington.edu\data\Subjects\AL_0041\2026-04-23\3\p0_g0_imec0\p0_g0_t0.imec0.ap.bin,56282343040,ap,AL_0041,2026-04-23,3,False,0,False,True,385,30000.0,2436.4650666666666,
Y,\\sahale.biostr.washington.edu\data\Subjects\AL_0041\2026-05-26\1\p0_g0_imec0\p0_g0_t0.imec0.ap.bin,130924473680,ap,AL_0041,2026-05-26,1,False,0,False,True,385,30000.0,5667.726133333334,
Y,\\sahale.biostr.washington.edu\data\Subjects\AL_0041\2026-05-27\1\p0_g0_imec0\p0_g0_t0.imec0.ap.bin,144185259680,ap,AL_0041,2026-05-27,1,False,0,False,True,385,30000.0,6241.786133333333,
Y,\\sahale.biostr.washington.edu\data\Subjects\AL_0036\2025-01-16\2\p0_g0_t0.imec0\p0_g0_t0.imec0.ap.bin,91733616590,ap,AL_0036,2025-01-16,2,False,0,False,True,385,30000.0,3971.1522333333332,
Y,\\sahale.biostr.washington.edu\data\Subjects\AL_0036\2025-01-16\5\p0_g0_t0.imec0\p0_g0_t0.imec0.ap.bin,27588071280,ap,AL_0036,2025-01-16,5,False,0,False,True,385,30000.0,1194.2888,
Y,\\sahale.biostr.washington.edu\data\Subjects\JRS_0025\2023-06-06\1\p0_g1\p0_g1_imec0\p0_g1_t0.imec0.ap.bin,124240059790,ap,JRS_0025,2023-06-06,1,False,0,False,True,385,30000.0,5378.357566666667,
Y,\\sahale.biostr.washington.edu\data\Subjects\JRS_0025\2023-06-07\1\p0_g0\p0_g0_imec0\p0_g0_t0.imec0.ap.bin,83587222950,ap,JRS_0025,2023-06-07,1,False,0,False,True,385,30000.0,3618.4945,
Y,\\sahale.biostr.washington.edu\data\Subjects\JRS_0025\2023-06-08\1\p0_g0\p0_g0_imec0\p0_g0_t0.imec0.ap.bin,135555859670,ap,JRS_0025,2023-06-08,1,False,0,False,True,385,30000.0,5868.219033333334,
Y,\\sahale.biostr.washington.edu\data\Subjects\JRS_0025\2023-06-08\1\p0_g0\p0_g0_imec1\p0_g0_t0.imec1.ap.bin,135556340150,ap,JRS_0025,2023-06-08,1,False,0,False,True,385,30000.0,5868.239833333333,
Y,\\sahale.biostr.washington.edu\data\Subjects\JRS_0025\2023-06-09\1\p1_g0\p1_g0_imec0\p1_g0_t0.imec0.ap.bin,133579956510,ap,JRS_0025,2023-06-09,1,False,0,False,True,385,30000.0,5782.6821,
Y,\\sahale.biostr.washington.edu\data\Subjects\JRS_0025\2023-06-09\1\p1_g0\p1_g0_imec1\p1_g0_t0.imec1.ap.bin,133579730130,ap,JRS_0025,2023-06-09,1,False,0,False,True,385,30000.0,5782.6723,
Y,\\sahale.biostr.washington.edu\data\Subjects\JRS_0025\2023-06-13\1\p0_g0\p0_g0_imec0\p0_g0_t0.imec0.ap.bin,62405973630,ap,JRS_0025,2023-06-13,1,False,0,False,True,385,30000.0,2701.5573,
Y,\\sahale.biostr.washington.edu\data\Subjects\JRS_0025\2023-06-15\1\p1_g0\p1_g0_imec0\p1_g0_t0.imec0.ap.bin,163134577760,ap,JRS_0025,2023-06-15,1,False,0,False,True,385,30000.0,7062.102933333334,
Y,\\sahale.biostr.washington.edu\data\Subjects\JRS_0025\2023-06-15\1\p1_g0\p1_g0_imec1\p1_g0_t0.imec1.ap.bin,163134372170,ap,JRS_0025,2023-06-15,1,False,0,False,True,385,30000.0,7062.094033333334,
Y,\\sahale.biostr.washington.edu\data\Subjects\JRS_0025\2023-06-16\1\p0_g0\p0_g0_imec0\p0_g0_t0.imec0.ap.bin,133443220680,ap,JRS_0025,2023-06-16,1,False,0,False,True,385,30000.0,5776.7628,
Y,\\sahale.biostr.washington.edu\data\Subjects\JRS_0025\2023-06-16\1\p0_g0\p0_g0_imec1\p0_g0_t0.imec1.ap.bin,133443339260,ap,JRS_0025,2023-06-16,1,False,0,False,True,385,30000.0,5776.7679333333335,
Y,\\sahale.biostr.washington.edu\data\Subjects\JRS_0025\2023-06-19\1\p0_g0\p0_g0_imec0\p0_g0_t0.imec0.ap.bin,142030681100,ap,JRS_0025,2023-06-19,1,False,0,False,True,385,30000.0,6148.5143333333335,
Y,\\sahale.biostr.washington.edu\data\Subjects\JRS_0025\2023-06-20\1\p0_g0\p0_g0_imec0\p0_g0_t0.imec0.ap.bin,83847686230,ap,JRS_0025,2023-06-20,1,False,0,False,True,385,30000.0,3629.7699666666667,
Y,\\sahale.biostr.washington.edu\data\Subjects\JRS_0025\2023-06-20\1\p0_g0\p0_g0_imec1\p0_g0_t0.imec1.ap.bin,83847318170,ap,JRS_0025,2023-06-20,1,False,0,False,True,385,30000.0,3629.754033333333,
Y,\\sahale.biostr.washington.edu\data\Subjects\JRS_0025\2023-06-21\1\p0_g0\p0_g0_imec0\p0_g0_t0.imec0.ap.bin,167748875140,ap,JRS_0025,2023-06-21,1,False,0,False,True,385,30000.0,7261.856066666666,
Y,\\sahale.biostr.washington.edu\data\Subjects\JRS_0025\2023-06-21\1\p0_g0\p0_g0_imec1\p0_g0_t0.imec1.ap.bin,167748167510,ap,JRS_0025,2023-06-21,1,False,0,False,True,385,30000.0,7261.825433333333,
Y,\\sahale.biostr.washington.edu\data\Subjects\ZYE_0057\2022-02-03\2\p1_g0\p1_g0_imec0\p1_g0_t0.imec0.ap.bin,93370384800,ap,ZYE_0057,2022-02-03,2,False,0,False,True,385,30000.0,4042.008,
Y,\\sahale.biostr.washington.edu\data\Subjects\ZYE_0057\2022-02-03\2\p1_g0\p1_g0_imec0\p1_g0_t0.imec0.lf.bin,7780865400,lf,ZYE_0057,2022-02-03,2,False,0,False,True,385,2500.0,4042.008,
Y,\\sahale.biostr.washington.edu\data\Subjects\ZYE_0057\2022-02-03\2\p1_g0\p1_g0_imec0\p1_g0_tcat.imec0.ap.bin,93370384800,ap,ZYE_0057,2022-02-03,2,False,0,False,True,385,30000.0,4042.008,
Y,\\sahale.biostr.washington.edu\data\Subjects\ZYE_0057\2022-02-03\2\p1_g0\p1_g0_imec1\p1_g0_t0.imec1.ap.bin,93369011120,ap,ZYE_0057,2022-02-03,2,False,0,False,True,385,30000.0,4041.948533333333,
Y,\\sahale.biostr.washington.edu\data\Subjects\ZYE_0057\2022-02-04\1\p0_g0\p0_g0_imec0\p0_g0_t0.imec0.ap.bin,93289591010,ap,ZYE_0057,2022-02-04,1,False,0,False,True,385,30000.0,4038.5104333333334,
Y,\\sahale.biostr.washington.edu\data\Subjects\ZYE_0057\2022-02-04\1\p0_g0\p0_g0_imec0\p0_g0_t0.imec0.lf.bin,7774133290,lf,ZYE_0057,2022-02-04,1,False,0,False,True,385,2500.0,4038.5108,
Y,\\sahale.biostr.washington.edu\data\Subjects\ZYE_0057\2022-02-04\1\p0_g0\p0_g0_imec0\p0_g0_tcat.imec0.ap.bin,93289591010,ap,ZYE_0057,2022-02-04,1,False,0,False,True,385,30000.0,4038.5104333333334,
Y,\\sahale.biostr.washington.edu\data\Subjects\ZYE_0057\2022-02-04\1\p0_g0\p0_g0_imec1\p0_g0_t0.imec1.ap.bin,93288312040,ap,ZYE_0057,2022-02-04,1,False,0,False,True,385,30000.0,4038.455066666667,
Y,\\sahale.biostr.washington.edu\data\Subjects\ZYE_0057\2022-02-07\4\p3_g0\p3_g0_imec0\p3_g0_t0.imec0.ap.bin,89467048440,ap,ZYE_0057,2022-02-07,4,False,0,False,True,385,30000.0,3873.0324,
Y,\\sahale.biostr.washington.edu\data\Subjects\ZYE_0057\2022-02-07\4\p3_g0\p3_g0_imec0\p3_g0_t0.imec0.lf.bin,7455587370,lf,ZYE_0057,2022-02-07,4,False,0,False,True,385,2500.0,3873.0324,
Y,\\sahale.biostr.washington.edu\data\Subjects\ZYE_0057\2022-02-07\4\p3_g0\p3_g0_imec0\p3_g0_tcat.imec0.ap.bin,89467048440,ap,ZYE_0057,2022-02-07,4,False,0,False,True,385,30000.0,3873.0324,
Y,\\sahale.biostr.washington.edu\data\Subjects\ZYE_0057\2022-02-07\4\p3_g0\p3_g0_imec1\p3_g0_t0.imec1.ap.bin,89469885120,ap,ZYE_0057,2022-02-07,4,False,0,False,True,385,30000.0,3873.1552,
Y,\\sahale.biostr.washington.edu\data\Subjects\ZYE_0057\2022-03-17\1\p0_g0\p0_g0_imec0\p0_g0_t0.imec0.ap.bin,14000771400,ap,ZYE_0057,2022-03-17,1,False,0,False,True,385,30000.0,606.094,
Y,\\sahale.biostr.washington.edu\data\Subjects\ZYE_0057\2022-03-17\1\p0_g0\p0_g0_imec0\p0_g0_t0.imec0.lf.bin,1166730950,lf,ZYE_0057,2022-03-17,1,False,0,False,True,385,2500.0,606.094,
Y,\\sahale.biostr.washington.edu\data\Subjects\ZYE_0057\2022-03-17\1\p1_g0\p1_g0_imec0\p1_g0_t0.imec0.ap.bin,7820819930,ap,ZYE_0057,2022-03-17,1,False,0,False,True,385,30000.0,338.5636333333333,
Y,\\sahale.biostr.washington.edu\data\Subjects\ZYE_0057\2022-03-17\1\p1_g0\p1_g0_imec0\p1_g0_t0.imec0.lf.bin,651735700,lf,ZYE_0057,2022-03-17,1,False,0,False,True,385,2500.0,338.564,
Y,\\sahale.biostr.washington.edu\data\Subjects\ZYE_0057\2022-03-17\1\p2_g0\p2_g0_imec0\p2_g0_t0.imec0.ap.bin,7969242050,ap,ZYE_0057,2022-03-17,1,False,0,False,True,385,30000.0,344.98883333333333,
Y,\\sahale.biostr.washington.edu\data\Subjects\ZYE_0057\2022-03-17\1\p2_g0\p2_g0_imec0\p2_g0_t0.imec0.lf.bin,664104210,lf,ZYE_0057,2022-03-17,1,False,0,False,True,385,2500.0,344.9892,
Y,\\sahale.biostr.washington.edu\data\Subjects\ZYE_0057\2022-03-17\1\p3_g0\p3_g0_imec0\p3_g0_t0.imec0.ap.bin,7207486440,ap,ZYE_0057,2022-03-17,1,False,0,False,True,385,30000.0,312.0124,
Y,\\sahale.biostr.washington.edu\data\Subjects\ZYE_0057\2022-03-17\1\p3_g0\p3_g0_imec0\p3_g0_t0.imec0.lf.bin,600623870,lf,ZYE_0057,2022-03-17,1,False,0,False,True,385,2500.0,312.0124,
Y,\\sahale.biostr.washington.edu\data\Subjects\ZYE_0057\2022-03-17\1\p4_g0\p4_g0_imec0\p4_g0_t0.imec0.ap.bin,7116962160,ap,ZYE_0057,2022-03-17,1,False,0,False,True,385,30000.0,308.0936,
Y,\\sahale.biostr.washington.edu\data\Subjects\ZYE_0057\2022-03-17\1\p4_g0\p4_g0_imec0\p4_g0_t0.imec0.lf.bin,593080180,lf,ZYE_0057,2022-03-17,1,False,0,False,True,385,2500.0,308.0936,
Y,\\sahale.biostr.washington.edu\data\Subjects\ZYE_0057\2022-03-17\1\p5_g0\p5_g0_imec0\p5_g0_t0.imec0.ap.bin,9027128880,ap,ZYE_0057,2022-03-17,1,False,0,False,True,385,30000.0,390.7848,
Y,\\sahale.biostr.washington.edu\data\Subjects\ZYE_0057\2022-03-17\1\p5_g0\p5_g0_imec0\p5_g0_t0.imec0.lf.bin,752260740,lf,ZYE_0057,2022-03-17,1,False,0,False,True,385,2500.0,390.7848,
Y,\\sahale.biostr.washington.edu\data\Subjects\ZYE_0020\2021-03-26\1\p1_g0\p1_g0_imec0\p1_g0_t0.imec0.ap.bin,45004979250,ap,ZYE_0020,2021-03-26,1,False,0,False,True,385,30000.0,1948.2675,
Y,\\sahale.biostr.washington.edu\data\Subjects\ZYE_0020\2021-03-26\1\p1_g0\p1_g0_imec1\p1_g0_t0.imec1.ap.bin,45004963850,ap,ZYE_0020,2021-03-26,1,False,0,False,True,385,30000.0,1948.2668333333334,
Y,\\sahale.biostr.washington.edu\data\Subjects\FD_013\2026-05-05\1\p1_g0\p1_g0_imec0\p1_g0_t0.imec0.ap.bin,33804697080,ap,FD_013,2026-05-05,1,False,0,False,True,385,30000.0,1463.4068,
Y,\\sahale.biostr.washington.edu\data\Subjects\FD_013\2026-05-05\1\p1_g0\p1_g0_imec0\p1_g0_t0.imec0.lf.bin,2817058090,lf,FD_013,2026-05-05,1,False,0,False,True,385,2500.0,1463.4068,
Y,\\sahale.biostr.washington.edu\data\Subjects\FD_013\2026-05-05\3\p2_g0\p2_g0_imec0\p2_g0_t0.imec0.ap.bin,29255798880,ap,FD_013,2026-05-05,3,False,0,False,True,385,30000.0,1266.4848,
Y,\\sahale.biostr.washington.edu\data\Subjects\FD_013\2026-05-05\3\p2_g0\p2_g0_imec0\p2_g0_t0.imec0.lf.bin,2437983240,lf,FD_013,2026-05-05,3,False,0,False,True,385,2500.0,1266.4848,
Y,\\sahale.biostr.washington.edu\data\Subjects\FD_013\2026-05-06\1\p0_g0\p0_g0_imec0\p0_g0_t0.imec0.ap.bin,57398020680,ap,FD_013,2026-05-06,1,False,0,False,True,385,30000.0,2484.7628,
Y,\\sahale.biostr.washington.edu\data\Subjects\FD_013\2026-05-06\1\p0_g0\p0_g0_imec0\p0_g0_t0.imec0.lf.bin,4783168390,lf,FD_013,2026-05-06,1,False,0,False,True,385,2500.0,2484.7628,
Y,\\sahale.biostr.washington.edu\data\Subjects\AL_0043\2026-01-27\1\p0_g0\p0_g0_imec0\p0_g0_t0.imec0.ap.bin,109254893440,ap,AL_0043,2026-01-27,1,False,0,False,True,1540,30000.0,1182.4122666666667,
Y,\\sahale.biostr.washington.edu\data\Subjects\AL_0034\2024-09-18\1\p0_g0\p0_g0_imec0\p0_g0_t0.imec0.ap.bin,114311181600,ap,AL_0034,2024-09-18,1,False,0,False,True,385,30000.0,4948.536,
Y,\\sahale.biostr.washington.edu\data\Subjects\AL_0034\2024-09-18\1\p0_g0\p0_g0_imec0\p0_g0_t0.imec0.lf.bin,9525931800,lf,AL_0034,2024-09-18,1,False,0,False,True,385,2500.0,4948.536,
Y,\\sahale.biostr.washington.edu\data\Subjects\AL_0034\2024-12-05\1\p0_g0\p0_g0_imec0\p0_g0_t0.imec0.ap.bin,81767208600,ap,AL_0034,2024-12-05,1,False,0,False,True,385,30000.0,3539.706,
Y,\\sahale.biostr.washington.edu\data\Subjects\AL_0034\2024-12-05\1\p0_g0\p0_g0_imec0\p0_g0_t0.imec0.lf.bin,6813934050,lf,AL_0034,2024-12-05,1,False,0,False,True,385,2500.0,3539.706,
Y,\\sahale.biostr.washington.edu\data\Subjects\AL_0034\2024-12-06\1\p0_g0\p0_g0_imec0\p0_g0_t0.imec0.ap.bin,6266946840,ap,AL_0034,2024-12-06,1,False,0,False,True,385,30000.0,271.2964,
Y,\\sahale.biostr.washington.edu\data\Subjects\AL_0034\2024-12-06\1\p0_g0\p0_g0_imec0\p0_g0_t0.imec0.lf.bin,522245570,lf,AL_0034,2024-12-06,1,False,0,False,True,385,2500.0,271.2964,
Y,\\sahale.biostr.washington.edu\data\Subjects\AL_0034\2024-12-06\1\p1_g0\p1_g0_imec0\p1_g0_t0.imec0.ap.bin,42047479320,ap,AL_0034,2024-12-06,1,False,0,False,True,385,30000.0,1820.2372,
Y,\\sahale.biostr.washington.edu\data\Subjects\AL_0034\2024-12-06\1\p1_g0\p1_g0_imec0\p1_g0_t0.imec0.lf.bin,3503956610,lf,AL_0034,2024-12-06,1,False,0,False,True,385,2500.0,1820.2372,
Y,\\sahale.biostr.washington.edu\data\Subjects\AL_0034\2024-12-06\2\p1_g0\p1_g0_imec0\p1_g0_t0.imec0.ap.bin,42047479320,ap,AL_0034,2024-12-06,2,False,0,False,True,385,30000.0,1820.2372,
Y,\\sahale.biostr.washington.edu\data\Subjects\AL_0034\2024-12-06\2\p1_g0\p1_g0_imec0\p1_g0_t0.imec0.lf.bin,3503956610,lf,AL_0034,2024-12-06,2,False,0,False,True,385,2500.0,1820.2372,
Y,\\sahale.biostr.washington.edu\data\Subjects\AL_0034\2024-12-06\3\p2_g0\p2_g0_imec0\p2_g0_t0.imec0.ap.bin,46067027160,ap,AL_0034,2024-12-06,3,False,0,False,True,385,30000.0,1994.2436,
Y,\\sahale.biostr.washington.edu\data\Subjects\AL_0034\2024-12-06\3\p2_g0\p2_g0_imec0\p2_g0_t0.imec0.lf.bin,3838918930,lf,AL_0034,2024-12-06,3,False,0,False,True,385,2500.0,1994.2436,
Y,\\sahale.biostr.washington.edu\data\Subjects\SM_0007\2022-06-29\1\p0_g0\p0_g0_imec0\p0_g0_t0.imec0.ap.bin,120836357180,ap,SM_0007,2022-06-29,1,False,0,False,True,385,30000.0,5231.011133333333,
Y,\\sahale.biostr.washington.edu\data\Subjects\AL_0015\2022-09-23\1\p0_g0\p0_g0_imec0\p0_g0_t0.imec0.ap.bin,12628735350,ap,AL_0015,2022-09-23,1,False,0,False,True,385,30000.0,546.6985,
Y,\\sahale.biostr.washington.edu\data\Subjects\AL_0015\2022-09-23\1\p1_g0\p1_g0_imec0\p1_g0_t0.imec0.ap.bin,176040831120,ap,AL_0015,2022-09-23,1,False,0,False,True,385,30000.0,7620.8152,
Y,\\sahale.biostr.washington.edu\data\Subjects\JRS_0041\2023-10-11\1\p0_g0\p0_g0_imec0\p0_g0_t0.imec0.ap.bin,79034965240,ap,JRS_0041,2023-10-11,1,False,0,False,True,385,30000.0,3421.4270666666666,
Y,\\sahale.biostr.washington.edu\data\Subjects\JRS_0041\2023-10-11\1\p0_g0\p0_g0_imec1\p0_g0_t0.imec1.ap.bin,79034757340,ap,JRS_0041,2023-10-11,1,False,0,False,True,385,30000.0,3421.4180666666666,
Y,\\sahale.biostr.washington.edu\data\Subjects\JRS_0041\2023-10-12\1\p1_g0\p1_g0_imec0\p1_g0_t0.imec0.ap.bin,79924808810,ap,JRS_0041,2023-10-12,1,False,0,False,True,385,30000.0,3459.9484333333335,
Y,\\sahale.biostr.washington.edu\data\Subjects\JRS_0041\2023-10-13\1\p0_g0\p0_g0_imec0\p0_g0_t0.imec0.ap.bin,83672545110,ap,JRS_0041,2023-10-13,1,False,0,False,True,385,30000.0,3622.1881,
Y,\\sahale.biostr.washington.edu\data\Subjects\JRS_0004\2021-06-16\2\p1_g0\KS_shank2\p1_g0_t0.imec0.lf.bin,2404800000,lf,JRS_0004,2021-06-16,2,False,0,False,False,0,0.0,0.0,
Y,\\sahale.biostr.washington.edu\data\Subjects\JRS_0004\2021-06-16\2\p1_g0\lfp\p1_g0_t0.imec0.lf.bin,9619200000,lf,JRS_0004,2021-06-16,2,False,0,False,True,385,2500.0,4996.987012987013,
Y,\\sahale.biostr.washington.edu\data\Subjects\KM_055\2025-11-19\2\p0_g1\p0_g1_imec0\p0_g1_t0.imec0.ap.bin,127246513240,ap,KM_055,2025-11-19,2,False,0,False,True,385,30000.0,5508.507066666667,
Y,\\sahale.biostr.washington.edu\data\Subjects\SM_0013\2022-08-24\1\p0_g0\p0_g0_imec0\p0_g0_t0.imec0.ap.bin,157380205290,ap,SM_0013,2022-08-24,1,False,0,False,True,385,30000.0,6812.9959,
Y,\\sahale.biostr.washington.edu\data\Subjects\JRS_0009\2021-10-26\1\p0_g0\p0_g0_imec0\p0_g0_t0.imec0.ap.bin,105591121020,ap,JRS_0009,2021-10-26,1,False,0,False,True,385,30000.0,4571.0442,
Y,\\sahale.biostr.washington.edu\data\Subjects\JRS_0009\2021-10-26\1\p0_g0\p0_g0_imec1\p0_g0_t0.imec1.ap.bin,105591455970,ap,JRS_0009,2021-10-26,1,False,0,False,True,385,30000.0,4571.0587,
Y,\\sahale.biostr.washington.edu\data\Subjects\JRS_0009\2021-10-26\4\p0_g0\p0_g0_imec0\p0_g0_t0.imec0.ap.bin,11824494220,ap,JRS_0009,2021-10-26,4,False,0,False,True,385,30000.0,511.88286666666664,
Y,\\sahale.biostr.washington.edu\data\Subjects\JRS_0009\2021-10-26\4\p0_g0\p0_g0_imec1\p0_g0_t0.imec1.ap.bin,11824516550,ap,JRS_0009,2021-10-26,4,False,0,False,True,385,30000.0,511.8838333333333,
Y,\\sahale.biostr.washington.edu\data\Subjects\JRS_0009\2021-10-26\5\p0_g0\p0_g0_imec0\p0_g0_t0.imec0.ap.bin,12232250030,ap,JRS_0009,2021-10-26,5,False,0,False,True,385,30000.0,529.5346333333333,
Y,\\sahale.biostr.washington.edu\data\Subjects\JRS_0009\2021-10-26\5\p0_g0\p0_g0_imec1\p0_g0_t0.imec1.ap.bin,12232267740,ap,JRS_0009,2021-10-26,5,False,0,False,True,385,30000.0,529.5354,
Y,\\sahale.biostr.washington.edu\data\Subjects\JRS_0009\2021-11-08\1\p0_g0\p0_g0_imec0\p0_g0_t0.imec0.ap.bin,116447462670,ap,JRS_0009,2021-11-08,1,False,0,False,True,385,30000.0,5041.0157,
Y,\\sahale.biostr.washington.edu\data\Subjects\JRS_0009\2021-11-08\1\p0_g0\p0_g0_imec1\p0_g0_t0.imec1.ap.bin,116447724470,ap,JRS_0009,2021-11-08,1,False,0,False,True,385,30000.0,5041.027033333334,
Y,\\sahale.biostr.washington.edu\data\Subjects\JRS_0009\2021-11-08\5\p0_g0\p0_g0_imec0\p0_g0_t0.imec0.ap.bin,13155398410,ap,JRS_0009,2021-11-08,5,False,0,False,True,385,30000.0,569.4977666666666,
Y,\\sahale.biostr.washington.edu\data\Subjects\JRS_0009\2021-11-08\5\p0_g0\p0_g0_imec1\p0_g0_t0.imec1.ap.bin,13155419200,ap,JRS_0009,2021-11-08,5,False,0,False,True,385,30000.0,569.4986666666666,
Y,\\sahale.biostr.washington.edu\data\Subjects\JRS_0009\2021-11-08\6\p0_g0\p0_g0_imec0\p0_g0_t0.imec0.ap.bin,16620474640,ap,JRS_0009,2021-11-08,6,False,0,False,True,385,30000.0,719.5010666666667,
Y,\\sahale.biostr.washington.edu\data\Subjects\JRS_0009\2021-11-08\6\p0_g0\p0_g0_imec1\p0_g0_t0.imec1.ap.bin,16620487730,ap,JRS_0009,2021-11-08,6,False,0,False,True,385,30000.0,719.5016333333333,
Y,\\sahale.biostr.washington.edu\data\Subjects\JRS_0009\2021-11-10\1\p0_g0\p0_g0_imec0\p0_g0_t0.imec0.ap.bin,67084686130,ap,JRS_0009,2021-11-10,1,False,0,False,True,385,30000.0,2904.0989666666665,
Y,\\sahale.biostr.washington.edu\data\Subjects\JRS_0009\2021-11-10\1\p0_g0\p0_g0_imec1\p0_g0_t0.imec1.ap.bin,67084807790,ap,JRS_0009,2021-11-10,1,False,0,False,True,385,30000.0,2904.1042333333335,
Y,\\sahale.biostr.washington.edu\data\Subjects\JRS_0009\2021-11-10\4\p0_g0\p0_g0_imec0\p0_g0_t0.imec0.ap.bin,79945934530,ap,JRS_0009,2021-11-10,4,False,0,False,True,385,30000.0,3460.8629666666666,
Y,\\sahale.biostr.washington.edu\data\Subjects\JRS_0009\2021-11-10\4\p0_g0\p0_g0_imec1\p0_g0_t0.imec1.ap.bin,79945968410,ap,JRS_0009,2021-11-10,4,False,0,False,True,385,30000.0,3460.864433333333,
Y,\\sahale.biostr.washington.edu\data\Subjects\JRS_0009\2021-11-10\6\p0_g0\p0_g0_imec0\p0_g0_t0.imec0.ap.bin,11546810660,ap,JRS_0009,2021-11-10,6,False,0,False,True,385,30000.0,499.86193333333335,
Y,\\sahale.biostr.washington.edu\data\Subjects\JRS_0009\2021-11-10\6\p0_g0\p0_g0_imec1\p0_g0_t0.imec1.ap.bin,11546816050,ap,JRS_0009,2021-11-10,6,False,0,False,True,385,30000.0,499.86216666666667,
Y,\\sahale.biostr.washington.edu\data\Subjects\JRS_0009\2021-11-17\1\p0_g0\p0_g0_imec0\p0_g0_t0.imec0.ap.bin,104360820410,ap,JRS_0009,2021-11-17,1,False,0,False,True,385,30000.0,4517.784433333333,
Y,\\sahale.biostr.washington.edu\data\Subjects\JRS_0009\2021-11-17\1\p0_g0\p0_g0_imec1\p0_g0_t0.imec1.ap.bin,104360928980,ap,JRS_0009,2021-11-17,1,False,0,False,True,385,30000.0,4517.789133333334,
Y,\\sahale.biostr.washington.edu\data\Subjects\JRS_0009\2021-11-17\4\p0_g0\p0_g0_imec0\p0_g0_t0.imec0.ap.bin,12282719680,ap,JRS_0009,2021-11-17,4,False,0,False,True,385,30000.0,531.7194666666667,
Y,\\sahale.biostr.washington.edu\data\Subjects\JRS_0009\2021-11-17\4\p0_g0\p0_g0_imec1\p0_g0_t0.imec1.ap.bin,12282723530,ap,JRS_0009,2021-11-17,4,False,0,False,True,385,30000.0,531.7196333333334,
Y,\\sahale.biostr.washington.edu\data\Subjects\JRS_0009\2021-11-17\5\p0_g0\p0_g0_imec0\p0_g0_t0.imec0.ap.bin,10425813860,ap,JRS_0009,2021-11-17,5,False,0,False,True,385,30000.0,451.33393333333333,
Y,\\sahale.biostr.washington.edu\data\Subjects\JRS_0009\2021-11-17\5\p0_g0\p0_g0_imec1\p0_g0_t0.imec1.ap.bin,10425828490,ap,JRS_0009,2021-11-17,5,False,0,False,True,385,30000.0,451.33456666666666,
Y,\\sahale.biostr.washington.edu\data\Subjects\ZYE_0071\2023-01-17\3\p3_g0\p3_g0_imec0\p3_g0_t0.imec0.ap.bin,89506140570,ap,ZYE_0071,2023-01-17,3,False,0,False,True,385,30000.0,3874.7247,
Y,\\sahale.biostr.washington.edu\data\Subjects\ZYE_0071\2023-01-17\7\p4_g0\p4_g0_imec0\p4_g0_t0.imec0.ap.bin,84637881790,ap,ZYE_0071,2023-01-17,7,False,0,False,True,385,30000.0,3663.9775666666665,
Y,\\sahale.biostr.washington.edu\data\Subjects\ZYE_0043\2021-09-23\1\p0_g0\p0_g0_imec0\p0_g0_t0.imec0.ap.bin,64247037470,ap,ZYE_0043,2021-09-23,1,False,0,False,True,385,30000.0,2781.2570333333333,
Y,\\sahale.biostr.washington.edu\data\Subjects\ZYE_0043\2021-09-25\1\p0_g0\p0_g0_imec0\p0_g0_t0.imec0.ap.bin,92920607780,ap,ZYE_0043,2021-09-25,1,False,0,False,True,385,30000.0,4022.5371333333333,
Y,\\sahale.biostr.washington.edu\data\Subjects\ZYE_0043\2021-09-26\1\p0_g0\p0_g0_imec0\p0_g0_t0.imec0.ap.bin,88639510190,ap,ZYE_0043,2021-09-26,1,False,0,False,True,385,30000.0,3837.2082333333333,
Y,\\sahale.biostr.washington.edu\data\Subjects\ZYE_0043\2021-09-27\1\p0_g0\p0_g0_imec0\p0_g0_t0.imec0.ap.bin,82579179760,ap,ZYE_0043,2021-09-27,1,False,0,False,True,385,30000.0,3574.8562666666667,
Y,\\sahale.biostr.washington.edu\data\Subjects\JRS_0046\2024-11-06\1\p0_g0\p0_g0_imec0\p0_g0_t0.imec0.ap.bin,138446746130,ap,JRS_0046,2024-11-06,1,False,0,False,True,385,30000.0,5993.365633333333,
Y,\\sahale.biostr.washington.edu\data\Subjects\JRS_0046\2024-11-07\1\p0_g0\p0_g0_imec0\p0_g0_t0.imec0.ap.bin,132176121770,ap,JRS_0046,2024-11-07,1,False,0,False,True,385,30000.0,5721.910033333334,
Y,\\sahale.biostr.washington.edu\data\Subjects\JRS_0046\2024-11-07\1\p0_g0\p0_g0_imec1\p0_g0_t0.imec1.ap.bin,132174838950,ap,JRS_0046,2024-11-07,1,False,0,False,True,385,30000.0,5721.8545,
Y,\\sahale.biostr.washington.edu\data\Subjects\JRS_0046\2024-11-08\1\p0_g0\p0_g0_imec0\p0_g0_t0.imec0.ap.bin,51555964460,ap,JRS_0046,2024-11-08,1,False,0,False,True,385,30000.0,2231.859933333333,
Y,\\sahale.biostr.washington.edu\data\Subjects\JRS_0046\2024-11-08\1\p0_g0\p0_g0_imec1\p0_g0_t0.imec1.ap.bin,51661843310,ap,JRS_0046,2024-11-08,1,False,0,False,True,385,30000.0,2236.4434333333334,
Y,\\sahale.biostr.washington.edu\data\Subjects\JRS_0046\2024-11-08\5\p1_g1\p1_g1_imec0\p1_g1_t0.imec0.ap.bin,64993483170,ap,JRS_0046,2024-11-08,5,False,0,False,True,385,30000.0,2813.5707,
Y,\\sahale.biostr.washington.edu\data\Subjects\JRS_0046\2024-11-08\5\p1_g1\p1_g1_imec1\p1_g1_t0.imec1.ap.bin,64992971120,ap,JRS_0046,2024-11-08,5,False,0,False,True,385,30000.0,2813.548533333333,
Y,\\sahale.biostr.washington.edu\data\Subjects\JRS_0046\2024-11-12\1\p0_g0\p0_g0_imec0\p0_g0_t0.imec0.ap.bin,117255393640,ap,JRS_0046,2024-11-12,1,False,0,False,True,385,30000.0,5075.9910666666665,
Y,\\sahale.biostr.washington.edu\data\Subjects\JRS_0046\2024-11-12\1\p0_g0\p0_g0_imec1\p0_g0_t0.imec1.ap.bin,117254002250,ap,JRS_0046,2024-11-12,1,False,0,False,True,385,30000.0,5075.930833333333,
Y,\\sahale.biostr.washington.edu\data\Subjects\JRS_0046\2024-11-13\1\p0_g0\p0_g0_imec0\p0_g0_t0.imec0.ap.bin,123885062840,ap,JRS_0046,2024-11-13,1,False,0,False,True,385,30000.0,5362.989733333333,
Y,\\sahale.biostr.washington.edu\data\Subjects\JRS_0046\2024-11-13\1\p0_g0\p0_g0_imec1\p0_g0_t0.imec1.ap.bin,123884063380,ap,JRS_0046,2024-11-13,1,False,0,False,True,385,30000.0,5362.946466666666,
Y,\\sahale.biostr.washington.edu\data\Subjects\JRS_0046\2024-11-14\1\p0_g0\p0_g0_imec0\p0_g0_t0.imec0.ap.bin,104299001730,ap,JRS_0046,2024-11-14,1,False,0,False,True,385,30000.0,4515.1083,
Y,\\sahale.biostr.washington.edu\data\Subjects\JRS_0046\2024-11-14\1\p0_g0\p0_g0_imec1\p0_g0_t0.imec1.ap.bin,104298189380,ap,JRS_0046,2024-11-14,1,False,0,False,True,385,30000.0,4515.073133333333,
Y,\\sahale.biostr.washington.edu\data\Subjects\JRS_0046\2024-11-18\2\p0_g0\p0_g0_imec0\p0_g0_t0.imec0.ap.bin,62447506660,ap,JRS_0046,2024-11-18,2,False,0,False,True,385,30000.0,2703.3552666666665,
Y,\\sahale.biostr.washington.edu\data\Subjects\JRS_0031\2024-05-09\1\p0_g0\p0_g0_imec0\p0_g0_t0.imec0.ap.bin,123191660900,ap,JRS_0031,2024-05-09,1,False,0,False,True,385,30000.0,5332.972333333333,
Y,\\sahale.biostr.washington.edu\data\Subjects\JRS_0031\2024-05-09\1\p0_g0\p0_g0_imec1\p0_g0_t0.imec1.ap.bin,123189488730,ap,JRS_0031,2024-05-09,1,False,0,False,True,385,30000.0,5332.8783,
Y,\\sahale.biostr.washington.edu\data\Subjects\JRS_0031\2024-05-10\1\p0_g0\p0_g0_imec0\p0_g0_t0.imec0.ap.bin,102218023600,ap,JRS_0031,2024-05-10,1,False,0,False,True,385,30000.0,4425.022666666667,
Y,\\sahale.biostr.washington.edu\data\Subjects\JRS_0031\2024-05-10\1\p0_g0\p0_g0_imec1\p0_g0_t0.imec1.ap.bin,102216221030,ap,JRS_0031,2024-05-10,1,False,0,False,True,385,30000.0,4424.9446333333335,
Y,\\sahale.biostr.washington.edu\data\Subjects\JRS_0031\2024-05-11\1\p0_g0\p0_g0_imec0\p0_g0_t0.imec0.ap.bin,167446469960,ap,JRS_0031,2024-05-11,1,False,0,False,True,385,30000.0,7248.764933333333,
Y,\\sahale.biostr.washington.edu\data\Subjects\JRS_0031\2024-05-11\1\p0_g0\p0_g0_imec1\p0_g0_t0.imec1.ap.bin,167444098360,ap,JRS_0031,2024-05-11,1,False,0,False,True,385,30000.0,7248.662266666666,
Y,\\sahale.biostr.washington.edu\data\Subjects\JRS_0031\2024-05-12\1\p0_g0\p0_g0_imec0\p0_g0_t0.imec0.ap.bin,148526431900,ap,JRS_0031,2024-05-12,1,False,0,False,True,385,30000.0,6429.715666666667,
Y,\\sahale.biostr.washington.edu\data\Subjects\JRS_0031\2024-05-12\1\p0_g0\p0_g0_imec1\p0_g0_t0.imec1.ap.bin,148524344430,ap,JRS_0031,2024-05-12,1,False,0,False,True,385,30000.0,6429.6253,
Y,\\sahale.biostr.washington.edu\data\Subjects\JRS_0031\2024-05-13\1\p0_g0\p0_g0_imec0\p0_g0_t0.imec0.ap.bin,127397620350,ap,JRS_0031,2024-05-13,1,False,0,False,True,385,30000.0,5515.0485,
Y,\\sahale.biostr.washington.edu\data\Subjects\JRS_0031\2024-05-13\1\p0_g0\p0_g0_imec1\p0_g0_t0.imec1.ap.bin,127395671480,ap,JRS_0031,2024-05-13,1,False,0,False,True,385,30000.0,5514.964133333333,
Y,\\sahale.biostr.washington.edu\data\Subjects\JRS_0031\2024-05-14\1\p0_g0\p0_g0_imec0\p0_g0_t0.imec0.ap.bin,140591171490,ap,JRS_0031,2024-05-14,1,False,0,False,True,385,30000.0,6086.1979,
Y,\\sahale.biostr.washington.edu\data\Subjects\JRS_0031\2024-05-14\1\p0_g0\p0_g0_imec1\p0_g0_t0.imec1.ap.bin,140588982380,ap,JRS_0031,2024-05-14,1,False,0,False,True,385,30000.0,6086.103133333333,
Y,\\sahale.biostr.washington.edu\data\Subjects\JRS_0031\2024-05-16\1\p0_g0\p0_g0_imec0\p0_g0_t0.imec0.ap.bin,151327642620,ap,JRS_0031,2024-05-16,1,False,0,False,True,385,30000.0,6550.9802,
Y,\\sahale.biostr.washington.edu\data\Subjects\JRS_0031\2024-05-16\1\p0_g0\p0_g0_imec1\p0_g0_t0.imec1.ap.bin,151325469680,ap,JRS_0031,2024-05-16,1,False,0,False,True,385,30000.0,6550.886133333333,
Y,\\sahale.biostr.washington.edu\data\Subjects\JRS_0031\2024-05-17\1\p0_g0\p0_g0_imec0\p0_g0_t0.imec0.ap.bin,127172354540,ap,JRS_0031,2024-05-17,1,False,0,False,True,385,30000.0,5505.296733333334,
Y,\\sahale.biostr.washington.edu\data\Subjects\JRS_0031\2024-05-17\1\p0_g0\p0_g0_imec1\p0_g0_t0.imec1.ap.bin,127170350230,ap,JRS_0031,2024-05-17,1,False,0,False,True,385,30000.0,5505.209966666666,
Y,\\sahale.biostr.washington.edu\data\Subjects\ZYE_0062\2022-03-30\1\p0_g0\p0_g0_imec0\p0_g0_t0.imec0.ap.bin,94616170110,ap,ZYE_0062,2022-03-30,1,False,0,False,True,385,30000.0,4095.9381,
Y,\\sahale.biostr.washington.edu\data\Subjects\ZYE_0062\2022-03-30\5\p1_g0\p1_g0_imec0\p1_g0_t0.imec0.ap.bin,69173569850,ap,ZYE_0062,2022-03-30,5,False,0,False,True,385,30000.0,2994.5268333333333,
Y,\\sahale.biostr.washington.edu\data\Subjects\ZYE_0062\2022-03-31\2\p2_g0\p2_g0_imec0\p2_g0_t0.imec0.ap.bin,84531181350,ap,ZYE_0062,2022-03-31,2,False,0,False,True,385,30000.0,3659.3585,
Y,\\sahale.biostr.washington.edu\data\Subjects\AL_0039\2025-07-23\1\p0_g0\p0_g0_imec0\p0_g0_t0.imec0.ap.bin,1613027570,ap,AL_0039,2025-07-23,1,False,0,False,True,385,30000.0,69.82803333333334,
Y,\\sahale.biostr.washington.edu\data\Subjects\AL_0039\2025-07-23\1\p0_g0\p0_g0_imec0\p0_g0_t0.imec0.lf.bin,134419670,lf,AL_0039,2025-07-23,1,False,0,False,True,385,2500.0,69.8284,
Y,\\sahale.biostr.washington.edu\data\Subjects\AL_0039\2025-07-23\1\p1_g0\p1_g0_imec0\p1_g0_t0.imec0.ap.bin,60366121200,ap,AL_0039,2025-07-23,1,False,0,False,True,385,30000.0,2613.252,
Y,\\sahale.biostr.washington.edu\data\Subjects\AL_0039\2025-07-23\1\p1_g0\p1_g0_imec0\p1_g0_t0.imec0.lf.bin,5030510100,lf,AL_0039,2025-07-23,1,False,0,False,True,385,2500.0,2613.252,
Y,\\sahale.biostr.washington.edu\data\Subjects\AL_0039\2025-07-23\3\p2_g0\p2_g0_imec0\p2_g0_t0.imec0.ap.bin,49940148720,ap,AL_0039,2025-07-23,3,False,0,False,True,385,30000.0,2161.9112,
Y,\\sahale.biostr.washington.edu\data\Subjects\AL_0039\2025-07-23\3\p2_g0\p2_g0_imec0\p2_g0_t0.imec0.lf.bin,4161679060,lf,AL_0039,2025-07-23,3,False,0,False,True,385,2500.0,2161.9112,
Y,\\sahale.biostr.washington.edu\data\Subjects\AL_0039\2025-07-24\1\p0_g0\p0_g0_imec0\p0_g0_t0.imec0.ap.bin,5567340240,ap,AL_0039,2025-07-24,1,False,0,False,True,385,30000.0,241.0104,
Y,\\sahale.biostr.washington.edu\data\Subjects\AL_0039\2025-07-24\1\p0_g0\p0_g0_imec0\p0_g0_t0.imec0.lf.bin,463945020,lf,AL_0039,2025-07-24,1,False,0,False,True,385,2500.0,241.0104,
Y,\\sahale.biostr.washington.edu\data\Subjects\AL_0039\2025-07-24\3\p1_g0\p1_g0_imec0\p1_g0_t0.imec0.ap.bin,49950174120,ap,AL_0039,2025-07-24,3,False,0,False,True,385,30000.0,2162.3452,
Y,\\sahale.biostr.washington.edu\data\Subjects\AL_0039\2025-07-24\3\p1_g0\p1_g0_imec0\p1_g0_t0.imec0.lf.bin,4162514510,lf,AL_0039,2025-07-24,3,False,0,False,True,385,2500.0,2162.3452,
Y,\\sahale.biostr.washington.edu\data\Subjects\AL_0039\2025-07-24\5\p2_g0\p2_g0_imec0\p2_g0_t0.imec0.ap.bin,46955286840,ap,AL_0039,2025-07-24,5,False,0,False,True,385,30000.0,2032.6964,
Y,\\sahale.biostr.washington.edu\data\Subjects\AL_0039\2025-07-24\5\p2_g0\p2_g0_imec0\p2_g0_t0.imec0.lf.bin,3912940570,lf,AL_0039,2025-07-24,5,False,0,False,True,385,2500.0,2032.6964,
Y,\\sahale.biostr.washington.edu\data\Subjects\AL_0039\2025-10-02\1\p0_g0\p0_g0_imec0\p0_g0_t0.imec0.ap.bin,147436637040,ap,AL_0039,2025-10-02,1,False,0,False,True,385,30000.0,6382.5384,
Y,\\sahale.biostr.washington.edu\data\Subjects\AL_0039\2025-10-02\1\p0_g0\p0_g0_imec0\p0_g0_t0.imec0.lf.bin,12286386420,lf,AL_0039,2025-10-02,1,False,0,False,True,385,2500.0,6382.5384,
Y,\\sahale.biostr.washington.edu\data\Subjects\AL_0039\2025-10-03\1\p0_g0\p0_g0_imec0\p0_g0_t0.imec0.ap.bin,116138077440,ap,AL_0039,2025-10-03,1,False,0,False,True,385,30000.0,5027.6224,
Y,\\sahale.biostr.washington.edu\data\Subjects\AL_0039\2025-10-03\1\p0_g0\p0_g0_imec0\p0_g0_t0.imec0.lf.bin,9678173120,lf,AL_0039,2025-10-03,1,False,0,False,True,385,2500.0,5027.6224,
Y,\\sahale.biostr.washington.edu\data\Subjects\AL_0033\2025-07-02\1\p0_g0\p0_g0_imec0\p0_g0_t0.imec0.ap.bin,49006705440,ap,AL_0033,2025-07-02,1,False,0,False,True,385,30000.0,2121.5024,
Y,\\sahale.biostr.washington.edu\data\Subjects\AL_0033\2025-07-02\1\p0_g0\p0_g0_imec0\p0_g0_t0.imec0.lf.bin,4083892120,lf,AL_0033,2025-07-02,1,False,0,False,True,385,2500.0,2121.5024,
Y,\\sahale.biostr.washington.edu\data\Subjects\AL_0033\2025-07-03\1\p0_g0\p0_g0_imec0\p0_g0_t0.imec0.ap.bin,51514228920,ap,AL_0033,2025-07-03,1,False,0,False,True,385,30000.0,2230.0532,
Y,\\sahale.biostr.washington.edu\data\Subjects\AL_0033\2025-07-03\1\p0_g0\p0_g0_imec0\p0_g0_t0.imec0.lf.bin,4292852410,lf,AL_0033,2025-07-03,1,False,0,False,True,385,2500.0,2230.0532,
Y,\\sahale.biostr.washington.edu\data\Subjects\AL_0033\2025-07-03\11\p6_g0\p6_g0_imec0\p6_g0_t0.imec0.ap.bin,51089559290,ap,AL_0033,2025-07-03,11,False,0,False,True,385,30000.0,2211.6692333333335,
Y,\\sahale.biostr.washington.edu\data\Subjects\AL_0033\2025-07-03\11\p6_g0\p6_g0_imec0\p6_g0_t0.imec0.lf.bin,4257463980,lf,AL_0033,2025-07-03,11,False,0,False,True,385,2500.0,2211.6696,
Y,\\sahale.biostr.washington.edu\data\Subjects\AL_0033\2025-07-03\3\p1_g0\p1_g0_imec0\p1_g0_t0.imec0.ap.bin,2461018560,ap,AL_0033,2025-07-03,3,False,0,False,True,385,30000.0,106.5376,
Y,\\sahale.biostr.washington.edu\data\Subjects\AL_0033\2025-07-03\3\p1_g0\p1_g0_imec0\p1_g0_t0.imec0.lf.bin,205084880,lf,AL_0033,2025-07-03,3,False,0,False,True,385,2500.0,106.5376,
Y,\\sahale.biostr.washington.edu\data\Subjects\AL_0033\2025-07-03\4\p2_g0\p2_g0_imec0\p2_g0_t0.imec0.ap.bin,35354531520,ap,AL_0033,2025-07-03,4,False,0,False,True,385,30000.0,1530.4992,
Y,\\sahale.biostr.washington.edu\data\Subjects\AL_0033\2025-07-03\4\p2_g0\p2_g0_imec0\p2_g0_t0.imec0.lf.bin,2946210960,lf,AL_0033,2025-07-03,4,False,0,False,True,385,2500.0,1530.4992,
Y,\\sahale.biostr.washington.edu\data\Subjects\AL_0033\2025-07-03\8\p4_g0\p4_g0_imec0\p4_g0_t0.imec0.ap.bin,11281477130,ap,AL_0033,2025-07-03,8,False,0,False,True,385,30000.0,488.3756333333333,
Y,\\sahale.biostr.washington.edu\data\Subjects\AL_0033\2025-07-03\8\p4_g0\p4_g0_imec0\p4_g0_t0.imec0.lf.bin,940123800,lf,AL_0033,2025-07-03,8,False,0,False,True,385,2500.0,488.376,
Y,\\sahale.biostr.washington.edu\data\Subjects\AL_0033\2025-07-21\1\p0_g0\p0_g0_imec0\p0_g0_t0.imec0.ap.bin,47606198640,ap,AL_0033,2025-07-21,1,False,0,False,True,385,30000.0,2060.8744,
Y,\\sahale.biostr.washington.edu\data\Subjects\AL_0033\2025-07-21\1\p0_g0\p0_g0_imec0\p0_g0_t0.imec0.lf.bin,3967183220,lf,AL_0033,2025-07-21,1,False,0,False,True,385,2500.0,2060.8744,
Y,\\sahale.biostr.washington.edu\data\Subjects\AL_0033\2025-07-21\3\p1_g0\p1_g0_imec0\p1_g0_t0.imec0.ap.bin,38223911880,ap,AL_0033,2025-07-21,3,False,0,False,True,385,30000.0,1654.7148,
Y,\\sahale.biostr.washington.edu\data\Subjects\AL_0033\2025-07-21\3\p1_g0\p1_g0_imec0\p1_g0_t0.imec0.lf.bin,3185325990,lf,AL_0033,2025-07-21,3,False,0,False,True,385,2500.0,1654.7148,
Y,\\sahale.biostr.washington.edu\data\Subjects\AL_0033\2025-07-22\1\p0_g0\p0_g0_imec0\p0_g0_t0.imec0.ap.bin,36006626810,ap,AL_0033,2025-07-22,1,False,0,False,True,385,30000.0,1558.7284333333334,
Y,\\sahale.biostr.washington.edu\data\Subjects\AL_0033\2025-07-22\1\p0_g0\p0_g0_imec0\p0_g0_t0.imec0.lf.bin,3000552940,lf,AL_0033,2025-07-22,1,False,0,False,True,385,2500.0,1558.7288,
Y,\\sahale.biostr.washington.edu\data\Subjects\AL_0033\2025-07-22\3\p1_g0\p1_g0_imec0\p1_g0_t0.imec0.ap.bin,32203673040,ap,AL_0033,2025-07-22,3,False,0,False,True,385,30000.0,1394.0984,
Y,\\sahale.biostr.washington.edu\data\Subjects\AL_0033\2025-07-22\3\p1_g0\p1_g0_imec0\p1_g0_t0.imec0.lf.bin,2683639420,lf,AL_0033,2025-07-22,3,False,0,False,True,385,2500.0,1394.0984,
Y,\\sahale.biostr.washington.edu\data\Subjects\AL_0033\2025-08-07\1\p0_g0\p0_g0_imec0\p0_g0_t0.imec0.ap.bin,61942760880,ap,AL_0033,2025-08-07,1,False,0,False,True,385,30000.0,2681.5048,
Y,\\sahale.biostr.washington.edu\data\Subjects\AL_0033\2025-08-07\1\p0_g0\p0_g0_imec0\p0_g0_t0.imec0.lf.bin,5161896740,lf,AL_0033,2025-08-07,1,False,0,False,True,385,2500.0,2681.5048,
Y,\\sahale.biostr.washington.edu\data\Subjects\AL_0033\2025-08-07\3\p1_g0\p1_g0_imec0\p1_g0_t0.imec0.ap.bin,46498184040,ap,AL_0033,2025-08-07,3,False,0,False,True,385,30000.0,2012.9084,
Y,\\sahale.biostr.washington.edu\data\Subjects\AL_0033\2025-08-07\3\p1_g0\p1_g0_imec0\p1_g0_t0.imec0.lf.bin,3874848670,lf,AL_0033,2025-08-07,3,False,0,False,True,385,2500.0,2012.9084,
Y,\\sahale.biostr.washington.edu\data\Subjects\AL_0033\2025-08-08\1\p0_g0\p0_g0_imec0\p0_g0_t0.imec0.ap.bin,2831995320,ap,AL_0033,2025-08-08,1,False,0,False,True,385,30000.0,122.5972,
Y,\\sahale.biostr.washington.edu\data\Subjects\AL_0033\2025-08-08\1\p0_g0\p0_g0_imec0\p0_g0_t0.imec0.lf.bin,235999610,lf,AL_0033,2025-08-08,1,False,0,False,True,385,2500.0,122.5972,
Y,\\sahale.biostr.washington.edu\data\Subjects\AL_0033\2025-08-08\2\p1_g0\p1_g0_imec0\p1_g0_t0.imec0.ap.bin,54205129440,ap,AL_0033,2025-08-08,2,False,0,False,True,385,30000.0,2346.5424,
Y,\\sahale.biostr.washington.edu\data\Subjects\AL_0033\2025-08-08\2\p1_g0\p1_g0_imec0\p1_g0_t0.imec0.lf.bin,4517094120,lf,AL_0033,2025-08-08,2,False,0,False,True,385,2500.0,2346.5424,
Y,\\sahale.biostr.washington.edu\data\Subjects\AL_0033\2025-08-08\4\p2_g0\p2_g0_imec0\p2_g0_t0.imec0.ap.bin,41452321680,ap,AL_0033,2025-08-08,4,False,0,False,True,385,30000.0,1794.4728,
Y,\\sahale.biostr.washington.edu\data\Subjects\AL_0033\2025-08-08\4\p2_g0\p2_g0_imec0\p2_g0_t0.imec0.lf.bin,3454360140,lf,AL_0033,2025-08-08,4,False,0,False,True,385,2500.0,1794.4728,
Y,\\sahale.biostr.washington.edu\data\Subjects\AB_0009\2021-07-20\1\p0_g1\p0_g1_imec0\p0_g1_t0.imec0.ap.bin,90020432040,ap,AB_0009,2021-07-20,1,False,0,False,True,385,30000.0,3896.9884,
Y,\\sahale.biostr.washington.edu\data\Subjects\AB_0009\2021-07-20\1\p0_g1\p0_g1_imec0\p0_g1_t0.imec0.lf.bin,7501702670,lf,AB_0009,2021-07-20,1,False,0,False,True,385,2500.0,3896.9884,
Y,\\sahale.biostr.washington.edu\data\Subjects\AB_0009\2021-07-27\3\p1_g1\p1_g1_imec0\p1_g1_t0.imec0.ap.bin,95345472530,ap,AB_0009,2021-07-27,3,False,0,False,True,385,30000.0,4127.509633333333,
Y,\\sahale.biostr.washington.edu\data\Subjects\AB_0009\2021-07-27\3\p1_g1\p1_g1_imec0\p1_g1_t0.imec0.lf.bin,7945456750,lf,AB_0009,2021-07-27,3,False,0,False,True,385,2500.0,4127.51,
Y,\\sahale.biostr.washington.edu\data\Subjects\JRS_0022\2023-12-04\1\p0_g0\p0_g0_imec0\p0_g0_t0.imec0.ap.bin,184368567460,ap,JRS_0022,2023-12-04,1,False,0,False,True,385,30000.0,7981.323266666666,
Y,\\sahale.biostr.washington.edu\data\Subjects\JRS_0022\2023-12-04\1\p0_g0\p0_g0_imec1\p0_g0_t0.imec1.ap.bin,184365146350,ap,JRS_0022,2023-12-04,1,False,0,False,True,385,30000.0,7981.175166666667,
Y,\\sahale.biostr.washington.edu\data\Subjects\JRS_0022\2023-12-05\1\p0_g0\p0_g0_imec0\p0_g0_t0.imec0.ap.bin,139720705740,ap,JRS_0022,2023-12-05,1,False,0,False,True,385,30000.0,6048.5154,
Y,\\sahale.biostr.washington.edu\data\Subjects\JRS_0022\2023-12-05\1\p0_g0\p0_g0_imec1\p0_g0_t0.imec1.ap.bin,139717752020,ap,JRS_0022,2023-12-05,1,False,0,False,True,385,30000.0,6048.3875333333335,
Y,\\sahale.biostr.washington.edu\data\Subjects\JRS_0022\2023-12-08\1\p1_g0\p1_g0_imec0\p1_g0_t0.imec0.ap.bin,154800609810,ap,JRS_0022,2023-12-08,1,False,0,False,True,385,30000.0,6701.3251,
Y,\\sahale.biostr.washington.edu\data\Subjects\JRS_0022\2023-12-08\1\p1_g0\p1_g0_imec1\p1_g0_t0.imec1.ap.bin,154797474370,ap,JRS_0022,2023-12-08,1,False,0,False,True,385,30000.0,6701.1893666666665,
Y,\\sahale.biostr.washington.edu\data\Subjects\JRS_0022\2023-12-09\1\p0_g0\p0_g0_imec0\p0_g0_t0.imec0.ap.bin,126588477400,ap,JRS_0022,2023-12-09,1,False,0,False,True,385,30000.0,5480.020666666666,
Y,\\sahale.biostr.washington.edu\data\Subjects\JRS_0022\2023-12-09\1\p0_g0\p0_g0_imec1\p0_g0_t0.imec1.ap.bin,126586437670,ap,JRS_0022,2023-12-09,1,False,0,False,True,385,30000.0,5479.932366666667,
Y,\\sahale.biostr.washington.edu\data\Subjects\JRS_0022\2023-12-12\1\p1_g0\p1_g0_imec0\p1_g0_t0.imec0.ap.bin,137622153900,ap,JRS_0022,2023-12-12,1,False,0,False,True,385,30000.0,5957.669,
Y,\\sahale.biostr.washington.edu\data\Subjects\JRS_0022\2023-12-12\1\p1_g0\p1_g0_imec1\p1_g0_t0.imec1.ap.bin,137620325920,ap,JRS_0022,2023-12-12,1,False,0,False,True,385,30000.0,5957.589866666666,
Y,\\sahale.biostr.washington.edu\data\Subjects\JRS_0022\2023-12-13\1\p0_g0\p0_g0_imec0\p0_g0_t0.imec0.ap.bin,138808775490,ap,JRS_0022,2023-12-13,1,False,0,False,True,385,30000.0,6009.0379,
Y,\\sahale.biostr.washington.edu\data\Subjects\JRS_0022\2023-12-13\1\p0_g0\p0_g0_imec1\p0_g0_t0.imec1.ap.bin,138806514770,ap,JRS_0022,2023-12-13,1,False,0,False,True,385,30000.0,6008.940033333333,
Y,\\sahale.biostr.washington.edu\data\Subjects\JRS_0022\2023-12-15\1\p0_g0\p0_g0_imec0\p0_g0_t0.imec0.ap.bin,163725434180,ap,JRS_0022,2023-12-15,1,False,0,False,True,385,30000.0,7087.6811333333335,
Y,\\sahale.biostr.washington.edu\data\Subjects\JRS_0022\2023-12-18\1\p0_g0\p0_g0_imec0\p0_g0_t0.imec0.ap.bin,106501680670,ap,JRS_0022,2023-12-18,1,False,0,False,True,385,30000.0,4610.462366666667,
Y,\\sahale.biostr.washington.edu\data\Subjects\JRS_0022\2023-12-19\1\p0_g0\p0_g0_imec0\p0_g0_t0.imec0.ap.bin,84733656700,ap,JRS_0022,2023-12-19,1,False,0,False,True,385,30000.0,3668.123666666667,
Y,\\sahale.biostr.washington.edu\data\Subjects\JRS_0022\2023-12-19\1\p0_g0\p0_g0_imec1\p0_g0_t0.imec1.ap.bin,84732549440,ap,JRS_0022,2023-12-19,1,False,0,False,True,385,30000.0,3668.075733333333,
Y,\\sahale.biostr.washington.edu\data\Subjects\JRS_0022\2023-12-21\1\p0_g0\p0_g0_imec0\p0_g0_t0.imec0.ap.bin,91743860670,ap,JRS_0022,2023-12-21,1,False,0,False,True,385,30000.0,3971.5957,
Y,\\sahale.biostr.washington.edu\data\Subjects\JRS_0022\2023-12-21\1\p0_g0\p0_g0_imec1\p0_g0_t0.imec1.ap.bin,91742476980,ap,JRS_0022,2023-12-21,1,False,0,False,True,385,30000.0,3971.5358,
Y,\\sahale.biostr.washington.edu\data\Subjects\ZYE_0050\2021-12-11\1\p0_g0\p0_g0_imec0\p0_g0_t0.imec0.ap.bin,79655074730,ap,ZYE_0050,2021-12-11,1,False,0,False,True,385,30000.0,3448.2716333333333,
Y,\\sahale.biostr.washington.edu\data\Subjects\ZYE_0050\2021-12-12\3\p2_g0\p2_g0_imec0\p2_g0_t0.imec0.ap.bin,85276405830,ap,ZYE_0050,2021-12-12,3,False,0,False,True,385,30000.0,3691.6193,
Y,\\sahale.biostr.washington.edu\data\Subjects\JRS_0028\2023-07-31\1\p0_g0\p0_g0_imec0\p0_g0_t0.imec0.ap.bin,135720889920,ap,JRS_0028,2023-07-31,1,False,0,False,True,385,30000.0,5875.3632,
Y,\\sahale.biostr.washington.edu\data\Subjects\JRS_0028\2023-07-31\1\p0_g0\p0_g0_imec1\p0_g0_t0.imec1.ap.bin,135720934580,ap,JRS_0028,2023-07-31,1,False,0,False,True,385,30000.0,5875.365133333334,
Y,\\sahale.biostr.washington.edu\data\Subjects\JRS_0028\2023-08-01\1\p0_g0\p0_g0_imec0\p0_g0_t0.imec0.ap.bin,103835990720,ap,JRS_0028,2023-08-01,1,False,0,False,True,385,30000.0,4495.064533333333,
Y,\\sahale.biostr.washington.edu\data\Subjects\JRS_0028\2023-08-01\1\p0_g0\p0_g0_imec1\p0_g0_t0.imec1.ap.bin,103835661160,ap,JRS_0028,2023-08-01,1,False,0,False,True,385,30000.0,4495.050266666667,
Y,\\sahale.biostr.washington.edu\data\Subjects\JRS_0028\2023-08-03\1\p0_g0\p0_g0_imec0\p0_g0_t0.imec0.ap.bin,121054430420,ap,JRS_0028,2023-08-03,1,False,0,False,True,385,30000.0,5240.451533333333,
Y,\\sahale.biostr.washington.edu\data\Subjects\JRS_0028\2023-08-03\1\p0_g0\p0_g0_imec1\p0_g0_t0.imec1.ap.bin,121051507500,ap,JRS_0028,2023-08-03,1,False,0,False,True,385,30000.0,5240.325,
Y,\\sahale.biostr.washington.edu\data\Subjects\JRS_0028\2023-08-04\1\p0_g0\p0_g0_imec0\p0_g0_t0.imec0.ap.bin,135975595140,ap,JRS_0028,2023-08-04,1,False,0,False,True,385,30000.0,5886.3894,
Y,\\sahale.biostr.washington.edu\data\Subjects\JRS_0028\2023-08-07\1\p0_g0\p0_g0_imec0\p0_g0_t0.imec0.ap.bin,121053833670,ap,JRS_0028,2023-08-07,1,False,0,False,True,385,30000.0,5240.4257,
Y,\\sahale.biostr.washington.edu\data\Subjects\JRS_0028\2023-08-07\1\p0_g0\p0_g0_imec1\p0_g0_t0.imec1.ap.bin,121051274190,ap,JRS_0028,2023-08-07,1,False,0,False,True,385,30000.0,5240.3149,
Y,\\sahale.biostr.washington.edu\data\Subjects\JRS_0028\2023-08-08\1\p0_g0\p0_g0_imec0\p0_g0_t0.imec0.ap.bin,100719196270,ap,JRS_0028,2023-08-08,1,False,0,False,True,385,30000.0,4360.138366666667,
Y,\\sahale.biostr.washington.edu\data\Subjects\JRS_0028\2023-08-08\1\p0_g0\p0_g0_imec1\p0_g0_t0.imec1.ap.bin,100719076920,ap,JRS_0028,2023-08-08,1,False,0,False,True,385,30000.0,4360.1332,
Y,\\sahale.biostr.washington.edu\data\Subjects\JRS_0028\2023-08-09\1\p1_g0\p1_g0_imec0\p1_g0_t0.imec0.ap.bin,106801229150,ap,JRS_0028,2023-08-09,1,False,0,False,True,385,30000.0,4623.429833333334,
Y,\\sahale.biostr.washington.edu\data\Subjects\JRS_0028\2023-08-09\1\p1_g0\p1_g0_imec1\p1_g0_t0.imec1.ap.bin,106801120580,ap,JRS_0028,2023-08-09,1,False,0,False,True,385,30000.0,4623.425133333333,
Y,\\sahale.biostr.washington.edu\data\Subjects\JRS_0028\2023-08-11\1\p0_g0\p0_g0_imec0\p0_g0_t0.imec0.ap.bin,114421249250,ap,JRS_0028,2023-08-11,1,False,0,False,True,385,30000.0,4953.300833333334,
Y,\\sahale.biostr.washington.edu\data\Subjects\JRS_0028\2023-08-11\1\p0_g0\p0_g0_imec1\p0_g0_t0.imec1.ap.bin,114421096020,ap,JRS_0028,2023-08-11,1,False,0,False,True,385,30000.0,4953.2942,
Y,\\sahale.biostr.washington.edu\data\Subjects\JRS_0028\2023-08-15\1\p1_g0\p1_g0_imec0\p1_g0_t0.imec0.ap.bin,128480664620,ap,JRS_0028,2023-08-15,1,False,0,False,True,385,30000.0,5561.933533333333,
Y,\\sahale.biostr.washington.edu\data\Subjects\JRS_0028\2023-08-15\1\p1_g0\p1_g0_imec1\p1_g0_t0.imec1.ap.bin,128480439780,ap,JRS_0028,2023-08-15,1,False,0,False,True,385,30000.0,5561.9238,
Y,\\sahale.biostr.washington.edu\data\Subjects\JRS_0028\2023-08-17\1\p1_g0\p1_g0_imec0\p1_g0_t0.imec0.ap.bin,138335478820,ap,JRS_0028,2023-08-17,1,False,0,False,True,385,30000.0,5988.548866666667,
Y,\\sahale.biostr.washington.edu\data\Subjects\JRS_0028\2023-08-17\1\p1_g0\p1_g0_imec1\p1_g0_t0.imec1.ap.bin,138335297100,ap,JRS_0028,2023-08-17,1,False,0,False,True,385,30000.0,5988.541,
Y,\\sahale.biostr.washington.edu\data\Subjects\NR_0032\2023-12-13\quarterDensity\_spikeglx_ephysData_g0\_spikeglx_ephysData_g0_imec0\_spikeglx_ephysData_g0_t0.imec0.ap.bin,7490132650,ap,NR_0032,2023-12-13,quarterDensity,False,0,False,True,385,30000.0,324.2481666666667,
Y,\\sahale.biostr.washington.edu\data\Subjects\NR_0032\2023-12-15\quarterDensity\_spikeglx_ephysData_g0\_spikeglx_ephysData_g0_imec0\_spikeglx_ephysData_g0_t0.imec0.ap.bin,7018542300,ap,NR_0032,2023-12-15,quarterDensity,False,0,False,False,0,0.0,0.0,
Y,\\sahale.biostr.washington.edu\data\Subjects\LK_0010\2022-02-01\1\p0_g0\p0_g0_imec0\p0_g0_t0.imec0.ap.bin,9896468890,ap,LK_0010,2022-02-01,1,False,0,False,True,385,30000.0,428.41856666666666,
Y,\\sahale.biostr.washington.edu\data\Subjects\LK_0010\2022-02-01\3\p0_g0\p0_g0_imec0\p0_g0_t0.imec0.ap.bin,61312351870,ap,LK_0010,2022-02-01,3,False,0,False,True,385,30000.0,2654.2143666666666,
Y,\\sahale.biostr.washington.edu\data\Subjects\LK_0010\2022-02-01\6\p0_g0\p0_g0_imec0\p0_g0_t0.imec0.ap.bin,78278388650,ap,LK_0010,2022-02-01,6,False,0,False,True,385,30000.0,3388.6748333333335,
Y,\\sahale.biostr.washington.edu\data\Subjects\AL_0005\2021-08-04\1\p0_g0\p0_g0_imec0\p0_g0_t0.imec0.ap.bin,64296282050,ap,AL_0005,2021-08-04,1,False,0,False,True,385,30000.0,2783.3888333333334,
Y,\\sahale.biostr.washington.edu\data\Subjects\AL_0005\2021-08-04\1\p0_g0\p0_g0_imec1\p0_g0_t0.imec1.ap.bin,64296712480,ap,AL_0005,2021-08-04,1,False,0,False,True,385,30000.0,2783.4074666666666,
Y,\\sahale.biostr.washington.edu\data\Subjects\AB_0035\2024-05-25\1\p0_g0\p0_g0_imec0\p0_g0_t0.imec0.ap.bin,12862920840,ap,AB_0035,2024-05-25,1,False,0,False,True,385,30000.0,556.8364,
Y,\\sahale.biostr.washington.edu\data\Subjects\AB_0035\2024-05-25\1\p0_g0\p0_g0_imec0\p0_g0_t0.imec0.lf.bin,1071910070,lf,AB_0035,2024-05-25,1,False,0,False,True,385,2500.0,556.8364,
Y,\\sahale.biostr.washington.edu\data\Subjects\AB_0035\2024-05-25\1\p0_g0\p0_g0_imec1\p0_g0_t0.imec1.ap.bin,12863235770,ap,AB_0035,2024-05-25,1,False,0,False,True,385,30000.0,556.8500333333334,
Y,\\sahale.biostr.washington.edu\data\Subjects\AB_0035\2024-05-25\1\p0_g0\p0_g0_imec2\p0_g0_t0.imec2.ap.bin,12862659810,ap,AB_0035,2024-05-25,1,False,0,False,True,385,30000.0,556.8251,
Y,\\sahale.biostr.washington.edu\data\Subjects\SM_0004\2021-10-20\1\p0_g0\p0_g0_imec0\p0_g0_t0.imec0.ap.bin,61160871310,ap,SM_0004,2021-10-20,1,False,0,False,True,385,30000.0,2647.6567666666665,
Y,\\sahale.biostr.washington.edu\data\Subjects\SM_0004\2021-10-20\5\p0_g0\p0_g0_imec0\p0_g0_t0.imec0.ap.bin,92590326290,ap,SM_0004,2021-10-20,5,False,0,False,True,385,30000.0,4008.2392333333332,
Y,\\sahale.biostr.washington.edu\data\Subjects\SM_0004\2021-12-30\1\p0_g0\p0_g0_imec0\p0_g0_t0.imec0.ap.bin,142397911040,ap,SM_0004,2021-12-30,1,False,0,False,True,385,30000.0,6164.411733333333,
Y,\\sahale.biostr.washington.edu\data\Subjects\JRS_0063\2026-01-15\1\p0_g0\p0_g0_imec0\p0_g0_t0.imec0.ap.bin,109664213120,ap,JRS_0063,2026-01-15,1,False,0,False,True,385,30000.0,4747.368533333333,
Y,\\sahale.biostr.washington.edu\data\Subjects\JRS_0063\2026-01-15\1\p0_g0\p0_g0_imec1\p0_g0_t0.imec1.ap.bin,109663341480,ap,JRS_0063,2026-01-15,1,False,0,False,True,385,30000.0,4747.3308,
Y,\\sahale.biostr.washington.edu\data\Subjects\JRS_0063\2026-01-16\1\p0_g0\p0_g0_imec0\p0_g0_t0.imec0.ap.bin,107817061660,ap,JRS_0063,2026-01-16,1,False,0,False,True,385,30000.0,4667.405266666667,
Y,\\sahale.biostr.washington.edu\data\Subjects\JRS_0063\2026-01-16\1\p0_g0\p0_g0_imec1\p0_g0_t0.imec1.ap.bin,107815834280,ap,JRS_0063,2026-01-16,1,False,0,False,True,385,30000.0,4667.352133333334,
Y,\\sahale.biostr.washington.edu\data\Subjects\ZYE_0088\2024-09-06\1\p0_g0\p0_g0_imec0\p0_g0_t0.imec0.ap.bin,86327851610,ap,ZYE_0088,2024-09-06,1,False,0,False,True,385,30000.0,3737.136433333333,
Y,\\sahale.biostr.washington.edu\data\Subjects\ZYE_0088\2024-09-06\2\p1_g0\p1_g0_imec0\p1_g0_t0.imec0.ap.bin,66670054990,ap,ZYE_0088,2024-09-06,2,False,0,False,True,385,30000.0,2886.1495666666665,
Y,\\sahale.biostr.washington.edu\data\Subjects\ZYE_0088\2024-09-07\1\p0_g0\p0_g0_imec0\p0_g0_t0.imec0.ap.bin,66507023660,ap,ZYE_0088,2024-09-07,1,False,0,False,True,385,30000.0,2879.091933333333,
Y,\\sahale.biostr.washington.edu\data\Subjects\ZYE_0066\2022-10-25\1\p0_g1\p0_g1_imec0\p0_g1_t0.imec0.ap.bin,52372272260,ap,ZYE_0066,2022-10-25,1,False,0,False,True,385,30000.0,2267.1979333333334,
Y,\\sahale.biostr.washington.edu\data\Subjects\ZYE_0066\2022-10-25\6\p2_g0\p2_g0_imec0\p2_g0_t0.imec0.ap.bin,73502124080,ap,ZYE_0066,2022-10-25,6,False,0,False,True,385,30000.0,3181.9101333333333,
Y,\\sahale.biostr.washington.edu\data\Subjects\LK_0003\2021-07-07\1\p0_g0\p0_g0_imec0\p0_g0_t0.imec0.ap.bin,22000590920,ap,LK_0003,2021-07-07,1,False,0,False,True,385,30000.0,952.4065333333333,
Y,\\sahale.biostr.washington.edu\data\Subjects\LK_0003\2021-07-07\2\p1_g0\p1_g0_imec0\p1_g0_t0.imec0.ap.bin,15708833140,ap,LK_0003,2021-07-07,2,False,0,False,True,385,30000.0,680.0360666666667,
Y,\\sahale.biostr.washington.edu\data\Subjects\JRS_0042\2024-01-09\1\p0_g0\p0_g0_imec0\p0_g0_t0.imec0.ap.bin,84210906780,ap,JRS_0042,2024-01-09,1,False,0,False,True,385,30000.0,3645.4938,
Y,\\sahale.biostr.washington.edu\data\Subjects\JRS_0042\2024-01-09\1\p0_g0\p0_g0_imec1\p0_g0_t0.imec1.ap.bin,84208753090,ap,JRS_0042,2024-01-09,1,False,0,False,True,385,30000.0,3645.4005666666667,
Y,\\sahale.biostr.washington.edu\data\Subjects\JRS_0042\2024-01-10\1\p0_g0\p0_g0_imec0\p0_g0_t0.imec0.ap.bin,77752452470,ap,JRS_0042,2024-01-10,1,False,0,False,True,385,30000.0,3365.9070333333334,
Y,\\sahale.biostr.washington.edu\data\Subjects\JRS_0042\2024-01-11\1\p0_g0\p0_g0_imec0\p0_g0_t0.imec0.ap.bin,83548696770,ap,JRS_0042,2024-01-11,1,False,0,False,True,385,30000.0,3616.8267,
Y,\\sahale.biostr.washington.edu\data\Subjects\JRS_0042\2024-01-11\1\p0_g0\p0_g0_imec1\p0_g0_t0.imec1.ap.bin,83546843380,ap,JRS_0042,2024-01-11,1,False,0,False,True,385,30000.0,3616.7464666666665,
Y,\\sahale.biostr.washington.edu\data\Subjects\JRS_0042\2024-01-12\2\p0_g0\p0_g0_imec0\p0_g0_t0.imec0.ap.bin,81756189130,ap,JRS_0042,2024-01-12,2,False,0,False,True,385,30000.0,3539.2289666666666,
Y,\\sahale.biostr.washington.edu\data\Subjects\ZYE_0047\2021-11-26\2\p1_g1\p1_g1_imec0\p1_g1_t0.imec0.ap.bin,44505553400,ap,ZYE_0047,2021-11-26,2,False,0,False,True,385,30000.0,1926.6473333333333,
Y,\\sahale.biostr.washington.edu\data\Subjects\JRS_0048\2024-03-06\3\p3_g0\p3_g0_imec0\p3_g0_t0.imec0.ap.bin,89698488880,ap,JRS_0048,2024-03-06,3,False,0,False,True,385,30000.0,3883.051466666667,
Y,\\sahale.biostr.washington.edu\data\Subjects\JRS_0048\2024-03-06\3\p3_g0\p3_g0_imec1\p3_g0_t0.imec1.ap.bin,89696586980,ap,JRS_0048,2024-03-06,3,False,0,False,True,385,30000.0,3882.9691333333335,
Y,\\sahale.biostr.washington.edu\data\Subjects\JRS_0048\2024-03-07\1\p3_g0\p3_g0_imec0\p3_g0_t0.imec0.ap.bin,76992128290,ap,JRS_0048,2024-03-07,1,False,0,False,True,385,30000.0,3332.992566666667,
Y,\\sahale.biostr.washington.edu\data\Subjects\JRS_0048\2024-03-07\1\p3_g0\p3_g0_imec1\p3_g0_t0.imec1.ap.bin,76990336500,ap,JRS_0048,2024-03-07,1,False,0,False,True,385,30000.0,3332.915,
Y,\\sahale.biostr.washington.edu\data\Subjects\JRS_0048\2024-03-08\1\p3_g0\p3_g0_imec0\p3_g0_t0.imec0.ap.bin,83207542110,ap,JRS_0048,2024-03-08,1,False,0,False,True,385,30000.0,3602.0581,
Y,\\sahale.biostr.washington.edu\data\Subjects\JRS_0048\2024-03-09\1\p0_g0\p0_g0_imec0\p0_g0_t0.imec0.ap.bin,77161234920,ap,JRS_0048,2024-03-09,1,False,0,False,True,385,30000.0,3340.3132,
Y,\\sahale.biostr.washington.edu\data\Subjects\JRS_0048\2024-03-09\1\p0_g0\p0_g0_imec1\p0_g0_t0.imec1.ap.bin,77160066060,ap,JRS_0048,2024-03-09,1,False,0,False,True,385,30000.0,3340.2626,
Y,\\sahale.biostr.washington.edu\data\Subjects\AB_0014\2021-11-19\1\p0_g1\p0_g1_imec0\p0_g1_t0.imec0.ap.bin,3190886930,ap,AB_0014,2021-11-19,1,False,0,False,True,385,30000.0,138.13363333333334,
Y,\\sahale.biostr.washington.edu\data\Subjects\XL_001\2025-08-12\1\p0_g0\p0_g0_imec0\p0_g0_t0.imec0.ap.bin,46369212120,ap,XL_001,2025-08-12,1,False,0,False,True,385,30000.0,2007.3252,
Y,\\sahale.biostr.washington.edu\data\Subjects\XL_001\2025-08-12\1\p0_g0\p0_g0_imec0\p0_g0_t0.imec0.lf.bin,3864101010,lf,XL_001,2025-08-12,1,False,0,False,True,385,2500.0,2007.3252,
Y,\\sahale.biostr.washington.edu\data\Subjects\XL_001\2025-08-13\1\p0_g0\p0_g0_imec0\p0_g0_t0.imec0.ap.bin,49178939040,ap,XL_001,2025-08-13,1,False,0,False,True,385,30000.0,2128.9584,
Y,\\sahale.biostr.washington.edu\data\Subjects\XL_001\2025-08-13\1\p0_g0\p0_g0_imec0\p0_g0_t0.imec0.lf.bin,4098244920,lf,XL_001,2025-08-13,1,False,0,False,True,385,2500.0,2128.9584,
Y,\\sahale.biostr.washington.edu\data\Subjects\ZYE_0008\2020-10-31\1\p1_g0\p1_g0_imec0\p1_g0_t0.imec0.ap.bin,21743429400,ap,ZYE_0008,2020-10-31,1,False,0,False,True,385,30000.0,941.274,
Y,\\sahale.biostr.washington.edu\data\Subjects\ZYE_0008\2020-10-31\1\p1_g0\p1_g0_imec0\p1_g0_t0.imec0.lf.bin,1811952450,lf,ZYE_0008,2020-10-31,1,False,0,False,True,385,2500.0,941.274,
Y,\\sahale.biostr.washington.edu\data\Subjects\ZYE_0008\2020-10-31\1\p1_g0\p1_g0_imec1\p1_g0_t0.imec1.ap.bin,21743715840,ap,ZYE_0008,2020-10-31,1,False,0,False,True,385,30000.0,941.2864,
Y,\\sahale.biostr.washington.edu\data\Subjects\ZYE_0008\2020-10-31\1\p1_g0\p1_g0_imec1\p1_g0_t0.imec1.lf.bin,1811976320,lf,ZYE_0008,2020-10-31,1,False,0,False,True,385,2500.0,941.2864,
Y,\\sahale.biostr.washington.edu\data\Subjects\ZYE_0008\2020-10-31\3\p1_g1\p1_g1_imec0\p1_g1_t0.imec0.ap.bin,123435718560,ap,ZYE_0008,2020-10-31,3,False,0,False,True,385,30000.0,5343.5376,
Y,\\sahale.biostr.washington.edu\data\Subjects\ZYE_0008\2020-10-31\3\p1_g1\p1_g1_imec0\p1_g1_t0.imec0.lf.bin,10286309880,lf,ZYE_0008,2020-10-31,3,False,0,False,True,385,2500.0,5343.5376,
Y,\\sahale.biostr.washington.edu\data\Subjects\ZYE_0008\2020-10-31\3\p1_g1\p1_g1_imec1\p1_g1_t0.imec1.ap.bin,123436208280,ap,ZYE_0008,2020-10-31,3,False,0,False,True,385,30000.0,5343.5588,
Y,\\sahale.biostr.washington.edu\data\Subjects\ZYE_0008\2020-10-31\3\p1_g1\p1_g1_imec1\p1_g1_t0.imec1.lf.bin,10286350690,lf,ZYE_0008,2020-10-31,3,False,0,False,True,385,2500.0,5343.5588,
Y,\\sahale.biostr.washington.edu\data\Subjects\ZYE_0008\2020-10-31\5\p1_g2\p1_g2_imec0\p1_g2_t0.imec0.ap.bin,52677785160,ap,ZYE_0008,2020-10-31,5,False,0,False,True,385,30000.0,2280.4236,
Y,\\sahale.biostr.washington.edu\data\Subjects\ZYE_0008\2020-10-31\5\p1_g2\p1_g2_imec0\p1_g2_t0.imec0.lf.bin,4389815430,lf,ZYE_0008,2020-10-31,5,False,0,False,True,385,2500.0,2280.4236,
Y,\\sahale.biostr.washington.edu\data\Subjects\ZYE_0008\2020-10-31\5\p1_g2\p1_g2_imec1\p1_g2_t0.imec1.ap.bin,52678302600,ap,ZYE_0008,2020-10-31,5,False,0,False,True,385,30000.0,2280.446,
Y,\\sahale.biostr.washington.edu\data\Subjects\ZYE_0008\2020-10-31\5\p1_g2\p1_g2_imec1\p1_g2_t0.imec1.lf.bin,4389858550,lf,ZYE_0008,2020-10-31,5,False,0,False,True,385,2500.0,2280.446,
Y,\\sahale.biostr.washington.edu\data\Subjects\ZYE_0008\2020-10-31\7\p2_g0\p2_g0_imec0\p2_g0_t0.imec0.ap.bin,18998419440,ap,ZYE_0008,2020-10-31,7,False,0,False,True,385,30000.0,822.4424,
Y,\\sahale.biostr.washington.edu\data\Subjects\ZYE_0008\2020-10-31\7\p2_g0\p2_g0_imec0\p2_g0_t0.imec0.lf.bin,1583201620,lf,ZYE_0008,2020-10-31,7,False,0,False,True,385,2500.0,822.4424,
Y,\\sahale.biostr.washington.edu\data\Subjects\ZYE_0008\2020-10-31\7\p2_g0\p2_g0_imec1\p2_g0_t0.imec1.ap.bin,18998502600,ap,ZYE_0008,2020-10-31,7,False,0,False,True,385,30000.0,822.446,
Y,\\sahale.biostr.washington.edu\data\Subjects\ZYE_0008\2020-10-31\7\p2_g0\p2_g0_imec1\p2_g0_t0.imec1.lf.bin,1583208550,lf,ZYE_0008,2020-10-31,7,False,0,False,True,385,2500.0,822.446,
Y,\\sahale.biostr.washington.edu\data\Subjects\ZYE_0008\2020-11-04\1\p1_g0\p1_g0_imec0\p1_g0_t0.imec0.ap.bin,140373562560,ap,ZYE_0008,2020-11-04,1,False,0,False,True,385,30000.0,6076.7776,
Y,\\sahale.biostr.washington.edu\data\Subjects\ZYE_0008\2020-11-04\1\p1_g0\p1_g0_imec0\p1_g0_t0.imec0.lf.bin,11697796880,lf,ZYE_0008,2020-11-04,1,False,0,False,True,385,2500.0,6076.7776,
Y,\\sahale.biostr.washington.edu\data\Subjects\ZYE_0008\2020-11-04\1\p1_g0\p1_g0_imec1\p1_g0_t0.imec1.ap.bin,140373701160,ap,ZYE_0008,2020-11-04,1,False,0,False,True,385,30000.0,6076.7836,
Y,\\sahale.biostr.washington.edu\data\Subjects\ZYE_0008\2020-11-04\1\p1_g0\p1_g0_imec1\p1_g0_t0.imec1.lf.bin,11697808430,lf,ZYE_0008,2020-11-04,1,False,0,False,True,385,2500.0,6076.7836,
Y,\\sahale.biostr.washington.edu\data\Subjects\ZYE_0008\2020-11-05\3\p1_g0\p1_g0_imec0\p1_g0_t0.imec0.ap.bin,124626218640,ap,ZYE_0008,2020-11-05,3,False,0,False,True,385,30000.0,5395.0744,
Y,\\sahale.biostr.washington.edu\data\Subjects\ZYE_0008\2020-11-05\3\p1_g0\p1_g0_imec0\p1_g0_t0.imec0.lf.bin,10385518220,lf,ZYE_0008,2020-11-05,3,False,0,False,True,385,2500.0,5395.0744,
Y,\\sahale.biostr.washington.edu\data\Subjects\ZYE_0072\2023-01-22\1\p0_g0\p0_g0_imec0\p0_g0_t0.imec0.ap.bin,95160844240,ap,ZYE_0072,2023-01-22,1,False,0,False,True,385,30000.0,4119.517066666666,
Y,\\sahale.biostr.washington.edu\data\Subjects\ZYE_0072\2023-01-22\5\p1_g0\p1_g0_imec0\p1_g0_t0.imec0.ap.bin,77639094610,ap,ZYE_0072,2023-01-22,5,False,0,False,True,385,30000.0,3360.999766666667,
Y,\\sahale.biostr.washington.edu\data\Subjects\ZYE_0072\2023-01-31\1\p0_g0\p0_g0_imec0\p0_g0_t0.imec0.ap.bin,63990677520,ap,ZYE_0072,2023-01-31,1,False,0,False,True,385,30000.0,2770.1592,
Y,\\sahale.biostr.washington.edu\data\Subjects\ZYE_0072\2023-01-31\1\p0_g0\p0_g0_imec0\p0_g0_t0.imec0.lf.bin,5332556460,lf,ZYE_0072,2023-01-31,1,False,0,False,True,385,2500.0,2770.1592,
Y,\\sahale.biostr.washington.edu\data\Subjects\ZYE_0072\2023-01-31\2\p1_g0\p1_g0_imec0\p1_g0_t0.imec0.ap.bin,59719127930,ap,ZYE_0072,2023-01-31,2,False,0,False,True,385,30000.0,2585.2436333333335,
Y,\\sahale.biostr.washington.edu\data\Subjects\ZYE_0072\2023-01-31\2\p1_g0\p1_g0_imec0\p1_g0_t0.imec0.lf.bin,4976594700,lf,ZYE_0072,2023-01-31,2,False,0,False,True,385,2500.0,2585.244,
Y,\\sahale.biostr.washington.edu\data\Subjects\ZYE_0072\2023-02-01\1\p0_g0\p0_g0_imec0\p0_g0_t0.imec0.ap.bin,50212506960,ap,ZYE_0072,2023-02-01,1,False,0,False,True,385,30000.0,2173.7016,
Y,\\sahale.biostr.washington.edu\data\Subjects\ZYE_0072\2023-02-01\1\p0_g0\p0_g0_imec0\p0_g0_t0.imec0.lf.bin,4184375580,lf,ZYE_0072,2023-02-01,1,False,0,False,True,385,2500.0,2173.7016,
Y,\\sahale.biostr.washington.edu\data\Subjects\ZYE_0072\2023-02-01\2\p1_g0\p1_g0_imec0\p1_g0_t0.imec0.ap.bin,56900234930,ap,ZYE_0072,2023-02-01,2,False,0,False,True,385,30000.0,2463.2136333333333,
Y,\\sahale.biostr.washington.edu\data\Subjects\ZYE_0072\2023-02-01\2\p1_g0\p1_g0_imec0\p1_g0_t0.imec0.lf.bin,4741686950,lf,ZYE_0072,2023-02-01,2,False,0,False,True,385,2500.0,2463.214,
Y,\\sahale.biostr.washington.edu\data\Subjects\ZYE_0072\2023-02-01\3\p2_g0\p2_g0_imec0\p2_g0_t0.imec0.ap.bin,28404064920,ap,ZYE_0072,2023-02-01,3,False,0,False,True,385,30000.0,1229.6132,
Y,\\sahale.biostr.washington.edu\data\Subjects\ZYE_0072\2023-02-01\3\p2_g0\p2_g0_imec0\p2_g0_t0.imec0.lf.bin,2367005410,lf,ZYE_0072,2023-02-01,3,False,0,False,True,385,2500.0,1229.6132,
Y,\\sahale.biostr.washington.edu\data\Subjects\ZYE_0072\2023-02-03\1\p0_g0\p0_g0_imec0\p0_g0_t0.imec0.ap.bin,16901188920,ap,ZYE_0072,2023-02-03,1,False,0,False,True,385,30000.0,731.6532,
Y,\\sahale.biostr.washington.edu\data\Subjects\ZYE_0072\2023-02-03\1\p0_g0\p0_g0_imec0\p0_g0_t0.imec0.lf.bin,1408432410,lf,ZYE_0072,2023-02-03,1,False,0,False,True,385,2500.0,731.6532,
Y,\\sahale.biostr.washington.edu\data\Subjects\AL_0029\2024-02-26\1\p0_g0\p0_g0_imec0\p0_g0_t0.imec0.ap.bin,12766372080,ap,AL_0029,2024-02-26,1,False,0,False,True,385,30000.0,552.6568,
Y,\\sahale.biostr.washington.edu\data\Subjects\AL_0029\2024-02-26\1\p0_g0\p0_g0_imec0\p0_g0_t0.imec0.lf.bin,1063864340,lf,AL_0029,2024-02-26,1,False,0,False,True,385,2500.0,552.6568,
Y,\\sahale.biostr.washington.edu\data\Subjects\AL_0029\2024-02-26\1\p1_g0\p1_g0_imec0\p1_g0_t0.imec0.ap.bin,13938374450,ap,AL_0029,2024-02-26,1,False,0,False,True,385,30000.0,603.3928333333333,
Y,\\sahale.biostr.washington.edu\data\Subjects\AL_0029\2024-02-26\1\p1_g0\p1_g0_imec0\p1_g0_t0.imec0.lf.bin,1161531910,lf,AL_0029,2024-02-26,1,False,0,False,True,385,2500.0,603.3932,
Y,\\sahale.biostr.washington.edu\data\Subjects\AL_0029\2024-02-26\1\p2_g1\p2_g1_imec0\p2_g1_t0.imec0.ap.bin,8704348730,ap,AL_0029,2024-02-26,1,False,0,False,True,385,30000.0,376.81163333333336,
Y,\\sahale.biostr.washington.edu\data\Subjects\AL_0029\2024-02-26\1\p2_g1\p2_g1_imec0\p2_g1_t0.imec0.lf.bin,725363100,lf,AL_0029,2024-02-26,1,False,0,False,True,385,2500.0,376.812,
Y,\\sahale.biostr.washington.edu\data\Subjects\AL_0029\2024-02-26\1\p3_g1\p3_g1_imec0\p3_g1_t0.imec0.ap.bin,35209944000,ap,AL_0029,2024-02-26,1,False,0,False,True,385,30000.0,1524.24,
Y,\\sahale.biostr.washington.edu\data\Subjects\AL_0029\2024-02-26\1\p3_g1\p3_g1_imec0\p3_g1_t0.imec0.lf.bin,2934162000,lf,AL_0029,2024-02-26,1,False,0,False,True,385,2500.0,1524.24,
Y,\\sahale.biostr.washington.edu\data\Subjects\AL_0029\2024-02-26\1\p3_g1\p3_g1_imec1\p3_g1_t0.imec1.ap.bin,35209897800,ap,AL_0029,2024-02-26,1,False,0,False,True,385,30000.0,1524.238,
Y,\\sahale.biostr.washington.edu\data\Subjects\AL_0029\2024-02-26\1\p3_g1\p3_g1_imec1\p3_g1_t0.imec1.lf.bin,2934158150,lf,AL_0029,2024-02-26,1,False,0,False,True,385,2500.0,1524.238,
Y,\\sahale.biostr.washington.edu\data\Subjects\DO_0008\2021-03-24\1\p1_g0\p1_g0_imec0\p1_g0_t0.imec0.ap.bin,21463679160,ap,DO_0008,2021-03-24,1,False,0,False,True,385,30000.0,929.1636,
Y,\\sahale.biostr.washington.edu\data\Subjects\DO_0008\2021-03-24\1\p1_g0\p1_g0_imec0\p1_g0_t0.imec0.lf.bin,1788639930,lf,DO_0008,2021-03-24,1,False,0,False,True,385,2500.0,929.1636,
Y,\\sahale.biostr.washington.edu\data\Subjects\DO_0008\2021-03-24\3\p0_g0\p0_g0_imec0\p0_g0_t0.imec0.ap.bin,36737713320,ap,DO_0008,2021-03-24,3,False,0,False,True,385,30000.0,1590.3772,
Y,\\sahale.biostr.washington.edu\data\Subjects\DO_0008\2021-03-24\3\p0_g0\p0_g0_imec0\p0_g0_t0.imec0.lf.bin,3061476110,lf,DO_0008,2021-03-24,3,False,0,False,True,385,2500.0,1590.3772,
Y,\\sahale.biostr.washington.edu\data\Subjects\DO_0008\2021-03-25\1\p0_g0\p0_g0_imec0\p0_g0_t0.imec0.ap.bin,92002926400,ap,DO_0008,2021-03-25,1,False,0,False,True,385,30000.0,3982.8106666666667,
Y,\\sahale.biostr.washington.edu\data\Subjects\AL_0030\2024-01-23\4\p1_g0\p1_g0_imec0\p1_g0_t0.imec0.ap.bin,14815832570,ap,AL_0030,2024-01-23,4,False,0,False,True,385,30000.0,641.3780333333333,
Y,\\sahale.biostr.washington.edu\data\Subjects\JRS_0013\2022-04-25\5\p0_g0\p0_g0_imec0\p0_g0_t0.imec0.ap.bin,85461459160,ap,JRS_0013,2022-04-25,5,False,0,False,True,385,30000.0,3699.6302666666666,
Y,\\sahale.biostr.washington.edu\data\Subjects\JRS_0013\2022-04-25\5\p0_g0\p0_g0_imec1\p0_g0_t0.imec1.ap.bin,85461314400,ap,JRS_0013,2022-04-25,5,False,0,False,True,385,30000.0,3699.624,
Y,\\sahale.biostr.washington.edu\data\Subjects\JRS_0013\2022-04-26\3\p0_g0\p0_g0_imec0\p0_g0_t0.imec0.ap.bin,104649681290,ap,JRS_0013,2022-04-26,3,False,0,False,True,385,30000.0,4530.289233333333,
Y,\\sahale.biostr.washington.edu\data\Subjects\JRS_0013\2022-04-26\3\p0_g0\p0_g0_imec1\p0_g0_t0.imec1.ap.bin,104649474160,ap,JRS_0013,2022-04-26,3,False,0,False,True,385,30000.0,4530.280266666667,
Y,\\sahale.biostr.washington.edu\data\Subjects\JRS_0013\2022-04-27\1\p0_g0\p0_g0_imec0\p0_g0_t0.imec0.ap.bin,106593831960,ap,JRS_0013,2022-04-27,1,False,0,False,True,385,30000.0,4614.4516,
Y,\\sahale.biostr.washington.edu\data\Subjects\JRS_0013\2022-04-27\1\p0_g0\p0_g0_imec1\p0_g0_t0.imec1.ap.bin,106593499320,ap,JRS_0013,2022-04-27,1,False,0,False,True,385,30000.0,4614.4372,
Y,\\sahale.biostr.washington.edu\data\Subjects\JRS_0013\2022-04-28\1\p0_g0\p0_g0_imec0\p0_g0_t0.imec0.ap.bin,105603862210,ap,JRS_0013,2022-04-28,1,False,0,False,True,385,30000.0,4571.595766666666,
Y,\\sahale.biostr.washington.edu\data\Subjects\JRS_0013\2022-04-28\1\p0_g0\p0_g0_imec1\p0_g0_t0.imec1.ap.bin,105603176140,ap,JRS_0013,2022-04-28,1,False,0,False,True,385,30000.0,4571.566066666666,
Y,\\sahale.biostr.washington.edu\data\Subjects\ZYE_0016\2021-02-26\1\p1_g0\p1_g0_imec0\p1_g0_t0.imec0.ap.bin,11621590750,ap,ZYE_0016,2021-02-26,1,False,0,False,True,385,30000.0,503.0991666666667,
Y,\\sahale.biostr.washington.edu\data\Subjects\ZYE_0016\2021-02-26\2\p3_g0\p3_g0_imec0\p3_g0_t0.imec0.ap.bin,32909816940,ap,ZYE_0016,2021-02-26,2,False,0,False,True,385,30000.0,1424.6674,
Y,\\sahale.biostr.washington.edu\data\Subjects\SM_0009\2022-07-27\1\p0_g0\p0_g0_imec0\p0_g0_t0.imec0.ap.bin,59799148640,ap,SM_0009,2022-07-27,1,False,0,False,True,385,30000.0,2588.707733333333,
Y,\\sahale.biostr.washington.edu\data\Subjects\SM_0009\2022-07-27\8\p0_g0\p0_g0_imec0\p0_g0_t0.imec0.ap.bin,106603962850,ap,SM_0009,2022-07-27,8,False,0,False,True,385,30000.0,4614.890166666667,
Y,\\sahale.biostr.washington.edu\data\Subjects\SM_0003\2021-10-08\8\p2_g0\p2_g0_imec0\p2_g0_t0.imec0.ap.bin,123840429790,ap,SM_0003,2021-10-08,8,False,0,False,True,385,30000.0,5361.057566666666,
Y,\\sahale.biostr.washington.edu\data\Subjects\SM_0003\2021-10-14\4\p2_g0\p2_g0_imec0\p2_g0_t0.imec0.ap.bin,155929877950,ap,SM_0003,2021-10-14,4,False,0,False,True,385,30000.0,6750.211166666667,
Y,\\sahale.biostr.washington.edu\data\Subjects\ZYE_0059\2022-03-15\1\p0_g0\p0_g0_imec0\p0_g0_t0.imec0.ap.bin,64487745630,ap,ZYE_0059,2022-03-15,1,False,0,False,True,385,30000.0,2791.6773,
Y,\\sahale.biostr.washington.edu\data\Subjects\ZYE_0059\2022-03-15\5\p4_g0\p4_g0_imec0\p4_g0_t0.imec0.ap.bin,73692624390,ap,ZYE_0059,2022-03-15,5,False,0,False,True,385,30000.0,3190.1569,
Y,\\sahale.biostr.washington.edu\data\Subjects\ZYE_0059\2022-03-16\1\p0_g0\p0_g0_imec0\p0_g0_t0.imec0.ap.bin,99486317700,ap,ZYE_0059,2022-03-16,1,False,0,False,True,385,30000.0,4306.767,
Y,\\sahale.biostr.washington.edu\data\Subjects\ZYE_0053\2021-12-20\5\p1_g0\p1_g0_imec0\p1_g0_t0.imec0.ap.bin,16037114940,ap,ZYE_0053,2021-12-20,5,False,0,False,True,385,30000.0,694.2474,
Y,\\sahale.biostr.washington.edu\data\Subjects\ZYE_0053\2021-12-20\5\p1_g0\p1_g0_imec0\p1_g0_t0.imec0.lf.bin,668213700,lf,ZYE_0053,2021-12-20,5,False,0,False,False,0,0.0,0.0,
Y,\\sahale.biostr.washington.edu\data\Subjects\ZYE_0053\2021-12-21\1\p0_g0\p0_g0_imec0\p0_g0_t0.imec0.ap.bin,66709680730,ap,ZYE_0053,2021-12-21,1,False,0,False,True,385,30000.0,2887.8649666666665,
Y,\\sahale.biostr.washington.edu\data\Subjects\ZYE_0053\2021-12-22\1\p0_g0\p0_g0_imec0\p0_g0_t0.imec0.ap.bin,74924139290,ap,ZYE_0053,2021-12-22,1,False,0,False,True,385,30000.0,3243.4692333333332,
Y,\\sahale.biostr.washington.edu\data\Subjects\ZYE_0053\2022-01-01\4\p3_g0\p3_g0_imec0\p3_g0_t0.imec0.ap.bin,45641513610,ap,ZYE_0053,2022-01-01,4,False,0,False,True,385,30000.0,1975.8231,
Y,\\sahale.biostr.washington.edu\data\Subjects\ZYE_0053\2022-01-02\1\p0_g0\p0_g0_imec0\p0_g0_t0.imec0.ap.bin,84650626060,ap,ZYE_0053,2022-01-02,1,False,0,False,True,385,30000.0,3664.5292666666664,
Y,\\sahale.biostr.washington.edu\data\Subjects\ZYE_0053\2022-01-04\1\p0_g0\p0_g0_imec0\p0_g0_t0.imec0.ap.bin,71003338560,ap,ZYE_0053,2022-01-04,1,False,0,False,True,385,30000.0,3073.7376,
Y,\\sahale.biostr.washington.edu\data\Subjects\JRS_0021\2023-05-16\1\p0_g0\p0_g0_imec0\p0_g0_t0.imec0.ap.bin,54707420460,ap,JRS_0021,2023-05-16,1,False,0,False,True,385,30000.0,2368.2866,
Y,\\sahale.biostr.washington.edu\data\Subjects\JRS_0021\2023-05-17\1\p0_g0\p0_g0_imec0\p0_g0_t0.imec0.ap.bin,92600869130,ap,JRS_0021,2023-05-17,1,False,0,False,True,385,30000.0,4008.6956333333333,
Y,\\sahale.biostr.washington.edu\data\Subjects\JRS_0021\2023-05-19\1\p1_g0\p1_g0_imec0\p1_g0_t0.imec0.ap.bin,175428969870,ap,JRS_0021,2023-05-19,1,False,0,False,True,385,30000.0,7594.3277,
Y,\\sahale.biostr.washington.edu\data\Subjects\KM_037\2024-12-18\3\p0_g1\p0_g1\p0_g1_t0.imec0.ap.bin,36433350030,ap,KM_037,2024-12-18,3,False,0,False,True,385,30000.0,1577.2013,
Y,\\sahale.biostr.washington.edu\data\Subjects\KM_037\2024-12-20\1\p0_g0\p0_g0_imec0\p0_g0_t0.imec0.ap.bin,14879689440,ap,KM_037,2024-12-20,1,False,0,False,True,385,30000.0,644.1424,
Y,\\sahale.biostr.washington.edu\data\Subjects\KM_037\2024-12-20\1\p0_g0\p0_g0_imec0\p0_g0_t0.imec0.lf.bin,1239974120,lf,KM_037,2024-12-20,1,False,0,False,True,385,2500.0,644.1424,
Y,\\sahale.biostr.washington.edu\data\Subjects\KM_037\2024-12-20\1\p1_g0\p1_g0_imec0\p1_g0_t0.imec0.ap.bin,1989787800,ap,KM_037,2024-12-20,1,False,0,False,True,385,30000.0,86.138,
Y,\\sahale.biostr.washington.edu\data\Subjects\KM_037\2024-12-20\1\p1_g0\p1_g0_imec0\p1_g0_t0.imec0.lf.bin,165815650,lf,KM_037,2024-12-20,1,False,0,False,True,385,2500.0,86.138,
Y,\\sahale.biostr.washington.edu\data\Subjects\KM_037\2024-12-20\1\p2_g0\p2_g0_imec0\p2_g0_t0.imec0.ap.bin,15433120010,ap,KM_037,2024-12-20,1,False,0,False,True,385,30000.0,668.1004333333333,
Y,\\sahale.biostr.washington.edu\data\Subjects\KM_037\2024-12-20\1\p2_g0\p2_g0_imec0\p2_g0_t0.imec0.lf.bin,1286094040,lf,KM_037,2024-12-20,1,False,0,False,True,385,2500.0,668.1008,
Y,\\sahale.biostr.washington.edu\data\Subjects\KM_037\2024-12-20\1\p3_g0\p3_g0_imec0\p3_g0_t0.imec0.ap.bin,7275603720,ap,KM_037,2024-12-20,1,False,0,False,True,385,30000.0,314.9612,
Y,\\sahale.biostr.washington.edu\data\Subjects\KM_037\2024-12-20\1\p3_g0\p3_g0_imec0\p3_g0_t0.imec0.lf.bin,606300310,lf,KM_037,2024-12-20,1,False,0,False,True,385,2500.0,314.9612,
Y,\\sahale.biostr.washington.edu\data\Subjects\KM_037\2024-12-20\2\p0_g0\p0_g0_imec0\p0_g0_t0.imec0.ap.bin,14879689440,ap,KM_037,2024-12-20,2,False,0,False,True,385,30000.0,644.1424,
Y,\\sahale.biostr.washington.edu\data\Subjects\KM_037\2024-12-20\2\p0_g0\p0_g0_imec0\p0_g0_t0.imec0.lf.bin,1239974120,lf,KM_037,2024-12-20,2,False,0,False,True,385,2500.0,644.1424,
Y,\\sahale.biostr.washington.edu\data\Subjects\KM_037\2024-12-20\4\p1_g0\p1_g0_imec0\p1_g0_t0.imec0.ap.bin,1989787800,ap,KM_037,2024-12-20,4,False,0,False,True,385,30000.0,86.138,
Y,\\sahale.biostr.washington.edu\data\Subjects\KM_037\2024-12-20\4\p1_g0\p1_g0_imec0\p1_g0_t0.imec0.lf.bin,165815650,lf,KM_037,2024-12-20,4,False,0,False,True,385,2500.0,86.138,
Y,\\sahale.biostr.washington.edu\data\Subjects\KM_037\2024-12-20\5\p2_g0\p2_g0_imec0\p2_g0_t0.imec0.ap.bin,15433120010,ap,KM_037,2024-12-20,5,False,0,False,True,385,30000.0,668.1004333333333,
Y,\\sahale.biostr.washington.edu\data\Subjects\KM_037\2024-12-20\5\p2_g0\p2_g0_imec0\p2_g0_t0.imec0.lf.bin,1286094040,lf,KM_037,2024-12-20,5,False,0,False,True,385,2500.0,668.1008,
Y,\\sahale.biostr.washington.edu\data\Subjects\KM_037\2024-12-20\7\p3_g0\p3_g0_imec0\p3_g0_t0.imec0.ap.bin,7275603720,ap,KM_037,2024-12-20,7,False,0,False,True,385,30000.0,314.9612,
Y,\\sahale.biostr.washington.edu\data\Subjects\KM_037\2024-12-20\7\p3_g0\p3_g0_imec0\p3_g0_t0.imec0.lf.bin,606300310,lf,KM_037,2024-12-20,7,False,0,False,True,385,2500.0,314.9612,
Y,\\sahale.biostr.washington.edu\data\Subjects\SM_0001\2020-11-09\1\p1_g0\p1_g0_imec0\p1_g0_t0.imec0.ap.bin,41267142840,ap,SM_0001,2020-11-09,1,False,0,False,True,385,30000.0,1786.4564,
Y,\\sahale.biostr.washington.edu\data\Subjects\SM_0001\2020-11-09\1\p1_g0\p1_g0_imec0\p1_g0_t0.imec0.lf.bin,3438928570,lf,SM_0001,2020-11-09,1,False,0,False,True,385,2500.0,1786.4564,
Y,\\sahale.biostr.washington.edu\data\Subjects\SM_0001\2020-11-09\1\p1_g0\p1_g0_imec1\p1_g0_t0.imec1.ap.bin,23916945360,ap,SM_0001,2020-11-09,1,False,0,False,True,385,30000.0,1035.3656,
Y,\\sahale.biostr.washington.edu\data\Subjects\SM_0001\2020-11-09\1\p1_g0\p1_g0_imec1\p1_g0_t0.imec1.lf.bin,1993078780,lf,SM_0001,2020-11-09,1,False,0,False,True,385,2500.0,1035.3656,
Y,\\sahale.biostr.washington.edu\data\Subjects\SM_0001\2020-11-09\10\p4_g0\p4_g0_imec0\p4_g0_t0.imec0.ap.bin,39213340320,ap,SM_0001,2020-11-09,10,False,0,False,True,385,30000.0,1697.5472,
Y,\\sahale.biostr.washington.edu\data\Subjects\SM_0001\2020-11-09\10\p4_g0\p4_g0_imec0\p4_g0_t0.imec0.lf.bin,3267778360,lf,SM_0001,2020-11-09,10,False,0,False,True,385,2500.0,1697.5472,
Y,\\sahale.biostr.washington.edu\data\Subjects\SM_0001\2020-11-09\10\p4_g0\p4_g0_imec1\p4_g0_t0.imec1.ap.bin,39213617520,ap,SM_0001,2020-11-09,10,False,0,False,True,385,30000.0,1697.5592,
Y,\\sahale.biostr.washington.edu\data\Subjects\SM_0001\2020-11-09\10\p4_g0\p4_g0_imec1\p4_g0_t0.imec1.lf.bin,3267801460,lf,SM_0001,2020-11-09,10,False,0,False,True,385,2500.0,1697.5592,
Y,\\sahale.biostr.washington.edu\data\Subjects\SM_0001\2020-11-09\12\p5_g0\p5_g0_imec0\p5_g0_t0.imec0.ap.bin,6221190360,ap,SM_0001,2020-11-09,12,False,0,False,True,385,30000.0,269.3156,
Y,\\sahale.biostr.washington.edu\data\Subjects\SM_0001\2020-11-09\12\p5_g0\p5_g0_imec0\p5_g0_t0.imec0.lf.bin,518432530,lf,SM_0001,2020-11-09,12,False,0,False,True,385,2500.0,269.3156,
Y,\\sahale.biostr.washington.edu\data\Subjects\SM_0001\2020-11-09\12\p5_g0\p5_g0_imec1\p5_g0_t0.imec1.ap.bin,6221421360,ap,SM_0001,2020-11-09,12,False,0,False,True,385,30000.0,269.3256,
Y,\\sahale.biostr.washington.edu\data\Subjects\SM_0001\2020-11-09\12\p5_g0\p5_g0_imec1\p5_g0_t0.imec1.lf.bin,518451780,lf,SM_0001,2020-11-09,12,False,0,False,True,385,2500.0,269.3256,
Y,\\sahale.biostr.washington.edu\data\Subjects\SM_0001\2020-11-09\14\p6_g0\p6_g0_imec0\p6_g0_t0.imec0.ap.bin,8221539480,ap,SM_0001,2020-11-09,14,False,0,False,True,385,30000.0,355.9108,
Y,\\sahale.biostr.washington.edu\data\Subjects\SM_0001\2020-11-09\14\p6_g0\p6_g0_imec0\p6_g0_t0.imec0.lf.bin,685128290,lf,SM_0001,2020-11-09,14,False,0,False,True,385,2500.0,355.9108,
Y,\\sahale.biostr.washington.edu\data\Subjects\SM_0001\2020-11-09\14\p6_g0\p6_g0_imec1\p6_g0_t0.imec1.ap.bin,8221825920,ap,SM_0001,2020-11-09,14,False,0,False,True,385,30000.0,355.9232,
Y,\\sahale.biostr.washington.edu\data\Subjects\SM_0001\2020-11-09\14\p6_g0\p6_g0_imec1\p6_g0_t0.imec1.lf.bin,685152160,lf,SM_0001,2020-11-09,14,False,0,False,True,385,2500.0,355.9232,
Y,\\sahale.biostr.washington.edu\data\Subjects\SM_0001\2020-11-09\16\p7_g0\p7_g0_imec0\p7_g0_t0.imec0.ap.bin,128465309280,ap,SM_0001,2020-11-09,16,False,0,False,True,385,30000.0,5561.2688,
Y,\\sahale.biostr.washington.edu\data\Subjects\SM_0001\2020-11-09\16\p7_g0\p7_g0_imec0\p7_g0_t0.imec0.lf.bin,10705442440,lf,SM_0001,2020-11-09,16,False,0,False,True,385,2500.0,5561.2688,
Y,\\sahale.biostr.washington.edu\data\Subjects\SM_0001\2020-11-09\16\p7_g0\p7_g0_imec1\p7_g0_t0.imec1.ap.bin,128465438640,ap,SM_0001,2020-11-09,16,False,0,False,True,385,30000.0,5561.2744,
Y,\\sahale.biostr.washington.edu\data\Subjects\SM_0001\2020-11-09\16\p7_g0\p7_g0_imec1\p7_g0_t0.imec1.lf.bin,10705453220,lf,SM_0001,2020-11-09,16,False,0,False,True,385,2500.0,5561.2744,
Y,\\sahale.biostr.washington.edu\data\Subjects\SM_0001\2020-11-09\6\p2_g0\p2_g0_imec0\p2_g0_t0.imec0.ap.bin,21061267920,ap,SM_0001,2020-11-09,6,False,0,False,True,385,30000.0,911.7432,
Y,\\sahale.biostr.washington.edu\data\Subjects\SM_0001\2020-11-09\6\p2_g0\p2_g0_imec0\p2_g0_t0.imec0.lf.bin,1755105660,lf,SM_0001,2020-11-09,6,False,0,False,True,385,2500.0,911.7432,
Y,\\sahale.biostr.washington.edu\data\Subjects\SM_0001\2020-11-09\6\p2_g0\p2_g0_imec1\p2_g0_t0.imec1.ap.bin,19787552400,ap,SM_0001,2020-11-09,6,False,0,False,True,385,30000.0,856.604,
Y,\\sahale.biostr.washington.edu\data\Subjects\SM_0001\2020-11-09\6\p2_g0\p2_g0_imec1\p2_g0_t0.imec1.lf.bin,1648962700,lf,SM_0001,2020-11-09,6,False,0,False,True,385,2500.0,856.604,
Y,\\sahale.biostr.washington.edu\data\Subjects\SM_0001\2020-11-09\8\p3_g0\p3_g0_imec0\p3_g0_t0.imec0.ap.bin,9659135640,ap,SM_0001,2020-11-09,8,False,0,False,True,385,30000.0,418.1444,
Y,\\sahale.biostr.washington.edu\data\Subjects\SM_0001\2020-11-09\8\p3_g0\p3_g0_imec0\p3_g0_t0.imec0.lf.bin,804927970,lf,SM_0001,2020-11-09,8,False,0,False,True,385,2500.0,418.1444,
Y,\\sahale.biostr.washington.edu\data\Subjects\SM_0001\2020-11-09\8\p3_g0\p3_g0_imec1\p3_g0_t0.imec1.ap.bin,8882910960,ap,SM_0001,2020-11-09,8,False,0,False,True,385,30000.0,384.5416,
Y,\\sahale.biostr.washington.edu\data\Subjects\SM_0001\2020-11-09\8\p3_g0\p3_g0_imec1\p3_g0_t0.imec1.lf.bin,740242580,lf,SM_0001,2020-11-09,8,False,0,False,True,385,2500.0,384.5416,
Y,\\sahale.biostr.washington.edu\data\Subjects\SM_0001\2020-11-10\1\p1_g0\p1_g0_imec0\p1_g0_t0.imec0.ap.bin,135994125960,ap,SM_0001,2020-11-10,1,False,0,False,True,385,30000.0,5887.1916,
Y,\\sahale.biostr.washington.edu\data\Subjects\SM_0001\2020-11-10\1\p1_g0\p1_g0_imec0\p1_g0_t0.imec0.lf.bin,11332843830,lf,SM_0001,2020-11-10,1,False,0,False,True,385,2500.0,5887.1916,
Y,\\sahale.biostr.washington.edu\data\Subjects\SM_0001\2020-11-10\1\p1_g0\p1_g0_imec1\p1_g0_t0.imec1.ap.bin,135994172160,ap,SM_0001,2020-11-10,1,False,0,False,True,385,30000.0,5887.1936,
Y,\\sahale.biostr.washington.edu\data\Subjects\SM_0001\2020-11-10\1\p1_g0\p1_g0_imec1\p1_g0_t0.imec1.lf.bin,11332847680,lf,SM_0001,2020-11-10,1,False,0,False,True,385,2500.0,5887.1936,
Y,\\sahale.biostr.washington.edu\data\Subjects\SM_0001\2020-11-11\1\p1_g0\p1_g0_imec0\p1_g0_t0.imec0.ap.bin,123876466560,ap,SM_0001,2020-11-11,1,False,0,False,True,385,30000.0,5362.6176,
Y,\\sahale.biostr.washington.edu\data\Subjects\SM_0001\2020-11-11\1\p1_g0\p1_g0_imec0\p1_g0_t0.imec0.lf.bin,10323038880,lf,SM_0001,2020-11-11,1,False,0,False,True,385,2500.0,5362.6176,
Y,\\sahale.biostr.washington.edu\data\Subjects\SM_0001\2020-11-11\3\p2_g0\p2_g0_imec0\p2_g0_t0.imec0.ap.bin,83538230930,ap,SM_0001,2020-11-11,3,False,0,False,True,385,30000.0,3616.373633333333,
Y,\\sahale.biostr.washington.edu\data\Subjects\SM_0001\2020-11-11\3\p2_g0\p2_g0_imec0\p2_g0_t0.imec0.lf.bin,6961519950,lf,SM_0001,2020-11-11,3,False,0,False,True,385,2500.0,3616.374,
Y,\\sahale.biostr.washington.edu\data\Subjects\ZYE_0087\2024-09-06\1\p0_g0\p0_g0_imec0\p0_g0_t0.imec0.ap.bin,29189804490,ap,ZYE_0087,2024-09-06,1,False,0,False,True,385,30000.0,1263.6279,
Y,\\sahale.biostr.washington.edu\data\Subjects\ZYE_0087\2024-09-06\2\p1_g0\p1_g0_imec0\p1_g0_t0.imec0.ap.bin,60470493160,ap,ZYE_0087,2024-09-06,2,False,0,False,True,385,30000.0,2617.770266666667,
Y,\\sahale.biostr.washington.edu\data\Subjects\ZYE_0087\2024-09-06\3\p2_g0\p2_g0_imec0\p2_g0_t0.imec0.ap.bin,75902202530,ap,ZYE_0087,2024-09-06,3,False,0,False,True,385,30000.0,3285.8096333333333,
Y,\\sahale.biostr.washington.edu\data\Subjects\ZYE_0087\2024-09-07\1\p0_g0\p0_g0_imec0\p0_g0_t0.imec0.ap.bin,77702724330,ap,ZYE_0087,2024-09-07,1,False,0,False,True,385,30000.0,3363.7543,
Y,\\sahale.biostr.washington.edu\data\Subjects\AL_0038\2025-05-02\1\p0_g0\p0_g0_imec0\p0_g0_t0.imec0.ap.bin,82150227390,ap,AL_0038,2025-05-02,1,False,0,False,True,385,30000.0,3556.2869,
Y,\\sahale.biostr.washington.edu\data\Subjects\JRS_0029\2023-08-22\1\p0_g0\p0_g0_imec0\p0_g0_t0.imec0.ap.bin,145539435580,ap,JRS_0029,2023-08-22,1,False,0,False,True,385,30000.0,6300.408466666667,
Y,\\sahale.biostr.washington.edu\data\Subjects\ZYE_0051\2022-02-21\1\p0_g0\p0_g0_imec0\p0_g0_t0.imec0.ap.bin,49930715450,ap,ZYE_0051,2022-02-21,1,False,0,False,True,385,30000.0,2161.5028333333335,
Y,\\sahale.biostr.washington.edu\data\Subjects\ZYE_0051\2022-02-26\1\p0_g0\p0_g0_imec0\p0_g0_t0.imec0.ap.bin,420068880,ap,ZYE_0051,2022-02-26,1,False,0,False,True,385,30000.0,18.1848,
Y,\\sahale.biostr.washington.edu\data\Subjects\ZYE_0051\2022-02-26\1\p0_g0\p0_g0_imec0\p0_g0_t0.imec0.lf.bin,35005740,lf,ZYE_0051,2022-02-26,1,False,0,False,True,385,2500.0,18.1848,
Y,\\sahale.biostr.washington.edu\data\Subjects\ZYE_0051\2022-02-26\1\p1_g0\p1_g0_imec0\p1_g0_t0.imec0.ap.bin,144705976800,ap,ZYE_0051,2022-02-26,1,False,0,False,True,385,30000.0,6264.328,
Y,\\sahale.biostr.washington.edu\data\Subjects\ZYE_0051\2022-02-26\1\p1_g0\p1_g0_imec0\p1_g0_t0.imec0.lf.bin,12058831400,lf,ZYE_0051,2022-02-26,1,False,0,False,True,385,2500.0,6264.328,
Y,\\sahale.biostr.washington.edu\data\Subjects\ZYE_0051\2022-03-01\1\p0_g0\p0_g0_imec0\p0_g0_t0.imec0.ap.bin,161436881760,ap,ZYE_0051,2022-03-01,1,False,0,False,True,385,30000.0,6988.6096,
Y,\\sahale.biostr.washington.edu\data\Subjects\ZYE_0051\2022-03-01\1\p0_g0\p0_g0_imec0\p0_g0_t0.imec0.lf.bin,13453073480,lf,ZYE_0051,2022-03-01,1,False,0,False,True,385,2500.0,6988.6096,
Y,\\sahale.biostr.washington.edu\data\Subjects\ZYE_0026\2021-03-25\1\p0_g0\p0_g0_imec0\p0_g0_t0.imec0.ap.bin,92707846770,ap,ZYE_0026,2021-03-25,1,False,0,False,True,385,30000.0,4013.3267,
Y,\\sahale.biostr.washington.edu\data\Subjects\SM_0012\2022-08-20\2\p0_g0\p0_g0_imec0\p0_g0_t0.imec0.ap.bin,65481540740,ap,SM_0012,2022-08-20,2,False,0,False,True,385,30000.0,2834.698733333333,
Y,\\sahale.biostr.washington.edu\data\Subjects\ZYE_0007\2020-09-22\1\p1_g0\p1_g0_imec0\p1_g0_t0.imec0.ap.bin,88026292200,ap,ZYE_0007,2020-09-22,1,False,0,False,True,385,30000.0,3810.662,
Y,\\sahale.biostr.washington.edu\data\Subjects\ZYE_0007\2020-09-22\1\p1_g0\p1_g0_imec0\p1_g0_t0.imec0.lf.bin,7335524350,lf,ZYE_0007,2020-09-22,1,False,0,False,True,385,2500.0,3810.662,
Y,\\sahale.biostr.washington.edu\data\Subjects\ZYE_0007\2020-09-22\1\p4_g0\p4_g0_imec0\p4_g0_t0.imec0.ap.bin,88019727950,ap,ZYE_0007,2020-09-22,1,False,0,False,True,385,30000.0,3810.3778333333335,
Y,\\sahale.biostr.washington.edu\data\Subjects\ZYE_0007\2020-09-23\1\p1_g0\p1_g0_imec0\p1_g0_t0.imec0.ap.bin,108601305120,ap,ZYE_0007,2020-09-23,1,False,0,False,True,385,30000.0,4701.3552,
Y,\\sahale.biostr.washington.edu\data\Subjects\ZYE_0007\2020-09-23\1\p1_g0\p1_g0_imec0\p1_g0_t0.imec0.lf.bin,9050108760,lf,ZYE_0007,2020-09-23,1,False,0,False,True,385,2500.0,4701.3552,
Y,\\sahale.biostr.washington.edu\data\Subjects\ZYE_0007\2020-09-23\1\p1_g0\p1_g0_imec1\p1_g0_t0.imec1.ap.bin,108601406760,ap,ZYE_0007,2020-09-23,1,False,0,False,True,385,30000.0,4701.3596,
Y,\\sahale.biostr.washington.edu\data\Subjects\ZYE_0007\2020-09-23\1\p1_g0\p1_g0_imec1\p1_g0_t0.imec1.lf.bin,9050117230,lf,ZYE_0007,2020-09-23,1,False,0,False,True,385,2500.0,4701.3596,
Y,\\sahale.biostr.washington.edu\data\Subjects\ZYE_0070\2023-01-16\1\p0_g0\p0_g0_imec0\p0_g0_t0.imec0.ap.bin,90574806630,ap,ZYE_0070,2023-01-16,1,False,0,False,True,385,30000.0,3920.9873,
Y,\\sahale.biostr.washington.edu\data\Subjects\ZYE_0070\2023-01-16\5\p1_g0\p1_g0_imec0\p1_g0_t0.imec0.ap.bin,64755093480,ap,ZYE_0070,2023-01-16,5,False,0,False,True,385,30000.0,2803.2508,
Y,\\sahale.biostr.washington.edu\data\Subjects\AB_0011\2021-11-02\3\p0_g0\p0_g0\p0_g0_t0.imec0.ap.bin,72145297070,ap,AB_0011,2021-11-02,3,False,0,False,True,385,30000.0,3123.1730333333335,
Y,\\sahale.biostr.washington.edu\data\Subjects\JRS_0002\2021-12-13\1\p0_g0\p0_g0_imec0\p0_g0_t0.imec0.ap.bin,89942889960,ap,JRS_0002,2021-12-13,1,False,0,False,True,385,30000.0,3893.6316,
Y,\\sahale.biostr.washington.edu\data\Subjects\JRS_0002\2021-12-13\1\p0_g0\p0_g0_imec0\p0_g0_t0.imec0.lf.bin,7495240830,lf,JRS_0002,2021-12-13,1,False,0,False,True,385,2500.0,3893.6316,
Y,\\sahale.biostr.washington.edu\data\Subjects\JRS_0002\2021-12-13\1\p0_g0\p0_g0_imec1\p0_g0_t0.imec1.ap.bin,89941600210,ap,JRS_0002,2021-12-13,1,False,0,False,True,385,30000.0,3893.575766666667,
Y,\\sahale.biostr.washington.edu\data\Subjects\JRS_0002\2021-12-14\1\p0_g0\p0_g0_imec0\p0_g0_t0.imec0.ap.bin,89442691800,ap,JRS_0002,2021-12-14,1,False,0,False,True,385,30000.0,3871.978,
Y,\\sahale.biostr.washington.edu\data\Subjects\JRS_0002\2021-12-14\1\p0_g0\p0_g0_imec0\p0_g0_t0.imec0.lf.bin,7453557650,lf,JRS_0002,2021-12-14,1,False,0,False,True,385,2500.0,3871.978,
Y,\\sahale.biostr.washington.edu\data\Subjects\JRS_0002\2021-12-14\1\p0_g0\p0_g0_imec1\p0_g0_t0.imec1.ap.bin,89441562980,ap,JRS_0002,2021-12-14,1,False,0,False,True,385,30000.0,3871.9291333333335,
Y,\\sahale.biostr.washington.edu\data\Subjects\ZYE_0100\2026-04-19\1\p0_g0\p0_g0_imec0\p0_g0_t0.imec0.ap.bin,28757966160,ap,ZYE_0100,2026-04-19,1,False,0,False,True,385,30000.0,1244.9336,
Y,\\sahale.biostr.washington.edu\data\Subjects\ZYE_0100\2026-04-19\1\p0_g0\p0_g0_imec0\p0_g0_t0.imec0.lf.bin,2396497180,lf,ZYE_0100,2026-04-19,1,False,0,False,True,385,2500.0,1244.9336,
Y,\\sahale.biostr.washington.edu\data\Subjects\ZYE_0100\2026-04-19\1\p0_g0\p0_g0_imec1\p0_g0_t0.imec1.ap.bin,28758224880,ap,ZYE_0100,2026-04-19,1,False,0,False,True,385,30000.0,1244.9448,
Y,\\sahale.biostr.washington.edu\data\Subjects\ZYE_0100\2026-04-19\1\p0_g0\p0_g0_imec1\p0_g0_t0.imec1.lf.bin,2396518740,lf,ZYE_0100,2026-04-19,1,False,0,False,True,385,2500.0,1244.9448,
Y,\\sahale.biostr.washington.edu\data\Subjects\ZYE_0100\2026-04-19\1\p0_g0\p0_g0_imec2\p0_g0_t0.imec2.ap.bin,28758058560,ap,ZYE_0100,2026-04-19,1,False,0,False,True,385,30000.0,1244.9376,
Y,\\sahale.biostr.washington.edu\data\Subjects\ZYE_0100\2026-04-19\1\p0_g0\p0_g0_imec2\p0_g0_t0.imec2.lf.bin,2396504880,lf,ZYE_0100,2026-04-19,1,False,0,False,True,385,2500.0,1244.9376,
Y,\\sahale.biostr.washington.edu\data\Subjects\ZYE_0100\2026-04-19\1\p0_g0\p0_g0_imec3\p0_g0_t0.imec3.ap.bin,28758186380,ap,ZYE_0100,2026-04-19,1,False,0,False,True,385,30000.0,1244.9431333333334,
Y,\\sahale.biostr.washington.edu\data\Subjects\ZYE_0100\2026-04-19\1\p0_g0\p0_g0_imec3\p0_g0_t0.imec3.lf.bin,2396515660,lf,ZYE_0100,2026-04-19,1,False,0,False,True,385,2500.0,1244.9432,
Y,\\sahale.biostr.washington.edu\data\Subjects\ZYE_0100\2026-04-19\1\p0_g0\p0_g0_imec4\p0_g0_t0.imec4.ap.bin,28758084740,ap,ZYE_0100,2026-04-19,1,False,0,False,True,385,30000.0,1244.9387333333334,
Y,\\sahale.biostr.washington.edu\data\Subjects\ZYE_0100\2026-04-19\1\p0_g0\p0_g0_imec4\p0_g0_t0.imec4.lf.bin,2396507190,lf,ZYE_0100,2026-04-19,1,False,0,False,True,385,2500.0,1244.9388,
Y,\\sahale.biostr.washington.edu\data\Subjects\JRS_0030\2024-01-03\1\p0_g0\p0_g0_imec0\p0_g0_t0.imec0.ap.bin,46266399410,ap,JRS_0030,2024-01-03,1,False,0,False,True,385,30000.0,2002.8744333333334,
Y,\\sahale.biostr.washington.edu\data\Subjects\JRS_0030\2024-01-03\1\p0_g0\p0_g0_imec0\p0_g0_t0.imec0.lf.bin,3855533990,lf,JRS_0030,2024-01-03,1,False,0,False,True,385,2500.0,2002.8748,
Y,\\sahale.biostr.washington.edu\data\Subjects\JRS_0030\2024-01-03\1\p0_g0\p0_g0_imec1\p0_g0_t0.imec1.ap.bin,46266390170,ap,JRS_0030,2024-01-03,1,False,0,False,True,385,30000.0,2002.8740333333333,
Y,\\sahale.biostr.washington.edu\data\Subjects\JRS_0030\2024-01-03\1\p0_g0\p0_g0_imec1\p0_g0_t0.imec1.lf.bin,3855533220,lf,JRS_0030,2024-01-03,1,False,0,False,True,385,2500.0,2002.8744,
Y,\\sahale.biostr.washington.edu\data\Subjects\JRS_0030\2024-01-03\3\p1_g0\p1_g0_imec0\p1_g0_t0.imec0.ap.bin,14154164640,ap,JRS_0030,2024-01-03,3,False,0,False,True,385,30000.0,612.7344,
Y,\\sahale.biostr.washington.edu\data\Subjects\JRS_0030\2024-01-03\3\p1_g0\p1_g0_imec0\p1_g0_t0.imec0.lf.bin,1179513720,lf,JRS_0030,2024-01-03,3,False,0,False,True,385,2500.0,612.7344,
Y,\\sahale.biostr.washington.edu\data\Subjects\JRS_0030\2024-01-03\3\p1_g0\p1_g0_imec1\p1_g0_t0.imec1.ap.bin,14154173880,ap,JRS_0030,2024-01-03,3,False,0,False,True,385,30000.0,612.7348,
Y,\\sahale.biostr.washington.edu\data\Subjects\JRS_0030\2024-01-03\3\p1_g0\p1_g0_imec1\p1_g0_t0.imec1.lf.bin,1179514490,lf,JRS_0030,2024-01-03,3,False,0,False,True,385,2500.0,612.7348,
Y,\\sahale.biostr.washington.edu\data\Subjects\JRS_0030\2024-01-03\4\p2_g0\p2_g0_imec0\p2_g0_t0.imec0.ap.bin,15860210520,ap,JRS_0030,2024-01-03,4,False,0,False,True,385,30000.0,686.5892,
Y,\\sahale.biostr.washington.edu\data\Subjects\JRS_0030\2024-01-03\4\p2_g0\p2_g0_imec0\p2_g0_t0.imec0.lf.bin,1321684210,lf,JRS_0030,2024-01-03,4,False,0,False,True,385,2500.0,686.5892,
Y,\\sahale.biostr.washington.edu\data\Subjects\JRS_0030\2024-01-03\4\p2_g0\p2_g0_imec1\p2_g0_t0.imec1.ap.bin,15860201280,ap,JRS_0030,2024-01-03,4,False,0,False,True,385,30000.0,686.5888,
Y,\\sahale.biostr.washington.edu\data\Subjects\JRS_0030\2024-01-03\4\p2_g0\p2_g0_imec1\p2_g0_t0.imec1.lf.bin,1321683440,lf,JRS_0030,2024-01-03,4,False,0,False,True,385,2500.0,686.5888,
Y,\\sahale.biostr.washington.edu\data\Subjects\JRS_0030\2024-01-04\1\p0_g0\p0_g0_imec0\p0_g0_t0.imec0.ap.bin,49222320840,ap,JRS_0030,2024-01-04,1,False,0,False,True,385,30000.0,2130.8364,
Y,\\sahale.biostr.washington.edu\data\Subjects\JRS_0030\2024-01-04\1\p0_g0\p0_g0_imec0\p0_g0_t0.imec0.lf.bin,4101860070,lf,JRS_0030,2024-01-04,1,False,0,False,True,385,2500.0,2130.8364,
Y,\\sahale.biostr.washington.edu\data\Subjects\JRS_0030\2024-01-04\1\p0_g0\p0_g0_imec1\p0_g0_t0.imec1.ap.bin,49222154520,ap,JRS_0030,2024-01-04,1,False,0,False,True,385,30000.0,2130.8292,
Y,\\sahale.biostr.washington.edu\data\Subjects\JRS_0030\2024-01-04\1\p0_g0\p0_g0_imec1\p0_g0_t0.imec1.lf.bin,4101846210,lf,JRS_0030,2024-01-04,1,False,0,False,True,385,2500.0,2130.8292,
Y,\\sahale.biostr.washington.edu\data\Subjects\JRS_0030\2024-01-04\3\p1_g0\p1_g0_imec0\p1_g0_t0.imec0.ap.bin,14397426890,ap,JRS_0030,2024-01-04,3,False,0,False,True,385,30000.0,623.2652333333333,
Y,\\sahale.biostr.washington.edu\data\Subjects\JRS_0030\2024-01-04\3\p1_g0\p1_g0_imec0\p1_g0_t0.imec0.lf.bin,1199786280,lf,JRS_0030,2024-01-04,3,False,0,False,True,385,2500.0,623.2656,
Y,\\sahale.biostr.washington.edu\data\Subjects\JRS_0030\2024-01-04\3\p1_g0\p1_g0_imec1\p1_g0_t0.imec1.ap.bin,14397408410,ap,JRS_0030,2024-01-04,3,False,0,False,True,385,30000.0,623.2644333333334,
Y,\\sahale.biostr.washington.edu\data\Subjects\JRS_0030\2024-01-04\3\p1_g0\p1_g0_imec1\p1_g0_t0.imec1.lf.bin,1199784740,lf,JRS_0030,2024-01-04,3,False,0,False,True,385,2500.0,623.2648,
Y,\\sahale.biostr.washington.edu\data\Subjects\JRS_0030\2024-01-04\4\p2_g0\p2_g0_imec0\p2_g0_t0.imec0.ap.bin,15911483280,ap,JRS_0030,2024-01-04,4,False,0,False,True,385,30000.0,688.8088,
Y,\\sahale.biostr.washington.edu\data\Subjects\JRS_0030\2024-01-04\4\p2_g0\p2_g0_imec0\p2_g0_t0.imec0.lf.bin,1325956940,lf,JRS_0030,2024-01-04,4,False,0,False,True,385,2500.0,688.8088,
Y,\\sahale.biostr.washington.edu\data\Subjects\JRS_0030\2024-01-04\4\p2_g0\p2_g0_imec1\p2_g0_t0.imec1.ap.bin,15911492520,ap,JRS_0030,2024-01-04,4,False,0,False,True,385,30000.0,688.8092,
Y,\\sahale.biostr.washington.edu\data\Subjects\JRS_0030\2024-01-04\4\p2_g0\p2_g0_imec1\p2_g0_t0.imec1.lf.bin,1325957710,lf,JRS_0030,2024-01-04,4,False,0,False,True,385,2500.0,688.8092,
Y,\\sahale.biostr.washington.edu\data\Subjects\JRS_0030\2024-01-05\1\p0_g0\p0_g0_imec0\p0_g0_t0.imec0.ap.bin,44744413560,ap,JRS_0030,2024-01-05,1,False,0,False,True,385,30000.0,1936.9876,
Y,\\sahale.biostr.washington.edu\data\Subjects\JRS_0030\2024-01-05\1\p0_g0\p0_g0_imec0\p0_g0_t0.imec0.lf.bin,3728701130,lf,JRS_0030,2024-01-05,1,False,0,False,True,385,2500.0,1936.9876,
Y,\\sahale.biostr.washington.edu\data\Subjects\JRS_0030\2024-01-05\1\p0_g0\p0_g0_imec1\p0_g0_t0.imec1.ap.bin,44744228760,ap,JRS_0030,2024-01-05,1,False,0,False,True,385,30000.0,1936.9796,
Y,\\sahale.biostr.washington.edu\data\Subjects\JRS_0030\2024-01-05\1\p0_g0\p0_g0_imec1\p0_g0_t0.imec1.lf.bin,3728685730,lf,JRS_0030,2024-01-05,1,False,0,False,True,385,2500.0,1936.9796,
Y,\\sahale.biostr.washington.edu\data\Subjects\JRS_0030\2024-01-05\3\p0_g1\p0_g1_imec0\p0_g1_t0.imec0.ap.bin,45431139600,ap,JRS_0030,2024-01-05,3,False,0,False,True,385,30000.0,1966.716,
Y,\\sahale.biostr.washington.edu\data\Subjects\JRS_0030\2024-01-05\3\p0_g1\p0_g1_imec0\p0_g1_t0.imec0.lf.bin,3785928300,lf,JRS_0030,2024-01-05,3,False,0,False,True,385,2500.0,1966.716,
Y,\\sahale.biostr.washington.edu\data\Subjects\JRS_0030\2024-01-05\3\p0_g1\p0_g1_imec1\p0_g1_t0.imec1.ap.bin,45430954800,ap,JRS_0030,2024-01-05,3,False,0,False,True,385,30000.0,1966.708,
Y,\\sahale.biostr.washington.edu\data\Subjects\JRS_0030\2024-01-05\3\p0_g1\p0_g1_imec1\p0_g1_t0.imec1.lf.bin,3785912900,lf,JRS_0030,2024-01-05,3,False,0,False,True,385,2500.0,1966.708,
Y,\\sahale.biostr.washington.edu\data\Subjects\ZYE_0035\2021-07-17\1\p0_g0\p0_g0_imec0\p0_g0_t0.imec0.ap.bin,5528473720,ap,ZYE_0035,2021-07-17,1,False,0,False,True,385,30000.0,239.32786666666667,
Y,\\sahale.biostr.washington.edu\data\Subjects\ZYE_0035\2021-07-17\2\p1_g0\p1_g0_imec0\p1_g0_t0.imec0.ap.bin,44678797240,ap,ZYE_0035,2021-07-17,2,False,0,False,True,385,30000.0,1934.1470666666667,
Y,\\sahale.biostr.washington.edu\data\Subjects\ZYE_0048\2021-12-08\6\p0_g0\p0_g0_imec0\p0_g0_t0.imec0.ap.bin,40313075880,ap,ZYE_0048,2021-12-08,6,False,0,False,True,385,30000.0,1745.1548,
Y,\\sahale.biostr.washington.edu\data\Subjects\ZYE_0048\2021-12-09\1\p0_g0\p0_g0_imec0\p0_g0_t0.imec0.ap.bin,94222370550,ap,ZYE_0048,2021-12-09,1,False,0,False,True,385,30000.0,4078.8905,
Y,\\sahale.biostr.washington.edu\data\Subjects\ZYE_0048\2021-12-10\1\p0_g0\p0_g0_imec0\p0_g0_t0.imec0.ap.bin,39428492180,ap,ZYE_0048,2021-12-10,1,False,0,False,True,385,30000.0,1706.8611333333333,
Y,\\sahale.biostr.washington.edu\data\Subjects\JRS_0040\2024-04-02\2\p1_g0\p1_g0_imec0\p1_g0_t0.imec0.ap.bin,168694739290,ap,JRS_0040,2024-04-02,2,False,0,False,True,385,30000.0,7302.802566666666,
Y,\\sahale.biostr.washington.edu\data\Subjects\JRS_0040\2024-04-02\2\p1_g0\p1_g0_imec1\p1_g0_t0.imec1.ap.bin,168692751920,ap,JRS_0040,2024-04-02,2,False,0,False,True,385,30000.0,7302.716533333333,
Y,\\sahale.biostr.washington.edu\data\Subjects\JRS_0040\2024-04-03\1\p1_g0\p1_g0_imec0\p1_g0_t0.imec0.ap.bin,162619836610,ap,JRS_0040,2024-04-03,1,False,0,False,True,385,30000.0,7039.8197666666665,
Y,\\sahale.biostr.washington.edu\data\Subjects\JRS_0040\2024-04-03\1\p1_g0\p1_g0_imec1\p1_g0_t0.imec1.ap.bin,162617809200,ap,JRS_0040,2024-04-03,1,False,0,False,True,385,30000.0,7039.732,
Y,\\sahale.biostr.washington.edu\data\Subjects\JRS_0040\2024-04-05\1\p0_g0\p0_g0_imec0\p0_g0_t0.imec0.ap.bin,99950214210,ap,JRS_0040,2024-04-05,1,False,0,False,True,385,30000.0,4326.8491,
Y,\\sahale.biostr.washington.edu\data\Subjects\JRS_0040\2024-04-05\1\p0_g0\p0_g0_imec1\p0_g0_t0.imec1.ap.bin,99948452450,ap,JRS_0040,2024-04-05,1,False,0,False,True,385,30000.0,4326.772833333333,
Y,\\sahale.biostr.washington.edu\data\Subjects\JRS_0040\2024-04-06\1\p1_g0\p1_g0_imec0\p1_g0_t0.imec0.ap.bin,142223400550,ap,JRS_0040,2024-04-06,1,False,0,False,True,385,30000.0,6156.857166666667,
Y,\\sahale.biostr.washington.edu\data\Subjects\JRS_0040\2024-04-08\1\p1_g0\p1_g0_imec0\p1_g0_t0.imec0.ap.bin,155904183820,ap,JRS_0040,2024-04-08,1,False,0,False,True,385,30000.0,6749.098866666666,
Y,\\sahale.biostr.washington.edu\data\Subjects\JRS_0040\2024-04-08\1\p1_g0\p1_g0_imec1\p1_g0_t0.imec1.ap.bin,155902110980,ap,JRS_0040,2024-04-08,1,False,0,False,True,385,30000.0,6749.009133333333,
Y,\\sahale.biostr.washington.edu\data\Subjects\JRS_0040\2024-04-09\1\p0_g0\p0_g0_imec0\p0_g0_t0.imec0.ap.bin,139918924530,ap,JRS_0040,2024-04-09,1,False,0,False,True,385,30000.0,6057.0963,
Y,\\sahale.biostr.washington.edu\data\Subjects\JRS_0040\2024-04-09\1\p0_g0\p0_g0_imec1\p0_g0_t0.imec1.ap.bin,139915972350,ap,JRS_0040,2024-04-09,1,False,0,False,True,385,30000.0,6056.9685,
Y,\\sahale.biostr.washington.edu\data\Subjects\JRS_0040\2024-04-10\4\p0_g0\p0_g0_imec0\p0_g0_t0.imec0.ap.bin,145134631950,ap,JRS_0040,2024-04-10,4,False,0,False,True,385,30000.0,6282.8845,
Y,\\sahale.biostr.washington.edu\data\Subjects\JRS_0040\2024-04-10\4\p0_g0\p0_g0_imec1\p0_g0_t0.imec1.ap.bin,145132152550,ap,JRS_0040,2024-04-10,4,False,0,False,True,385,30000.0,6282.777166666667,
Y,\\sahale.biostr.washington.edu\data\Subjects\JRS_0040\2024-04-12\1\p0_g0\p0_g0_imec0\p0_g0_t0.imec0.ap.bin,125270248180,ap,JRS_0040,2024-04-12,1,False,0,False,True,385,30000.0,5422.954466666667,
Y,\\sahale.biostr.washington.edu\data\Subjects\JRS_0040\2024-04-12\1\p0_g0\p0_g0_imec1\p0_g0_t0.imec1.ap.bin,125268458700,ap,JRS_0040,2024-04-12,1,False,0,False,True,385,30000.0,5422.877,
Y,\\sahale.biostr.washington.edu\data\Subjects\JRS_0040\2024-04-17\1\p0_g0\p0_g0_imec0\p0_g0_t0.imec0.ap.bin,145592842780,ap,JRS_0040,2024-04-17,1,False,0,False,True,385,30000.0,6302.720466666667,
Y,\\sahale.biostr.washington.edu\data\Subjects\JRS_0040\2024-04-17\1\p0_g0\p0_g0_imec1\p0_g0_t0.imec1.ap.bin,145591809440,ap,JRS_0040,2024-04-17,1,False,0,False,True,385,30000.0,6302.6757333333335,
Y,\\sahale.biostr.washington.edu\data\Subjects\JRS_0040\2024-04-18\1\p1_g0\p1_g0_imec0\p1_g0_t0.imec0.ap.bin,127922988270,ap,JRS_0040,2024-04-18,1,False,0,False,True,385,30000.0,5537.7917,
Y,\\sahale.biostr.washington.edu\data\Subjects\JRS_0040\2024-04-18\1\p1_g0\p1_g0_imec1\p1_g0_t0.imec1.ap.bin,127921450580,ap,JRS_0040,2024-04-18,1,False,0,False,True,385,30000.0,5537.725133333333,
Y,\\sahale.biostr.washington.edu\data\Subjects\JRS_0037\2024-06-03\2\p0_g0\p0_g0_imec0\p0_g0_t0.imec0.ap.bin,132207484640,ap,JRS_0037,2024-06-03,2,False,0,False,True,385,30000.0,5723.267733333333,
Y,\\sahale.biostr.washington.edu\data\Subjects\JRS_0037\2024-06-03\2\p0_g0\p0_g0_imec1\p0_g0_t0.imec1.ap.bin,132205585050,ap,JRS_0037,2024-06-03,2,False,0,False,True,385,30000.0,5723.1855,
Y,\\sahale.biostr.washington.edu\data\Subjects\JRS_0037\2024-06-04\1\p0_g0\p0_g0_imec0\p0_g0_t0.imec0.ap.bin,118521573170,ap,JRS_0037,2024-06-04,1,False,0,False,True,385,30000.0,5130.804033333333,
Y,\\sahale.biostr.washington.edu\data\Subjects\JRS_0037\2024-06-04\1\p0_g0\p0_g0_imec1\p0_g0_t0.imec1.ap.bin,118519966180,ap,JRS_0037,2024-06-04,1,False,0,False,True,385,30000.0,5130.734466666667,
Y,\\sahale.biostr.washington.edu\data\Subjects\JRS_0037\2024-06-05\1\p0_g0\p0_g0_imec0\p0_g0_t0.imec0.ap.bin,95299492750,ap,JRS_0037,2024-06-05,1,False,0,False,True,385,30000.0,4125.519166666667,
Y,\\sahale.biostr.washington.edu\data\Subjects\JRS_0037\2024-06-05\1\p0_g0\p0_g0_imec1\p0_g0_t0.imec1.ap.bin,95298125230,ap,JRS_0037,2024-06-05,1,False,0,False,True,385,30000.0,4125.459966666666,
Y,\\sahale.biostr.washington.edu\data\Subjects\JRS_0037\2024-06-10\1\p0_g0\p0_g0_imec0\p0_g0_t0.imec0.ap.bin,117161619190,ap,JRS_0037,2024-06-10,1,False,0,False,True,385,30000.0,5071.931566666667,
Y,\\sahale.biostr.washington.edu\data\Subjects\JRS_0037\2024-06-12\1\p0_g0\p0_g0_imec0\p0_g0_t0.imec0.ap.bin,104068980400,ap,JRS_0037,2024-06-12,1,False,0,False,True,385,30000.0,4505.150666666666,
Y,\\sahale.biostr.washington.edu\data\Subjects\JRS_0037\2024-06-12\1\p0_g0\p0_g0_imec1\p0_g0_t0.imec1.ap.bin,104066909870,ap,JRS_0037,2024-06-12,1,False,0,False,True,385,30000.0,4505.061033333333,
Y,\\sahale.biostr.washington.edu\data\Subjects\ZYE_0045\2021-09-22\1\p0_g0\p0_g0_imec0\p0_g0_t0.imec0.ap.bin,102783850400,ap,ZYE_0045,2021-09-22,1,False,0,False,True,385,30000.0,4449.517333333333,
Y,\\sahale.biostr.washington.edu\data\Subjects\ZYE_0045\2021-09-23\2\p1_g0\p1_g0_imec0\p1_g0_t0.imec0.ap.bin,53344120060,ap,ZYE_0045,2021-09-23,2,False,0,False,True,385,30000.0,2309.2692666666667,
Y,\\sahale.biostr.washington.edu\data\Subjects\ZYE_0038\2021-07-21\1\p0_g0\p0_g0_imec0\p0_g0_t0.imec0.ap.bin,40266152850,ap,ZYE_0038,2021-07-21,1,False,0,False,True,385,30000.0,1743.1235,
Y,\\sahale.biostr.washington.edu\data\Subjects\ZYE_0038\2021-07-21\2\p1_g0\p1_g0_imec0\p1_g0_t0.imec0.ap.bin,25985424080,ap,ZYE_0038,2021-07-21,2,False,0,False,True,385,30000.0,1124.9101333333333,
Y,\\sahale.biostr.washington.edu\data\Subjects\ZYE_0038\2021-09-02\2\p1_g0\p1_g0_imec0\p1_g0_t0.imec0.ap.bin,78467201120,ap,ZYE_0038,2021-09-02,2,False,0,False,True,385,30000.0,3396.8485333333333,
Y,\\sahale.biostr.washington.edu\data\Subjects\NR_0023\2023-12-13\quarterDensity\_spikeglx_ephysData_g0\_spikeglx_ephysData_g0_imec0\_spikeglx_ephysData_g0_t0.imec0.ap.bin,7490132650,ap,NR_0023,2023-12-13,quarterDensity,False,0,False,True,385,30000.0,324.2481666666667,
Y,\\sahale.biostr.washington.edu\data\Subjects\NR_0023\2023-12-15\quarterDensity\_spikeglx_ephysData_g0\_spikeglx_ephysData_g0_imec0\_spikeglx_ephysData_g0_t0.imec0.ap.bin,7018542300,ap,NR_0023,2023-12-15,quarterDensity,False,0,False,True,385,30000.0,303.833,
Y,\\sahale.biostr.washington.edu\data\Subjects\JRS_0005\2021-07-21\1\p0_g0\p0_g0_imec0\p0_g0_t0.imec0.ap.bin,63546408310,ap,JRS_0005,2021-07-21,1,False,0,False,True,385,30000.0,2750.9267666666665,
Y,\\sahale.biostr.washington.edu\data\Subjects\JRS_0005\2021-07-21\1\p0_g0\p0_g0_imec1\p0_g0_t0.imec1.ap.bin,63546900340,ap,JRS_0005,2021-07-21,1,False,0,False,True,385,30000.0,2750.948066666667,
Y,\\sahale.biostr.washington.edu\data\Subjects\JRS_0005\2021-07-21\4\p0_g0\p0_g0_imec0\p0_g0_t0.imec0.ap.bin,9325371440,ap,JRS_0005,2021-07-21,4,False,0,False,True,385,30000.0,403.69573333333335,
Y,\\sahale.biostr.washington.edu\data\Subjects\JRS_0005\2021-07-21\5\p0_g0\p0_g0_imec0\p0_g0_t0.imec0.ap.bin,11284139020,ap,JRS_0005,2021-07-21,5,False,0,False,True,385,30000.0,488.49086666666665,
Y,\\sahale.biostr.washington.edu\data\Subjects\JRS_0005\2021-08-16\1\p0_g0\p0_g0_imec0\p0_g0_t0.imec0.ap.bin,8603359380,ap,JRS_0005,2021-08-16,1,False,0,False,True,385,30000.0,372.4398,
Y,\\sahale.biostr.washington.edu\data\Subjects\JRS_0005\2021-08-16\1\p0_g0\p0_g0_imec1\p0_g0_t0.imec1.ap.bin,8603725900,ap,JRS_0005,2021-08-16,1,False,0,False,True,385,30000.0,372.4556666666667,
Y,\\sahale.biostr.washington.edu\data\Subjects\JRS_0005\2021-08-16\4\p0_g0\p0_g0_imec0\p0_g0_t0.imec0.ap.bin,76002613610,ap,JRS_0005,2021-08-16,4,False,0,False,True,385,30000.0,3290.1564333333336,
Y,\\sahale.biostr.washington.edu\data\Subjects\JRS_0005\2021-08-16\4\p0_g0\p0_g0_imec1\p0_g0_t0.imec1.ap.bin,76002669050,ap,JRS_0005,2021-08-16,4,False,0,False,True,385,30000.0,3290.1588333333334,
Y,\\sahale.biostr.washington.edu\data\Subjects\JRS_0005\2021-08-16\7\p0_g0\p0_g0_imec0\p0_g0_t0.imec0.ap.bin,12252812110,ap,JRS_0005,2021-08-16,7,False,0,False,True,385,30000.0,530.4247666666666,
Y,\\sahale.biostr.washington.edu\data\Subjects\JRS_0005\2021-08-16\7\p0_g0\p0_g0_imec1\p0_g0_t0.imec1.ap.bin,12252818270,ap,JRS_0005,2021-08-16,7,False,0,False,True,385,30000.0,530.4250333333333,
Y,\\sahale.biostr.washington.edu\data\Subjects\JRS_0005\2021-08-16\8\p0_g0\p0_g0_imec0\p0_g0_t0.imec0.ap.bin,12164978980,ap,JRS_0005,2021-08-16,8,False,0,False,True,385,30000.0,526.6224666666667,
Y,\\sahale.biostr.washington.edu\data\Subjects\JRS_0005\2021-08-16\8\p0_g0\p0_g0_imec1\p0_g0_t0.imec1.ap.bin,12165019790,ap,JRS_0005,2021-08-16,8,False,0,False,True,385,30000.0,526.6242333333333,
Y,\\sahale.biostr.washington.edu\data\Subjects\JRS_0059\2026-01-05\1\p0_g0\p0_g0_imec0\p0_g0_t0.imec0.ap.bin,114307758950,ap,JRS_0059,2026-01-05,1,False,0,False,True,385,30000.0,4948.387833333333,
Y,\\sahale.biostr.washington.edu\data\Subjects\ZYE_0056\2022-01-29\1\p0_g0\p0_g0_imec0\p0_g0_t0.imec0.ap.bin,63149949170,ap,ZYE_0056,2022-01-29,1,False,0,False,True,385,30000.0,2733.7640333333334,
Y,\\sahale.biostr.washington.edu\data\Subjects\ZYE_0056\2022-01-29\1\p0_g0\p0_g0_imec0\p0_g0_t0.imec0.lf.bin,5262496470,lf,ZYE_0056,2022-01-29,1,False,0,False,True,385,2500.0,2733.7644,
Y,\\sahale.biostr.washington.edu\data\Subjects\ZYE_0056\2022-01-29\1\p0_g0\p0_g0_imec1\p0_g0_t0.imec1.ap.bin,63149239230,ap,ZYE_0056,2022-01-29,1,False,0,False,True,385,30000.0,2733.7333,
Y,\\sahale.biostr.washington.edu\data\Subjects\ZYE_0056\2022-02-01\1\p0_g0\p0_g0_imec0\p0_g0_t0.imec0.ap.bin,89604049920,ap,ZYE_0056,2022-02-01,1,False,0,False,True,385,30000.0,3878.9632,
Y,\\sahale.biostr.washington.edu\data\Subjects\ZYE_0056\2022-02-01\1\p0_g0\p0_g0_imec0\p0_g0_t0.imec0.lf.bin,7467004160,lf,ZYE_0056,2022-02-01,1,False,0,False,True,385,2500.0,3878.9632,
Y,\\sahale.biostr.washington.edu\data\Subjects\ZYE_0056\2022-02-01\1\p0_g0\p0_g0_imec1\p0_g0_t0.imec1.ap.bin,89602277380,ap,ZYE_0056,2022-02-01,1,False,0,False,True,385,30000.0,3878.886466666667,
Y,\\sahale.biostr.washington.edu\data\Subjects\ZYE_0056\2022-02-02\1\p0_g0\p0_g0_imec0\p0_g0_t0.imec0.ap.bin,81502297800,ap,ZYE_0056,2022-02-02,1,False,0,False,True,385,30000.0,3528.238,
Y,\\sahale.biostr.washington.edu\data\Subjects\ZYE_0056\2022-02-02\1\p0_g0\p0_g0_imec0\p0_g0_t0.imec0.lf.bin,6791858150,lf,ZYE_0056,2022-02-02,1,False,0,False,True,385,2500.0,3528.238,
Y,\\sahale.biostr.washington.edu\data\Subjects\ZYE_0056\2022-02-02\1\p0_g0\p0_g0_imec1\p0_g0_t0.imec1.ap.bin,81500857130,ap,ZYE_0056,2022-02-02,1,False,0,False,True,385,30000.0,3528.1756333333333,
Y,\\sahale.biostr.washington.edu\data\Subjects\JRS_0024\2023-08-03\2\p0_g0\p0_g0_imec0\p0_g0_t0.imec0.ap.bin,154410057340,ap,JRS_0024,2023-08-03,2,False,0,False,True,385,30000.0,6684.418066666667,
Y,\\sahale.biostr.washington.edu\data\Subjects\JRS_0024\2023-08-03\2\p0_g0\p0_g0_imec0\p0_g0_t0.imec0.lf.bin,12867505420,lf,JRS_0024,2023-08-03,2,False,0,False,True,385,2500.0,6684.4184,
Y,\\sahale.biostr.washington.edu\data\Subjects\FD_012\2026-05-05\1\p1_g0\p1_g0_imec0\p1_g0_t0.imec0.ap.bin,268316171200,ap,FD_012,2026-05-05,1,False,0,False,True,1540,30000.0,2903.8546666666666,
Y,\\sahale.biostr.washington.edu\data\Subjects\FD_012\2026-05-06\1\p0_g0\p0_g0_imec0\p0_g0_t0.imec0.ap.bin,275553715360,ap,FD_012,2026-05-06,1,False,0,False,True,1540,30000.0,2982.1830666666665,
Y,\\sahale.biostr.washington.edu\data\Subjects\XL_010\2026-05-27\1\p0_g0\p0_g0_imec0\p0_g0_t0.imec0.ap.bin,53041905840,ap,XL_010,2026-05-27,1,False,0,False,True,385,30000.0,2296.1864,
Y,\\sahale.biostr.washington.edu\data\Subjects\XL_010\2026-05-27\1\p0_g0\p0_g0_imec0\p0_g0_t0.imec0.lf.bin,4420158820,lf,XL_010,2026-05-27,1,False,0,False,True,385,2500.0,2296.1864,
Y,\\sahale.biostr.washington.edu\data\Subjects\JRS_0061\2026-01-08\1\p0_g0\p0_g0_imec0\p0_g0_t0.imec0.ap.bin,96414247930,ap,JRS_0061,2026-01-08,1,False,0,False,True,385,30000.0,4173.776966666666,
Y,\\sahale.biostr.washington.edu\data\Subjects\JRS_0061\2026-01-08\1\p0_g0\p0_g0_imec1\p0_g0_t0.imec1.ap.bin,96413126810,ap,JRS_0061,2026-01-08,1,False,0,False,True,385,30000.0,4173.728433333334,
Y,\\sahale.biostr.washington.edu\data\Subjects\JRS_0061\2026-01-09\1\p0_g0\p0_g0_imec0\p0_g0_t0.imec0.ap.bin,95895247910,ap,JRS_0061,2026-01-09,1,False,0,False,True,385,30000.0,4151.309433333333,
Y,\\sahale.biostr.washington.edu\data\Subjects\JRS_0061\2026-01-09\1\p0_g0\p0_g0_imec1\p0_g0_t0.imec1.ap.bin,95894180690,ap,JRS_0061,2026-01-09,1,False,0,False,True,385,30000.0,4151.263233333333,
Y,\\sahale.biostr.washington.edu\data\Subjects\ZYE_0013\2021-02-17\1\p1_g0\p1_g0_imec0\p1_g0_t0.imec0.ap.bin,54571088880,ap,ZYE_0013,2021-02-17,1,False,0,False,True,385,30000.0,2362.3848,
Y,\\sahale.biostr.washington.edu\data\Subjects\ZYE_0013\2021-02-17\1\p1_g0\p1_g0_imec0\p1_g0_t0.imec0.lf.bin,4547590740,lf,ZYE_0013,2021-02-17,1,False,0,False,True,385,2500.0,2362.3848,
Y,\\sahale.biostr.washington.edu\data\Subjects\SM_0006\2022-02-22\2\p0_g0\p0_g0_imec0\p0_g0_t0.imec0.ap.bin,165619490960,ap,SM_0006,2022-02-22,2,False,0,False,True,385,30000.0,7169.674933333334,
Y,\\sahale.biostr.washington.edu\data\Subjects\ZYE_0060\2022-03-24\1\p0_g0\p0_g0_imec0\p0_g0_t0.imec0.ap.bin,86059548190,ap,ZYE_0060,2022-03-24,1,False,0,False,True,385,30000.0,3725.521566666667,
Y,\\sahale.biostr.washington.edu\data\Subjects\ZYE_0060\2022-03-25\1\p0_g0\p0_g0_imec0\p0_g0_t0.imec0.ap.bin,84417199020,ap,ZYE_0060,2022-03-25,1,False,0,False,True,385,30000.0,3654.4242,
Y,\\sahale.biostr.washington.edu\data\Subjects\ZYE_0060\2022-03-26\1\p0_g0\p0_g0_imec0\p0_g0_t0.imec0.ap.bin,76037362170,ap,ZYE_0060,2022-03-26,1,False,0,False,True,385,30000.0,3291.6607,
Y,\\sahale.biostr.washington.edu\data\Subjects\ZYE_0017\2020-11-18\1\p1_g0\p1_g0_imec0\p1_g0_t0.imec0.ap.bin,119056476000,ap,ZYE_0017,2020-11-18,1,False,0,False,True,385,30000.0,5153.96,
Y,\\sahale.biostr.washington.edu\data\Subjects\ZYE_0017\2020-11-18\1\p1_g0\p1_g0_imec0\p1_g0_t0.imec0.lf.bin,9921373000,lf,ZYE_0017,2020-11-18,1,False,0,False,True,385,2500.0,5153.96,
Y,\\sahale.biostr.washington.edu\data\Subjects\ZYE_0017\2020-11-18\1\p1_g0\p1_g0_imec1\p1_g0_t0.imec1.ap.bin,119056614600,ap,ZYE_0017,2020-11-18,1,False,0,False,True,385,30000.0,5153.966,
Y,\\sahale.biostr.washington.edu\data\Subjects\ZYE_0017\2020-11-18\1\p1_g0\p1_g0_imec1\p1_g0_t0.imec1.lf.bin,9921384550,lf,ZYE_0017,2020-11-18,1,False,0,False,True,385,2500.0,5153.966,
Y,\\sahale.biostr.washington.edu\data\Subjects\ZYE_0017\2020-11-18\3\p2_g0\p2_g0_imec0\p2_g0_t0.imec0.ap.bin,98842525320,ap,ZYE_0017,2020-11-18,3,False,0,False,True,385,30000.0,4278.8972,
Y,\\sahale.biostr.washington.edu\data\Subjects\ZYE_0017\2020-11-18\3\p2_g0\p2_g0_imec0\p2_g0_t0.imec0.lf.bin,8236877110,lf,ZYE_0017,2020-11-18,3,False,0,False,True,385,2500.0,4278.8972,
Y,\\sahale.biostr.washington.edu\data\Subjects\ZYE_0017\2020-11-18\3\p2_g0\p2_g0_imec1\p2_g0_t0.imec1.ap.bin,98842691640,ap,ZYE_0017,2020-11-18,3,False,0,False,True,385,30000.0,4278.9044,
Y,\\sahale.biostr.washington.edu\data\Subjects\ZYE_0017\2020-11-18\3\p2_g0\p2_g0_imec1\p2_g0_t0.imec1.lf.bin,8236890970,lf,ZYE_0017,2020-11-18,3,False,0,False,True,385,2500.0,4278.9044,
Y,\\sahale.biostr.washington.edu\data\Subjects\ZYE_0017\2020-11-19\1\p1_g0\p1_g0_imec0\p1_g0_t0.imec0.ap.bin,114405937800,ap,ZYE_0017,2020-11-19,1,False,0,False,True,385,30000.0,4952.638,
Y,\\sahale.biostr.washington.edu\data\Subjects\ZYE_0017\2020-11-19\1\p1_g0\p1_g0_imec0\p1_g0_t0.imec0.lf.bin,9533828150,lf,ZYE_0017,2020-11-19,1,False,0,False,True,385,2500.0,4952.638,
Y,\\sahale.biostr.washington.edu\data\Subjects\ZYE_0017\2020-11-19\1\p1_g0\p1_g0_imec1\p1_g0_t0.imec1.ap.bin,114406085640,ap,ZYE_0017,2020-11-19,1,False,0,False,True,385,30000.0,4952.6444,
Y,\\sahale.biostr.washington.edu\data\Subjects\ZYE_0017\2020-11-19\1\p1_g0\p1_g0_imec1\p1_g0_t0.imec1.lf.bin,9533840470,lf,ZYE_0017,2020-11-19,1,False,0,False,True,385,2500.0,4952.6444,
Y,\\sahale.biostr.washington.edu\data\Subjects\ZYE_0017\2020-11-19\3\p2_g0\p2_g0_imec0\p2_g0_t0.imec0.ap.bin,116918959080,ap,ZYE_0017,2020-11-19,3,False,0,False,True,385,30000.0,5061.4268,
Y,\\sahale.biostr.washington.edu\data\Subjects\ZYE_0017\2020-11-19\3\p2_g0\p2_g0_imec0\p2_g0_t0.imec0.lf.bin,9743246590,lf,ZYE_0017,2020-11-19,3,False,0,False,True,385,2500.0,5061.4268,
Y,\\sahale.biostr.washington.edu\data\Subjects\ZYE_0017\2020-11-19\3\p2_g0\p2_g0_imec1\p2_g0_t0.imec1.ap.bin,116919143880,ap,ZYE_0017,2020-11-19,3,False,0,False,True,385,30000.0,5061.4348,
Y,\\sahale.biostr.washington.edu\data\Subjects\ZYE_0017\2020-11-19\3\p2_g0\p2_g0_imec1\p2_g0_t0.imec1.lf.bin,9743261990,lf,ZYE_0017,2020-11-19,3,False,0,False,True,385,2500.0,5061.4348,
Y,\\sahale.biostr.washington.edu\data\Subjects\JRS_0012\2022-08-09\1\p1_g0\p1_g0_imec0\p1_g0_t0.imec0.ap.bin,143417823780,ap,JRS_0012,2022-08-09,1,False,0,False,True,385,30000.0,6208.5638,
Y,\\sahale.biostr.washington.edu\data\Subjects\JRS_0012\2022-08-09\1\p1_g0\p1_g0_imec1\p1_g0_t0.imec1.ap.bin,143417839950,ap,JRS_0012,2022-08-09,1,False,0,False,True,385,30000.0,6208.5645,
Y,\\sahale.biostr.washington.edu\data\Subjects\JRS_0012\2022-08-10\1\p0_g0\p0_g0_imec0\p0_g0_t0.imec0.ap.bin,140424307870,ap,JRS_0012,2022-08-10,1,False,0,False,True,385,30000.0,6078.974366666666,
Y,\\sahale.biostr.washington.edu\data\Subjects\JRS_0012\2022-08-10\1\p0_g0\p0_g0_imec1\p0_g0_t0.imec1.ap.bin,140424039140,ap,JRS_0012,2022-08-10,1,False,0,False,True,385,30000.0,6078.962733333334,
Y,\\sahale.biostr.washington.edu\data\Subjects\JRS_0012\2022-08-11\1\p0_g0\p0_g0_imec0\p0_g0_t0.imec0.ap.bin,115614051630,ap,JRS_0012,2022-08-11,1,False,0,False,True,385,30000.0,5004.9373,
Y,\\sahale.biostr.washington.edu\data\Subjects\JRS_0012\2022-08-12\1\p0_g0\p0_g0_imec0\p0_g0_t0.imec0.ap.bin,122369470300,ap,JRS_0012,2022-08-12,1,False,0,False,True,385,30000.0,5297.379666666667,
Y,\\sahale.biostr.washington.edu\data\Subjects\JRS_0012\2022-08-12\1\p0_g0\p0_g0_imec1\p0_g0_t0.imec1.ap.bin,122370018540,ap,JRS_0012,2022-08-12,1,False,0,False,True,385,30000.0,5297.4034,
Y,\\sahale.biostr.washington.edu\data\Subjects\JRS_0012\2022-08-17\1\p0_g0\p0_g0_imec0\p0_g0_t0.imec0.ap.bin,118460125630,ap,JRS_0012,2022-08-17,1,False,0,False,True,385,30000.0,5128.1439666666665,
Y,\\sahale.biostr.washington.edu\data\Subjects\JRS_0012\2022-08-17\1\p0_g0\p0_g0_imec1\p0_g0_t0.imec1.ap.bin,118459665940,ap,JRS_0012,2022-08-17,1,False,0,False,True,385,30000.0,5128.124066666666,
Y,\\sahale.biostr.washington.edu\data\Subjects\JRS_0012\2022-08-18\1\p0_g0\p0_g0_imec0\p0_g0_t0.imec0.ap.bin,105307968920,ap,JRS_0012,2022-08-18,1,False,0,False,True,385,30000.0,4558.786533333333,
Y,\\sahale.biostr.washington.edu\data\Subjects\JRS_0012\2022-08-18\1\p0_g0\p0_g0_imec1\p0_g0_t0.imec1.ap.bin,105308817460,ap,JRS_0012,2022-08-18,1,False,0,False,True,385,30000.0,4558.823266666666,
Y,\\sahale.biostr.washington.edu\data\Subjects\AL_0046\2026-04-06\2\p0_g0\p0_g0_imec0\p0_g0_t0.imec0.ap.bin,13190672880,ap,AL_0046,2026-04-06,2,False,0,False,True,385,30000.0,571.0248,
Y,\\sahale.biostr.washington.edu\data\Subjects\AL_0046\2026-04-06\2\p0_g0\p0_g0_imec0\p0_g0_t0.imec0.lf.bin,1099222740,lf,AL_0046,2026-04-06,2,False,0,False,True,385,2500.0,571.0248,
Y,\\sahale.biostr.washington.edu\data\Subjects\AL_0046\2026-04-06\2\p1_g1\p1_g1_imec0\p1_g1_t0.imec0.ap.bin,121746240,ap,AL_0046,2026-04-06,2,False,0,False,True,385,30000.0,5.2704,
Y,\\sahale.biostr.washington.edu\data\Subjects\AL_0046\2026-04-06\2\p1_g1\p1_g1_imec0\p1_g1_t0.imec0.lf.bin,10145520,lf,AL_0046,2026-04-06,2,False,0,False,True,385,2500.0,5.2704,
Y,\\sahale.biostr.washington.edu\data\Subjects\AL_0046\2026-04-06\3\p1_g0\p1_g0_imec0\p1_g0_t0.imec0.ap.bin,14257671890,ap,AL_0046,2026-04-06,3,False,0,False,True,385,30000.0,617.2152333333333,
Y,\\sahale.biostr.washington.edu\data\Subjects\AL_0046\2026-04-06\3\p1_g0\p1_g0_imec0\p1_g0_t0.imec0.lf.bin,1188140030,lf,AL_0046,2026-04-06,3,False,0,False,True,385,2500.0,617.2156,
Y,\\sahale.biostr.washington.edu\data\Subjects\AL_0046\2026-04-06\3\p2_g0\p2_g0_imec0\p2_g0_t0.imec0.ap.bin,1451761080,ap,AL_0046,2026-04-06,3,False,0,False,True,385,30000.0,62.8468,
Y,\\sahale.biostr.washington.edu\data\Subjects\AL_0046\2026-04-06\3\p2_g0\p2_g0_imec0\p2_g0_t0.imec0.lf.bin,120980090,lf,AL_0046,2026-04-06,3,False,0,False,True,385,2500.0,62.8468,
Y,\\sahale.biostr.washington.edu\data\Subjects\JRS_0057\2026-06-04\1\p0_g0\p0_g0_imec0\p0_g0_t0.imec0.ap.bin,347453420160,ap,JRS_0057,2026-06-04,1,False,0,False,True,1540,30000.0,3760.3184,
Y,\\sahale.biostr.washington.edu\data\Subjects\ZYE_0052\2021-12-20\1\p0_g0\p0_g0_imec0\p0_g0_t0.imec0.ap.bin,99045024540,ap,ZYE_0052,2021-12-20,1,False,0,False,True,385,30000.0,4287.6634,
Y,\\sahale.biostr.washington.edu\data\Subjects\ZYE_0052\2021-12-21\1\p0_g0\p0_g0_imec0\p0_g0_t0.imec0.ap.bin,71179757110,ap,ZYE_0052,2021-12-21,1,False,0,False,True,385,30000.0,3081.374766666667,
Y,\\sahale.biostr.washington.edu\data\Subjects\ZYE_0052\2021-12-22\4\p2_g0\p2_g0_imec0\p2_g0_t0.imec0.ap.bin,73910024650,ap,ZYE_0052,2021-12-22,4,False,0,False,True,385,30000.0,3199.5681666666665,
Y,\\sahale.biostr.washington.edu\data\Subjects\ZYE_0052\2021-12-31\1\p0_g0\p0_g0_imec0\p0_g0_t0.imec0.ap.bin,79850323630,ap,ZYE_0052,2021-12-31,1,False,0,False,True,385,30000.0,3456.7239666666665,
Y,\\sahale.biostr.washington.edu\data\Subjects\ZYE_0052\2022-01-04\1\p0_g0\p0_g0_imec0\p0_g0_t0.imec0.ap.bin,72504606020,ap,ZYE_0052,2022-01-04,1,False,0,False,True,385,30000.0,3138.727533333333,
Y,\\sahale.biostr.washington.edu\data\Subjects\ZYE_0058\2022-03-10\1\p0_g0\p0_g0_imec0\p0_g0_t0.imec0.ap.bin,129616888940,ap,ZYE_0058,2022-03-10,1,False,0,False,True,385,30000.0,5611.120733333333,
Y,\\sahale.biostr.washington.edu\data\Subjects\ZYE_0058\2022-03-11\1\p0_g0\p0_g0_imec0\p0_g0_t0.imec0.ap.bin,99342135200,ap,ZYE_0058,2022-03-11,1,False,0,False,True,385,30000.0,4300.525333333333,
Y,\\sahale.biostr.washington.edu\data\Subjects\JRS_0001\2021-08-26\1\p0_g0\p0_g0_imec0\p0_g0_t0.imec0.ap.bin,50066921520,ap,JRS_0001,2021-08-26,1,False,0,False,True,385,30000.0,2167.3992,
Y,\\sahale.biostr.washington.edu\data\Subjects\JRS_0001\2021-08-26\5\p0_g0\p0_g0_imec0\p0_g0_t0.imec0.ap.bin,10269713300,ap,JRS_0001,2021-08-26,5,False,0,False,True,385,30000.0,444.5763333333333,
Y,\\sahale.biostr.washington.edu\data\Subjects\JRS_0001\2021-08-30\1\p0_g0\p0_g0_imec0\p0_g0_t0.imec0.ap.bin,133212944480,ap,JRS_0001,2021-08-30,1,False,0,False,True,385,30000.0,5766.794133333334,
Y,\\sahale.biostr.washington.edu\data\Subjects\JRS_0001\2021-08-30\5\p0_g0\p0_g0_imec0\p0_g0_t0.imec0.ap.bin,15363349540,ap,JRS_0001,2021-08-30,5,False,0,False,True,385,30000.0,665.0800666666667,
Y,\\sahale.biostr.washington.edu\data\Subjects\JRS_0001\2021-08-30\6\p0_g0\p0_g0_imec0\p0_g0_t0.imec0.ap.bin,10707009390,ap,JRS_0001,2021-08-30,6,False,0,False,True,385,30000.0,463.5069,
Y,\\sahale.biostr.washington.edu\data\Subjects\JRS_0001\2021-08-31\1\p0_g0\p0_g0_imec0\p0_g0_t0.imec0.ap.bin,89769572970,ap,JRS_0001,2021-08-31,1,False,0,False,True,385,30000.0,3886.1287,
Y,\\sahale.biostr.washington.edu\data\Subjects\JRS_0001\2021-08-31\1\p0_g0\p0_g0_imec1\p0_g0_t0.imec1.ap.bin,89769869420,ap,JRS_0001,2021-08-31,1,False,0,False,True,385,30000.0,3886.1415333333334,
Y,\\sahale.biostr.washington.edu\data\Subjects\JRS_0001\2021-08-31\5\p0_g0\p0_g0_imec0\p0_g0_t0.imec0.ap.bin,12249948480,ap,JRS_0001,2021-08-31,5,False,0,False,True,385,30000.0,530.3008,
Y,\\sahale.biostr.washington.edu\data\Subjects\JRS_0001\2021-08-31\5\p0_g0\p0_g0_imec1\p0_g0_t0.imec1.ap.bin,12249960030,ap,JRS_0001,2021-08-31,5,False,0,False,True,385,30000.0,530.3013,
Y,\\sahale.biostr.washington.edu\data\Subjects\JRS_0001\2021-08-31\6\p0_g0\p0_g0_imec0\p0_g0_t0.imec0.ap.bin,11170904360,ap,JRS_0001,2021-08-31,6,False,0,False,True,385,30000.0,483.58893333333333,
Y,\\sahale.biostr.washington.edu\data\Subjects\JRS_0001\2021-08-31\6\p0_g0\p0_g0_imec1\p0_g0_t0.imec1.ap.bin,11170916680,ap,JRS_0001,2021-08-31,6,False,0,False,True,385,30000.0,483.5894666666667,
Y,\\sahale.biostr.washington.edu\data\Subjects\JRS_0001\2021-09-08\1\p1_g0\p1_g0_imec0\p1_g0_t0.imec0.ap.bin,112418194350,ap,JRS_0001,2021-09-08,1,False,0,False,True,385,30000.0,4866.5885,
Y,\\sahale.biostr.washington.edu\data\Subjects\JRS_0001\2021-09-08\1\p1_g0\p1_g0_imec1\p1_g0_t0.imec1.ap.bin,112418435360,ap,JRS_0001,2021-09-08,1,False,0,False,True,385,30000.0,4866.598933333334,
Y,\\sahale.biostr.washington.edu\data\Subjects\JRS_0001\2021-09-08\5\p1_g0\p1_g0_imec0\p1_g0_t0.imec0.ap.bin,12397873180,ap,JRS_0001,2021-09-08,5,False,0,False,True,385,30000.0,536.7044666666667,
Y,\\sahale.biostr.washington.edu\data\Subjects\JRS_0001\2021-09-08\5\p1_g0\p1_g0_imec1\p1_g0_t0.imec1.ap.bin,12397882420,ap,JRS_0001,2021-09-08,5,False,0,False,True,385,30000.0,536.7048666666667,
Y,\\sahale.biostr.washington.edu\data\Subjects\ZYE_0073\2024-01-28\1\p0_g0\p0_g0_imec0\p0_g0_t0.imec0.ap.bin,60987880800,ap,ZYE_0073,2024-01-28,1,False,0,False,True,385,30000.0,2640.168,
Y,\\sahale.biostr.washington.edu\data\Subjects\ZYE_0073\2024-01-28\1\p0_g0\p0_g0_imec0\p0_g0_t0.imec0.lf.bin,5082323400,lf,ZYE_0073,2024-01-28,1,False,0,False,True,385,2500.0,2640.168,
Y,\\sahale.biostr.washington.edu\data\Subjects\ZYE_0073\2024-01-28\1\p0_g0\p0_g0_imec1\p0_g0_t0.imec1.ap.bin,60987779160,ap,ZYE_0073,2024-01-28,1,False,0,False,True,385,30000.0,2640.1636,
Y,\\sahale.biostr.washington.edu\data\Subjects\ZYE_0073\2024-01-28\1\p0_g0\p0_g0_imec1\p0_g0_t0.imec1.lf.bin,5082314930,lf,ZYE_0073,2024-01-28,1,False,0,False,True,385,2500.0,2640.1636,
Y,\\sahale.biostr.washington.edu\data\Subjects\ZYE_0073\2024-01-28\1\p1_g0\p1_g0_imec0\p1_g0_t0.imec0.ap.bin,811013280,ap,ZYE_0073,2024-01-28,1,False,0,False,True,385,30000.0,35.1088,
Y,\\sahale.biostr.washington.edu\data\Subjects\ZYE_0073\2024-01-28\1\p1_g0\p1_g0_imec0\p1_g0_t0.imec0.lf.bin,67584440,lf,ZYE_0073,2024-01-28,1,False,0,False,True,385,2500.0,35.1088,
Y,\\sahale.biostr.washington.edu\data\Subjects\ZYE_0073\2024-01-28\1\p1_g0\p1_g0_imec1\p1_g0_t0.imec1.ap.bin,810865440,ap,ZYE_0073,2024-01-28,1,False,0,False,True,385,30000.0,35.1024,
Y,\\sahale.biostr.washington.edu\data\Subjects\ZYE_0073\2024-01-28\1\p1_g0\p1_g0_imec1\p1_g0_t0.imec1.lf.bin,67572120,lf,ZYE_0073,2024-01-28,1,False,0,False,True,385,2500.0,35.1024,
Y,\\sahale.biostr.washington.edu\data\Subjects\ZYE_0073\2024-01-28\1\p2_g0\p2_g0_imec0\p2_g0_t0.imec0.ap.bin,102973147200,ap,ZYE_0073,2024-01-28,1,False,0,False,True,385,30000.0,4457.712,
Y,\\sahale.biostr.washington.edu\data\Subjects\ZYE_0073\2024-01-28\1\p2_g0\p2_g0_imec0\p2_g0_t0.imec0.lf.bin,8581095600,lf,ZYE_0073,2024-01-28,1,False,0,False,True,385,2500.0,4457.712,
Y,\\sahale.biostr.washington.edu\data\Subjects\ZYE_0073\2024-01-28\1\p2_g0\p2_g0_imec1\p2_g0_t0.imec1.ap.bin,102972934680,ap,ZYE_0073,2024-01-28,1,False,0,False,True,385,30000.0,4457.7028,
Y,\\sahale.biostr.washington.edu\data\Subjects\ZYE_0073\2024-01-28\1\p2_g0\p2_g0_imec1\p2_g0_t0.imec1.lf.bin,8581077890,lf,ZYE_0073,2024-01-28,1,False,0,False,True,385,2500.0,4457.7028,
Y,\\sahale.biostr.washington.edu\data\Subjects\test\2025-07-18\1\p0_g0\p0_g0_imec0\p0_g0_t0.imec0.ap.bin,1155110880,ap,test,2025-07-18,1,False,0,False,True,385,30000.0,50.0048,
Y,\\sahale.biostr.washington.edu\data\Subjects\test\2025-07-18\1\p0_g0\p0_g0_imec0\p0_g0_t0.imec0.lf.bin,96259240,lf,test,2025-07-18,1,False,0,False,True,385,2500.0,50.0048,
Y,\\sahale.biostr.washington.edu\data\Subjects\test\2026-04-19\1\p5_g0\p5_g0_imec0\p5_g0_t0.imec0.ap.bin,48157494770,ap,test,2026-04-19,1,False,0,False,True,385,30000.0,2084.7400333333335,
Y,\\sahale.biostr.washington.edu\data\Subjects\test\2026-04-19\1\p5_g0\p5_g0_imec0\p5_g0_t0.imec0.lf.bin,4013125270,lf,test,2026-04-19,1,False,0,False,True,385,2500.0,2084.7404,
Y,\\sahale.biostr.washington.edu\data\Subjects\test\2026-04-19\1\p5_g0\p5_g0_imec1\p5_g0_t0.imec1.ap.bin,48157818940,ap,test,2026-04-19,1,False,0,False,True,385,30000.0,2084.754066666667,
Y,\\sahale.biostr.washington.edu\data\Subjects\test\2026-04-19\1\p5_g0\p5_g0_imec1\p5_g0_t0.imec1.lf.bin,4013152220,lf,test,2026-04-19,1,False,0,False,True,385,2500.0,2084.7544,
Y,\\sahale.biostr.washington.edu\data\Subjects\test\2026-04-19\1\p5_g0\p5_g0_imec2\p5_g0_t0.imec2.ap.bin,48157643380,ap,test,2026-04-19,1,False,0,False,True,385,30000.0,2084.7464666666665,
Y,\\sahale.biostr.washington.edu\data\Subjects\test\2026-04-19\1\p5_g0\p5_g0_imec2\p5_g0_t0.imec2.lf.bin,4013137590,lf,test,2026-04-19,1,False,0,False,True,385,2500.0,2084.7468,
Y,\\sahale.biostr.washington.edu\data\Subjects\test\2026-04-19\1\p5_g0\p5_g0_imec3\p5_g0_t0.imec3.ap.bin,48157773510,ap,test,2026-04-19,1,False,0,False,True,385,30000.0,2084.7521,
Y,\\sahale.biostr.washington.edu\data\Subjects\test\2026-04-19\1\p5_g0\p5_g0_imec3\p5_g0_t0.imec3.lf.bin,4013148370,lf,test,2026-04-19,1,False,0,False,True,385,2500.0,2084.7524,
Y,\\sahale.biostr.washington.edu\data\Subjects\test\2026-04-19\1\p5_g0\p5_g0_imec4\p5_g0_t0.imec4.ap.bin,48157644150,ap,test,2026-04-19,1,False,0,False,True,385,30000.0,2084.7465,
Y,\\sahale.biostr.washington.edu\data\Subjects\test\2026-04-19\1\p5_g0\p5_g0_imec4\p5_g0_t0.imec4.lf.bin,4013137590,lf,test,2026-04-19,1,False,0,False,True,385,2500.0,2084.7468,
Y,\\sahale.biostr.washington.edu\data\Subjects\KM_050\2025-09-25\2\p0_g0\p0_g0_imec0\p0_g0_t0.imec0.ap.bin,5994200520,ap,KM_050,2025-09-25,2,False,0,False,True,385,30000.0,259.4892,
Y,\\sahale.biostr.washington.edu\data\Subjects\KM_050\2025-09-25\2\p2_g0\p2_g0_imec0\p2_g0_t0.imec0.ap.bin,53472977250,ap,KM_050,2025-09-25,2,False,0,False,True,385,30000.0,2314.8475,
Y,\\sahale.biostr.washington.edu\data\Subjects\KM_050\2025-09-26\1\p0_g0\p0_g0_imec0\p0_g0_t0.imec0.ap.bin,57820590520,ap,KM_050,2025-09-26,1,False,0,False,True,385,30000.0,2503.0558666666666,
Y,\\sahale.biostr.washington.edu\data\Subjects\ZYE_0036\2021-07-21\3\p2_g0\p2_g0_imec0\p2_g0_t0.imec0.ap.bin,79462168940,ap,ZYE_0036,2021-07-21,3,False,0,False,True,385,30000.0,3439.9207333333334,
Y,\\sahale.biostr.washington.edu\data\Subjects\ZYE_0036\2021-07-21\3\p2_g0\p2_g0_imec1\p2_g0_t0.imec1.ap.bin,79462346040,ap,ZYE_0036,2021-07-21,3,False,0,False,True,385,30000.0,3439.9284,
Y,\\sahale.biostr.washington.edu\data\Subjects\ZYE_0041\2021-09-02\2\p1_g0\p1_g0_imec0\p1_g0_t0.imec0.ap.bin,111236374480,ap,ZYE_0041,2021-09-02,2,False,0,False,True,385,30000.0,4815.427466666667,
Y,\\sahale.biostr.washington.edu\data\Subjects\ZYE_0041\2021-09-02\7\p2_g0\p2_g0_imec0\p2_g0_t0.imec0.ap.bin,74167749040,ap,ZYE_0041,2021-09-02,7,False,0,False,True,385,30000.0,3210.725066666667,
Y,\\sahale.biostr.washington.edu\data\Subjects\ZYE_0041\2021-09-03\1\p0_g0\p0_g0_imec0\p0_g0_t0.imec0.ap.bin,28717248560,ap,ZYE_0041,2021-09-03,1,False,0,False,True,385,30000.0,1243.1709333333333,
Y,\\sahale.biostr.washington.edu\data\Subjects\ZYE_0041\2021-09-03\2\p1_g0\p1_g0_imec0\p1_g0_t0.imec0.ap.bin,92984620960,ap,ZYE_0041,2021-09-03,2,False,0,False,True,385,30000.0,4025.3082666666664,
Y,\\sahale.biostr.washington.edu\data\Subjects\JRS_0044\2025-02-05\2\p0_g0\p0_g0_imec0\p0_g0_t0.imec0.ap.bin,39874185120,ap,JRS_0044,2025-02-05,2,False,0,False,True,385,30000.0,1726.1552,
Y,\\sahale.biostr.washington.edu\data\Subjects\JRS_0044\2025-02-05\2\p0_g0\p0_g0_imec0\p0_g0_t0.imec0.lf.bin,3322848760,lf,JRS_0044,2025-02-05,2,False,0,False,True,385,2500.0,1726.1552,
Y,\\sahale.biostr.washington.edu\data\Subjects\JRS_0044\2025-02-13\1\p0_g0\p0_g0_imec0\p0_g0_t0.imec0.ap.bin,43642284840,ap,JRS_0044,2025-02-13,1,False,0,False,True,385,30000.0,1889.2764,
Y,\\sahale.biostr.washington.edu\data\Subjects\JRS_0044\2025-02-13\1\p0_g0\p0_g0_imec0\p0_g0_t0.imec0.lf.bin,3636857070,lf,JRS_0044,2025-02-13,1,False,0,False,True,385,2500.0,1889.2764,
Y,\\sahale.biostr.washington.edu\data\Subjects\JRS_0033\2024-02-27\1\p0_g0\p0_g0_imec0\p0_g0_t0.imec0.ap.bin,52002082440,ap,JRS_0033,2024-02-27,1,False,0,False,True,385,30000.0,2251.1724,
Y,\\sahale.biostr.washington.edu\data\Subjects\JRS_0033\2024-02-27\1\p0_g0\p0_g0_imec0\p0_g0_t0.imec0.lf.bin,4333506870,lf,JRS_0033,2024-02-27,1,False,0,False,True,385,2500.0,2251.1724,
Y,\\sahale.biostr.washington.edu\data\Subjects\JRS_0033\2024-02-27\1\p0_g0\p0_g0_imec1\p0_g0_t0.imec1.ap.bin,52002036240,ap,JRS_0033,2024-02-27,1,False,0,False,True,385,30000.0,2251.1704,
Y,\\sahale.biostr.washington.edu\data\Subjects\JRS_0033\2024-02-27\1\p0_g0\p0_g0_imec1\p0_g0_t0.imec1.lf.bin,4333503020,lf,JRS_0033,2024-02-27,1,False,0,False,True,385,2500.0,2251.1704,
Y,\\sahale.biostr.washington.edu\data\Subjects\JRS_0033\2024-02-27\4\p3_g0\p3_g0_imec0\p3_g0_t0.imec0.ap.bin,56649849410,ap,JRS_0033,2024-02-27,4,False,0,False,True,385,30000.0,2452.3744333333334,
Y,\\sahale.biostr.washington.edu\data\Subjects\JRS_0033\2024-02-27\4\p3_g0\p3_g0_imec0\p3_g0_t0.imec0.lf.bin,4720821490,lf,JRS_0033,2024-02-27,4,False,0,False,True,385,2500.0,2452.3748,
Y,\\sahale.biostr.washington.edu\data\Subjects\JRS_0033\2024-02-27\4\p3_g0\p3_g0_imec1\p3_g0_t0.imec1.ap.bin,56649830930,ap,JRS_0033,2024-02-27,4,False,0,False,True,385,30000.0,2452.373633333333,
Y,\\sahale.biostr.washington.edu\data\Subjects\JRS_0033\2024-02-27\4\p3_g0\p3_g0_imec1\p3_g0_t0.imec1.lf.bin,4720819950,lf,JRS_0033,2024-02-27,4,False,0,False,True,385,2500.0,2452.374,
Y,\\sahale.biostr.washington.edu\data\Subjects\FD_005\2026-02-06\1\p0_g0\p0_g0_imec0\p0_g0_t0.imec0.ap.bin,40806571960,ap,FD_005,2026-02-06,1,False,0,False,True,385,30000.0,1766.5182666666667,
Y,\\sahale.biostr.washington.edu\data\Subjects\KM_018\2024-11-14\1\p0_g0\p0_g0_imec0\p0_g0_t0.imec0.ap.bin,24372358010,ap,KM_018,2024-11-14,1,False,0,False,True,385,30000.0,1055.0804333333333,
Y,\\sahale.biostr.washington.edu\data\Subjects\LK_0008\2021-08-12\1\p0_g0\p0_g0_imec0\p0_g0_t0.imec0.ap.bin,77170096080,ap,LK_0008,2021-08-12,1,False,0,False,True,385,30000.0,3340.6968,
Y,\\sahale.biostr.washington.edu\data\Subjects\LK_0008\2021-08-13\2\p0_g0\p0_g0_imec0\p0_g0_t0.imec0.ap.bin,70256684960,ap,LK_0008,2021-08-13,2,False,0,False,True,385,30000.0,3041.4149333333335,
Y,\\sahale.biostr.washington.edu\data\Subjects\JRS_0049\2025-01-13\1\p0_g0\p0_g0_imec0\p0_g0_t0.imec0.ap.bin,76662815460,ap,JRS_0049,2025-01-13,1,False,0,False,True,385,30000.0,3318.7366,
Y,\\sahale.biostr.washington.edu\data\Subjects\JRS_0049\2025-01-13\1\p0_g0\p0_g0_imec1\p0_g0_t0.imec1.ap.bin,76663574680,ap,JRS_0049,2025-01-13,1,False,0,False,True,385,30000.0,3318.7694666666666,
Y,\\sahale.biostr.washington.edu\data\Subjects\JRS_0049\2025-01-14\1\p0_g0\p0_g0_imec0\p0_g0_t0.imec0.ap.bin,66743097190,ap,JRS_0049,2025-01-14,1,False,0,False,True,385,30000.0,2889.3115666666667,
Y,\\sahale.biostr.washington.edu\data\Subjects\JRS_0049\2025-01-14\1\p0_g0\p0_g0_imec1\p0_g0_t0.imec1.ap.bin,66748169180,ap,JRS_0049,2025-01-14,1,False,0,False,True,385,30000.0,2889.5311333333334,
Y,\\sahale.biostr.washington.edu\data\Subjects\JRS_0049\2025-01-15\3\p0_g0\p0_g0_imec0\p0_g0_t0.imec0.ap.bin,2079765380,ap,JRS_0049,2025-01-15,3,False,0,False,True,385,30000.0,90.03313333333334,
Y,\\sahale.biostr.washington.edu\data\Subjects\JRS_0049\2025-01-15\3\p0_g0\p0_g0_imec1\p0_g0_t0.imec1.ap.bin,2079780780,ap,JRS_0049,2025-01-15,3,False,0,False,True,385,30000.0,90.0338,
Y,\\sahale.biostr.washington.edu\data\Subjects\JRS_0049\2025-01-15\3\p1_g0\p1_g0_imec0\p1_g0_t0.imec0.ap.bin,69051595690,ap,JRS_0049,2025-01-15,3,False,0,False,True,385,30000.0,2989.2465666666667,
Y,\\sahale.biostr.washington.edu\data\Subjects\JRS_0049\2025-01-15\3\p1_g0\p1_g0_imec1\p1_g0_t0.imec1.ap.bin,69052016110,ap,JRS_0049,2025-01-15,3,False,0,False,True,385,30000.0,2989.2647666666667,
Y,\\sahale.biostr.washington.edu\data\Subjects\JRS_0049\2025-01-17\1\p1_g0\p1_g0_imec0\p1_g0_t0.imec0.ap.bin,63343268450,ap,JRS_0049,2025-01-17,1,False,0,False,True,385,30000.0,2742.132833333333,
Y,\\sahale.biostr.washington.edu\data\Subjects\JRS_0049\2025-01-17\1\p1_g0\p1_g0_imec1\p1_g0_t0.imec1.ap.bin,63343748160,ap,JRS_0049,2025-01-17,1,False,0,False,True,385,30000.0,2742.1536,
Y,\\sahale.biostr.washington.edu\data\Subjects\ZYE_0046\2021-11-30\6\p0_g0\p0_g0_imec0\p0_g0_t0.imec0.ap.bin,66147861010,ap,ZYE_0046,2021-11-30,6,False,0,False,True,385,30000.0,2863.5437666666667,
Y,\\sahale.biostr.washington.edu\data\Subjects\ZYE_0046\2021-12-01\1\p0_g0\p0_g0_imec0\p0_g0_t0.imec0.ap.bin,86272915190,ap,ZYE_0046,2021-12-01,1,False,0,False,True,385,30000.0,3734.7582333333335,
Y,\\sahale.biostr.washington.edu\data\Subjects\ZYE_0031\2021-09-29\3\p1_g0\p1_g0_imec0\p1_g0_t0.imec0.ap.bin,20622897680,ap,ZYE_0031,2021-09-29,3,False,0,False,True,385,30000.0,892.7661333333333,
Y,\\sahale.biostr.washington.edu\data\Subjects\ZYE_0031\2021-09-30\1\p0_g0\p0_g0_imec0\p0_g0_t0.imec0.ap.bin,40898493790,ap,ZYE_0031,2021-09-30,1,False,0,False,True,385,30000.0,1770.4975666666667,
Y,\\sahale.biostr.washington.edu\data\Subjects\ZYE_0031\2021-09-30\2\p1_g0\p1_g0_imec0\p1_g0_t0.imec0.ap.bin,86228282910,ap,ZYE_0031,2021-09-30,2,False,0,False,True,385,30000.0,3732.8261,
Y,\\sahale.biostr.washington.edu\data\Subjects\ZYE_0031\2021-11-30\1\p0_g0\p0_g0_imec0\p0_g0_t0.imec0.ap.bin,104697424370,ap,ZYE_0031,2021-11-30,1,False,0,False,True,385,30000.0,4532.3560333333335,
Y,\\sahale.biostr.washington.edu\data\Subjects\ZYE_0031\2021-11-30\1\p0_g0\p0_g0_imec0\p0_g0_t0.imec0.lf.bin,8724786070,lf,ZYE_0031,2021-11-30,1,False,0,False,True,385,2500.0,4532.3564,
Y,\\sahale.biostr.washington.edu\data\Subjects\ZYE_0031\2021-11-30\1\p0_g0\p0_g0_imec0\p0_g0_tcat.imec0.ap.bin,104697424370,ap,ZYE_0031,2021-11-30,1,False,0,False,True,385,30000.0,4532.3560333333335,
Y,\\sahale.biostr.washington.edu\data\Subjects\ZYE_0031\2021-11-30\1\p0_g0\p0_g0_imec1\p0_g0_t0.imec1.ap.bin,104696250890,ap,ZYE_0031,2021-11-30,1,False,0,False,True,385,30000.0,4532.3052333333335,
Y,\\sahale.biostr.washington.edu\data\Subjects\ZYE_0031\2021-12-01\1\p0_g0\p0_g0_imec0\p0_g0_t0.imec0.ap.bin,116701551120,ap,ZYE_0031,2021-12-01,1,False,0,False,True,385,30000.0,5052.0152,
Y,\\sahale.biostr.washington.edu\data\Subjects\ZYE_0031\2021-12-01\1\p0_g0\p0_g0_imec0\p0_g0_t0.imec0.lf.bin,9725129260,lf,ZYE_0031,2021-12-01,1,False,0,False,True,385,2500.0,5052.0152,
Y,\\sahale.biostr.washington.edu\data\Subjects\ZYE_0031\2021-12-01\1\p0_g0\p0_g0_imec0\p0_g0_tcat.imec0.ap.bin,116701551120,ap,ZYE_0031,2021-12-01,1,False,0,False,True,385,30000.0,5052.0152,
Y,\\sahale.biostr.washington.edu\data\Subjects\ZYE_0031\2021-12-01\1\p0_g0\p0_g0_imec1\p0_g0_t0.imec1.ap.bin,116700240580,ap,ZYE_0031,2021-12-01,1,False,0,False,True,385,30000.0,5051.958466666667,
Y,\\sahale.biostr.washington.edu\data\Subjects\ZYE_0031\2021-12-02\4\p2_g0\p2_g0_imec0\p2_g0_t0.imec0.ap.bin,103366808160,ap,ZYE_0031,2021-12-02,4,False,0,False,True,385,30000.0,4474.7536,
Y,\\sahale.biostr.washington.edu\data\Subjects\ZYE_0031\2021-12-02\4\p2_g0\p2_g0_imec0\p2_g0_t0.imec0.lf.bin,8613900680,lf,ZYE_0031,2021-12-02,4,False,0,False,True,385,2500.0,4474.7536,
Y,\\sahale.biostr.washington.edu\data\Subjects\ZYE_0031\2021-12-02\4\p2_g0\p2_g0_imec0\p2_g0_tcat.imec0.ap.bin,103366808160,ap,ZYE_0031,2021-12-02,4,False,0,False,True,385,30000.0,4474.7536,
Y,\\sahale.biostr.washington.edu\data\Subjects\ZYE_0031\2021-12-02\4\p2_g0\p2_g0_imec1\p2_g0_t0.imec1.ap.bin,103364534350,ap,ZYE_0031,2021-12-02,4,False,0,False,True,385,30000.0,4474.655166666666,
Y,\\sahale.biostr.washington.edu\data\Subjects\ZYE_0031\2021-12-03\1\p0_g0\p0_g0_imec0\p0_g0_t0.imec0.ap.bin,106072446480,ap,ZYE_0031,2021-12-03,1,False,0,False,True,385,30000.0,4591.8808,
Y,\\sahale.biostr.washington.edu\data\Subjects\ZYE_0031\2021-12-03\1\p0_g0\p0_g0_imec0\p0_g0_t0.imec0.lf.bin,8839370540,lf,ZYE_0031,2021-12-03,1,False,0,False,True,385,2500.0,4591.8808,
Y,\\sahale.biostr.washington.edu\data\Subjects\ZYE_0031\2021-12-03\1\p0_g0\p0_g0_imec0\p0_g0_tcat.imec0.ap.bin,106072446480,ap,ZYE_0031,2021-12-03,1,False,0,False,True,385,30000.0,4591.8808,
Y,\\sahale.biostr.washington.edu\data\Subjects\ZYE_0031\2021-12-03\1\p0_g0\p0_g0_imec1\p0_g0_t0.imec1.ap.bin,106070630820,ap,ZYE_0031,2021-12-03,1,False,0,False,True,385,30000.0,4591.8022,
Y,\\sahale.biostr.washington.edu\data\Subjects\JRS_0043\2024-02-13\1\p0_g0\p0_g0_imec0\p0_g0_t0.imec0.ap.bin,85687500360,ap,JRS_0043,2024-02-13,1,False,0,False,True,385,30000.0,3709.4156,
Y,\\sahale.biostr.washington.edu\data\Subjects\JRS_0043\2024-02-13\1\p0_g0\p0_g0_imec0\p0_g0_t0.imec0.lf.bin,7140625030,lf,JRS_0043,2024-02-13,1,False,0,False,True,385,2500.0,3709.4156,
Y,\\sahale.biostr.washington.edu\data\Subjects\JRS_0043\2024-02-13\1\p0_g0\p0_g0_imec1\p0_g0_t0.imec1.ap.bin,85688383550,ap,JRS_0043,2024-02-13,1,False,0,False,True,385,30000.0,3709.4538333333335,
Y,\\sahale.biostr.washington.edu\data\Subjects\JRS_0043\2024-02-14\1\p5_g0\p5_g0_imec0\p5_g0_t0.imec0.ap.bin,76486061960,ap,JRS_0043,2024-02-14,1,False,0,False,True,385,30000.0,3311.0849333333335,
Y,\\sahale.biostr.washington.edu\data\Subjects\JRS_0043\2024-02-15\1\p5_g0\p5_g0_imec0\p5_g0_t0.imec0.ap.bin,77123733610,ap,JRS_0043,2024-02-15,1,False,0,False,True,385,30000.0,3338.689766666667,
Y,\\sahale.biostr.washington.edu\data\Subjects\JRS_0043\2024-02-15\1\p5_g0\p5_g0_imec1\p5_g0_t0.imec1.ap.bin,77121345070,ap,JRS_0043,2024-02-15,1,False,0,False,True,385,30000.0,3338.586366666667,
Y,\\sahale.biostr.washington.edu\data\Subjects\JRS_0043\2024-02-16\1\p5_g0\p5_g0_imec0\p5_g0_t0.imec0.ap.bin,78691679220,ap,JRS_0043,2024-02-16,1,False,0,False,True,385,30000.0,3406.5662,
Y,\\sahale.biostr.washington.edu\data\Subjects\ZYE_0009\2021-01-20\1\p2_g0\p2_g0_imec0\p2_g0_t0.imec0.ap.bin,55015458190,ap,ZYE_0009,2021-01-20,1,False,0,False,True,385,30000.0,2381.6215666666667,
Y,\\sahale.biostr.washington.edu\data\Subjects\JRS_0006\2021-12-23\1\p0_g0\p0_g0_imec0\p0_g0_t0.imec0.ap.bin,82127123540,ap,JRS_0006,2021-12-23,1,False,0,False,True,385,30000.0,3555.2867333333334,
Y,\\sahale.biostr.washington.edu\data\Subjects\JRS_0006\2021-12-23\1\p0_g0\p0_g0_imec1\p0_g0_t0.imec1.ap.bin,82127369170,ap,JRS_0006,2021-12-23,1,False,0,False,True,385,30000.0,3555.2973666666667,
Y,\\sahale.biostr.washington.edu\data\Subjects\JRS_0006\2021-12-23\4\p0_g0\p0_g0_imec0\p0_g0_t0.imec0.ap.bin,64046683470,ap,JRS_0006,2021-12-23,4,False,0,False,True,385,30000.0,2772.5837,
Y,\\sahale.biostr.washington.edu\data\Subjects\JRS_0006\2021-12-23\4\p0_g0\p0_g0_imec1\p0_g0_t0.imec1.ap.bin,64046774330,ap,JRS_0006,2021-12-23,4,False,0,False,True,385,30000.0,2772.5876333333335,
Y,\\sahale.biostr.washington.edu\data\Subjects\JRS_0006\2021-12-23\6\p0_g0\p0_g0_imec0\p0_g0_t0.imec0.ap.bin,12744708130,ap,JRS_0006,2021-12-23,6,False,0,False,True,385,30000.0,551.7189666666667,
Y,\\sahale.biostr.washington.edu\data\Subjects\JRS_0006\2021-12-23\6\p0_g0\p0_g0_imec1\p0_g0_t0.imec1.ap.bin,12744728150,ap,JRS_0006,2021-12-23,6,False,0,False,True,385,30000.0,551.7198333333333,
Y,\\sahale.biostr.washington.edu\data\Subjects\JRS_0006\2021-12-24\1\p0_g0\p0_g0_imec0\p0_g0_t0.imec0.ap.bin,151967897620,ap,JRS_0006,2021-12-24,1,False,0,False,True,385,30000.0,6578.696866666667,
Y,\\sahale.biostr.washington.edu\data\Subjects\JRS_0006\2021-12-24\1\p0_g0\p0_g0_imec1\p0_g0_t0.imec1.ap.bin,151968296480,ap,JRS_0006,2021-12-24,1,False,0,False,True,385,30000.0,6578.714133333333,
Y,\\sahale.biostr.washington.edu\data\Subjects\JRS_0006\2021-12-24\4\p0_g0\p0_g0_imec0\p0_g0_t0.imec0.ap.bin,14519701350,ap,JRS_0006,2021-12-24,4,False,0,False,True,385,30000.0,628.5585,
Y,\\sahale.biostr.washington.edu\data\Subjects\JRS_0006\2021-12-24\4\p0_g0\p0_g0_imec1\p0_g0_t0.imec1.ap.bin,14519723680,ap,JRS_0006,2021-12-24,4,False,0,False,True,385,30000.0,628.5594666666667,
Y,\\sahale.biostr.washington.edu\data\Subjects\JRS_0006\2021-12-27\1\p0_g0\p0_g0_imec0\p0_g0_t0.imec0.ap.bin,140187141710,ap,JRS_0006,2021-12-27,1,False,0,False,True,385,30000.0,6068.707433333333,
Y,\\sahale.biostr.washington.edu\data\Subjects\JRS_0006\2021-12-27\5\p0_g0\p0_g0_imec0\p0_g0_t0.imec0.ap.bin,13481303990,ap,JRS_0006,2021-12-27,5,False,0,False,True,385,30000.0,583.6062333333333,
Y,\\sahale.biostr.washington.edu\data\Subjects\JRS_0006\2021-12-29\1\p0_g0\p0_g0_imec0\p0_g0_t0.imec0.ap.bin,136655302630,ap,JRS_0006,2021-12-29,1,False,0,False,True,385,30000.0,5915.813966666667,
Y,\\sahale.biostr.washington.edu\data\Subjects\JRS_0006\2021-12-29\1\p0_g0\p0_g0_imec1\p0_g0_t0.imec1.ap.bin,136655666070,ap,JRS_0006,2021-12-29,1,False,0,False,True,385,30000.0,5915.8297,
Y,\\sahale.biostr.washington.edu\data\Subjects\JRS_0006\2021-12-29\4\p0_g0\p0_g0_imec0\p0_g0_t0.imec0.ap.bin,12131269150,ap,JRS_0006,2021-12-29,4,False,0,False,True,385,30000.0,525.1631666666667,
Y,\\sahale.biostr.washington.edu\data\Subjects\JRS_0006\2021-12-29\4\p0_g0\p0_g0_imec1\p0_g0_t0.imec1.ap.bin,12131289170,ap,JRS_0006,2021-12-29,4,False,0,False,True,385,30000.0,525.1640333333334,
Y,\\sahale.biostr.washington.edu\data\Subjects\JRS_0006\2022-01-13\1\p0_g0\p0_g0_imec0\p0_g0_t0.imec0.ap.bin,159709695530,ap,JRS_0006,2022-01-13,1,False,0,False,True,385,30000.0,6913.839633333333,
Y,\\sahale.biostr.washington.edu\data\Subjects\JRS_0006\2022-01-13\1\p0_g0\p0_g0_imec1\p0_g0_t0.imec1.ap.bin,159709861080,ap,JRS_0006,2022-01-13,1,False,0,False,True,385,30000.0,6913.8468,
Y,\\sahale.biostr.washington.edu\data\Subjects\JRS_0006\2022-01-13\5\p0_g0\p0_g0_imec0\p0_g0_t0.imec0.ap.bin,11651142580,ap,JRS_0006,2022-01-13,5,False,0,False,True,385,30000.0,504.37846666666667,
Y,\\sahale.biostr.washington.edu\data\Subjects\JRS_0006\2022-01-13\5\p0_g0\p0_g0_imec1\p0_g0_t0.imec1.ap.bin,11651155670,ap,JRS_0006,2022-01-13,5,False,0,False,True,385,30000.0,504.3790333333333,
Y,\\sahale.biostr.washington.edu\data\Subjects\JRS_0006\2022-01-14\1\p0_g0\p0_g0_imec0\p0_g0_t0.imec0.ap.bin,147777959560,ap,JRS_0006,2022-01-14,1,False,0,False,True,385,30000.0,6397.314266666666,
Y,\\sahale.biostr.washington.edu\data\Subjects\JRS_0006\2022-01-14\1\p0_g0\p0_g0_imec1\p0_g0_t0.imec1.ap.bin,147778303750,ap,JRS_0006,2022-01-14,1,False,0,False,True,385,30000.0,6397.329166666666,
Y,\\sahale.biostr.washington.edu\data\Subjects\JRS_0006\2022-01-14\4\p0_g0\p0_g0_imec0\p0_g0_t0.imec0.ap.bin,11395480250,ap,JRS_0006,2022-01-14,4,False,0,False,True,385,30000.0,493.31083333333333,
Y,\\sahale.biostr.washington.edu\data\Subjects\JRS_0006\2022-01-14\4\p0_g0\p0_g0_imec1\p0_g0_t0.imec1.ap.bin,11395491030,ap,JRS_0006,2022-01-14,4,False,0,False,True,385,30000.0,493.3113,
Y,\\sahale.biostr.washington.edu\data\Subjects\ZYE_0003\2020-06-26\1\p1_g0\p1_g0_imec0\p1_g0_t0.imec0.ap.bin,127607859610,ap,ZYE_0003,2020-06-26,1,False,0,False,True,385,30000.0,5524.149766666666,
Y,\\sahale.biostr.washington.edu\data\Subjects\ZYE_0074\2024-01-27\1\p0_g0\p0_g0_imec0\p0_g0_t0.imec0.ap.bin,73115833560,ap,ZYE_0074,2024-01-27,1,False,0,False,True,385,30000.0,3165.1876,
Y,\\sahale.biostr.washington.edu\data\Subjects\ZYE_0074\2024-01-27\1\p0_g0\p0_g0_imec0\p0_g0_t0.imec0.lf.bin,6092986130,lf,ZYE_0074,2024-01-27,1,False,0,False,True,385,2500.0,3165.1876,
Y,\\sahale.biostr.washington.edu\data\Subjects\ZYE_0074\2024-01-27\1\p0_g0\p0_g0_imec1\p0_g0_t0.imec1.ap.bin,73115741160,ap,ZYE_0074,2024-01-27,1,False,0,False,True,385,30000.0,3165.1836,
Y,\\sahale.biostr.washington.edu\data\Subjects\ZYE_0074\2024-01-27\1\p0_g0\p0_g0_imec1\p0_g0_t0.imec1.lf.bin,6092978430,lf,ZYE_0074,2024-01-27,1,False,0,False,True,385,2500.0,3165.1836,
Y,\\sahale.biostr.washington.edu\data\Subjects\ZYE_0074\2024-01-27\1\p5_g0\p5_g0_imec0\p5_g0_t0.imec0.ap.bin,693498960,ap,ZYE_0074,2024-01-27,1,False,0,False,True,385,30000.0,30.0216,
Y,\\sahale.biostr.washington.edu\data\Subjects\ZYE_0074\2024-01-27\1\p5_g0\p5_g0_imec0\p5_g0_t0.imec0.lf.bin,57791580,lf,ZYE_0074,2024-01-27,1,False,0,False,True,385,2500.0,30.0216,
Y,\\sahale.biostr.washington.edu\data\Subjects\LK_0011\2021-12-06\1\p0_g0\p0_g0_imec0\p0_g0_t0.imec0.ap.bin,97671901250,ap,LK_0011,2021-12-06,1,False,0,False,True,385,30000.0,4228.220833333334,
Y,\\sahale.biostr.washington.edu\data\Subjects\LK_0011\2021-12-06\1\p0_g0\p0_g0_imec0\p0_g0_t0.imec0.lf.bin,8139325810,lf,LK_0011,2021-12-06,1,False,0,False,True,385,2500.0,4228.2212,
Y,\\sahale.biostr.washington.edu\data\Subjects\LK_0011\2021-12-06\1\p0_g0\p0_g0_imec0\p0_g0_tcat.imec0.ap.bin,97671901250,ap,LK_0011,2021-12-06,1,False,0,False,True,385,30000.0,4228.220833333334,
Y,\\sahale.biostr.washington.edu\data\Subjects\LK_0011\2021-12-06\1\p0_g0\p0_g0_imec1\p0_g0_t0.imec1.ap.bin,97670546820,ap,LK_0011,2021-12-06,1,False,0,False,True,385,30000.0,4228.1622,
Y,\\sahale.biostr.washington.edu\data\Subjects\LK_0011\2021-12-06\3\p1_g0\p1_g0_imec0\p1_g0_t0.imec0.ap.bin,89855285520,ap,LK_0011,2021-12-06,3,False,0,False,True,385,30000.0,3889.8392,
Y,\\sahale.biostr.washington.edu\data\Subjects\LK_0011\2021-12-06\3\p1_g0\p1_g0_imec0\p1_g0_t0.imec0.lf.bin,7487940460,lf,LK_0011,2021-12-06,3,False,0,False,True,385,2500.0,3889.8392,
Y,\\sahale.biostr.washington.edu\data\Subjects\LK_0011\2021-12-06\3\p1_g0\p1_g0_imec1\p1_g0_t0.imec1.ap.bin,89852644420,ap,LK_0011,2021-12-06,3,False,0,False,True,385,30000.0,3889.7248666666665,
Y,\\sahale.biostr.washington.edu\data\Subjects\LK_0011\2021-12-08\1\p0_g0\p0_g0_imec0\p0_g0_t0.imec0.ap.bin,27802904360,ap,LK_0011,2021-12-08,1,False,0,False,True,385,30000.0,1203.5889333333334,
Y,\\sahale.biostr.washington.edu\data\Subjects\JRS_0027\2023-04-18\1\p0_g0\p0_g0_imec0\p0_g0_t0.imec0.ap.bin,86940941780,ap,JRS_0027,2023-04-18,1,False,0,False,True,385,30000.0,3763.677133333333,
Y,\\sahale.biostr.washington.edu\data\Subjects\JRS_0027\2023-04-18\1\p0_g0\p0_g0_imec1\p0_g0_t0.imec1.ap.bin,86940482860,ap,JRS_0027,2023-04-18,1,False,0,False,True,385,30000.0,3763.6572666666666,
Y,\\sahale.biostr.washington.edu\data\Subjects\JRS_0027\2023-04-19\1\p0_g0\p0_g0_imec0\p0_g0_t0.imec0.ap.bin,80879419390,ap,JRS_0027,2023-04-19,1,False,0,False,True,385,30000.0,3501.2735666666667,
Y,\\sahale.biostr.washington.edu\data\Subjects\JRS_0027\2023-04-19\1\p0_g0\p0_g0_imec1\p0_g0_t0.imec1.ap.bin,80879402450,ap,JRS_0027,2023-04-19,1,False,0,False,True,385,30000.0,3501.2728333333334,
Y,\\sahale.biostr.washington.edu\data\Subjects\JRS_0027\2023-04-24\1\p0_g0\p0_g0_imec0\p0_g0_t0.imec0.ap.bin,87338197870,ap,JRS_0027,2023-04-24,1,False,0,False,True,385,30000.0,3780.8743666666664,
Y,\\sahale.biostr.washington.edu\data\Subjects\JRS_0027\2023-04-24\1\p0_g0\p0_g0_imec1\p0_g0_t0.imec1.ap.bin,87337781300,ap,JRS_0027,2023-04-24,1,False,0,False,True,385,30000.0,3780.856333333333,
Y,\\sahale.biostr.washington.edu\data\Subjects\JRS_0027\2023-04-26\1\p0_g0\p0_g0_imec0\p0_g0_t0.imec0.ap.bin,83381431980,ap,JRS_0027,2023-04-26,1,False,0,False,True,385,30000.0,3609.5858,
Y,\\sahale.biostr.washington.edu\data\Subjects\ZYE_0055\2022-01-06\1\p1_g0\p1_g0_imec0\p1_g0_t0.imec0.ap.bin,75864667340,ap,ZYE_0055,2022-01-06,1,False,0,False,True,385,30000.0,3284.1847333333335,
Y,\\sahale.biostr.washington.edu\data\Subjects\ZYE_0055\2022-01-07\1\p0_g0\p0_g0_imec0\p0_g0_t0.imec0.ap.bin,31201950780,ap,ZYE_0055,2022-01-07,1,False,0,False,True,385,30000.0,1350.7338,
Y,\\sahale.biostr.washington.edu\data\Subjects\ZYE_0055\2022-01-07\2\p1_g0\p1_g0_imec0\p1_g0_t0.imec0.ap.bin,17188497480,ap,ZYE_0055,2022-01-07,2,False,0,False,True,385,30000.0,744.0908,
Y,\\sahale.biostr.washington.edu\data\Subjects\ZYE_0055\2022-01-07\4\p2_g0\p2_g0_imec0\p2_g0_t0.imec0.ap.bin,77187626670,ap,ZYE_0055,2022-01-07,4,False,0,False,True,385,30000.0,3341.4557,
Y,\\sahale.biostr.washington.edu\data\Subjects\ZYE_0055\2022-01-10\1\p0_g0\p0_g0_imec0\p0_g0_t0.imec0.ap.bin,90662474980,ap,ZYE_0055,2022-01-10,1,False,0,False,True,385,30000.0,3924.7824666666666,
Y,\\sahale.biostr.washington.edu\data\Subjects\ZYE_0055\2022-01-23\2\p1_g0\p1_g0_imec0\p1_g0_t0.imec0.ap.bin,83103353410,ap,ZYE_0055,2022-01-23,2,False,0,False,True,385,30000.0,3597.5477666666666,
Y,\\sahale.biostr.washington.edu\data\Subjects\ZYE_0055\2022-01-24\3\p3_g0\p3_g0_imec0\p3_g0_t0.imec0.ap.bin,75483904650,ap,ZYE_0055,2022-01-24,3,False,0,False,True,385,30000.0,3267.7015,
Y,\\sahale.biostr.washington.edu\data\Subjects\SM_0005\2022-01-18\1\p0_g0\p0_g0_imec0\p0_g0_t0.imec0.ap.bin,56702512790,ap,SM_0005,2022-01-18,1,False,0,False,True,385,30000.0,2454.654233333333,
Y,\\sahale.biostr.washington.edu\data\Subjects\SM_0005\2022-01-22\1\p0_g0\p0_g0_imec0\p0_g0_t0.imec0.ap.bin,60806257820,ap,SM_0005,2022-01-22,1,False,0,False,True,385,30000.0,2632.305533333333,
Y,\\sahale.biostr.washington.edu\data\Subjects\SM_0005\2022-01-25\1\p0_g0\p0_g0_imec0\p0_g0_t0.imec0.ap.bin,145951223110,ap,SM_0005,2022-01-25,1,False,0,False,True,385,30000.0,6318.2347666666665,
Y,\\sahale.biostr.washington.edu\data\Subjects\SM_0005\2022-01-27\1\p0_g0\p0_g0_imec0\p0_g0_t0.imec0.ap.bin,139178529490,ap,SM_0005,2022-01-27,1,False,0,False,True,385,30000.0,6025.0445666666665,
Y,\\sahale.biostr.washington.edu\data\Subjects\ZYE_0067\2022-10-26\3\p2_g0\p2_g0_imec0\p2_g0_t0.imec0.ap.bin,102531005500,ap,ZYE_0067,2022-10-26,3,False,0,False,True,385,30000.0,4438.571666666667,
Y,\\sahale.biostr.washington.edu\data\Subjects\JRS_0062\2026-01-13\1\p0_g0\p0_g0_imec0\p0_g0_t0.imec0.ap.bin,94801754740,ap,JRS_0062,2026-01-13,1,False,0,False,True,385,30000.0,4103.972066666666,
Y,\\sahale.biostr.washington.edu\data\Subjects\JRS_0062\2026-01-13\1\p0_g0\p0_g0_imec1\p0_g0_t0.imec1.ap.bin,94800585880,ap,JRS_0062,2026-01-13,1,False,0,False,True,385,30000.0,4103.921466666667,
Y,\\sahale.biostr.washington.edu\data\Subjects\JRS_0062\2026-01-14\1\p0_g0\p0_g0_imec0\p0_g0_t0.imec0.ap.bin,96219744390,ap,JRS_0062,2026-01-14,1,False,0,False,True,385,30000.0,4165.3569,
Y,\\sahale.biostr.washington.edu\data\Subjects\JRS_0062\2026-01-14\1\p0_g0\p0_g0_imec1\p0_g0_t0.imec1.ap.bin,96218685640,ap,JRS_0062,2026-01-14,1,False,0,False,True,385,30000.0,4165.311066666667,
Y,\\sahale.biostr.washington.edu\data\Subjects\JRS_0015\2023-01-12\1\p0_g0\p0_g0_imec0\p0_g0_t0.imec0.ap.bin,83135917480,ap,JRS_0015,2023-01-12,1,False,0,False,True,385,30000.0,3598.9574666666667,
Y,\\sahale.biostr.washington.edu\data\Subjects\JRS_0015\2023-01-12\1\p0_g0\p0_g0_imec1\p0_g0_t0.imec1.ap.bin,83135738840,ap,JRS_0015,2023-01-12,1,False,0,False,True,385,30000.0,3598.9497333333334,
Y,\\sahale.biostr.washington.edu\data\Subjects\JRS_0015\2023-01-13\1\p0_g0\p0_g0_imec0\p0_g0_t0.imec0.ap.bin,154876763580,ap,JRS_0015,2023-01-13,1,False,0,False,True,385,30000.0,6704.6218,
Y,\\sahale.biostr.washington.edu\data\Subjects\JRS_0015\2023-01-14\1\p0_g0\p0_g0_imec0\p0_g0_t0.imec0.ap.bin,140461642090,ap,JRS_0015,2023-01-14,1,False,0,False,True,385,30000.0,6080.590566666667,
Y,\\sahale.biostr.washington.edu\data\Subjects\AL_0041\2026-04-14\4\p0_g0\p0_g0_imec0\p0_g0_t0.imec0.ap.bin,16431344160,ap,AL_0041,2026-04-14,4,False,0,False,True,385,30000.0,711.3136,
Y,\\sahale.biostr.washington.edu\data\Subjects\AL_0041\2026-04-14\4\p0_g0\p0_g0_imec0\p0_g0_t0.imec0.lf.bin,1369278680,lf,AL_0041,2026-04-14,4,False,0,False,True,385,2500.0,711.3136,
Y,\\sahale.biostr.washington.edu\data\Subjects\AL_0041\2026-04-14\4\p1_g0\p1_g0_imec0\p1_g0_t0.imec0.ap.bin,75519832080,ap,AL_0041,2026-04-14,4,False,0,False,True,385,30000.0,3269.2568,
Y,\\sahale.biostr.washington.edu\data\Subjects\AL_0041\2026-04-14\4\p1_g0\p1_g0_imec0\p1_g0_t0.imec0.lf.bin,6293320110,lf,AL_0041,2026-04-14,4,False,0,False,True,385,2500.0,3269.2572,
Y,\\sahale.biostr.washington.edu\data\Subjects\AL_0041\2026-04-17\1\p10_g0\p10_g0_imec0\p10_g0_t0.imec0.ap.bin,4983114290,ap,AL_0041,2026-04-17,1,False,0,False,True,385,30000.0,215.71923333333334,
Y,\\sahale.biostr.washington.edu\data\Subjects\AL_0041\2026-04-17\1\p10_g0\p10_g0_imec0\p10_g0_t0.imec0.lf.bin,415260230,lf,AL_0041,2026-04-17,1,False,0,False,True,385,2500.0,215.7196,
Y,\\sahale.biostr.washington.edu\data\Subjects\AL_0041\2026-04-17\3\p1_g0\p1_g0_imec0\p1_g0_t0.imec0.ap.bin,61911401090,ap,AL_0041,2026-04-17,3,False,0,False,True,385,30000.0,2680.147233333333,
Y,\\sahale.biostr.washington.edu\data\Subjects\AL_0041\2026-04-17\3\p1_g0\p1_g0_imec0\p1_g0_t0.imec0.lf.bin,5159284130,lf,AL_0041,2026-04-17,3,False,0,False,True,385,2500.0,2680.1476,
Y,\\sahale.biostr.washington.edu\data\Subjects\AL_0041\2026-04-17\5\p2_g0\p2_g0_imec0\p2_g0_t0.imec0.ap.bin,16700727120,ap,AL_0041,2026-04-17,5,False,0,False,True,385,30000.0,722.9752,
Y,\\sahale.biostr.washington.edu\data\Subjects\AL_0041\2026-04-17\5\p2_g0\p2_g0_imec0\p2_g0_t0.imec0.lf.bin,1391727260,lf,AL_0041,2026-04-17,5,False,0,False,True,385,2500.0,722.9752,
Y,\\sahale.biostr.washington.edu\data\Subjects\AL_0041\2026-04-21\4\p4_g0\p4_g0_imec0\p4_g0_t0.imec0.ap.bin,44016366240,ap,AL_0041,2026-04-21,4,False,0,False,True,385,30000.0,1905.4704,
Y,\\sahale.biostr.washington.edu\data\Subjects\AL_0041\2026-04-21\4\p4_g0\p4_g0_imec0\p4_g0_t0.imec0.lf.bin,3668030520,lf,AL_0041,2026-04-21,4,False,0,False,True,385,2500.0,1905.4704,
Y,\\sahale.biostr.washington.edu\data\Subjects\AL_0041\2026-04-21\temp\p0_g0\p0_g0_imec0\p0_g0_t0.imec0.ap.bin,5759717040,ap,AL_0041,2026-04-21,temp,False,0,False,True,385,30000.0,249.3384,
Y,\\sahale.biostr.washington.edu\data\Subjects\AL_0041\2026-04-21\temp\p0_g0\p0_g0_imec0\p0_g0_t0.imec0.lf.bin,479976420,lf,AL_0041,2026-04-21,temp,False,0,False,True,385,2500.0,249.3384,
Y,\\sahale.biostr.washington.edu\data\Subjects\AL_0041\2026-04-21\temp\p1_g0\p1_g0_imec0\p1_g0_t0.imec0.ap.bin,575310890,ap,AL_0041,2026-04-21,temp,False,0,False,True,385,30000.0,24.90523333333333,
Y,\\sahale.biostr.washington.edu\data\Subjects\AL_0041\2026-04-21\temp\p1_g0\p1_g0_imec0\p1_g0_t0.imec0.lf.bin,47943280,lf,AL_0041,2026-04-21,temp,False,0,False,True,385,2500.0,24.9056,
Y,\\sahale.biostr.washington.edu\data\Subjects\AL_0041\2026-04-21\temp\p3_g0\p3_g0_imec0\p3_g0_t0.imec0.ap.bin,1217333040,ap,AL_0041,2026-04-21,temp,False,0,False,True,385,30000.0,52.6984,
Y,\\sahale.biostr.washington.edu\data\Subjects\AL_0041\2026-04-21\temp\p3_g0\p3_g0_imec0\p3_g0_t0.imec0.lf.bin,101444420,lf,AL_0041,2026-04-21,temp,False,0,False,True,385,2500.0,52.6984,
Y,\\sahale.biostr.washington.edu\data\Subjects\AL_0036\2025-01-21\1\p1_g0\p1_g0_imec0\p1_g0_t0.imec0.ap.bin,28122273410,ap,AL_0036,2025-01-21,1,False,0,False,True,385,30000.0,1217.4144333333334,
Y,\\sahale.biostr.washington.edu\data\Subjects\AL_0036\2025-01-21\1\p1_g0\p1_g0_imec0\p1_g0_t0.imec0.lf.bin,2343523490,lf,AL_0036,2025-01-21,1,False,0,False,True,385,2500.0,1217.4148,
Y,\\sahale.biostr.washington.edu\data\Subjects\AL_0036\2025-01-21\3\p2_g0\p2_g0_imec0\p2_g0_t0.imec0.ap.bin,85959738480,ap,AL_0036,2025-01-21,3,False,0,False,True,385,30000.0,3721.2008,
Y,\\sahale.biostr.washington.edu\data\Subjects\AL_0036\2025-01-21\3\p2_g0\p2_g0_imec0\p2_g0_t0.imec0.lf.bin,7163311540,lf,AL_0036,2025-01-21,3,False,0,False,True,385,2500.0,3721.2008,
Y,\\sahale.biostr.washington.edu\data\Subjects\AL_0036\2025-02-26\1\p1_g0\p1_g0_imec0\p1_g0_t0.imec0.ap.bin,43669043880,ap,AL_0036,2025-02-26,1,False,0,False,True,385,30000.0,1890.4348,
Y,\\sahale.biostr.washington.edu\data\Subjects\AL_0036\2025-02-26\1\p1_g0\p1_g0_imec0\p1_g0_t0.imec0.lf.bin,3639086990,lf,AL_0036,2025-02-26,1,False,0,False,True,385,2500.0,1890.4348,
Y,\\sahale.biostr.washington.edu\data\Subjects\AL_0036\2025-02-27\1\p1_g0\p1_g0_imec0\p1_g0_t0.imec0.ap.bin,71712296040,ap,AL_0036,2025-02-27,1,False,0,False,True,385,30000.0,3104.4284,
Y,\\sahale.biostr.washington.edu\data\Subjects\AL_0036\2025-02-27\1\p1_g0\p1_g0_imec0\p1_g0_t0.imec0.lf.bin,5976024670,lf,AL_0036,2025-02-27,1,False,0,False,True,385,2500.0,3104.4284,
Y,\\sahale.biostr.washington.edu\data\Subjects\AL_0036\2025-02-27\3\p1_g0\p1_g0_imec0\p1_g0_t0.imec0.ap.bin,17764676930,ap,AL_0036,2025-02-27,3,False,0,False,True,385,30000.0,769.0336333333333,
Y,\\sahale.biostr.washington.edu\data\Subjects\AL_0036\2025-02-27\3\p1_g0\p1_g0_imec0\p1_g0_t0.imec0.lf.bin,1480390450,lf,AL_0036,2025-02-27,3,False,0,False,True,385,2500.0,769.034,
Y,\\sahale.biostr.washington.edu\data\Subjects\JRS_0004\2021-06-16\2\p1_g0\KS_postphy\KS_shank0\p1_shank0.lf.bin,2404800000,lf,JRS_0004,2021-06-16,2,False,0,False,False,0,0.0,0.0,
Y,\\sahale.biostr.washington.edu\data\Subjects\AB_0014\2021-11-17\1\fullShanks\p0_g0\p0_g0_imec0\p0_g0_t0.imec0.ap.bin,785216740,ap,AB_0014,2021-11-17,1,False,0,False,True,385,30000.0,33.992066666666666,
Y,\\sahale.biostr.washington.edu\data\Subjects\AB_0014\2021-11-17\1\fullShanks\p1_g0\p1_g0_imec0\p1_g0_t0.imec0.ap.bin,1613230080,ap,AB_0014,2021-11-17,1,False,0,False,True,385,30000.0,69.8368,
Y,\\sahale.biostr.washington.edu\data\Subjects\AB_0014\2021-11-17\1\fullShanks\p2_g0\p2_g0_imec0\p2_g0_t0.imec0.ap.bin,938566860,ap,AB_0014,2021-11-17,1,False,0,False,True,385,30000.0,40.6306,
Y,\\sahale.biostr.washington.edu\data\Subjects\AB_0014\2021-11-17\1\fullShanks\p3_g0\p3_g0_imec0\p3_g0_t0.imec0.ap.bin,1016864310,ap,AB_0014,2021-11-17,1,False,0,False,True,385,30000.0,44.0201,
Y,\\sahale.biostr.washington.edu\data\Subjects\JRS_0057\2026-06-04\1\kilosort4\whole_train_artifact_removed_full\p0_g0\p0_g0_imec0\p0_g0_t0.imec0.ap.bin,347453420160,ap,JRS_0057,2026-06-04,1,False,0,False,True,1540,30000.0,3760.3184,
Y,\\sahale.biostr.washington.edu\data\Subjects\IBL\quarterDensityRecordings\Subjects\HB_011\2024-01-24\002\raw_ephys_data\probe00\_spikeglx_ephysData_g0_t0.imec0.ap.bin,7035145810,ap,IBL,,,False,0,False,True,385,30000.0,304.55176666666665,
Y,\\sahale.biostr.washington.edu\data\Subjects\IBL\quarterDensityRecordings\Subjects\HB_011\2024-01-24\002\raw_ephys_data\probe01\_spikeglx_ephysData_g0_t0.imec1.ap.bin,7035118090,ap,IBL,,,False,0,False,True,385,30000.0,304.55056666666667,
Y,\\sahale.biostr.washington.edu\data\Subjects\IBL\quarterDensityRecordings\Subjects\HB_011\2024-01-25\002\raw_ephys_data\probe00\_spikeglx_ephysData_g0_t0.imec0.ap.bin,7003712870,ap,IBL,,,False,0,False,True,385,30000.0,303.19103333333334,
Y,\\sahale.biostr.washington.edu\data\Subjects\IBL\quarterDensityRecordings\Subjects\HB_011\2024-01-25\002\raw_ephys_data\probe01\_spikeglx_ephysData_g0_t0.imec1.ap.bin,7003679760,ap,IBL,,,False,0,False,True,385,30000.0,303.1896,
Y,\\sahale.biostr.washington.edu\data\Subjects\IBL\quarterDensityRecordings\Subjects\HB_011\2024-01-26\002\raw_ephys_data\probe00\_spikeglx_ephysData_g0_t0.imec0.ap.bin,8517331130,ap,IBL,,,False,0,False,True,385,30000.0,368.71563333333336,
Y,\\sahale.biostr.washington.edu\data\Subjects\IBL\quarterDensityRecordings\Subjects\HB_011\2024-01-26\002\raw_ephys_data\probe01\_spikeglx_ephysData_g0_t0.imec1.ap.bin,8517289550,ap,IBL,,,False,0,False,True,385,30000.0,368.71383333333335,
Y,\\sahale.biostr.washington.edu\data\Subjects\IBL\quarterDensityRecordings\Subjects\KM_008\2024-01-30\002\raw_ephys_data\probe00\_spikeglx_ephysData_g0_t0.imec0.ap.bin,7472631320,ap,IBL,,,False,0,False,True,385,30000.0,323.49053333333336,
Y,\\sahale.biostr.washington.edu\data\Subjects\IBL\quarterDensityRecordings\Subjects\KM_008\2024-01-30\002\raw_ephys_data\probe01\_spikeglx_ephysData_g0_t0.imec1.ap.bin,7472598210,ap,IBL,,,False,0,False,True,385,30000.0,323.4891,
Y,\\sahale.biostr.washington.edu\data\Subjects\IBL\quarterDensityRecordings\Subjects\KM_008\2024-01-30\002\raw_ephys_data\probe02\_spikeglx_ephysData_g0_t0.imec2.ap.bin,7472552010,ap,IBL,,,False,0,False,True,385,30000.0,323.4871,
Y,\\sahale.biostr.washington.edu\data\Subjects\IBL\quarterDensityRecordings\Subjects\KM_008\2024-01-31\002\raw_ephys_data\probe00\_spikeglx_ephysData_g0_t0.imec0.ap.bin,7052988250,ap,IBL,,,False,0,False,True,385,30000.0,305.32416666666666,
Y,\\sahale.biostr.washington.edu\data\Subjects\IBL\quarterDensityRecordings\Subjects\KM_008\2024-01-31\002\raw_ephys_data\probe01\_spikeglx_ephysData_g0_t0.imec1.ap.bin,7052958990,ap,IBL,,,False,0,False,True,385,30000.0,305.3229,
Y,\\sahale.biostr.washington.edu\data\Subjects\IBL\quarterDensityRecordings\Subjects\KM_008\2024-01-31\002\raw_ephys_data\probe02\_spikeglx_ephysData_g0_t0.imec2.ap.bin,7052949750,ap,IBL,,,False,0,False,True,385,30000.0,305.3225,
Y,\\sahale.biostr.washington.edu\data\Subjects\IBL\quarterDensityRecordings\Subjects\KM_008\2024-02-01\002\raw_ephys_data\probe00\_spikeglx_ephysData_g0_t0.imec0.ap.bin,7433459110,ap,IBL,,,False,0,False,True,385,30000.0,321.79476666666665,
Y,\\sahale.biostr.washington.edu\data\Subjects\IBL\quarterDensityRecordings\Subjects\KM_008\2024-02-01\002\raw_ephys_data\probe01\_spikeglx_ephysData_g0_t0.imec1.ap.bin,7433427540,ap,IBL,,,False,0,False,True,385,30000.0,321.7934,
Y,\\sahale.biostr.washington.edu\data\Subjects\IBL\quarterDensityRecordings\Subjects\KM_008\2024-02-01\002\raw_ephys_data\probe02\_spikeglx_ephysData_g0_t0.imec2.ap.bin,7433422150,ap,IBL,,,False,0,False,True,385,30000.0,321.79316666666665,
Y,\\sahale.biostr.washington.edu\data\Subjects\IBL\quarterDensityRecordings\Subjects\KM_008\2024-02-02\002\raw_ephys_data\probe00\_spikeglx_ephysData_g0_t0.imec0.ap.bin,7742524790,ap,IBL,,,False,0,False,True,385,30000.0,335.17423333333335,
Y,\\sahale.biostr.washington.edu\data\Subjects\IBL\quarterDensityRecordings\Subjects\KM_008\2024-02-02\002\raw_ephys_data\probe01\_spikeglx_ephysData_g0_t0.imec1.ap.bin,7742496300,ap,IBL,,,False,0,False,True,385,30000.0,335.173,
Y,\\sahale.biostr.washington.edu\data\Subjects\IBL\quarterDensityRecordings\Subjects\KM_008\2024-02-02\002\raw_ephys_data\probe02\_spikeglx_ephysData_g0_t0.imec2.ap.bin,7742493990,ap,IBL,,,False,0,False,True,385,30000.0,335.1729,
Y,\\sahale.biostr.washington.edu\data\Subjects\IBL\quarterDensityRecordings\Subjects\KM_008\2024-02-06\002\raw_ephys_data\probe00\_spikeglx_ephysData_g0_t0.imec0.ap.bin,7031501400,ap,IBL,,,False,0,False,True,385,30000.0,304.394,
Y,\\sahale.biostr.washington.edu\data\Subjects\IBL\quarterDensityRecordings\Subjects\KM_008\2024-02-06\002\raw_ephys_data\probe01\_spikeglx_ephysData_g0_t0.imec1.ap.bin,7031473680,ap,IBL,,,False,0,False,True,385,30000.0,304.3928,
Y,\\sahale.biostr.washington.edu\data\Subjects\IBL\quarterDensityRecordings\Subjects\KM_008\2024-02-06\002\raw_ephys_data\probe02\_spikeglx_ephysData_g0_t0.imec2.ap.bin,7031427480,ap,IBL,,,False,0,False,True,385,30000.0,304.3908,
Y,\\sahale.biostr.washington.edu\data\Subjects\IBL\quarterDensityRecordings\Subjects\KM_010\2024-03-26\002\raw_ephys_data\probe00\_spikeglx_ephysData_g0_t0.imec0.ap.bin,7255058580,ap,IBL,,,False,0,False,True,385,30000.0,314.0718,
Y,\\sahale.biostr.washington.edu\data\Subjects\IBL\quarterDensityRecordings\Subjects\KM_010\2024-03-26\002\raw_ephys_data\probe01\_spikeglx_ephysData_g0_t0.imec1.ap.bin,7255017000,ap,IBL,,,False,0,False,True,385,30000.0,314.07,
Y,\\sahale.biostr.washington.edu\data\Subjects\IBL\quarterDensityRecordings\Subjects\KM_010\2024-03-27\002\raw_ephys_data\probe00\_spikeglx_ephysData_g0_t0.imec0.ap.bin,7604617790,ap,IBL,,,False,0,False,True,385,30000.0,329.2042333333333,
Y,\\sahale.biostr.washington.edu\data\Subjects\IBL\quarterDensityRecordings\Subjects\KM_010\2024-03-27\002\raw_ephys_data\probe01\_spikeglx_ephysData_g0_t0.imec1.ap.bin,7604607010,ap,IBL,,,False,0,False,True,385,30000.0,329.2037666666667,
Y,\\sahale.biostr.washington.edu\data\Subjects\IBL\quarterDensityRecordings\Subjects\KM_010\2024-03-28\002\raw_ephys_data\probe00\_spikeglx_ephysData_g0_t0.imec0.ap.bin,7494722620,ap,IBL,,,False,0,False,True,385,30000.0,324.44686666666666,
Y,\\sahale.biostr.washington.edu\data\Subjects\IBL\quarterDensityRecordings\Subjects\KM_010\2024-03-28\002\raw_ephys_data\probe01\_spikeglx_ephysData_g0_t0.imec1.ap.bin,7494684890,ap,IBL,,,False,0,False,True,385,30000.0,324.4452333333333,
Y,\\sahale.biostr.washington.edu\data\Subjects\IBL\quarterDensityRecordings\Subjects\KM_010\2024-04-02\002\raw_ephys_data\probe00\_spikeglx_ephysData_g0_t0.imec0.ap.bin,7027467370,ap,IBL,,,False,0,False,True,385,30000.0,304.21936666666664,
Y,\\sahale.biostr.washington.edu\data\Subjects\IBL\quarterDensityRecordings\Subjects\KM_010\2024-04-02\002\raw_ephys_data\probe01\_spikeglx_ephysData_g0_t0.imec1.ap.bin,7027478150,ap,IBL,,,False,0,False,True,385,30000.0,304.2198333333333,
Y,\\sahale.biostr.washington.edu\data\Subjects\IBL\quarterDensityRecordings\Subjects\KM_010\2024-04-03\002\raw_ephys_data\probe00\_spikeglx_ephysData_g0_t0.imec0.ap.bin,7197237740,ap,IBL,,,False,0,False,True,385,30000.0,311.56873333333334,
Y,\\sahale.biostr.washington.edu\data\Subjects\IBL\quarterDensityRecordings\Subjects\KM_010\2024-04-03\002\raw_ephys_data\probe01\_spikeglx_ephysData_g0_t0.imec1.ap.bin,7197275470,ap,IBL,,,False,0,False,True,385,30000.0,311.57036666666664,
Y,\\sahale.biostr.washington.edu\data\Subjects\IBL\quarterDensityRecordings\Subjects\KM_010\2024-04-04\002\raw_ephys_data\probe00\_spikeglx_ephysData_g0_t0.imec0.ap.bin,6959571080,ap,IBL,,,False,0,False,True,385,30000.0,301.2801333333333,
Y,\\sahale.biostr.washington.edu\data\Subjects\IBL\quarterDensityRecordings\Subjects\KM_010\2024-04-04\002\raw_ephys_data\probe01\_spikeglx_ephysData_g0_t0.imec1.ap.bin,6959605730,ap,IBL,,,False,0,False,True,385,30000.0,301.28163333333333,
Y,\\sahale.biostr.washington.edu\data\Subjects\IBL\quarterDensityRecordings\Subjects\KM_012\2024-02-27\002\raw_ephys_data\probe00\_spikeglx_ephysData_g0_t0.imec0.ap.bin,7303383010,ap,IBL,,,False,0,False,True,385,30000.0,316.1637666666667,
Y,\\sahale.biostr.washington.edu\data\Subjects\IBL\quarterDensityRecordings\Subjects\KM_012\2024-02-27\002\raw_ephys_data\probe01\_spikeglx_ephysData_g0_t0.imec1.ap.bin,7303349130,ap,IBL,,,False,0,False,True,385,30000.0,316.1623,
Y,\\sahale.biostr.washington.edu\data\Subjects\IBL\quarterDensityRecordings\Subjects\KM_012\2024-02-28\002\raw_ephys_data\probe00\_spikeglx_ephysData_g0_t0.imec0.ap.bin,7507042620,ap,IBL,,,False,0,False,True,385,30000.0,324.9802,
Y,\\sahale.biostr.washington.edu\data\Subjects\IBL\quarterDensityRecordings\Subjects\KM_012\2024-02-28\002\raw_ephys_data\probe01\_spikeglx_ephysData_g0_t0.imec1.ap.bin,7507007200,ap,IBL,,,False,0,False,True,385,30000.0,324.97866666666664,
Y,\\sahale.biostr.washington.edu\data\Subjects\IBL\quarterDensityRecordings\Subjects\KM_012\2024-02-29\002\raw_ephys_data\probe00\_spikeglx_ephysData_g0_t0.imec0.ap.bin,7640412010,ap,IBL,,,False,0,False,True,385,30000.0,330.75376666666665,
Y,\\sahale.biostr.washington.edu\data\Subjects\IBL\quarterDensityRecordings\Subjects\KM_012\2024-02-29\002\raw_ephys_data\probe01\_spikeglx_ephysData_g0_t0.imec1.ap.bin,7640390450,ap,IBL,,,False,0,False,True,385,30000.0,330.75283333333334,
Y,\\sahale.biostr.washington.edu\data\Subjects\IBL\quarterDensityRecordings\Subjects\KM_012\2024-03-01\002\raw_ephys_data\probe00\_spikeglx_ephysData_g0_t0.imec0.ap.bin,7308852320,ap,IBL,,,False,0,False,True,385,30000.0,316.4005333333333,
Y,\\sahale.biostr.washington.edu\data\Subjects\IBL\quarterDensityRecordings\Subjects\KM_012\2024-03-01\002\raw_ephys_data\probe01\_spikeglx_ephysData_g0_t0.imec1.ap.bin,7308827680,ap,IBL,,,False,0,False,True,385,30000.0,316.3994666666667,
Y,\\sahale.biostr.washington.edu\data\Subjects\IBL\quarterDensityRecordings\Subjects\KM_012\2024-03-05\002\raw_ephys_data\probe00\_spikeglx_ephysData_g0_t0.imec0.ap.bin,7983692640,ap,IBL,,,False,0,False,True,385,30000.0,345.6144,
Y,\\sahale.biostr.washington.edu\data\Subjects\IBL\quarterDensityRecordings\Subjects\KM_012\2024-03-05\002\raw_ephys_data\probe01\_spikeglx_ephysData_g0_t0.imec1.ap.bin,7983664150,ap,IBL,,,False,0,False,True,385,30000.0,345.61316666666664,
Y,\\sahale.biostr.washington.edu\data\Subjects\IBL\quarterDensityRecordings\Subjects\KM_012\2024-03-05\002\raw_ephys_data\probe02\_spikeglx_ephysData_g0_t0.imec2.ap.bin,7983649520,ap,IBL,,,False,0,False,True,385,30000.0,345.6125333333333,
Y,\\sahale.biostr.washington.edu\data\Subjects\IBL\quarterDensityRecordings\Subjects\KM_012\2024-03-06\002\raw_ephys_data\probe00\_spikeglx_ephysData_g0_t0.imec0.ap.bin,7195975710,ap,IBL,,,False,0,False,True,385,30000.0,311.5141,
Y,\\sahale.biostr.washington.edu\data\Subjects\IBL\quarterDensityRecordings\Subjects\KM_012\2024-03-06\002\raw_ephys_data\probe01\_spikeglx_ephysData_g0_t0.imec1.ap.bin,7195919500,ap,IBL,,,False,0,False,True,385,30000.0,311.51166666666666,
Y,\\sahale.biostr.washington.edu\data\Subjects\IBL\quarterDensityRecordings\Subjects\KM_012\2024-03-06\002\raw_ephys_data\probe02\_spikeglx_ephysData_g0_t0.imec2.ap.bin,7195903330,ap,IBL,,,False,0,False,True,385,30000.0,311.51096666666666,
Y,\\sahale.biostr.washington.edu\data\Subjects\IBL\quarterDensityRecordings\Subjects\KM_014\2024-05-01\002\raw_ephys_data\probe00\_spikeglx_ephysData_g0_t0.imec0.ap.bin,10410704150,ap,IBL,,,False,0,False,True,385,30000.0,450.6798333333333,
Y,\\sahale.biostr.washington.edu\data\Subjects\IBL\quarterDensityRecordings\Subjects\KM_014\2024-05-01\002\raw_ephys_data\probe01\_spikeglx_ephysData_g0_t0.imec1.ap.bin,10410711080,ap,IBL,,,False,0,False,True,385,30000.0,450.68013333333334,
Y,\\sahale.biostr.washington.edu\data\Subjects\IBL\quarterDensityRecordings\Subjects\KM_014\2024-05-01\002\raw_ephys_data\probe02\_spikeglx_ephysData_g0_t0.imec2.ap.bin,10410754970,ap,IBL,,,False,0,False,True,385,30000.0,450.6820333333333,
Y,\\sahale.biostr.washington.edu\data\Subjects\IBL\quarterDensityRecordings\Subjects\KM_014\2024-05-02\002\raw_ephys_data\probe00\_spikeglx_ephysData_g0_t0.imec0.ap.bin,6964260380,ap,IBL,,,False,0,False,True,385,30000.0,301.48313333333334,
Y,\\sahale.biostr.washington.edu\data\Subjects\IBL\quarterDensityRecordings\Subjects\KM_014\2024-05-02\002\raw_ephys_data\probe01\_spikeglx_ephysData_g0_t0.imec1.ap.bin,6964233430,ap,IBL,,,False,0,False,True,385,30000.0,301.48196666666666,
Y,\\sahale.biostr.washington.edu\data\Subjects\IBL\quarterDensityRecordings\Subjects\KM_014\2024-05-02\002\raw_ephys_data\probe02\_spikeglx_ephysData_g0_t0.imec2.ap.bin,6964260380,ap,IBL,,,False,0,False,True,385,30000.0,301.48313333333334,
Y,\\sahale.biostr.washington.edu\data\Subjects\IBL\quarterDensityRecordings\Subjects\KM_014\2024-05-03\002\raw_ephys_data\probe00\_spikeglx_ephysData_g0_t0.imec0.ap.bin,11457102580,ap,IBL,,,False,0,False,True,385,30000.0,495.9784666666667,
Y,\\sahale.biostr.washington.edu\data\Subjects\IBL\quarterDensityRecordings\Subjects\KM_014\2024-05-03\002\raw_ephys_data\probe01\_spikeglx_ephysData_g0_t0.imec1.ap.bin,11457125680,ap,IBL,,,False,0,False,True,385,30000.0,495.97946666666667,
Y,\\sahale.biostr.washington.edu\data\Subjects\IBL\quarterDensityRecordings\Subjects\KM_014\2024-05-07\002\raw_ephys_data\probe00\_spikeglx_ephysData_g0_t0.imec0.ap.bin,6929582660,ap,IBL,,,False,0,False,True,385,30000.0,299.98193333333336,
Y,\\sahale.biostr.washington.edu\data\Subjects\IBL\quarterDensityRecordings\Subjects\KM_014\2024-05-07\002\raw_ephys_data\probe01\_spikeglx_ephysData_g0_t0.imec1.ap.bin,6929594210,ap,IBL,,,False,0,False,True,385,30000.0,299.98243333333335,
Y,\\sahale.biostr.washington.edu\data\Subjects\IBL\quarterDensityRecordings\Subjects\KM_014\2024-05-07\002\raw_ephys_data\probe02\_spikeglx_ephysData_g0_t0.imec2.ap.bin,6929626550,ap,IBL,,,False,0,False,True,385,30000.0,299.98383333333334,
Y,\\sahale.biostr.washington.edu\data\Subjects\IBL\quarterDensityRecordings\Subjects\KM_014\2024-05-09\002\raw_ephys_data\probe00\_spikeglx_ephysData_g0_t0.imec0.ap.bin,7017986360,ap,IBL,,,False,0,False,True,385,30000.0,303.80893333333336,
Y,\\sahale.biostr.washington.edu\data\Subjects\IBL\quarterDensityRecordings\Subjects\KM_014\2024-05-09\002\raw_ephys_data\probe01\_spikeglx_ephysData_g0_t0.imec1.ap.bin,7018002530,ap,IBL,,,False,0,False,True,385,30000.0,303.80963333333335,
Y,\\sahale.biostr.washington.edu\data\Subjects\IBL\quarterDensityRecordings\Subjects\KM_016\2024-05-28\002\raw_ephys_data\probe00\_spikeglx_ephysData_g0_t0.imec0.ap.bin,7027544370,ap,IBL,,,False,0,False,True,385,30000.0,304.2227,
Y,\\sahale.biostr.washington.edu\data\Subjects\IBL\quarterDensityRecordings\Subjects\KM_016\2024-05-28\002\raw_ephys_data\probe01\_spikeglx_ephysData_g0_t0.imec1.ap.bin,7027569780,ap,IBL,,,False,0,False,True,385,30000.0,304.2238,
Y,\\sahale.biostr.washington.edu\data\Subjects\IBL\quarterDensityRecordings\Subjects\KM_016\2024-05-29\002\raw_ephys_data\probe00\_spikeglx_ephysData_g0_t0.imec0.ap.bin,7006389390,ap,IBL,,,False,0,False,True,385,30000.0,303.3069,
Y,\\sahale.biostr.washington.edu\data\Subjects\IBL\quarterDensityRecordings\Subjects\KM_016\2024-05-29\002\raw_ephys_data\probe01\_spikeglx_ephysData_g0_t0.imec1.ap.bin,7006424040,ap,IBL,,,False,0,False,True,385,30000.0,303.3084,
Y,\\sahale.biostr.washington.edu\data\Subjects\IBL\quarterDensityRecordings\Subjects\KM_016\2024-06-04\002\raw_ephys_data\probe00\_spikeglx_ephysData_g0_t0.imec0.ap.bin,7195776280,ap,IBL,,,False,0,False,True,385,30000.0,311.5054666666667,
Y,\\sahale.biostr.washington.edu\data\Subjects\IBL\quarterDensityRecordings\Subjects\KM_016\2024-06-04\002\raw_ephys_data\probe01\_spikeglx_ephysData_g0_t0.imec1.ap.bin,7195810930,ap,IBL,,,False,0,False,True,385,30000.0,311.50696666666664,
Y,\\sahale.biostr.washington.edu\data\Subjects\IBL\quarterDensityRecordings\Subjects\KM_019\2024-07-09\002\raw_ephys_data\probe00\_spikeglx_ephysData_g0_t0.imec0.ap.bin,7074844700,ap,IBL,,,False,0,False,True,385,30000.0,306.2703333333333,
Y,\\sahale.biostr.washington.edu\data\Subjects\IBL\quarterDensityRecordings\Subjects\KM_019\2024-07-09\002\raw_ephys_data\probe01\_spikeglx_ephysData_g0_t0.imec1.ap.bin,7074855480,ap,IBL,,,False,0,False,True,385,30000.0,306.2708,
Y,\\sahale.biostr.washington.edu\data\Subjects\IBL\quarterDensityRecordings\Subjects\KM_019\2024-07-10\002\raw_ephys_data\probe00\_spikeglx_ephysData_g0_t0.imec0.ap.bin,6755232330,ap,IBL,,,False,0,False,True,385,30000.0,292.4343,
Y,\\sahale.biostr.washington.edu\data\Subjects\IBL\quarterDensityRecordings\Subjects\KM_019\2024-07-10\002\raw_ephys_data\probe01\_spikeglx_ephysData_g0_t0.imec1.ap.bin,6755263130,ap,IBL,,,False,0,False,True,385,30000.0,292.4356333333333,
Y,\\sahale.biostr.washington.edu\data\Subjects\IBL\quarterDensityRecordings\Subjects\KM_019\2024-07-11\002\raw_ephys_data\probe00\_spikeglx_ephysData_g0_t0.imec0.ap.bin,6878388440,ap,IBL,,,False,0,False,True,385,30000.0,297.76573333333334,
Y,\\sahale.biostr.washington.edu\data\Subjects\IBL\quarterDensityRecordings\Subjects\KM_019\2024-07-11\002\raw_ephys_data\probe01\_spikeglx_ephysData_g0_t0.imec1.ap.bin,6878409230,ap,IBL,,,False,0,False,True,385,30000.0,297.76663333333335,
Y,\\sahale.biostr.washington.edu\data\Subjects\IBL\quarterDensityRecordings\Subjects\KM_019\2024-07-12\002\raw_ephys_data\probe00\_spikeglx_ephysData_g0_t0.imec0.ap.bin,10366767950,ap,IBL,,,False,0,False,True,385,30000.0,448.7778333333333,
Y,\\sahale.biostr.washington.edu\data\Subjects\IBL\quarterDensityRecordings\Subjects\KM_019\2024-07-12\002\raw_ephys_data\probe01\_spikeglx_ephysData_g0_t0.imec1.ap.bin,10366824160,ap,IBL,,,False,0,False,True,385,30000.0,448.78026666666665,
Y,\\sahale.biostr.washington.edu\data\Subjects\IBL\quarterDensityRecordings\Subjects\KM_020\2024-08-08\002\raw_ephys_data\probe00\_spikeglx_ephysData_g0_t0.imec0.ap.bin,7106346940,ap,IBL,,,False,0,False,True,385,30000.0,307.6340666666667,
Y,\\sahale.biostr.washington.edu\data\Subjects\IBL\quarterDensityRecordings\Subjects\KM_020\2024-08-08\002\raw_ephys_data\probe01\_spikeglx_ephysData_g0_t0.imec1.ap.bin,7106339240,ap,IBL,,,False,0,False,True,385,30000.0,307.63373333333334,
Y,\\sahale.biostr.washington.edu\data\Subjects\IBL\quarterDensityRecordings\Subjects\KM_021\2024-08-28\002\raw_ephys_data\probe00\_spikeglx_ephysData_g0_t0.imec0.ap.bin,7088303530,ap,IBL,,,False,0,False,True,385,30000.0,306.85296666666665,
Y,\\sahale.biostr.washington.edu\data\Subjects\IBL\quarterDensityRecordings\Subjects\KM_021\2024-08-28\002\raw_ephys_data\probe01\_spikeglx_ephysData_g0_t0.imec1.ap.bin,7088338180,ap,IBL,,,False,0,False,True,385,30000.0,306.85446666666667,
Y,\\sahale.biostr.washington.edu\data\Subjects\IBL\quarterDensityRecordings\Subjects\KM_021\2024-09-06\002\raw_ephys_data\probe00\_spikeglx_ephysData_g0_t0.imec0.ap.bin,7028375200,ap,IBL,,,False,0,False,True,385,30000.0,304.25866666666667,
Y,\\sahale.biostr.washington.edu\data\Subjects\IBL\quarterDensityRecordings\Subjects\KM_021\2024-09-06\002\raw_ephys_data\probe01\_spikeglx_ephysData_g0_t0.imec1.ap.bin,7028335160,ap,IBL,,,False,0,False,True,385,30000.0,304.25693333333334,
Y,\\sahale.biostr.washington.edu\data\Subjects\IBL\quarterDensityRecordings\Subjects\KM_023\2024-11-05\002\raw_ephys_data\probe00\_spikeglx_ephysData_g0_t0.imec0.ap.bin,6987760780,ap,IBL,,,False,0,False,True,385,30000.0,302.5004666666667,
Y,\\sahale.biostr.washington.edu\data\Subjects\IBL\quarterDensityRecordings\Subjects\KM_023\2024-11-05\002\raw_ephys_data\probe01\_spikeglx_ephysData_g0_t0.imec1.ap.bin,6987759240,ap,IBL,,,False,0,False,True,385,30000.0,302.5004,
Y,\\sahale.biostr.washington.edu\data\Subjects\IBL\quarterDensityRecordings\Subjects\KM_023\2024-11-05\002\raw_ephys_data\probe02\_spikeglx_ephysData_g0_t0.imec2.ap.bin,6987725360,ap,IBL,,,False,0,False,True,385,30000.0,302.49893333333335,
Y,\\sahale.biostr.washington.edu\data\Subjects\IBL\quarterDensityRecordings\Subjects\KM_023\2024-11-06\002\raw_ephys_data\probe00\_spikeglx_ephysData_g0_t0.imec0.ap.bin,6911680160,ap,IBL,,,False,0,False,True,385,30000.0,299.2069333333333,
Y,\\sahale.biostr.washington.edu\data\Subjects\IBL\quarterDensityRecordings\Subjects\KM_023\2024-11-06\002\raw_ephys_data\probe01\_spikeglx_ephysData_g0_t0.imec1.ap.bin,6911684010,ap,IBL,,,False,0,False,True,385,30000.0,299.2071,
Y,\\sahale.biostr.washington.edu\data\Subjects\IBL\quarterDensityRecordings\Subjects\KM_023\2024-11-06\002\raw_ephys_data\probe02\_spikeglx_ephysData_g0_t0.imec2.ap.bin,6911610090,ap,IBL,,,False,0,False,True,385,30000.0,299.2039,
Y,\\sahale.biostr.washington.edu\data\Subjects\IBL\quarterDensityRecordings\Subjects\KM_023\2024-11-07\002\raw_ephys_data\probe00\_spikeglx_ephysData_g0_t0.imec0.ap.bin,7012965960,ap,IBL,,,False,0,False,True,385,30000.0,303.5916,
Y,\\sahale.biostr.washington.edu\data\Subjects\IBL\quarterDensityRecordings\Subjects\KM_023\2024-11-07\002\raw_ephys_data\probe01\_spikeglx_ephysData_g0_t0.imec1.ap.bin,7012967500,ap,IBL,,,False,0,False,True,385,30000.0,303.59166666666664,
Y,\\sahale.biostr.washington.edu\data\Subjects\IBL\quarterDensityRecordings\Subjects\KM_023\2024-11-07\002\raw_ephys_data\probe02\_spikeglx_ephysData_g0_t0.imec2.ap.bin,7012930540,ap,IBL,,,False,0,False,True,385,30000.0,303.59006666666664,
Y,\\sahale.biostr.washington.edu\data\Subjects\IBL\quarterDensityRecordings\Subjects\KM_023\2024-11-13\002\raw_ephys_data\probe00\_spikeglx_ephysData_g0_t0.imec0.ap.bin,7050527330,ap,IBL,,,False,0,False,True,385,30000.0,305.2176333333333,
Y,\\sahale.biostr.washington.edu\data\Subjects\IBL\quarterDensityRecordings\Subjects\KM_023\2024-11-13\002\raw_ephys_data\probe01\_spikeglx_ephysData_g0_t0.imec1.ap.bin,7050529640,ap,IBL,,,False,0,False,True,385,30000.0,305.21773333333334,
Y,\\sahale.biostr.washington.edu\data\Subjects\IBL\quarterDensityRecordings\Subjects\KM_023\2024-11-13\002\raw_ephys_data\probe02\_spikeglx_ephysData_g0_t0.imec2.ap.bin,7050490370,ap,IBL,,,False,0,False,True,385,30000.0,305.2160333333333,
Y,\\sahale.biostr.washington.edu\data\Subjects\IBL\quarterDensityRecordings\Subjects\KM_023\2024-11-14\002\raw_ephys_data\probe00\_spikeglx_ephysData_g0_t0.imec0.ap.bin,7010379530,ap,IBL,,,False,0,False,True,385,30000.0,303.4796333333333,
Y,\\sahale.biostr.washington.edu\data\Subjects\IBL\quarterDensityRecordings\Subjects\KM_023\2024-11-14\002\raw_ephys_data\probe01\_spikeglx_ephysData_g0_t0.imec1.ap.bin,7010345650,ap,IBL,,,False,0,False,True,385,30000.0,303.47816666666665,
Y,\\sahale.biostr.washington.edu\data\Subjects\IBL\quarterDensityRecordings\Subjects\KM_023\2024-11-15\002\raw_ephys_data\probe00\_spikeglx_ephysData_g0_t0.imec0.ap.bin,7010379530,ap,IBL,,,False,0,False,True,385,30000.0,303.4796333333333,
Y,\\sahale.biostr.washington.edu\data\Subjects\IBL\quarterDensityRecordings\Subjects\KM_023\2024-11-15\002\raw_ephys_data\probe01\_spikeglx_ephysData_g0_t0.imec1.ap.bin,7010345650,ap,IBL,,,False,0,False,True,385,30000.0,303.47816666666665,
Y,\\sahale.biostr.washington.edu\data\Subjects\IBL\quarterDensityRecordings\Subjects\KM_024\2025-02-13\002\raw_ephys_data\probe00\_spikeglx_ephysData_g0_t0.imec0.ap.bin,6947291890,ap,IBL,,,False,0,False,True,385,30000.0,300.74856666666665,
Y,\\sahale.biostr.washington.edu\data\Subjects\IBL\quarterDensityRecordings\Subjects\KM_024\2025-02-13\002\raw_ephys_data\probe01\_spikeglx_ephysData_g0_t0.imec1.ap.bin,6947287270,ap,IBL,,,False,0,False,True,385,30000.0,300.74836666666664,
Y,\\sahale.biostr.washington.edu\data\Subjects\IBL\quarterDensityRecordings\Subjects\KM_024\2025-02-13\002\raw_ephys_data\probe02\_spikeglx_ephysData_g0_t0.imec2.ap.bin,6947255700,ap,IBL,,,False,0,False,True,385,30000.0,300.747,
Y,\\sahale.biostr.washington.edu\data\Subjects\IBL\quarterDensityRecordings\Subjects\KM_024\2025-02-14\002\raw_ephys_data\probe00\_spikeglx_ephysData_g0_t0.imec0.ap.bin,8239184030,ap,IBL,,,False,0,False,True,385,30000.0,356.67463333333336,
Y,\\sahale.biostr.washington.edu\data\Subjects\IBL\quarterDensityRecordings\Subjects\KM_024\2025-02-14\002\raw_ephys_data\probe01\_spikeglx_ephysData_g0_t0.imec1.ap.bin,8239174020,ap,IBL,,,False,0,False,True,385,30000.0,356.6742,
Y,\\sahale.biostr.washington.edu\data\Subjects\IBL\quarterDensityRecordings\Subjects\KM_024\2025-02-14\002\raw_ephys_data\probe02\_spikeglx_ephysData_g0_t0.imec2.ap.bin,8239131670,ap,IBL,,,False,0,False,True,385,30000.0,356.6723666666667,
Y,\\sahale.biostr.washington.edu\data\Subjects\IBL\quarterDensityRecordings\Subjects\KM_024\2025-02-18\002\raw_ephys_data\probe00\_spikeglx_ephysData_g0_t0.imec0.ap.bin,7406060970,ap,IBL,,,False,0,False,True,385,30000.0,320.6087,
Y,\\sahale.biostr.washington.edu\data\Subjects\IBL\quarterDensityRecordings\Subjects\KM_024\2025-02-18\002\raw_ephys_data\probe01\_spikeglx_ephysData_g0_t0.imec1.ap.bin,7406061740,ap,IBL,,,False,0,False,True,385,30000.0,320.6087333333333,
Y,\\sahale.biostr.washington.edu\data\Subjects\IBL\quarterDensityRecordings\Subjects\KM_024\2025-02-18\002\raw_ephys_data\probe02\_spikeglx_ephysData_g0_t0.imec2.ap.bin,7406026320,ap,IBL,,,False,0,False,True,385,30000.0,320.6072,
Y,\\sahale.biostr.washington.edu\data\Subjects\IBL\quarterDensityRecordings\Subjects\KM_027\2024-12-03\002\raw_ephys_data\probe00\_spikeglx_ephysData_g0_t0.imec0.ap.bin,7479644480,ap,IBL,,,False,0,False,True,385,30000.0,323.7941333333333,
Y,\\sahale.biostr.washington.edu\data\Subjects\IBL\quarterDensityRecordings\Subjects\KM_027\2024-12-03\002\raw_ephys_data\probe01\_spikeglx_ephysData_g0_t0.imec1.ap.bin,7479602900,ap,IBL,,,False,0,False,True,385,30000.0,323.7923333333333,
Y,\\sahale.biostr.washington.edu\data\Subjects\IBL\quarterDensityRecordings\Subjects\KM_027\2024-12-10\002\raw_ephys_data\probe00\_spikeglx_ephysData_g0_t0.imec0.ap.bin,7596820770,ap,IBL,,,False,0,False,True,385,30000.0,328.8667,
Y,\\sahale.biostr.washington.edu\data\Subjects\IBL\quarterDensityRecordings\Subjects\KM_027\2024-12-10\002\raw_ephys_data\probe01\_spikeglx_ephysData_g0_t0.imec1.ap.bin,7596816920,ap,IBL,,,False,0,False,True,385,30000.0,328.86653333333334,
Y,\\sahale.biostr.washington.edu\data\Subjects\IBL\quarterDensityRecordings\Subjects\KM_027\2024-12-10\002\raw_ephys_data\probe02\_spikeglx_ephysData_g0_t0.imec2.ap.bin,7596779190,ap,IBL,,,False,0,False,True,385,30000.0,328.8649,
Y,\\sahale.biostr.washington.edu\data\Subjects\IBL\quarterDensityRecordings\Subjects\KM_028\2024-10-23\002\raw_ephys_data\probe00\_spikeglx_ephysData_g0_t0.imec0.ap.bin,7799718850,ap,IBL,,,False,0,False,True,385,30000.0,337.6501666666667,
Y,\\sahale.biostr.washington.edu\data\Subjects\IBL\quarterDensityRecordings\Subjects\KM_028\2024-10-23\002\raw_ephys_data\probe01\_spikeglx_ephysData_g0_t0.imec1.ap.bin,7799748110,ap,IBL,,,False,0,False,True,385,30000.0,337.65143333333333,
Y,\\sahale.biostr.washington.edu\data\Subjects\IBL\quarterDensityRecordings\Subjects\KM_028\2024-10-23\002\raw_ephys_data\probe02\_spikeglx_ephysData_g0_t0.imec2.ap.bin,7799711920,ap,IBL,,,False,0,False,True,385,30000.0,337.64986666666664,
Y,\\sahale.biostr.washington.edu\data\Subjects\IBL\quarterDensityRecordings\Subjects\KM_028\2024-10-24\002\raw_ephys_data\probe00\_spikeglx_ephysData_g0_t0.imec0.ap.bin,7034672260,ap,IBL,,,False,0,False,True,385,30000.0,304.5312666666667,
Y,\\sahale.biostr.washington.edu\data\Subjects\IBL\quarterDensityRecordings\Subjects\KM_028\2024-10-24\002\raw_ephys_data\probe01\_spikeglx_ephysData_g0_t0.imec1.ap.bin,7034692280,ap,IBL,,,False,0,False,True,385,30000.0,304.5321333333333,
Y,\\sahale.biostr.washington.edu\data\Subjects\IBL\quarterDensityRecordings\Subjects\KM_028\2024-10-24\002\raw_ephys_data\probe02\_spikeglx_ephysData_g0_t0.imec2.ap.bin,7034626060,ap,IBL,,,False,0,False,True,385,30000.0,304.5292666666667,
Y,\\sahale.biostr.washington.edu\data\Subjects\IBL\quarterDensityRecordings\Subjects\KM_028\2024-10-25\002\raw_ephys_data\probe00\_spikeglx_ephysData_g0_t0.imec0.ap.bin,7044070880,ap,IBL,,,False,0,False,True,385,30000.0,304.9381333333333,
Y,\\sahale.biostr.washington.edu\data\Subjects\IBL\quarterDensityRecordings\Subjects\KM_028\2024-10-25\002\raw_ephys_data\probe01\_spikeglx_ephysData_g0_t0.imec1.ap.bin,7044097060,ap,IBL,,,False,0,False,True,385,30000.0,304.93926666666664,
Y,\\sahale.biostr.washington.edu\data\Subjects\IBL\quarterDensityRecordings\Subjects\KM_028\2024-10-25\002\raw_ephys_data\probe02\_spikeglx_ephysData_g0_t0.imec2.ap.bin,7044062410,ap,IBL,,,False,0,False,True,385,30000.0,304.9377666666667,
Y,\\sahale.biostr.washington.edu\data\Subjects\IBL\quarterDensityRecordings\Subjects\KM_028\2024-10-29\002\raw_ephys_data\probe00\_spikeglx_ephysData_g0_t0.imec0.ap.bin,7415132340,ap,IBL,,,False,0,False,True,385,30000.0,321.0014,
Y,\\sahale.biostr.washington.edu\data\Subjects\IBL\quarterDensityRecordings\Subjects\KM_028\2024-10-29\002\raw_ephys_data\probe01\_spikeglx_ephysData_g0_t0.imec1.ap.bin,7415143890,ap,IBL,,,False,0,False,True,385,30000.0,321.0019,
Y,\\sahale.biostr.washington.edu\data\Subjects\IBL\quarterDensityRecordings\Subjects\KM_028\2024-10-29\002\raw_ephys_data\probe02\_spikeglx_ephysData_g0_t0.imec2.ap.bin,7415067660,ap,IBL,,,False,0,False,True,385,30000.0,320.9986,
Y,\\sahale.biostr.washington.edu\data\Subjects\IBL\quarterDensityRecordings\Subjects\KM_028\2024-10-30\002\raw_ephys_data\probe00\_spikeglx_ephysData_g0_t0.imec0.ap.bin,7106389290,ap,IBL,,,False,0,False,True,385,30000.0,307.6359,
Y,\\sahale.biostr.washington.edu\data\Subjects\IBL\quarterDensityRecordings\Subjects\KM_028\2024-10-30\002\raw_ephys_data\probe01\_spikeglx_ephysData_g0_t0.imec1.ap.bin,7106396220,ap,IBL,,,False,0,False,True,385,30000.0,307.6362,
Y,\\sahale.biostr.washington.edu\data\Subjects\IBL\quarterDensityRecordings\Subjects\KM_028\2024-10-30\002\raw_ephys_data\probe02\_spikeglx_ephysData_g0_t0.imec2.ap.bin,7106355410,ap,IBL,,,False,0,False,True,385,30000.0,307.63443333333333,
Y,\\sahale.biostr.washington.edu\data\Subjects\IBL\quarterDensityRecordings\Subjects\KM_028\2024-10-31\002\raw_ephys_data\probe00\_spikeglx_ephysData_g0_t0.imec0.ap.bin,6959423240,ap,IBL,,,False,0,False,True,385,30000.0,301.2737333333333,
Y,\\sahale.biostr.washington.edu\data\Subjects\IBL\quarterDensityRecordings\Subjects\KM_028\2024-10-31\002\raw_ephys_data\probe01\_spikeglx_ephysData_g0_t0.imec1.ap.bin,6959427090,ap,IBL,,,False,0,False,True,385,30000.0,301.2739,
Y,\\sahale.biostr.washington.edu\data\Subjects\IBL\quarterDensityRecordings\Subjects\KM_028\2024-10-31\002\raw_ephys_data\probe02\_spikeglx_ephysData_g0_t0.imec2.ap.bin,6959389360,ap,IBL,,,False,0,False,True,385,30000.0,301.27226666666667,
Y,\\sahale.biostr.washington.edu\data\Subjects\IBL\quarterDensityRecordings\Subjects\KM_028\2024-11-01\002\raw_ephys_data\probe00\_spikeglx_ephysData_g0_t0.imec0.ap.bin,6951605430,ap,IBL,,,False,0,False,True,385,30000.0,300.9353,
Y,\\sahale.biostr.washington.edu\data\Subjects\IBL\quarterDensityRecordings\Subjects\KM_028\2024-11-01\002\raw_ephys_data\probe01\_spikeglx_ephysData_g0_t0.imec1.ap.bin,6951623910,ap,IBL,,,False,0,False,True,385,30000.0,300.9361,
Y,\\sahale.biostr.washington.edu\data\Subjects\IBL\quarterDensityRecordings\Subjects\KM_028\2024-11-01\002\raw_ephys_data\probe02\_spikeglx_ephysData_g0_t0.imec2.ap.bin,6951588490,ap,IBL,,,False,0,False,True,385,30000.0,300.9345666666667,
Y,\\sahale.biostr.washington.edu\data\Subjects\IBL\quarterDensityRecordings\Subjects\KM_030\2024-10-01\002\raw_ephys_data\probe00\_spikeglx_ephysData_g0_t0.imec0.ap.bin,7165970350,ap,IBL,,,False,0,False,True,385,30000.0,310.2151666666667,
Y,\\sahale.biostr.washington.edu\data\Subjects\IBL\quarterDensityRecordings\Subjects\KM_030\2024-10-01\002\raw_ephys_data\probe01\_spikeglx_ephysData_g0_t0.imec1.ap.bin,7165997300,ap,IBL,,,False,0,False,True,385,30000.0,310.21633333333335,
Y,\\sahale.biostr.washington.edu\data\Subjects\IBL\quarterDensityRecordings\Subjects\KM_030\2024-10-01\002\raw_ephys_data\probe02\_spikeglx_ephysData_g0_t0.imec2.ap.bin,7165959570,ap,IBL,,,False,0,False,True,385,30000.0,310.2147,
Y,\\sahale.biostr.washington.edu\data\Subjects\IBL\quarterDensityRecordings\Subjects\KM_030\2024-10-02\002\raw_ephys_data\probe00\_spikeglx_ephysData_g0_t0.imec0.ap.bin,7165970350,ap,IBL,,,False,0,False,True,385,30000.0,310.2151666666667,
Y,\\sahale.biostr.washington.edu\data\Subjects\IBL\quarterDensityRecordings\Subjects\KM_030\2024-10-02\002\raw_ephys_data\probe01\_spikeglx_ephysData_g0_t0.imec1.ap.bin,7165997300,ap,IBL,,,False,0,False,True,385,30000.0,310.21633333333335,
Y,\\sahale.biostr.washington.edu\data\Subjects\IBL\quarterDensityRecordings\Subjects\KM_030\2024-10-02\002\raw_ephys_data\probe02\_spikeglx_ephysData_g0_t0.imec2.ap.bin,7165959570,ap,IBL,,,False,0,False,True,385,30000.0,310.2147,
Y,\\sahale.biostr.washington.edu\data\Subjects\IBL\quarterDensityRecordings\Subjects\KM_030\2024-10-03\002\raw_ephys_data\probe00\_spikeglx_ephysData_g0_t0.imec0.ap.bin,7307176030,ap,IBL,,,False,0,False,True,385,30000.0,316.32796666666667,
Y,\\sahale.biostr.washington.edu\data\Subjects\IBL\quarterDensityRecordings\Subjects\KM_030\2024-10-03\002\raw_ephys_data\probe01\_spikeglx_ephysData_g0_t0.imec1.ap.bin,7307203750,ap,IBL,,,False,0,False,True,385,30000.0,316.32916666666665,
Y,\\sahale.biostr.washington.edu\data\Subjects\IBL\quarterDensityRecordings\Subjects\KM_030\2024-10-03\002\raw_ephys_data\probe02\_spikeglx_ephysData_g0_t0.imec2.ap.bin,7307163710,ap,IBL,,,False,0,False,True,385,30000.0,316.3274333333333,
Y,\\sahale.biostr.washington.edu\data\Subjects\IBL\quarterDensityRecordings\Subjects\KM_030\2024-10-08\002\raw_ephys_data\probe00\_spikeglx_ephysData_g0_t0.imec0.ap.bin,6915223700,ap,IBL,,,False,0,False,True,385,30000.0,299.36033333333336,
Y,\\sahale.biostr.washington.edu\data\Subjects\IBL\quarterDensityRecordings\Subjects\KM_030\2024-10-08\002\raw_ephys_data\probe01\_spikeglx_ephysData_g0_t0.imec1.ap.bin,6915254500,ap,IBL,,,False,0,False,True,385,30000.0,299.3616666666667,
Y,\\sahale.biostr.washington.edu\data\Subjects\IBL\quarterDensityRecordings\Subjects\KM_030\2024-10-08\002\raw_ephys_data\probe02\_spikeglx_ephysData_g0_t0.imec2.ap.bin,6915216000,ap,IBL,,,False,0,False,True,385,30000.0,299.36,
Y,\\sahale.biostr.washington.edu\data\Subjects\IBL\quarterDensityRecordings\Subjects\KM_030\2024-10-10\002\raw_ephys_data\probe00\_spikeglx_ephysData_g0_t0.imec0.ap.bin,7117645920,ap,IBL,,,False,0,False,True,385,30000.0,308.1232,
Y,\\sahale.biostr.washington.edu\data\Subjects\IBL\quarterDensityRecordings\Subjects\KM_030\2024-10-10\002\raw_ephys_data\probe01\_spikeglx_ephysData_g0_t0.imec1.ap.bin,7117675950,ap,IBL,,,False,0,False,True,385,30000.0,308.1245,
Y,\\sahale.biostr.washington.edu\data\Subjects\IBL\quarterDensityRecordings\Subjects\KM_030\2024-10-10\002\raw_ephys_data\probe02\_spikeglx_ephysData_g0_t0.imec2.ap.bin,7117638220,ap,IBL,,,False,0,False,True,385,30000.0,308.12286666666665,
Y,\\sahale.biostr.washington.edu\data\Subjects\IBL\quarterDensityRecordings\Subjects\KM_030\2024-10-11\002\raw_ephys_data\probe00\_spikeglx_ephysData_g0_t0.imec0.ap.bin,7178532900,ap,IBL,,,False,0,False,True,385,30000.0,310.759,
Y,\\sahale.biostr.washington.edu\data\Subjects\IBL\quarterDensityRecordings\Subjects\KM_030\2024-10-11\002\raw_ephys_data\probe01\_spikeglx_ephysData_g0_t0.imec1.ap.bin,7178554460,ap,IBL,,,False,0,False,True,385,30000.0,310.7599333333333,
Y,\\sahale.biostr.washington.edu\data\Subjects\IBL\quarterDensityRecordings\Subjects\KM_030\2024-10-11\002\raw_ephys_data\probe02\_spikeglx_ephysData_g0_t0.imec2.ap.bin,7178524430,ap,IBL,,,False,0,False,True,385,30000.0,310.7586333333333,
Y,\\sahale.biostr.washington.edu\data\Subjects\IBL\quarterDensityRecordings\Subjects\KM_031\2024-11-21\002\raw_ephys_data\probe00\_spikeglx_ephysData_g0_t0.imec0.ap.bin,7284474890,ap,IBL,,,False,0,False,True,385,30000.0,315.34523333333334,
Y,\\sahale.biostr.washington.edu\data\Subjects\IBL\quarterDensityRecordings\Subjects\KM_031\2024-11-21\002\raw_ephys_data\probe01\_spikeglx_ephysData_g0_t0.imec1.ap.bin,7284434080,ap,IBL,,,False,0,False,True,385,30000.0,315.34346666666664,
Y,\\sahale.biostr.washington.edu\data\Subjects\IBL\quarterDensityRecordings\Subjects\KM_031\2024-11-27\002\raw_ephys_data\probe00\_spikeglx_ephysData_g0_t0.imec0.ap.bin,7479644480,ap,IBL,,,False,0,False,True,385,30000.0,323.7941333333333,
Y,\\sahale.biostr.washington.edu\data\Subjects\IBL\quarterDensityRecordings\Subjects\KM_031\2024-11-27\002\raw_ephys_data\probe01\_spikeglx_ephysData_g0_t0.imec1.ap.bin,7479602900,ap,IBL,,,False,0,False,True,385,30000.0,323.7923333333333,
Y,\\sahale.biostr.washington.edu\data\Subjects\IBL\quarterDensityRecordings\Subjects\KM_033\2025-03-25\002\raw_ephys_data\probe00\_spikeglx_ephysData_g0_t0.imec0.ap.bin,7105636230,ap,IBL,,,False,0,False,True,385,29999.93193277311,307.6039979250373,
Y,\\sahale.biostr.washington.edu\data\Subjects\IBL\quarterDensityRecordings\Subjects\KM_033\2025-03-25\002\raw_ephys_data\probe01\_spikeglx_ephysData_g0_t0.imec1.ap.bin,7105658560,ap,IBL,,,False,0,False,True,385,30000.0,307.60426666666666,
Y,\\sahale.biostr.washington.edu\data\Subjects\IBL\quarterDensityRecordings\Subjects\KM_033\2025-03-25\002\raw_ephys_data\probe02\_spikeglx_ephysData_g0_t0.imec2.ap.bin,7105668570,ap,IBL,,,False,0,False,True,385,30000.0,307.6047,
Y,\\sahale.biostr.washington.edu\data\Subjects\IBL\quarterDensityRecordings\Subjects\KM_033\2025-04-01\002\raw_ephys_data\probe00\_spikeglx_ephysData_g0_t0.imec0.ap.bin,6962085130,ap,IBL,,,False,0,False,True,385,30000.0,301.38896666666665,
Y,\\sahale.biostr.washington.edu\data\Subjects\IBL\quarterDensityRecordings\Subjects\KM_033\2025-04-01\002\raw_ephys_data\probe01\_spikeglx_ephysData_g0_t0.imec1.ap.bin,6962092830,ap,IBL,,,False,0,False,True,385,30000.0,301.3893,
Y,\\sahale.biostr.washington.edu\data\Subjects\IBL\quarterDensityRecordings\Subjects\KM_033\2025-04-02\002\raw_ephys_data\probe00\_spikeglx_ephysData_g0_t0.imec0.ap.bin,7165522980,ap,IBL,,,False,0,False,True,385,30000.0,310.1958,
Y,\\sahale.biostr.washington.edu\data\Subjects\IBL\quarterDensityRecordings\Subjects\KM_033\2025-04-02\002\raw_ephys_data\probe01\_spikeglx_ephysData_g0_t0.imec1.ap.bin,7165500650,ap,IBL,,,False,0,False,True,385,30000.0,310.19483333333335,
Y,\\sahale.biostr.washington.edu\data\Subjects\IBL\quarterDensityRecordings\Subjects\KM_033\2025-04-02\002\raw_ephys_data\probe02\_spikeglx_ephysData_g0_t0.imec2.ap.bin,7165485250,ap,IBL,,,False,0,False,True,385,29999.93193277311,310.1948704701543,
Y,\\sahale.biostr.washington.edu\data\Subjects\IBL\quarterDensityRecordings\Subjects\KM_033\2025-04-03\002\raw_ephys_data\probe00\_spikeglx_ephysData_g0_t0.imec0.ap.bin,7339993430,ap,IBL,,,False,0,False,True,385,30000.0,317.7486333333333,
Y,\\sahale.biostr.washington.edu\data\Subjects\IBL\quarterDensityRecordings\Subjects\KM_033\2025-04-03\002\raw_ephys_data\probe01\_spikeglx_ephysData_g0_t0.imec1.ap.bin,7339993430,ap,IBL,,,False,0,False,True,385,30000.0,317.7486333333333,
Y,\\sahale.biostr.washington.edu\data\Subjects\IBL\quarterDensityRecordings\Subjects\KM_038\2025-05-12\002\raw_ephys_data\probe00\_spikeglx_ephysData_g0_t0.imec0.ap.bin,8037663480,ap,IBL,,,False,0,False,True,385,30000.0,347.9508,
Y,\\sahale.biostr.washington.edu\data\Subjects\IBL\quarterDensityRecordings\Subjects\KM_038\2025-05-12\002\raw_ephys_data\probe01\_spikeglx_ephysData_g0_t0.imec1.ap.bin,8037793610,ap,IBL,,,False,0,False,True,385,30000.0,347.95643333333334,
Y,\\sahale.biostr.washington.edu\data\Subjects\IBL\quarterDensityRecordings\Subjects\KM_038\2025-05-13\002\raw_ephys_data\probe00\_spikeglx_ephysData_g0_t0.imec0.ap.bin,8056421450,ap,IBL,,,False,0,False,True,385,30000.0,348.76283333333333,
Y,\\sahale.biostr.washington.edu\data\Subjects\IBL\quarterDensityRecordings\Subjects\KM_038\2025-05-13\002\raw_ephys_data\probe01\_spikeglx_ephysData_g0_t0.imec1.ap.bin,8056249740,ap,IBL,,,False,0,False,True,385,30000.0,348.7554,
Y,\\sahale.biostr.washington.edu\data\Subjects\IBL\quarterDensityRecordings\Subjects\KM_038\2025-05-13\002\raw_ephys_data\probe02\_spikeglx_ephysData_g0_t0.imec2.ap.bin,8056378330,ap,IBL,,,False,0,False,True,385,30000.0,348.76096666666666,
Y,\\sahale.biostr.washington.edu\data\Subjects\IBL\quarterDensityRecordings\Subjects\KM_038\2025-05-14\002\raw_ephys_data\probe00\_spikeglx_ephysData_g0_t0.imec0.ap.bin,7272022450,ap,IBL,,,False,0,False,True,385,30000.0,314.8061666666667,
Y,\\sahale.biostr.washington.edu\data\Subjects\IBL\quarterDensityRecordings\Subjects\KM_038\2025-05-14\002\raw_ephys_data\probe01\_spikeglx_ephysData_g0_t0.imec1.ap.bin,7272122550,ap,IBL,,,False,0,False,True,385,30000.0,314.8105,
Y,\\sahale.biostr.washington.edu\data\Subjects\IBL\quarterDensityRecordings\Subjects\KM_038\2025-05-15\002\raw_ephys_data\probe00\_spikeglx_ephysData_g0_t0.imec0.ap.bin,7608882050,ap,IBL,,,False,0,False,True,385,30000.0,329.3888333333333,
Y,\\sahale.biostr.washington.edu\data\Subjects\IBL\quarterDensityRecordings\Subjects\KM_038\2025-05-15\002\raw_ephys_data\probe01\_spikeglx_ephysData_g0_t0.imec1.ap.bin,7609042980,ap,IBL,,,False,0,False,True,385,30000.0,329.3958,
Y,\\sahale.biostr.washington.edu\data\Subjects\IBL\quarterDensityRecordings\Subjects\KM_038\2025-05-19\002\raw_ephys_data\probe00\_spikeglx_ephysData_g0_t0.imec0.ap.bin,9125731230,ap,IBL,,,False,0,False,True,385,30000.0,395.0533,
Y,\\sahale.biostr.washington.edu\data\Subjects\IBL\quarterDensityRecordings\Subjects\KM_038\2025-05-19\002\raw_ephys_data\probe01\_spikeglx_ephysData_g0_t0.imec1.ap.bin,9125539500,ap,IBL,,,False,0,False,True,385,30000.0,395.045,
Y,\\sahale.biostr.washington.edu\data\Subjects\IBL\quarterDensityRecordings\Subjects\KM_038\2025-05-19\002\raw_ephys_data\probe02\_spikeglx_ephysData_g0_t0.imec2.ap.bin,9125695810,ap,IBL,,,False,0,False,True,385,30000.0,395.05176666666665,
Y,\\sahale.biostr.washington.edu\data\Subjects\IBL\quarterDensityRecordings\Subjects\KM_038\2025-05-20\002\raw_ephys_data\probe00\_spikeglx_ephysData_g0_t0.imec0.ap.bin,6954248070,ap,IBL,,,False,0,False,True,385,30000.0,301.0497,
Y,\\sahale.biostr.washington.edu\data\Subjects\IBL\quarterDensityRecordings\Subjects\KM_038\2025-05-20\002\raw_ephys_data\probe01\_spikeglx_ephysData_g0_t0.imec1.ap.bin,6954137960,ap,IBL,,,False,0,False,True,385,30000.0,301.04493333333335,
Y,\\sahale.biostr.washington.edu\data\Subjects\IBL\quarterDensityRecordings\Subjects\KM_038\2025-05-20\002\raw_ephys_data\probe02\_spikeglx_ephysData_g0_t0.imec2.ap.bin,6954234980,ap,IBL,,,False,0,False,True,385,30000.0,301.0491333333333,
Y,\\sahale.biostr.washington.edu\data\Subjects\IBL\quarterDensityRecordings\Subjects\KM_041\2025-07-11\002\raw_ephys_data\_spikeglx_ephysData__g0\_spikeglx_ephysData__g0_t0.nidq.bin,54169368,nidq,IBL,,,False,0,False,True,3,30002.8,300.91284813417417,
Y,\\sahale.biostr.washington.edu\data\Subjects\IBL\quarterDensityRecordings\Subjects\KM_042\2025-03-12\002\raw_ephys_data\probe00\_spikeglx_ephysData_g0_t0.imec0.ap.bin,8865327240,ap,IBL,,,False,0,False,True,385,29999.93193277311,383.78127076422777,
Y,\\sahale.biostr.washington.edu\data\Subjects\IBL\quarterDensityRecordings\Subjects\KM_042\2025-03-12\002\raw_ephys_data\probe01\_spikeglx_ephysData_g0_t0.imec1.ap.bin,8865374210,ap,IBL,,,False,0,False,True,385,30000.0,383.78243333333336,
Y,\\sahale.biostr.washington.edu\data\Subjects\IBL\quarterDensityRecordings\Subjects\KM_042\2025-03-12\002\raw_ephys_data\probe02\_spikeglx_ephysData_g0_t0.imec2.ap.bin,8865384990,ap,IBL,,,False,0,False,True,385,30000.0,383.7829,
Y,\\sahale.biostr.washington.edu\data\Subjects\IBL\quarterDensityRecordings\Subjects\KM_042\2025-03-13\002\raw_ephys_data\probe00\_spikeglx_ephysData_g0_t0.imec0.ap.bin,8003883580,ap,IBL,,,False,0,False,True,385,30000.0,346.4884666666667,
Y,\\sahale.biostr.washington.edu\data\Subjects\IBL\quarterDensityRecordings\Subjects\KM_042\2025-03-13\002\raw_ephys_data\probe01\_spikeglx_ephysData_g0_t0.imec1.ap.bin,8003882040,ap,IBL,,,False,0,False,True,385,30000.0,346.4884,
Y,\\sahale.biostr.washington.edu\data\Subjects\IBL\quarterDensityRecordings\Subjects\KM_042\2025-03-14\002\raw_ephys_data\probe00\_spikeglx_ephysData_g0_t0.imec0.ap.bin,6958719460,ap,IBL,,,False,0,False,True,385,29999.93193277311,301.2439501613435,
Y,\\sahale.biostr.washington.edu\data\Subjects\IBL\quarterDensityRecordings\Subjects\KM_042\2025-03-14\002\raw_ephys_data\probe01\_spikeglx_ephysData_g0_t0.imec1.ap.bin,6958728700,ap,IBL,,,False,0,False,True,385,30000.0,301.2436666666667,
Y,\\sahale.biostr.washington.edu\data\Subjects\IBL\quarterDensityRecordings\Subjects\KM_042\2025-03-14\002\raw_ephys_data\probe02\_spikeglx_ephysData_g0_t0.imec2.ap.bin,6958674030,ap,IBL,,,False,0,False,True,385,30000.0,301.2413,
Y,\\sahale.biostr.washington.edu\data\Subjects\IBL\quarterDensityRecordings\Subjects\KM_042\2025-03-18\002\raw_ephys_data\probe00\_spikeglx_ephysData_g0_t0.imec0.ap.bin,7072342200,ap,IBL,,,False,0,False,True,385,30000.0,306.162,
Y,\\sahale.biostr.washington.edu\data\Subjects\IBL\quarterDensityRecordings\Subjects\KM_042\2025-03-18\002\raw_ephys_data\probe01\_spikeglx_ephysData_g0_t0.imec1.ap.bin,7072360680,ap,IBL,,,False,0,False,True,385,30000.0,306.1628,
Y,\\sahale.biostr.washington.edu\data\Subjects\IBL\quarterDensityRecordings\Subjects\KM_042\2025-03-19\002\raw_ephys_data\probe00\_spikeglx_ephysData_g0_t0.imec0.ap.bin,7141137850,ap,IBL,,,False,0,False,True,385,29999.93193277311,309.14086807872025,
Y,\\sahale.biostr.washington.edu\data\Subjects\IBL\quarterDensityRecordings\Subjects\KM_042\2025-03-19\002\raw_ephys_data\probe01\_spikeglx_ephysData_g0_t0.imec1.ap.bin,7141170960,ap,IBL,,,False,0,False,True,385,30000.0,309.1416,
Y,\\sahale.biostr.washington.edu\data\Subjects\IBL\quarterDensityRecordings\Subjects\KM_042\2025-03-21\002\raw_ephys_data\probe00\_spikeglx_ephysData_g0_t0.imec0.ap.bin,6973707510,ap,IBL,,,False,0,False,True,385,29999.93193277311,301.892784966823,
Y,\\sahale.biostr.washington.edu\data\Subjects\IBL\quarterDensityRecordings\Subjects\KM_042\2025-03-21\002\raw_ephys_data\probe01\_spikeglx_ephysData_g0_t0.imec1.ap.bin,6973742160,ap,IBL,,,False,0,False,True,385,30000.0,301.8936,
Y,\\sahale.biostr.washington.edu\data\Subjects\IBL\quarterDensityRecordings\Subjects\KM_043\2025-04-08\002\raw_ephys_data\probe00\_spikeglx_ephysData_g0_t0.imec0.ap.bin,8486415630,ap,IBL,,,False,0,False,True,385,30000.0,367.3773,
Y,\\sahale.biostr.washington.edu\data\Subjects\IBL\quarterDensityRecordings\Subjects\KM_043\2025-04-08\002\raw_ephys_data\probe01\_spikeglx_ephysData_g0_t0.imec1.ap.bin,8486361730,ap,IBL,,,False,0,False,True,385,30000.0,367.3749666666667,
Y,\\sahale.biostr.washington.edu\data\Subjects\IBL\quarterDensityRecordings\Subjects\KM_043\2025-04-09\002\raw_ephys_data\probe00\_spikeglx_ephysData_g0_t0.imec0.ap.bin,7204822240,ap,IBL,,,False,0,False,True,385,30000.0,311.89706666666666,
Y,\\sahale.biostr.washington.edu\data\Subjects\IBL\quarterDensityRecordings\Subjects\KM_043\2025-04-09\002\raw_ephys_data\probe01\_spikeglx_ephysData_g0_t0.imec1.ap.bin,7204834560,ap,IBL,,,False,0,False,True,385,30000.0,311.8976,
Y,\\sahale.biostr.washington.edu\data\Subjects\IBL\quarterDensityRecordings\Subjects\KM_043\2025-04-10\002\raw_ephys_data\probe00\_spikeglx_ephysData_g0_t0.imec0.ap.bin,7495455660,ap,IBL,,,False,0,False,True,385,30000.0,324.4786,
Y,\\sahale.biostr.washington.edu\data\Subjects\IBL\quarterDensityRecordings\Subjects\KM_043\2025-04-10\002\raw_ephys_data\probe01\_spikeglx_ephysData_g0_t0.imec1.ap.bin,7495432560,ap,IBL,,,False,0,False,True,385,30000.0,324.4776,
Y,\\sahale.biostr.washington.edu\data\Subjects\IBL\quarterDensityRecordings\Subjects\KM_043\2025-04-11\002\raw_ephys_data\probe00\_spikeglx_ephysData_g0_t0.imec0.ap.bin,6976313960,ap,IBL,,,False,0,False,True,385,30000.0,302.0049333333333,
Y,\\sahale.biostr.washington.edu\data\Subjects\IBL\quarterDensityRecordings\Subjects\KM_043\2025-04-11\002\raw_ephys_data\probe01\_spikeglx_ephysData_g0_t0.imec1.ap.bin,6976277000,ap,IBL,,,False,0,False,True,385,30000.0,302.00333333333333,
Y,\\sahale.biostr.washington.edu\data\Subjects\IBL\quarterDensityRecordings\Subjects\KM_043\2025-04-17\002\raw_ephys_data\probe00\_spikeglx_ephysData_g0_t0.imec0.ap.bin,6997394250,ap,IBL,,,False,0,False,True,385,30000.0,302.9175,
Y,\\sahale.biostr.washington.edu\data\Subjects\IBL\quarterDensityRecordings\Subjects\KM_043\2025-04-17\002\raw_ephys_data\probe01\_spikeglx_ephysData_g0_t0.imec1.ap.bin,6997381160,ap,IBL,,,False,0,False,True,385,30000.0,302.91693333333336,
Y,\\sahale.biostr.washington.edu\data\Subjects\IBL\quarterDensityRecordings\Subjects\KM_043\2025-04-18\001\raw_ephys_data\probe00\_spikeglx_ephysData_g0_t0.imec0.ap.bin,93848724200,ap,IBL,,,False,0,False,True,385,30000.0,4062.7153333333335,
Y,\\sahale.biostr.washington.edu\data\Subjects\IBL\quarterDensityRecordings\Subjects\KM_043\2025-04-18\001\raw_ephys_data\probe00a\_spikeglx_ephysData_g0_t0.imec0.ap.bin,22814474496,ap,IBL,,,False,0,False,False,0,0.0,0.0,
Y,\\sahale.biostr.washington.edu\data\Subjects\IBL\quarterDensityRecordings\Subjects\KM_043\2025-04-18\001\raw_ephys_data\probe00a\_spikeglx_ephysData_g0_t0.imec0.lf.bin,1900245520,lf,IBL,,,False,0,False,False,0,0.0,0.0,
Y,\\sahale.biostr.washington.edu\data\Subjects\IBL\quarterDensityRecordings\Subjects\KM_043\2025-04-18\001\raw_ephys_data\probe00b\_spikeglx_ephysData_g0_t0.imec0.ap.bin,22814474496,ap,IBL,,,False,0,False,False,0,0.0,0.0,
Y,\\sahale.biostr.washington.edu\data\Subjects\IBL\quarterDensityRecordings\Subjects\KM_043\2025-04-18\001\raw_ephys_data\probe00b\_spikeglx_ephysData_g0_t0.imec0.lf.bin,1900245520,lf,IBL,,,False,0,False,False,0,0.0,0.0,
Y,\\sahale.biostr.washington.edu\data\Subjects\IBL\quarterDensityRecordings\Subjects\KM_043\2025-04-18\001\raw_ephys_data\probe00c\_spikeglx_ephysData_g0_t0.imec0.ap.bin,22814474496,ap,IBL,,,False,0,False,False,0,0.0,0.0,
Y,\\sahale.biostr.washington.edu\data\Subjects\IBL\quarterDensityRecordings\Subjects\KM_043\2025-04-18\001\raw_ephys_data\probe00c\_spikeglx_ephysData_g0_t0.imec0.lf.bin,1900245520,lf,IBL,,,False,0,False,False,0,0.0,0.0,
Y,\\sahale.biostr.washington.edu\data\Subjects\IBL\quarterDensityRecordings\Subjects\KM_043\2025-04-18\001\raw_ephys_data\probe00d\_spikeglx_ephysData_g0_t0.imec0.ap.bin,22802946240,ap,IBL,,,False,0,False,False,0,0.0,0.0,
Y,\\sahale.biostr.washington.edu\data\Subjects\IBL\quarterDensityRecordings\Subjects\KM_043\2025-04-18\001\raw_ephys_data\probe00d\_spikeglx_ephysData_g0_t0.imec0.lf.bin,1900245520,lf,IBL,,,False,0,False,False,0,0.0,0.0,
Y,\\sahale.biostr.washington.edu\data\Subjects\IBL\quarterDensityRecordings\Subjects\KM_043\2025-04-18\001\raw_ephys_data\probe01\_spikeglx_ephysData_g0_t0.imec1.ap.bin,93848583290,ap,IBL,,,False,0,False,True,385,30000.0,4062.7092333333335,
Y,\\sahale.biostr.washington.edu\data\Subjects\IBL\quarterDensityRecordings\Subjects\KM_043\2025-04-18\002\raw_ephys_data\probe00\_spikeglx_ephysData_g0_t0.imec0.ap.bin,7058258900,ap,IBL,,,False,0,False,True,385,30000.0,305.5523333333333,
Y,\\sahale.biostr.washington.edu\data\Subjects\IBL\quarterDensityRecordings\Subjects\KM_043\2025-04-18\002\raw_ephys_data\probe01\_spikeglx_ephysData_g0_t0.imec1.ap.bin,7058247350,ap,IBL,,,False,0,False,True,385,30000.0,305.5518333333333,
Y,\\sahale.biostr.washington.edu\data\Subjects\IBL\quarterDensityRecordings\Subjects\KM_044\2025-04-23\002\raw_ephys_data\probe00\_spikeglx_ephysData_g0_t0.imec0.ap.bin,6957342700,ap,IBL,,,False,0,False,True,385,30000.0,301.1836666666667,
Y,\\sahale.biostr.washington.edu\data\Subjects\IBL\quarterDensityRecordings\Subjects\KM_044\2025-04-23\002\raw_ephys_data\probe01\_spikeglx_ephysData_g0_t0.imec1.ap.bin,6957316520,ap,IBL,,,False,0,False,True,385,30000.0,301.1825333333333,
Y,\\sahale.biostr.washington.edu\data\Subjects\IBL\quarterDensityRecordings\Subjects\KM_044\2025-04-23\002\raw_ephys_data\probe02\_spikeglx_ephysData_g0_t0.imec2.ap.bin,6957435870,ap,IBL,,,False,0,False,True,385,30000.0,301.1877,
Y,\\sahale.biostr.washington.edu\data\Subjects\IBL\quarterDensityRecordings\Subjects\KM_044\2025-04-28\002\raw_ephys_data\probe00\_spikeglx_ephysData_g0_t0.imec0.ap.bin,7023936150,ap,IBL,,,False,0,False,True,385,30000.0,304.0665,
Y,\\sahale.biostr.washington.edu\data\Subjects\IBL\quarterDensityRecordings\Subjects\KM_044\2025-04-28\002\raw_ephys_data\probe01\_spikeglx_ephysData_g0_t0.imec1.ap.bin,7023825270,ap,IBL,,,False,0,False,True,385,30000.0,304.0617,
Y,\\sahale.biostr.washington.edu\data\Subjects\IBL\quarterDensityRecordings\Subjects\KM_044\2025-04-28\002\raw_ephys_data\probe02\_spikeglx_ephysData_g0_t0.imec2.ap.bin,7023918440,ap,IBL,,,False,0,False,True,385,30000.0,304.06573333333336,
Y,\\sahale.biostr.washington.edu\data\Subjects\IBL\quarterDensityRecordings\Subjects\KM_044\2025-04-29\002\raw_ephys_data\probe00\_spikeglx_ephysData_g0_t0.imec0.ap.bin,7223011180,ap,IBL,,,False,0,False,True,385,30000.0,312.68446666666665,
Y,\\sahale.biostr.washington.edu\data\Subjects\IBL\quarterDensityRecordings\Subjects\KM_044\2025-04-29\002\raw_ephys_data\probe01\_spikeglx_ephysData_g0_t0.imec1.ap.bin,7222870270,ap,IBL,,,False,0,False,True,385,30000.0,312.67836666666665,
Y,\\sahale.biostr.washington.edu\data\Subjects\IBL\quarterDensityRecordings\Subjects\KM_044\2025-04-29\002\raw_ephys_data\probe02\_spikeglx_ephysData_g0_t0.imec2.ap.bin,7222997320,ap,IBL,,,False,0,False,True,385,30000.0,312.6838666666667,
Y,\\sahale.biostr.washington.edu\data\Subjects\IBL\quarterDensityRecordings\Subjects\KM_044\2025-04-30\002\raw_ephys_data\probe00\_spikeglx_ephysData_g0_t0.imec0.ap.bin,6908242880,ap,IBL,,,False,0,False,True,385,30000.0,299.05813333333333,
Y,\\sahale.biostr.washington.edu\data\Subjects\IBL\quarterDensityRecordings\Subjects\KM_044\2025-04-30\002\raw_ephys_data\probe01\_spikeglx_ephysData_g0_t0.imec1.ap.bin,6908154330,ap,IBL,,,False,0,False,True,385,30000.0,299.0543,
Y,\\sahale.biostr.washington.edu\data\Subjects\IBL\quarterDensityRecordings\Subjects\KM_044\2025-04-30\002\raw_ephys_data\probe02\_spikeglx_ephysData_g0_t0.imec2.ap.bin,6908273680,ap,IBL,,,False,0,False,True,385,30000.0,299.05946666666665,
Y,\\sahale.biostr.washington.edu\data\Subjects\IBL\quarterDensityRecordings\Subjects\KM_044\2025-05-01\002\raw_ephys_data\probe00\_spikeglx_ephysData_g0_t0.imec0.ap.bin,7034654550,ap,IBL,,,False,0,False,True,385,30000.0,304.5305,
Y,\\sahale.biostr.washington.edu\data\Subjects\IBL\quarterDensityRecordings\Subjects\KM_044\2025-05-01\002\raw_ephys_data\probe01\_spikeglx_ephysData_g0_t0.imec1.ap.bin,7034539050,ap,IBL,,,False,0,False,True,385,30000.0,304.5255,
Y,\\sahale.biostr.washington.edu\data\Subjects\IBL\quarterDensityRecordings\Subjects\KM_044\2025-05-01\002\raw_ephys_data\probe02\_spikeglx_ephysData_g0_t0.imec2.ap.bin,7034662250,ap,IBL,,,False,0,False,True,385,30000.0,304.5308333333333,
Y,\\sahale.biostr.washington.edu\data\Subjects\IBL\quarterDensityRecordings\Subjects\KM_046\2025-06-30\002\raw_ephys_data\probe00\_spikeglx_ephysData_g0_t0.imec0.ap.bin,6567034320,ap,IBL,,,False,0,False,True,385,30000.0,284.2872,
Y,\\sahale.biostr.washington.edu\data\Subjects\IBL\quarterDensityRecordings\Subjects\KM_046\2025-06-30\002\raw_ephys_data\probe01\_spikeglx_ephysData_g0_t0.imec1.ap.bin,6566918050,ap,IBL,,,False,0,False,True,385,30000.0,284.2821666666667,
Y,\\sahale.biostr.washington.edu\data\Subjects\IBL\quarterDensityRecordings\Subjects\KM_046\2025-06-30\002\raw_ephys_data\probe02\_spikeglx_ephysData_g0_t0.imec2.ap.bin,6567032010,ap,IBL,,,False,0,False,True,385,30000.0,284.2871,
Y,\\sahale.biostr.washington.edu\data\Subjects\IBL\quarterDensityRecordings\Subjects\KM_046\2025-07-01\002\raw_ephys_data\probe00\_spikeglx_ephysData_g0_t0.imec0.ap.bin,7163313080,ap,IBL,,,False,0,False,True,385,30000.0,310.10013333333336,
Y,\\sahale.biostr.washington.edu\data\Subjects\IBL\quarterDensityRecordings\Subjects\KM_046\2025-07-01\002\raw_ephys_data\probe01\_spikeglx_ephysData_g0_t0.imec1.ap.bin,7163182180,ap,IBL,,,False,0,False,True,385,30000.0,310.0944666666667,
Y,\\sahale.biostr.washington.edu\data\Subjects\IBL\quarterDensityRecordings\Subjects\KM_046\2025-07-01\002\raw_ephys_data\probe02\_spikeglx_ephysData_g0_t0.imec2.ap.bin,7163286130,ap,IBL,,,False,0,False,True,385,30000.0,310.0989666666667,
Y,\\sahale.biostr.washington.edu\data\Subjects\IBL\quarterDensityRecordings\Subjects\KM_046\2025-07-02\002\raw_ephys_data\probe00\_spikeglx_ephysData_g0_t0.imec0.ap.bin,7761600000,ap,IBL,,,False,0,False,True,385,30000.0,336.0,
Y,\\sahale.biostr.washington.edu\data\Subjects\IBL\quarterDensityRecordings\Subjects\KM_046\2025-07-02\002\raw_ephys_data\probe01\_spikeglx_ephysData_g0_t0.imec1.ap.bin,7761424440,ap,IBL,,,False,0,False,True,385,30000.0,335.9924,
Y,\\sahale.biostr.washington.edu\data\Subjects\IBL\quarterDensityRecordings\Subjects\KM_046\2025-07-02\002\raw_ephys_data\probe02\_spikeglx_ephysData_g0_t0.imec2.ap.bin,7761595380,ap,IBL,,,False,0,False,True,385,30000.0,335.9998,
Y,\\sahale.biostr.washington.edu\data\Subjects\IBL\quarterDensityRecordings\Subjects\KM_046\2025-07-07\002\raw_ephys_data\probe00\_spikeglx_ephysData_g0_t0.imec0.ap.bin,6730824100,ap,IBL,,,False,0,False,True,385,30000.0,291.37766666666664,
Y,\\sahale.biostr.washington.edu\data\Subjects\IBL\quarterDensityRecordings\Subjects\KM_046\2025-07-07\002\raw_ephys_data\probe01\_spikeglx_ephysData_g0_t0.imec1.ap.bin,6730723230,ap,IBL,,,False,0,False,True,385,30000.0,291.3733,
Y,\\sahale.biostr.washington.edu\data\Subjects\IBL\quarterDensityRecordings\Subjects\KM_046\2025-07-07\002\raw_ephys_data\probe02\_spikeglx_ephysData_g0_t0.imec2.ap.bin,6730821790,ap,IBL,,,False,0,False,True,385,30000.0,291.37756666666667,
Y,\\sahale.biostr.washington.edu\data\Subjects\IBL\quarterDensityRecordings\Subjects\KM_046\2025-07-08\002\raw_ephys_data\probe00\_spikeglx_ephysData_g0_t0.imec0.ap.bin,7227393250,ap,IBL,,,False,0,False,True,385,30000.0,312.87416666666667,
Y,\\sahale.biostr.washington.edu\data\Subjects\IBL\quarterDensityRecordings\Subjects\KM_046\2025-07-08\002\raw_ephys_data\probe01\_spikeglx_ephysData_g0_t0.imec1.ap.bin,7227260040,ap,IBL,,,False,0,False,True,385,30000.0,312.8684,
Y,\\sahale.biostr.washington.edu\data\Subjects\IBL\quarterDensityRecordings\Subjects\KM_046\2025-07-08\002\raw_ephys_data\probe02\_spikeglx_ephysData_g0_t0.imec2.ap.bin,7227358600,ap,IBL,,,False,0,False,True,385,30000.0,312.87266666666665,
Y,\\sahale.biostr.washington.edu\data\Subjects\IBL\quarterDensityRecordings\Subjects\KM_046\2025-07-09\002\raw_ephys_data\probe00\_spikeglx_ephysData_g0_t0.imec0.ap.bin,6962185230,ap,IBL,,,False,0,False,True,385,30000.0,301.3933,
Y,\\sahale.biostr.washington.edu\data\Subjects\IBL\quarterDensityRecordings\Subjects\KM_046\2025-07-09\002\raw_ephys_data\probe01\_spikeglx_ephysData_g0_t0.imec1.ap.bin,6962052020,ap,IBL,,,False,0,False,True,385,30000.0,301.38753333333335,
Y,\\sahale.biostr.washington.edu\data\Subjects\IBL\quarterDensityRecordings\Subjects\KM_046\2025-07-09\002\raw_ephys_data\probe02\_spikeglx_ephysData_g0_t0.imec2.ap.bin,6962198320,ap,IBL,,,False,0,False,True,385,30000.0,301.39386666666667,
Y,\\sahale.biostr.washington.edu\data\Subjects\IBL\quarterDensityRecordings\Subjects\KM_046\2025-07-11\002\raw_ephys_data\probe00\_spikeglx_ephysData_g0_t0.imec0.ap.bin,7880683580,ap,IBL,,,False,0,False,True,385,30000.0,341.1551333333333,
Y,\\sahale.biostr.washington.edu\data\Subjects\IBL\quarterDensityRecordings\Subjects\KM_046\2025-07-11\002\raw_ephys_data\probe01\_spikeglx_ephysData_g0_t0.imec1.ap.bin,7880566540,ap,IBL,,,False,0,False,True,385,30000.0,341.15006666666665,
Y,\\sahale.biostr.washington.edu\data\Subjects\IBL\quarterDensityRecordings\Subjects\KM_046\2025-07-11\002\raw_ephys_data\probe02\_spikeglx_ephysData_g0_t0.imec2.ap.bin,7880702830,ap,IBL,,,False,0,False,True,385,30000.0,341.15596666666664,
Y,\\sahale.biostr.washington.edu\data\Subjects\IBL\quarterDensityRecordings\Subjects\KM_048\2025-06-03\002\raw_ephys_data\probe00\_spikeglx_ephysData_g0_t0.imec0.ap.bin,9323951560,ap,IBL,,,False,0,False,True,385,30000.0,403.6342666666667,
Y,\\sahale.biostr.washington.edu\data\Subjects\IBL\quarterDensityRecordings\Subjects\KM_048\2025-06-03\002\raw_ephys_data\probe01\_spikeglx_ephysData_g0_t0.imec1.ap.bin,9323791400,ap,IBL,,,False,0,False,True,385,30000.0,403.62733333333335,
Y,\\sahale.biostr.washington.edu\data\Subjects\IBL\quarterDensityRecordings\Subjects\KM_048\2025-06-03\002\raw_ephys_data\probe02\_spikeglx_ephysData_g0_t0.imec2.ap.bin,9323938470,ap,IBL,,,False,0,False,True,385,30000.0,403.6337,
Y,\\sahale.biostr.washington.edu\data\Subjects\IBL\quarterDensityRecordings\Subjects\KM_048\2025-06-04\002\raw_ephys_data\probe00\_spikeglx_ephysData_g0_t0.imec0.ap.bin,7703048430,ap,IBL,,,False,0,False,True,385,30000.0,333.4653,
Y,\\sahale.biostr.washington.edu\data\Subjects\IBL\quarterDensityRecordings\Subjects\KM_048\2025-06-04\002\raw_ephys_data\probe01\_spikeglx_ephysData_g0_t0.imec1.ap.bin,7702887500,ap,IBL,,,False,0,False,True,385,30000.0,333.4583333333333,
Y,\\sahale.biostr.washington.edu\data\Subjects\IBL\quarterDensityRecordings\Subjects\KM_048\2025-06-04\002\raw_ephys_data\probe02\_spikeglx_ephysData_g0_t0.imec2.ap.bin,7703034570,ap,IBL,,,False,0,False,True,385,30000.0,333.4647,
Y,\\sahale.biostr.washington.edu\data\Subjects\IBL\quarterDensityRecordings\Subjects\KM_048\2025-06-05\002\raw_ephys_data\probe00\_spikeglx_ephysData_g0_t0.imec0.ap.bin,6974337370,ap,IBL,,,False,0,False,True,385,30000.0,301.9193666666667,
Y,\\sahale.biostr.washington.edu\data\Subjects\IBL\quarterDensityRecordings\Subjects\KM_048\2025-06-05\002\raw_ephys_data\probe01\_spikeglx_ephysData_g0_t0.imec1.ap.bin,6974197230,ap,IBL,,,False,0,False,True,385,30000.0,301.9133,
Y,\\sahale.biostr.washington.edu\data\Subjects\IBL\quarterDensityRecordings\Subjects\KM_048\2025-06-05\002\raw_ephys_data\probe02\_spikeglx_ephysData_g0_t0.imec2.ap.bin,6974352000,ap,IBL,,,False,0,False,True,385,30000.0,301.92,
Y,\\sahale.biostr.washington.edu\data\Subjects\IBL\quarterDensityRecordings\Subjects\KM_048\2025-06-06\002\raw_ephys_data\probe00\_spikeglx_ephysData_g0_t0.imec0.ap.bin,7590567600,ap,IBL,,,False,0,False,True,385,30000.0,328.596,
Y,\\sahale.biostr.washington.edu\data\Subjects\IBL\quarterDensityRecordings\Subjects\KM_048\2025-06-06\002\raw_ephys_data\probe01\_spikeglx_ephysData_g0_t0.imec1.ap.bin,7590463650,ap,IBL,,,False,0,False,True,385,30000.0,328.5915,
Y,\\sahale.biostr.washington.edu\data\Subjects\IBL\quarterDensityRecordings\Subjects\KM_053\2025-10-21\002\raw_ephys_data\probe00\_spikeglx_ephysData_g0_t0.imec0.ap.bin,13840329580,ap,IBL,,,False,0,False,True,385,30000.0,599.1484666666666,
Y,\\sahale.biostr.washington.edu\data\Subjects\IBL\quarterDensityRecordings\Subjects\KM_053\2025-10-21\002\raw_ephys_data\probe01\_spikeglx_ephysData_g0_t0.imec1.ap.bin,13840232560,ap,IBL,,,False,0,False,True,385,30000.0,599.1442666666667,
Y,\\sahale.biostr.washington.edu\data\Subjects\IBL\quarterDensityRecordings\Subjects\KM_053\2025-10-21\002\raw_ephys_data\probe02\_spikeglx_ephysData_g0_t0.imec2.ap.bin,13840468950,ap,IBL,,,False,0,False,True,385,30000.0,599.1545,
Y,\\sahale.biostr.washington.edu\data\Subjects\IBL\quarterDensityRecordings\Subjects\KM_053\2025-10-22\002\raw_ephys_data\probe00\_spikeglx_ephysData_g0_t0.imec0.ap.bin,13540068850,ap,IBL,,,False,0,False,True,385,30000.0,586.1501666666667,
Y,\\sahale.biostr.washington.edu\data\Subjects\IBL\quarterDensityRecordings\Subjects\KM_053\2025-10-22\002\raw_ephys_data\probe01\_spikeglx_ephysData_g0_t0.imec1.ap.bin,13539964900,ap,IBL,,,False,0,False,True,385,30000.0,586.1456666666667,
Y,\\sahale.biostr.washington.edu\data\Subjects\IBL\quarterDensityRecordings\Subjects\KM_053\2025-10-22\002\raw_ephys_data\probe02\_spikeglx_ephysData_g0_t0.imec2.ap.bin,13540183580,ap,IBL,,,False,0,False,True,385,30000.0,586.1551333333333,
Y,\\sahale.biostr.washington.edu\data\Subjects\IBL\quarterDensityRecordings\Subjects\KM_053\2025-10-23\002\raw_ephys_data\probe00\_spikeglx_ephysData_g0_t0.imec0.ap.bin,6762371000,ap,IBL,,,False,0,False,True,385,30000.0,292.74333333333334,
Y,\\sahale.biostr.washington.edu\data\Subjects\IBL\quarterDensityRecordings\Subjects\KM_053\2025-10-23\002\raw_ephys_data\probe01\_spikeglx_ephysData_g0_t0.imec1.ap.bin,6762291690,ap,IBL,,,False,0,False,True,385,30000.0,292.7399,
Y,\\sahale.biostr.washington.edu\data\Subjects\IBL\quarterDensityRecordings\Subjects\KM_053\2025-10-28\002\raw_ephys_data\probe00\_spikeglx_ephysData_g0_t0.imec0.ap.bin,9796478230,ap,IBL,,,False,0,False,True,385,30000.0,424.08996666666667,
Y,\\sahale.biostr.washington.edu\data\Subjects\IBL\quarterDensityRecordings\Subjects\KM_053\2025-10-28\002\raw_ephys_data\probe01\_spikeglx_ephysData_g0_t0.imec1.ap.bin,9796420480,ap,IBL,,,False,0,False,True,385,30000.0,424.08746666666667,
Y,\\sahale.biostr.washington.edu\data\Subjects\IBL\quarterDensityRecordings\Subjects\KM_053\2025-10-28\002\raw_ephys_data\probe02\_spikeglx_ephysData_g0_t0.imec2.ap.bin,9796594500,ap,IBL,,,False,0,False,True,385,30000.0,424.095,
Y,\\sahale.biostr.washington.edu\data\Subjects\IBL\quarterDensityRecordings\Subjects\KM_053\2025-10-29\002\raw_ephys_data\probe00\_spikeglx_ephysData_g0_t0.imec0.ap.bin,7034411230,ap,IBL,,,False,0,False,True,385,30000.0,304.5199666666667,
Y,\\sahale.biostr.washington.edu\data\Subjects\IBL\quarterDensityRecordings\Subjects\KM_053\2025-10-29\002\raw_ephys_data\probe01\_spikeglx_ephysData_g0_t0.imec1.ap.bin,7034348860,ap,IBL,,,False,0,False,True,385,30000.0,304.51726666666667,
Y,\\sahale.biostr.washington.edu\data\Subjects\IBL\quarterDensityRecordings\Subjects\KM_053\2025-10-29\002\raw_ephys_data\probe02\_spikeglx_ephysData_g0_t0.imec2.ap.bin,7034458200,ap,IBL,,,False,0,False,True,385,30000.0,304.522,
Y,\\sahale.biostr.washington.edu\data\Subjects\IBL\quarterDensityRecordings\Subjects\KM_053\2025-10-30\002\raw_ephys_data\probe00\_spikeglx_ephysData_g0_t0.imec0.ap.bin,14094981670,ap,IBL,,,False,0,False,True,385,30000.0,610.1723666666667,
Y,\\sahale.biostr.washington.edu\data\Subjects\IBL\quarterDensityRecordings\Subjects\KM_053\2025-10-30\002\raw_ephys_data\probe01\_spikeglx_ephysData_g0_t0.imec1.ap.bin,14094866940,ap,IBL,,,False,0,False,True,385,30000.0,610.1674,
Y,\\sahale.biostr.washington.edu\data\Subjects\IBL\quarterDensityRecordings\Subjects\KM_053\2025-10-30\002\raw_ephys_data\probe02\_spikeglx_ephysData_g0_t0.imec2.ap.bin,14095128740,ap,IBL,,,False,0,False,True,385,30000.0,610.1787333333333,
Y,\\sahale.biostr.washington.edu\data\Subjects\IBL\quarterDensityRecordings\Subjects\KM_061\2025-11-04\002\raw_ephys_data\probe00\_spikeglx_ephysData_g0_t0.imec0.ap.bin,8454603850,ap,IBL,,,False,0,False,True,385,30000.0,366.00016666666664,
Y,\\sahale.biostr.washington.edu\data\Subjects\IBL\quarterDensityRecordings\Subjects\KM_061\2025-11-04\002\raw_ephys_data\probe01\_spikeglx_ephysData_g0_t0.imec1.ap.bin,8454502980,ap,IBL,,,False,0,False,True,385,30000.0,365.9958,
Y,\\sahale.biostr.washington.edu\data\Subjects\IBL\quarterDensityRecordings\Subjects\KM_061\2025-11-04\002\raw_ephys_data\probe02\_spikeglx_ephysData_g0_t0.imec2.ap.bin,8454662370,ap,IBL,,,False,0,False,True,385,30000.0,366.0027,
Y,\\sahale.biostr.washington.edu\data\Subjects\IBL\quarterDensityRecordings\Subjects\KM_061\2025-11-05\002\raw_ephys_data\probe00\_spikeglx_ephysData_g0_t0.imec0.ap.bin,13983550350,ap,IBL,,,False,0,False,True,385,30000.0,605.3485,
Y,\\sahale.biostr.washington.edu\data\Subjects\IBL\quarterDensityRecordings\Subjects\KM_061\2025-11-05\002\raw_ephys_data\probe01\_spikeglx_ephysData_g0_t0.imec1.ap.bin,13983424070,ap,IBL,,,False,0,False,True,385,30000.0,605.3430333333333,
Y,\\sahale.biostr.washington.edu\data\Subjects\IBL\quarterDensityRecordings\Subjects\KM_061\2025-11-05\002\raw_ephys_data\probe02\_spikeglx_ephysData_g0_t0.imec2.ap.bin,13983685100,ap,IBL,,,False,0,False,True,385,30000.0,605.3543333333333,
Y,\\sahale.biostr.washington.edu\data\Subjects\IBL\quarterDensityRecordings\Subjects\KM_061\2025-11-06\002\raw_ephys_data\probe00\_spikeglx_ephysData_g0_t0.imec0.ap.bin,14021398160,ap,IBL,,,False,0,False,True,385,30000.0,606.9869333333334,
Y,\\sahale.biostr.washington.edu\data\Subjects\IBL\quarterDensityRecordings\Subjects\KM_061\2025-11-06\002\raw_ephys_data\probe01\_spikeglx_ephysData_g0_t0.imec1.ap.bin,14021236460,ap,IBL,,,False,0,False,True,385,30000.0,606.9799333333333,
Y,\\sahale.biostr.washington.edu\data\Subjects\IBL\quarterDensityRecordings\Subjects\KM_061\2025-11-06\002\raw_ephys_data\probe02\_spikeglx_ephysData_g0_t0.imec2.ap.bin,14021522130,ap,IBL,,,False,0,False,True,385,30000.0,606.9923,
Y,\\sahale.biostr.washington.edu\data\Subjects\IBL\quarterDensityRecordings\Subjects\KM_061\2025-11-07\002\raw_ephys_data\probe00\_spikeglx_ephysData_g0_t0.imec0.ap.bin,7444201380,ap,IBL,,,False,0,False,True,385,30000.0,322.2598,
Y,\\sahale.biostr.washington.edu\data\Subjects\IBL\quarterDensityRecordings\Subjects\KM_061\2025-11-07\002\raw_ephys_data\probe01\_spikeglx_ephysData_g0_t0.imec1.ap.bin,7444108980,ap,IBL,,,False,0,False,True,385,30000.0,322.2558,
Y,\\sahale.biostr.washington.edu\data\Subjects\IBL\quarterDensityRecordings\Subjects\KM_061\2025-11-07\003\raw_ephys_data\_spikeglx_ephysData__g0\_spikeglx_ephysData__g0_t0.nidq.bin,55785096,nidq,IBL,,,False,0,False,True,3,30002.8,309.8882770941379,
Y,\\sahale.biostr.washington.edu\data\Subjects\IBL\quarterDensityRecordings\Subjects\KM_061\2025-11-11\002\raw_ephys_data\_spikeglx_ephysData__g0\_spikeglx_ephysData__g0_t0.nidq.bin,74472204,nidq,IBL,,,False,0,False,True,3,30002.8,413.69585505352836,
Y,\\sahale.biostr.washington.edu\data\Subjects\IBL\quarterDensityRecordings\Subjects\KM_061\2025-11-13\002\raw_ephys_data\probe00\_spikeglx_ephysData_g0_t0.imec0.ap.bin,7233236010,ap,IBL,,,False,0,False,True,385,30000.0,313.1271,
Y,\\sahale.biostr.washington.edu\data\Subjects\IBL\quarterDensityRecordings\Subjects\KM_061\2025-11-13\002\raw_ephys_data\probe01\_spikeglx_ephysData_g0_t0.imec1.ap.bin,7233130520,ap,IBL,,,False,0,False,True,385,30000.0,313.1225333333333,
Y,\\sahale.biostr.washington.edu\data\Subjects\IBL\quarterDensityRecordings\Subjects\MT_001\2024-07-16\002\raw_ephys_data\probe00\_spikeglx_ephysData_g0_t0.imec0.ap.bin,7030397220,ap,IBL,,,False,0,False,True,385,30000.0,304.3462,
Y,\\sahale.biostr.washington.edu\data\Subjects\IBL\quarterDensityRecordings\Subjects\MT_001\2024-07-16\002\raw_ephys_data\probe01\_spikeglx_ephysData_g0_t0.imec1.ap.bin,7030410310,ap,IBL,,,False,0,False,True,385,30000.0,304.34676666666667,
Y,\\sahale.biostr.washington.edu\data\Subjects\IBL\quarterDensityRecordings\Subjects\MT_001\2024-07-17\002\raw_ephys_data\probe00\_spikeglx_ephysData_g0_t0.imec0.ap.bin,6611536470,ap,IBL,,,False,0,False,True,385,30000.0,286.2137,
Y,\\sahale.biostr.washington.edu\data\Subjects\IBL\quarterDensityRecordings\Subjects\MT_001\2024-07-17\002\raw_ephys_data\probe01\_spikeglx_ephysData_g0_t0.imec1.ap.bin,6611542630,ap,IBL,,,False,0,False,True,385,30000.0,286.2139666666667,
Y,\\sahale.biostr.washington.edu\data\Subjects\IBL\quarterDensityRecordings\Subjects\MT_001\2024-07-18\002\raw_ephys_data\probe00\_spikeglx_ephysData_g0_t0.imec0.ap.bin,7030056110,ap,IBL,,,False,0,False,True,385,30000.0,304.33143333333334,
Y,\\sahale.biostr.washington.edu\data\Subjects\IBL\quarterDensityRecordings\Subjects\MT_001\2024-07-18\002\raw_ephys_data\probe01\_spikeglx_ephysData_g0_t0.imec1.ap.bin,7030061500,ap,IBL,,,False,0,False,True,385,30000.0,304.33166666666665,
Y,\\sahale.biostr.washington.edu\data\Subjects\IBL\quarterDensityRecordings\Subjects\MT_001\2024-07-19\002\raw_ephys_data\probe00\_spikeglx_ephysData_g0_t0.imec0.ap.bin,6978578530,ap,IBL,,,False,0,False,True,385,30000.0,302.10296666666665,
Y,\\sahale.biostr.washington.edu\data\Subjects\IBL\quarterDensityRecordings\Subjects\MT_001\2024-07-19\002\raw_ephys_data\probe01\_spikeglx_ephysData_g0_t0.imec1.ap.bin,6978586230,ap,IBL,,,False,0,False,True,385,30000.0,302.1033,
Y,\\sahale.biostr.washington.edu\data\Subjects\IBL\quarterDensityRecordings\Subjects\MT_001\2024-07-22\002\raw_ephys_data\probe00\_spikeglx_ephysData_g0_t0.imec0.ap.bin,6947227980,ap,IBL,,,False,0,False,True,385,30000.0,300.7458,
Y,\\sahale.biostr.washington.edu\data\Subjects\IBL\quarterDensityRecordings\Subjects\MT_001\2024-07-22\002\raw_ephys_data\probe01\_spikeglx_ephysData_g0_t0.imec1.ap.bin,6947238760,ap,IBL,,,False,0,False,True,385,30000.0,300.74626666666666,
Y,\\sahale.biostr.washington.edu\data\Subjects\IBL\quarterDensityRecordings\Subjects\MT_001\2024-07-23\002\raw_ephys_data\probe00\_spikeglx_ephysData_g0_t0.imec0.ap.bin,7103749730,ap,IBL,,,False,0,False,True,385,30000.0,307.52163333333334,
Y,\\sahale.biostr.washington.edu\data\Subjects\IBL\quarterDensityRecordings\Subjects\MT_001\2024-07-23\002\raw_ephys_data\probe01\_spikeglx_ephysData_g0_t0.imec1.ap.bin,7103758970,ap,IBL,,,False,0,False,True,385,30000.0,307.52203333333335,
Y,\\sahale.biostr.washington.edu\data\Subjects\IBL\quarterDensityRecordings\Subjects\MT_001\2024-07-25\002\raw_ephys_data\probe00\_spikeglx_ephysData_g0_t0.imec0.ap.bin,6963400290,ap,IBL,,,False,0,False,True,385,30000.0,301.4459,
Y,\\sahale.biostr.washington.edu\data\Subjects\IBL\quarterDensityRecordings\Subjects\MT_001\2024-07-25\002\raw_ephys_data\probe01\_spikeglx_ephysData_g0_t0.imec1.ap.bin,6963409530,ap,IBL,,,False,0,False,True,385,30000.0,301.4463,
Y,\\sahale.biostr.washington.edu\data\Subjects\IBL\quarterDensityRecordings\Subjects\MT_005\2025-06-10\002\raw_ephys_data\probe00\_spikeglx_ephysData_g0_t0.imec0.ap.bin,7345092370,ap,IBL,,,False,0,False,True,385,30000.0,317.96936666666664,
Y,\\sahale.biostr.washington.edu\data\Subjects\IBL\quarterDensityRecordings\Subjects\MT_005\2025-06-10\002\raw_ephys_data\probe01\_spikeglx_ephysData_g0_t0.imec1.ap.bin,7344983800,ap,IBL,,,False,0,False,True,385,30000.0,317.9646666666667,
Y,\\sahale.biostr.washington.edu\data\Subjects\IBL\quarterDensityRecordings\Subjects\MT_005\2025-06-11\002\raw_ephys_data\probe00\_spikeglx_ephysData_g0_t0.imec0.ap.bin,7127928500,ap,IBL,,,False,0,False,True,385,30000.0,308.5683333333333,
Y,\\sahale.biostr.washington.edu\data\Subjects\IBL\quarterDensityRecordings\Subjects\MT_005\2025-06-11\002\raw_ephys_data\probe01\_spikeglx_ephysData_g0_t0.imec1.ap.bin,7127796060,ap,IBL,,,False,0,False,True,385,30000.0,308.5626,
Y,\\sahale.biostr.washington.edu\data\Subjects\IBL\quarterDensityRecordings\Subjects\MT_007\2025-12-16\002\raw_ephys_data\probe00\_spikeglx_ephysData_g0_t0.imec0.ap.bin,9330170850,ap,IBL,,,False,0,False,True,385,30000.0,403.9035,
Y,\\sahale.biostr.washington.edu\data\Subjects\IBL\quarterDensityRecordings\Subjects\MT_007\2025-12-16\002\raw_ephys_data\probe01\_spikeglx_ephysData_g0_t0.imec1.ap.bin,9330097700,ap,IBL,,,False,0,False,True,385,30000.0,403.9003333333333,
Y,\\sahale.biostr.washington.edu\data\Subjects\IBL\quarterDensityRecordings\Subjects\MT_007\2025-12-16\002\raw_ephys_data\probe02\_spikeglx_ephysData_g0_t0.imec2.ap.bin,9330149290,ap,IBL,,,False,0,False,True,385,30000.0,403.90256666666664,
Y,\\sahale.biostr.washington.edu\data\Subjects\IBL\quarterDensityRecordings\Subjects\MT_007\2025-12-17\002\raw_ephys_data\probe00\_spikeglx_ephysData_g0_t0.imec0.ap.bin,7277224570,ap,IBL,,,False,0,False,True,385,30000.0,315.03136666666666,
Y,\\sahale.biostr.washington.edu\data\Subjects\IBL\quarterDensityRecordings\Subjects\MT_007\2025-12-17\002\raw_ephys_data\probe01\_spikeglx_ephysData_g0_t0.imec1.ap.bin,7277186070,ap,IBL,,,False,0,False,True,385,30000.0,315.0297,
Y,\\sahale.biostr.washington.edu\data\Subjects\IBL\quarterDensityRecordings\Subjects\MT_007\2025-12-17\002\raw_ephys_data\probe02\_spikeglx_ephysData_g0_t0.imec2.ap.bin,7277178370,ap,IBL,,,False,0,False,True,385,30000.0,315.02936666666665,
Y,\\sahale.biostr.washington.edu\data\Subjects\IBL\quarterDensityRecordings\Subjects\MT_007\2025-12-18\002\raw_ephys_data\probe00\_spikeglx_ephysData_g0_t0.imec0.ap.bin,7599814530,ap,IBL,,,False,0,False,True,385,30000.0,328.9963,
Y,\\sahale.biostr.washington.edu\data\Subjects\IBL\quarterDensityRecordings\Subjects\MT_007\2025-12-18\002\raw_ephys_data\probe01\_spikeglx_ephysData_g0_t0.imec1.ap.bin,7599757550,ap,IBL,,,False,0,False,True,385,30000.0,328.9938333333333,
Y,\\sahale.biostr.washington.edu\data\Subjects\IBL\quarterDensityRecordings\Subjects\MT_007\2025-12-18\002\raw_ephys_data\probe02\_spikeglx_ephysData_g0_t0.imec2.ap.bin,7599818380,ap,IBL,,,False,0,False,True,385,30000.0,328.99646666666666,
Y,\\sahale.biostr.washington.edu\data\Subjects\IBL\quarterDensityRecordings\Subjects\MT_007\2025-12-19\002\raw_ephys_data\probe00\_spikeglx_ephysData_g0_t0.imec0.ap.bin,7064941730,ap,IBL,,,False,0,False,True,385,30000.0,305.84163333333333,
Y,\\sahale.biostr.washington.edu\data\Subjects\IBL\quarterDensityRecordings\Subjects\MT_007\2025-12-19\002\raw_ephys_data\probe01\_spikeglx_ephysData_g0_t0.imec1.ap.bin,7064860110,ap,IBL,,,False,0,False,True,385,30000.0,305.8381,
Y,\\sahale.biostr.washington.edu\data\Subjects\IBL\quarterDensityRecordings\Subjects\MT_007\2025-12-19\002\raw_ephys_data\probe02\_spikeglx_ephysData_g0_t0.imec2.ap.bin,7064920170,ap,IBL,,,False,0,False,True,385,30000.0,305.8407,
Y,\\sahale.biostr.washington.edu\data\Subjects\IBL\quarterDensityRecordings\Subjects\MT_007\2025-12-22\002\raw_ephys_data\probe00\_spikeglx_ephysData_g0_t0.imec0.ap.bin,7663942440,ap,IBL,,,False,0,False,True,385,30000.0,331.7724,
Y,\\sahale.biostr.washington.edu\data\Subjects\IBL\quarterDensityRecordings\Subjects\MT_007\2025-12-22\002\raw_ephys_data\probe01\_spikeglx_ephysData_g0_t0.imec1.ap.bin,7663860050,ap,IBL,,,False,0,False,True,385,30000.0,331.76883333333336,
Y,\\sahale.biostr.washington.edu\data\Subjects\IBL\quarterDensityRecordings\Subjects\MT_007\2025-12-22\002\raw_ephys_data\probe02\_spikeglx_ephysData_g0_t0.imec2.ap.bin,7663920110,ap,IBL,,,False,0,False,True,385,30000.0,331.77143333333333,
Y,\\sahale.biostr.washington.edu\data\Subjects\IBL\quarterDensityRecordings\Subjects\MT_007\2025-12-23\002\raw_ephys_data\probe00\_spikeglx_ephysData_g0_t0.imec0.ap.bin,7065499980,ap,IBL,,,False,0,False,True,385,30000.0,305.8658,
Y,\\sahale.biostr.washington.edu\data\Subjects\IBL\quarterDensityRecordings\Subjects\MT_007\2025-12-23\002\raw_ephys_data\probe01\_spikeglx_ephysData_g0_t0.imec1.ap.bin,7065390640,ap,IBL,,,False,0,False,True,385,30000.0,305.86106666666666,
Y,\\sahale.biostr.washington.edu\data\Subjects\IBL\quarterDensityRecordings\Subjects\MT_007\2025-12-23\002\raw_ephys_data\probe02\_spikeglx_ephysData_g0_t0.imec2.ap.bin,7065453010,ap,IBL,,,False,0,False,True,385,30000.0,305.86376666666666,
Y,\\sahale.biostr.washington.edu\data\Subjects\IBL\quarterDensityRecordings\Subjects\MT_008\2025-07-22\002\raw_ephys_data\probe00\_spikeglx_ephysData_g0_t0.imec0.ap.bin,7214342520,ap,IBL,,,False,0,False,True,385,30000.0,312.3092,
Y,\\sahale.biostr.washington.edu\data\Subjects\IBL\quarterDensityRecordings\Subjects\MT_008\2025-07-22\002\raw_ephys_data\probe01\_spikeglx_ephysData_g0_t0.imec1.ap.bin,7214267830,ap,IBL,,,False,0,False,True,385,30000.0,312.3059666666667,
Y,\\sahale.biostr.washington.edu\data\Subjects\IBL\quarterDensityRecordings\Subjects\MT_008\2025-07-29\002\raw_ephys_data\probe00\_spikeglx_ephysData_g0_t0.imec0.ap.bin,7000875420,ap,IBL,,,False,0,False,True,385,30000.0,303.0682,
Y,\\sahale.biostr.washington.edu\data\Subjects\IBL\quarterDensityRecordings\Subjects\MT_008\2025-07-29\002\raw_ephys_data\probe01\_spikeglx_ephysData_g0_t0.imec1.ap.bin,7000763770,ap,IBL,,,False,0,False,True,385,30000.0,303.06336666666664,
Y,\\sahale.biostr.washington.edu\data\Subjects\IBL\quarterDensityRecordings\Subjects\MT_008\2025-07-30\002\raw_ephys_data\probe00\_spikeglx_ephysData_g0_t0.imec0.ap.bin,7527754850,ap,IBL,,,False,0,False,True,385,30000.0,325.8768333333333,
Y,\\sahale.biostr.washington.edu\data\Subjects\IBL\quarterDensityRecordings\Subjects\MT_008\2025-07-30\002\raw_ephys_data\probe01\_spikeglx_ephysData_g0_t0.imec1.ap.bin,7527682470,ap,IBL,,,False,0,False,True,385,30000.0,325.8737,
Y,\\sahale.biostr.washington.edu\data\Subjects\IBL\quarterDensityRecordings\Subjects\MT_008\2025-07-30\002\raw_ephys_data\probe02\_spikeglx_ephysData_g0_t0.imec2.ap.bin,7527801820,ap,IBL,,,False,0,False,True,385,30000.0,325.8788666666667,
Y,\\sahale.biostr.washington.edu\data\Subjects\IBL\quarterDensityRecordings\Subjects\MT_008\2025-07-31\002\raw_ephys_data\probe00\_spikeglx_ephysData_g0_t0.imec0.ap.bin,7093257710,ap,IBL,,,False,0,False,True,385,30000.0,307.0674333333333,
Y,\\sahale.biostr.washington.edu\data\Subjects\IBL\quarterDensityRecordings\Subjects\MT_008\2025-07-31\002\raw_ephys_data\probe01\_spikeglx_ephysData_g0_t0.imec1.ap.bin,7093187640,ap,IBL,,,False,0,False,True,385,30000.0,307.0644,
Y,\\sahale.biostr.washington.edu\data\Subjects\IBL\quarterDensityRecordings\Subjects\NR_0032\2023-12-15\002\raw_ephys_data\probe00\_spikeglx_ephysData_g0_t0.imec0.ap.bin,7018542300,ap,IBL,,,True,938736290,True,True,97,30000.0,1205.9351030927835,
Y,\\sahale.biostr.washington.edu\data\Subjects\IBL\quarterDensityRecordings\Subjects\KM_041\2025-07-11\002\raw_ephys_data\_spikeglx_ephysData__g0\_spikeglx_ephysData__g0_imec0\_spikeglx_ephysData__g0_t0.imec0.ap.bin,6951145740,ap,IBL,,,False,0,False,True,385,30000.0,300.9154,
Y,\\sahale.biostr.washington.edu\data\Subjects\IBL\quarterDensityRecordings\Subjects\KM_041\2025-07-11\002\raw_ephys_data\_spikeglx_ephysData__g0\_spikeglx_ephysData__g0_imec1\_spikeglx_ephysData__g0_t0.imec1.ap.bin,6951043330,ap,IBL,,,False,0,False,True,385,30000.0,300.91096666666664,
Y,\\sahale.biostr.washington.edu\data\Subjects\IBL\quarterDensityRecordings\Subjects\KM_061\2025-11-07\003\raw_ephys_data\_spikeglx_ephysData__g0\_spikeglx_ephysData__g0_imec0\_spikeglx_ephysData__g0_t0.imec0.ap.bin,7158438980,ap,IBL,,,False,0,False,True,385,30000.0,309.88913333333335,
Y,\\sahale.biostr.washington.edu\data\Subjects\IBL\quarterDensityRecordings\Subjects\KM_061\2025-11-07\003\raw_ephys_data\_spikeglx_ephysData__g0\_spikeglx_ephysData__g0_imec1\_spikeglx_ephysData__g0_t0.imec1.ap.bin,7158374300,ap,IBL,,,False,0,False,True,385,30000.0,309.8863333333333,
Y,\\sahale.biostr.washington.edu\data\Subjects\IBL\quarterDensityRecordings\Subjects\KM_061\2025-11-11\002\raw_ephys_data\_spikeglx_ephysData__g0\_spikeglx_ephysData__g0_imec0\_spikeglx_ephysData__g0_t0.imec0.ap.bin,9556443820,ap,IBL,,,False,0,False,True,385,30000.0,413.6988666666667,
Y,\\sahale.biostr.washington.edu\data\Subjects\IBL\quarterDensityRecordings\Subjects\KM_061\2025-11-11\002\raw_ephys_data\_spikeglx_ephysData__g0\_spikeglx_ephysData__g0_imec1\_spikeglx_ephysData__g0_t0.imec1.ap.bin,9556316770,ap,IBL,,,False,0,False,True,385,30000.0,413.6933666666667,
