timestamp_utc,event,path,size_bytes,host,pid,note
2026-08-29T06:13:50+00:00,delete,Y:/Subjects\FD_012\2026-05-05\1\p1_g0\p1_g0_imec0\p1_g0_t0.imec0.ap.cbin.partial-29374,15233616449,DESKTOP-KH3D2OM,44020,stale temporary
2026-08-29T06:13:50+00:00,delete,Y:/Subjects\FD_012\2026-05-06\1\p0_g0\p0_g0_imec0\p0_g0_t0.imec0.ap.cbin.partial-29373,13583823767,DESKTOP-KH3D2OM,44020,stale temporary
2026-08-29T06:13:51+00:00,delete,Y:/Subjects\FD_013\2026-07-29\4\p0_g0_imec0\p0_g0_t0.imec0.ap.cbin.partial-29375,13040937648,DESKTOP-KH3D2OM,44020,stale temporary
2026-08-29T06:13:51+00:00,delete,Y:/Subjects\FD_013\2026-07-30\1\p0_g0_imec0\p0_g0_t0.imec0.ap.cbin.partial-29372,12505572585,DESKTOP-KH3D2OM,44020,stale temporary
2026-08-29T06:13:52+00:00,delete,Y:/Subjects\JRS_0022\2023-12-04\1\p0_g0\p0_g0_imec0\p0_g0_t0.imec0.ap.cbin.partial-29376,23969553419,DESKTOP-KH3D2OM,44020,stale temporary
2026-08-29T06:13:53+00:00,delete,Y:/Subjects\JRS_0057\2026-06-04\1\kilosort4\whole_train_artifact_removed_full\p0_g0\p0_g0_imec0\p0_g0_t0.imec0.ap.cbin.partial-29370,13716930807,DESKTOP-KH3D2OM,44020,stale temporary
2026-08-29T06:13:53+00:00,delete,Y:/Subjects\JRS_0057\2026-06-04\1\p0_g0\p0_g0_imec0\p0_g0_t0.imec0.ap.cbin.partial-29371,13803161993,DESKTOP-KH3D2OM,44020,stale temporary
2026-08-29T06:13:53+00:00,delete,Y:/Subjects\JRS_0059\2026-02-13\p0_g0\p0_g0_imec0\p0_g0_t0.imec0.ap.cbin.partial-29369,15586682909,DESKTOP-KH3D2OM,44020,stale temporary
2026-08-29T06:13:55+00:00,create,Y:/Subjects\AL_0046\2026-04-06\2\p1_g1\p1_g1_imec0\p1_g1_t0.imec0.lf.cbin.partial-26564,0,DESKTOP-KH3D2OM,26564,temporary output
2026-08-29T06:13:55+00:00,create,Y:/Subjects\ZYE_0051\2022-02-26\1\p0_g0\p0_g0_imec0\p0_g0_t0.imec0.lf.cbin.partial-6732,0,DESKTOP-KH3D2OM,6732,temporary output
2026-08-29T06:13:56+00:00,delete,Y:/Subjects\AL_0046\2026-04-06\2\p1_g1\p1_g1_imec0\p1_g1_t0.imec0.lf.cbin.partial-26564,2116172,DESKTOP-KH3D2OM,26564,renamed into place
2026-08-29T06:13:56+00:00,create,Y:/Subjects\AL_0046\2026-04-06\2\p1_g1\p1_g1_imec0\p1_g1_t0.imec0.lf.cbin,2115562,DESKTOP-KH3D2OM,26564,
2026-08-29T06:13:56+00:00,create,Y:/Subjects\AL_0046\2026-04-06\2\p1_g1\p1_g1_imec0\p1_g1_t0.imec0.lf.ch,610,DESKTOP-KH3D2OM,26564,
2026-08-29T06:13:56+00:00,create,Y:/Subjects\NR_0023\2023-12-15\quarterDensity\_spikeglx_ephysData_g0\_spikeglx_ephysData_g0_t0.nidq.cbin.partial-26564,0,DESKTOP-KH3D2OM,26564,temporary output
2026-08-29T06:13:58+00:00,delete,Y:/Subjects\NR_0023\2023-12-15\quarterDensity\_spikeglx_ephysData_g0\_spikeglx_ephysData_g0_t0.nidq.cbin.partial-26564,4064963,DESKTOP-KH3D2OM,26564,renamed into place
2026-08-29T06:13:58+00:00,create,Y:/Subjects\NR_0023\2023-12-15\quarterDensity\_spikeglx_ephysData_g0\_spikeglx_ephysData_g0_t0.nidq.cbin,4056107,DESKTOP-KH3D2OM,26564,
2026-08-29T06:13:58+00:00,create,Y:/Subjects\NR_0023\2023-12-15\quarterDensity\_spikeglx_ephysData_g0\_spikeglx_ephysData_g0_t0.nidq.ch,8856,DESKTOP-KH3D2OM,26564,
2026-08-29T06:13:58+00:00,create,Y:/Subjects\NR_0032\2023-12-15\quarterDensity\_spikeglx_ephysData_g0\_spikeglx_ephysData_g0_t0.nidq.cbin.partial-26564,0,DESKTOP-KH3D2OM,26564,temporary output
2026-08-29T06:13:59+00:00,delete,Y:/Subjects\ZYE_0051\2022-02-26\1\p0_g0\p0_g0_imec0\p0_g0_t0.imec0.lf.cbin.partial-6732,12452513,DESKTOP-KH3D2OM,6732,renamed into place
2026-08-29T06:13:59+00:00,create,Y:/Subjects\ZYE_0051\2022-02-26\1\p0_g0\p0_g0_imec0\p0_g0_t0.imec0.lf.cbin,12451559,DESKTOP-KH3D2OM,6732,
2026-08-29T06:13:59+00:00,create,Y:/Subjects\ZYE_0051\2022-02-26\1\p0_g0\p0_g0_imec0\p0_g0_t0.imec0.lf.ch,954,DESKTOP-KH3D2OM,6732,
2026-08-29T06:13:59+00:00,create,Y:/Subjects\NR_0023\2023-12-13\quarterDensity\_spikeglx_ephysData_g0\_spikeglx_ephysData_g0_t0.nidq.cbin.partial-6732,0,DESKTOP-KH3D2OM,6732,temporary output
2026-08-29T06:14:00+00:00,delete,Y:/Subjects\NR_0032\2023-12-15\quarterDensity\_spikeglx_ephysData_g0\_spikeglx_ephysData_g0_t0.nidq.cbin.partial-26564,4064963,DESKTOP-KH3D2OM,26564,renamed into place
2026-08-29T06:14:00+00:00,create,Y:/Subjects\NR_0032\2023-12-15\quarterDensity\_spikeglx_ephysData_g0\_spikeglx_ephysData_g0_t0.nidq.cbin,4056107,DESKTOP-KH3D2OM,26564,
2026-08-29T06:14:00+00:00,create,Y:/Subjects\NR_0032\2023-12-15\quarterDensity\_spikeglx_ephysData_g0\_spikeglx_ephysData_g0_t0.nidq.ch,8856,DESKTOP-KH3D2OM,26564,
2026-08-29T06:14:00+00:00,create,Y:/Subjects\NR_0032\2023-12-13\quarterDensity\_spikeglx_ephysData_g0\_spikeglx_ephysData_g0_t0.nidq.cbin.partial-26564,0,DESKTOP-KH3D2OM,26564,temporary output
2026-08-29T06:14:01+00:00,delete,Y:/Subjects\NR_0023\2023-12-13\quarterDensity\_spikeglx_ephysData_g0\_spikeglx_ephysData_g0_t0.nidq.cbin.partial-6732,4019569,DESKTOP-KH3D2OM,6732,renamed into place
2026-08-29T06:14:01+00:00,create,Y:/Subjects\NR_0023\2023-12-13\quarterDensity\_spikeglx_ephysData_g0\_spikeglx_ephysData_g0_t0.nidq.cbin,4010132,DESKTOP-KH3D2OM,6732,
2026-08-29T06:14:01+00:00,create,Y:/Subjects\NR_0023\2023-12-13\quarterDensity\_spikeglx_ephysData_g0\_spikeglx_ephysData_g0_t0.nidq.ch,9437,DESKTOP-KH3D2OM,6732,
2026-08-29T06:14:01+00:00,create,Y:/Subjects\AL_0041\2026-04-21\temp\p1_g0\p1_g0_imec0\p1_g0_t0.imec0.lf.cbin.partial-6732,0,DESKTOP-KH3D2OM,6732,temporary output
2026-08-29T06:14:03+00:00,delete,Y:/Subjects\NR_0032\2023-12-13\quarterDensity\_spikeglx_ephysData_g0\_spikeglx_ephysData_g0_t0.nidq.cbin.partial-26564,4019569,DESKTOP-KH3D2OM,26564,renamed into place
2026-08-29T06:14:03+00:00,create,Y:/Subjects\NR_0032\2023-12-13\quarterDensity\_spikeglx_ephysData_g0\_spikeglx_ephysData_g0_t0.nidq.cbin,4010132,DESKTOP-KH3D2OM,26564,
2026-08-29T06:14:03+00:00,create,Y:/Subjects\NR_0032\2023-12-13\quarterDensity\_spikeglx_ephysData_g0\_spikeglx_ephysData_g0_t0.nidq.ch,9437,DESKTOP-KH3D2OM,26564,
2026-08-29T06:14:03+00:00,create,Y:/Subjects\IBL\quarterDensityRecordings\Subjects\KM_041\2025-07-11\002\raw_ephys_data\_spikeglx_ephysData__g0\_spikeglx_ephysData__g0_t0.nidq.cbin.partial-26564,0,DESKTOP-KH3D2OM,26564,temporary output
2026-08-29T06:14:05+00:00,delete,Y:/Subjects\IBL\quarterDensityRecordings\Subjects\KM_041\2025-07-11\002\raw_ephys_data\_spikeglx_ephysData__g0\_spikeglx_ephysData__g0_t0.nidq.cbin.partial-26564,18493817,DESKTOP-KH3D2OM,26564,renamed into place
2026-08-29T06:14:06+00:00,create,Y:/Subjects\IBL\quarterDensityRecordings\Subjects\KM_041\2025-07-11\002\raw_ephys_data\_spikeglx_ephysData__g0\_spikeglx_ephysData__g0_t0.nidq.cbin,18484845,DESKTOP-KH3D2OM,26564,
2026-08-29T06:14:06+00:00,create,Y:/Subjects\IBL\quarterDensityRecordings\Subjects\KM_041\2025-07-11\002\raw_ephys_data\_spikeglx_ephysData__g0\_spikeglx_ephysData__g0_t0.nidq.ch,8972,DESKTOP-KH3D2OM,26564,
2026-08-29T06:14:06+00:00,create,Y:/Subjects\IBL\quarterDensityRecordings\Subjects\KM_061\2025-11-07\003\raw_ephys_data\_spikeglx_ephysData__g0\_spikeglx_ephysData__g0_t0.nidq.cbin.partial-26564,0,DESKTOP-KH3D2OM,26564,temporary output
2026-08-29T06:14:06+00:00,delete,Y:/Subjects\AL_0041\2026-04-21\temp\p1_g0\p1_g0_imec0\p1_g0_t0.imec0.lf.cbin.partial-6732,12990255,DESKTOP-KH3D2OM,6732,renamed into place
2026-08-29T06:14:06+00:00,create,Y:/Subjects\AL_0041\2026-04-21\temp\p1_g0\p1_g0_imec0\p1_g0_t0.imec0.lf.cbin,12989144,DESKTOP-KH3D2OM,6732,
2026-08-29T06:14:06+00:00,create,Y:/Subjects\AL_0041\2026-04-21\temp\p1_g0\p1_g0_imec0\p1_g0_t0.imec0.lf.ch,1111,DESKTOP-KH3D2OM,6732,
2026-08-29T06:14:06+00:00,create,Y:/Subjects\ZYE_0074\2024-01-27\1\p5_g0\p5_g0_imec0\p5_g0_t0.imec0.lf.cbin.partial-6732,0,DESKTOP-KH3D2OM,6732,temporary output
2026-08-29T06:14:09+00:00,delete,Y:/Subjects\IBL\quarterDensityRecordings\Subjects\KM_061\2025-11-07\003\raw_ephys_data\_spikeglx_ephysData__g0\_spikeglx_ephysData__g0_t0.nidq.cbin.partial-26564,17936706,DESKTOP-KH3D2OM,26564,renamed into place
2026-08-29T06:14:09+00:00,create,Y:/Subjects\IBL\quarterDensityRecordings\Subjects\KM_061\2025-11-07\003\raw_ephys_data\_spikeglx_ephysData__g0\_spikeglx_ephysData__g0_t0.nidq.cbin,17927484,DESKTOP-KH3D2OM,26564,
2026-08-29T06:14:09+00:00,create,Y:/Subjects\IBL\quarterDensityRecordings\Subjects\KM_061\2025-11-07\003\raw_ephys_data\_spikeglx_ephysData__g0\_spikeglx_ephysData__g0_t0.nidq.ch,9222,DESKTOP-KH3D2OM,26564,
2026-08-29T06:14:09+00:00,create,Y:/Subjects\lightFlipperTest2\p1_g0\p1_g0_imec0\p1_g0_t0.imec0.lf.cbin.partial-26564,0,DESKTOP-KH3D2OM,26564,temporary output
2026-08-29T06:14:10+00:00,delete,Y:/Subjects\ZYE_0074\2024-01-27\1\p5_g0\p5_g0_imec0\p5_g0_t0.imec0.lf.cbin.partial-6732,12117011,DESKTOP-KH3D2OM,6732,renamed into place
2026-08-29T06:14:10+00:00,create,Y:/Subjects\ZYE_0074\2024-01-27\1\p5_g0\p5_g0_imec0\p5_g0_t0.imec0.lf.cbin,12115744,DESKTOP-KH3D2OM,6732,
2026-08-29T06:14:10+00:00,create,Y:/Subjects\ZYE_0074\2024-01-27\1\p5_g0\p5_g0_imec0\p5_g0_t0.imec0.lf.ch,1267,DESKTOP-KH3D2OM,6732,
2026-08-29T06:14:11+00:00,create,Y:/Subjects\ZYE_0073\2024-01-28\1\p1_g0\p1_g0_imec1\p1_g0_t0.imec1.lf.cbin.partial-6732,0,DESKTOP-KH3D2OM,6732,temporary output
2026-08-29T06:14:15+00:00,delete,Y:/Subjects\lightFlipperTest2\p1_g0\p1_g0_imec0\p1_g0_t0.imec0.lf.cbin.partial-26564,18048159,DESKTOP-KH3D2OM,26564,renamed into place
2026-08-29T06:14:15+00:00,create,Y:/Subjects\lightFlipperTest2\p1_g0\p1_g0_imec0\p1_g0_t0.imec0.lf.cbin,18046831,DESKTOP-KH3D2OM,26564,
2026-08-29T06:14:15+00:00,create,Y:/Subjects\lightFlipperTest2\p1_g0\p1_g0_imec0\p1_g0_t0.imec0.lf.ch,1328,DESKTOP-KH3D2OM,26564,
2026-08-29T06:14:15+00:00,create,Y:/Subjects\ZYE_0073\2024-01-28\1\p1_g0\p1_g0_imec0\p1_g0_t0.imec0.lf.cbin.partial-26564,0,DESKTOP-KH3D2OM,26564,temporary output
2026-08-29T06:14:17+00:00,delete,Y:/Subjects\ZYE_0073\2024-01-28\1\p1_g0\p1_g0_imec1\p1_g0_t0.imec1.lf.cbin.partial-6732,20086941,DESKTOP-KH3D2OM,6732,renamed into place
2026-08-29T06:14:17+00:00,create,Y:/Subjects\ZYE_0073\2024-01-28\1\p1_g0\p1_g0_imec1\p1_g0_t0.imec1.lf.cbin,20085531,DESKTOP-KH3D2OM,6732,
2026-08-29T06:14:17+00:00,create,Y:/Subjects\ZYE_0073\2024-01-28\1\p1_g0\p1_g0_imec1\p1_g0_t0.imec1.lf.ch,1410,DESKTOP-KH3D2OM,6732,
2026-08-29T06:14:17+00:00,create,Y:/Subjects\JRS_0023\2023-05-22\_spikeglx_ephysData_g0\p3_g0_t0.nidq.cbin.partial-6732,0,DESKTOP-KH3D2OM,6732,temporary output
2026-08-29T06:14:21+00:00,delete,Y:/Subjects\JRS_0023\2023-05-22\_spikeglx_ephysData_g0\p3_g0_t0.nidq.cbin.partial-6732,8604184,DESKTOP-KH3D2OM,6732,renamed into place
2026-08-29T06:14:21+00:00,create,Y:/Subjects\JRS_0023\2023-05-22\_spikeglx_ephysData_g0\p3_g0_t0.nidq.cbin,8587805,DESKTOP-KH3D2OM,6732,
2026-08-29T06:14:21+00:00,create,Y:/Subjects\JRS_0023\2023-05-22\_spikeglx_ephysData_g0\p3_g0_t0.nidq.ch,16379,DESKTOP-KH3D2OM,6732,
2026-08-29T06:14:21+00:00,create,Y:/Subjects\IBL\quarterDensityRecordings\Subjects\KM_061\2025-11-11\002\raw_ephys_data\_spikeglx_ephysData__g0\_spikeglx_ephysData__g0_t0.nidq.cbin.partial-6732,0,DESKTOP-KH3D2OM,6732,temporary output
2026-08-29T06:14:21+00:00,delete,Y:/Subjects\ZYE_0073\2024-01-28\1\p1_g0\p1_g0_imec0\p1_g0_t0.imec0.lf.cbin.partial-26564,19807968,DESKTOP-KH3D2OM,26564,renamed into place
2026-08-29T06:14:21+00:00,create,Y:/Subjects\ZYE_0073\2024-01-28\1\p1_g0\p1_g0_imec0\p1_g0_t0.imec0.lf.cbin,19806558,DESKTOP-KH3D2OM,26564,
2026-08-29T06:14:21+00:00,create,Y:/Subjects\ZYE_0073\2024-01-28\1\p1_g0\p1_g0_imec0\p1_g0_t0.imec0.lf.ch,1410,DESKTOP-KH3D2OM,26564,
2026-08-29T06:14:21+00:00,create,Y:/Subjects\MonkeyUltra_01\a220301_CSDflashNPX_g1\a220301_CSDflashNPX_g1_t1.nidq.cbin.partial-26564,0,DESKTOP-KH3D2OM,26564,temporary output
2026-08-29T06:14:25+00:00,delete,Y:/Subjects\IBL\quarterDensityRecordings\Subjects\KM_061\2025-11-11\002\raw_ephys_data\_spikeglx_ephysData__g0\_spikeglx_ephysData__g0_t0.nidq.cbin.partial-6732,23952652,DESKTOP-KH3D2OM,6732,renamed into place
2026-08-29T06:14:25+00:00,create,Y:/Subjects\IBL\quarterDensityRecordings\Subjects\KM_061\2025-11-11\002\raw_ephys_data\_spikeglx_ephysData__g0\_spikeglx_ephysData__g0_t0.nidq.cbin,23940332,DESKTOP-KH3D2OM,6732,
2026-08-29T06:14:25+00:00,create,Y:/Subjects\IBL\quarterDensityRecordings\Subjects\KM_061\2025-11-11\002\raw_ephys_data\_spikeglx_ephysData__g0\_spikeglx_ephysData__g0_t0.nidq.ch,12320,DESKTOP-KH3D2OM,6732,
2026-08-29T06:14:25+00:00,create,Y:/Subjects\test\2025-07-18\1\p0_g0\p0_g0_imec0\p0_g0_t0.imec0.lf.cbin.partial-6732,0,DESKTOP-KH3D2OM,6732,temporary output
2026-08-29T06:14:26+00:00,delete,Y:/Subjects\MonkeyUltra_01\a220301_CSDflashNPX_g1\a220301_CSDflashNPX_g1_t1.nidq.cbin.partial-26564,11598527,DESKTOP-KH3D2OM,26564,renamed into place
2026-08-29T06:14:26+00:00,create,Y:/Subjects\MonkeyUltra_01\a220301_CSDflashNPX_g1\a220301_CSDflashNPX_g1_t1.nidq.cbin,11591914,DESKTOP-KH3D2OM,26564,
2026-08-29T06:14:26+00:00,create,Y:/Subjects\MonkeyUltra_01\a220301_CSDflashNPX_g1\a220301_CSDflashNPX_g1_t1.nidq.ch,6613,DESKTOP-KH3D2OM,26564,
2026-08-29T06:14:26+00:00,create,Y:/Subjects\MonkeyUltra_01\a220301_CSDflashNPX_g1\a220301_CSDflashNPX_g1_t2.nidq.cbin.partial-26564,0,DESKTOP-KH3D2OM,26564,temporary output
2026-08-29T06:14:32+00:00,delete,Y:/Subjects\MonkeyUltra_01\a220301_CSDflashNPX_g1\a220301_CSDflashNPX_g1_t2.nidq.cbin.partial-26564,13997002,DESKTOP-KH3D2OM,26564,renamed into place
2026-08-29T06:14:33+00:00,create,Y:/Subjects\MonkeyUltra_01\a220301_CSDflashNPX_g1\a220301_CSDflashNPX_g1_t2.nidq.cbin,13988658,DESKTOP-KH3D2OM,26564,
2026-08-29T06:14:33+00:00,create,Y:/Subjects\MonkeyUltra_01\a220301_CSDflashNPX_g1\a220301_CSDflashNPX_g1_t2.nidq.ch,8344,DESKTOP-KH3D2OM,26564,
2026-08-29T06:14:33+00:00,create,Y:/Subjects\AL_0041\2026-04-21\temp\p3_g0\p3_g0_imec0\p3_g0_t0.imec0.lf.cbin.partial-26564,0,DESKTOP-KH3D2OM,26564,temporary output
2026-08-29T06:14:35+00:00,delete,Y:/Subjects\test\2025-07-18\1\p0_g0\p0_g0_imec0\p0_g0_t0.imec0.lf.cbin.partial-6732,32690394,DESKTOP-KH3D2OM,6732,renamed into place
2026-08-29T06:14:35+00:00,create,Y:/Subjects\test\2025-07-18\1\p0_g0\p0_g0_imec0\p0_g0_t0.imec0.lf.cbin,32688564,DESKTOP-KH3D2OM,6732,
2026-08-29T06:14:35+00:00,create,Y:/Subjects\test\2025-07-18\1\p0_g0\p0_g0_imec0\p0_g0_t0.imec0.lf.ch,1830,DESKTOP-KH3D2OM,6732,
2026-08-29T06:14:35+00:00,create,Y:/Subjects\AL_0046\2026-04-06\3\p2_g0\p2_g0_imec0\p2_g0_t0.imec0.lf.cbin.partial-6732,0,DESKTOP-KH3D2OM,6732,temporary output
2026-08-29T06:14:42+00:00,delete,Y:/Subjects\AL_0041\2026-04-21\temp\p3_g0\p3_g0_imec0\p3_g0_t0.imec0.lf.cbin.partial-26564,26840587,DESKTOP-KH3D2OM,26564,renamed into place
2026-08-29T06:14:42+00:00,create,Y:/Subjects\AL_0041\2026-04-21\temp\p3_g0\p3_g0_imec0\p3_g0_t0.imec0.lf.cbin,26838706,DESKTOP-KH3D2OM,26564,
2026-08-29T06:14:42+00:00,create,Y:/Subjects\AL_0041\2026-04-21\temp\p3_g0\p3_g0_imec0\p3_g0_t0.imec0.lf.ch,1881,DESKTOP-KH3D2OM,26564,
2026-08-29T06:14:42+00:00,create,Y:/Subjects\AL_0046\2026-04-06\2\p1_g1\p1_g1_imec0\p1_g1_t0.imec0.ap.cbin.partial-26564,0,DESKTOP-KH3D2OM,26564,temporary output
2026-08-29T06:14:44+00:00,delete,Y:/Subjects\AL_0046\2026-04-06\3\p2_g0\p2_g0_imec0\p2_g0_t0.imec0.lf.cbin.partial-6732,25184757,DESKTOP-KH3D2OM,6732,renamed into place
2026-08-29T06:14:44+00:00,create,Y:/Subjects\AL_0046\2026-04-06\3\p2_g0\p2_g0_imec0\p2_g0_t0.imec0.lf.cbin,25182601,DESKTOP-KH3D2OM,6732,
2026-08-29T06:14:44+00:00,create,Y:/Subjects\AL_0046\2026-04-06\3\p2_g0\p2_g0_imec0\p2_g0_t0.imec0.lf.ch,2156,DESKTOP-KH3D2OM,6732,
2026-08-29T06:14:44+00:00,create,Y:/Subjects\AL_0046\2026-04-07\p5_g0\p5_g0_imec0\p5_g0_t0.imec0.lf.cbin.partial-6732,0,DESKTOP-KH3D2OM,6732,temporary output
2026-08-29T06:14:51+00:00,delete,Y:/Subjects\AL_0046\2026-04-07\p5_g0\p5_g0_imec0\p5_g0_t0.imec0.lf.cbin.partial-6732,48300438,DESKTOP-KH3D2OM,6732,renamed into place
2026-08-29T06:14:51+00:00,create,Y:/Subjects\AL_0046\2026-04-07\p5_g0\p5_g0_imec0\p5_g0_t0.imec0.lf.cbin,48298213,DESKTOP-KH3D2OM,6732,
2026-08-29T06:14:51+00:00,create,Y:/Subjects\AL_0046\2026-04-07\p5_g0\p5_g0_imec0\p5_g0_t0.imec0.lf.ch,2225,DESKTOP-KH3D2OM,6732,
2026-08-29T06:14:51+00:00,create,Y:/Subjects\AL_0039\2025-07-23\1\p0_g0\p0_g0_imec0\p0_g0_t0.imec0.lf.cbin.partial-6732,0,DESKTOP-KH3D2OM,6732,temporary output
2026-08-29T06:14:55+00:00,delete,Y:/Subjects\AL_0046\2026-04-06\2\p1_g1\p1_g1_imec0\p1_g1_t0.imec0.ap.cbin.partial-26564,30474650,DESKTOP-KH3D2OM,26564,renamed into place
2026-08-29T06:14:55+00:00,create,Y:/Subjects\AL_0046\2026-04-06\2\p1_g1\p1_g1_imec0\p1_g1_t0.imec0.ap.cbin,30474025,DESKTOP-KH3D2OM,26564,
2026-08-29T06:14:55+00:00,create,Y:/Subjects\AL_0046\2026-04-06\2\p1_g1\p1_g1_imec0\p1_g1_t0.imec0.ap.ch,625,DESKTOP-KH3D2OM,26564,
2026-08-29T06:14:55+00:00,create,Y:/Subjects\KM_037\2024-12-20\1\p1_g0\p1_g0_imec0\p1_g0_t0.imec0.lf.cbin.partial-26564,0,DESKTOP-KH3D2OM,26564,temporary output
2026-08-29T06:15:05+00:00,delete,Y:/Subjects\AL_0039\2025-07-23\1\p0_g0\p0_g0_imec0\p0_g0_t0.imec0.lf.cbin.partial-6732,56074930,DESKTOP-KH3D2OM,6732,renamed into place
2026-08-29T06:15:05+00:00,create,Y:/Subjects\AL_0039\2025-07-23\1\p0_g0\p0_g0_imec0\p0_g0_t0.imec0.lf.cbin,56072565,DESKTOP-KH3D2OM,6732,
2026-08-29T06:15:05+00:00,create,Y:/Subjects\AL_0039\2025-07-23\1\p0_g0\p0_g0_imec0\p0_g0_t0.imec0.lf.ch,2365,DESKTOP-KH3D2OM,6732,
2026-08-29T06:15:05+00:00,create,Y:/Subjects\KM_037\2024-12-20\4\p1_g0\p1_g0_imec0\p1_g0_t0.imec0.lf.cbin.partial-6732,0,DESKTOP-KH3D2OM,6732,temporary output
2026-08-29T06:15:10+00:00,delete,Y:/Subjects\KM_037\2024-12-20\1\p1_g0\p1_g0_imec0\p1_g0_t0.imec0.lf.cbin.partial-26564,50858391,DESKTOP-KH3D2OM,26564,renamed into place
2026-08-29T06:15:10+00:00,create,Y:/Subjects\KM_037\2024-12-20\1\p1_g0\p1_g0_imec0\p1_g0_t0.imec0.lf.cbin,50855556,DESKTOP-KH3D2OM,26564,
2026-08-29T06:15:10+00:00,create,Y:/Subjects\KM_037\2024-12-20\1\p1_g0\p1_g0_imec0\p1_g0_t0.imec0.lf.ch,2835,DESKTOP-KH3D2OM,26564,
2026-08-29T06:15:10+00:00,create,Y:/Subjects\AL_0033\2025-07-03\3\p1_g0\p1_g0_imec0\p1_g0_t0.imec0.lf.cbin.partial-26564,0,DESKTOP-KH3D2OM,26564,temporary output
2026-08-29T06:15:21+00:00,delete,Y:/Subjects\KM_037\2024-12-20\4\p1_g0\p1_g0_imec0\p1_g0_t0.imec0.lf.cbin.partial-6732,50858391,DESKTOP-KH3D2OM,6732,renamed into place
2026-08-29T06:15:21+00:00,create,Y:/Subjects\KM_037\2024-12-20\4\p1_g0\p1_g0_imec0\p1_g0_t0.imec0.lf.cbin,50855556,DESKTOP-KH3D2OM,6732,
2026-08-29T06:15:21+00:00,create,Y:/Subjects\KM_037\2024-12-20\4\p1_g0\p1_g0_imec0\p1_g0_t0.imec0.lf.ch,2835,DESKTOP-KH3D2OM,6732,
2026-08-29T06:15:21+00:00,create,Y:/Subjects\AL_0033\2025-08-08\1\p0_g0\p0_g0_imec0\p0_g0_t0.imec0.lf.cbin.partial-6732,0,DESKTOP-KH3D2OM,6732,temporary output
2026-08-29T06:15:30+00:00,delete,Y:/Subjects\AL_0033\2025-07-03\3\p1_g0\p1_g0_imec0\p1_g0_t0.imec0.lf.cbin.partial-26564,86366450,DESKTOP-KH3D2OM,26564,renamed into place
2026-08-29T06:15:30+00:00,create,Y:/Subjects\AL_0033\2025-07-03\3\p1_g0\p1_g0_imec0\p1_g0_t0.imec0.lf.cbin,86363049,DESKTOP-KH3D2OM,26564,
2026-08-29T06:15:30+00:00,create,Y:/Subjects\AL_0033\2025-07-03\3\p1_g0\p1_g0_imec0\p1_g0_t0.imec0.lf.ch,3401,DESKTOP-KH3D2OM,26564,
2026-08-29T06:15:30+00:00,create,Y:/Subjects\AL_0046\2026-04-07\p3_g0\p3_g0_imec0\p3_g0_t0.imec0.lf.cbin.partial-26564,0,DESKTOP-KH3D2OM,26564,temporary output
2026-08-29T06:15:37+00:00,delete,Y:/Subjects\AL_0033\2025-08-08\1\p0_g0\p0_g0_imec0\p0_g0_t0.imec0.lf.cbin.partial-6732,117409749,DESKTOP-KH3D2OM,6732,renamed into place
2026-08-29T06:15:37+00:00,create,Y:/Subjects\AL_0033\2025-08-08\1\p0_g0\p0_g0_imec0\p0_g0_t0.imec0.lf.cbin,117405879,DESKTOP-KH3D2OM,6732,
2026-08-29T06:15:37+00:00,create,Y:/Subjects\AL_0033\2025-08-08\1\p0_g0\p0_g0_imec0\p0_g0_t0.imec0.lf.ch,3870,DESKTOP-KH3D2OM,6732,
2026-08-29T06:15:37+00:00,create,Y:/Subjects\AB_0032\2024-08-21\1\p0_g0\p0_g0_t0.imec0.lf.cbin.partial-6732,0,DESKTOP-KH3D2OM,6732,temporary output
2026-08-29T06:15:52+00:00,delete,Y:/Subjects\AL_0046\2026-04-07\p3_g0\p3_g0_imec0\p3_g0_t0.imec0.lf.cbin.partial-26564,95247391,DESKTOP-KH3D2OM,26564,renamed into place
2026-08-29T06:15:52+00:00,create,Y:/Subjects\AL_0046\2026-04-07\p3_g0\p3_g0_imec0\p3_g0_t0.imec0.lf.cbin,95243208,DESKTOP-KH3D2OM,26564,
2026-08-29T06:15:52+00:00,create,Y:/Subjects\AL_0046\2026-04-07\p3_g0\p3_g0_imec0\p3_g0_t0.imec0.lf.ch,4183,DESKTOP-KH3D2OM,26564,
2026-08-29T06:15:52+00:00,create,Y:/Subjects\AL_0041\2026-04-17\1\p10_g0\p10_g0_imec0\p10_g0_t0.imec0.lf.cbin.partial-26564,0,DESKTOP-KH3D2OM,26564,temporary output
2026-08-29T06:16:10+00:00,delete,Y:/Subjects\AB_0032\2024-08-21\1\p0_g0\p0_g0_t0.imec0.lf.cbin.partial-6732,158985609,DESKTOP-KH3D2OM,6732,renamed into place
2026-08-29T06:16:10+00:00,create,Y:/Subjects\AB_0032\2024-08-21\1\p0_g0\p0_g0_t0.imec0.lf.cbin,158979503,DESKTOP-KH3D2OM,6732,
2026-08-29T06:16:10+00:00,create,Y:/Subjects\AB_0032\2024-08-21\1\p0_g0\p0_g0_t0.imec0.lf.ch,6106,DESKTOP-KH3D2OM,6732,
2026-08-29T06:16:10+00:00,create,Y:/Subjects\ZYE_0051\2022-02-26\1\p0_g0\p0_g0_imec0\p0_g0_t0.imec0.ap.cbin.partial-6732,0,DESKTOP-KH3D2OM,6732,temporary output
2026-08-29T06:16:24+00:00,delete,Y:/Subjects\AL_0041\2026-04-17\1\p10_g0\p10_g0_imec0\p10_g0_t0.imec0.lf.cbin.partial-26564,94533610,DESKTOP-KH3D2OM,26564,renamed into place
2026-08-29T06:16:24+00:00,create,Y:/Subjects\AL_0041\2026-04-17\1\p10_g0\p10_g0_imec0\p10_g0_t0.imec0.lf.cbin,94527168,DESKTOP-KH3D2OM,26564,
2026-08-29T06:16:24+00:00,create,Y:/Subjects\AL_0041\2026-04-17\1\p10_g0\p10_g0_imec0\p10_g0_t0.imec0.lf.ch,6442,DESKTOP-KH3D2OM,26564,
2026-08-29T06:16:24+00:00,create,Y:/Subjects\MonkeyUltra_01\a220301_CSDflashNPX_g1\a220301_CSDflashNPX_g1_imec0\a220301_CSDflashNPX_g1_t1.imec0.lf.cbin.partial-26564,0,DESKTOP-KH3D2OM,26564,temporary output
2026-08-29T06:16:50+00:00,delete,Y:/Subjects\ZYE_0051\2022-02-26\1\p0_g0\p0_g0_imec0\p0_g0_t0.imec0.ap.cbin.partial-6732,204190356,DESKTOP-KH3D2OM,6732,renamed into place
2026-08-29T06:16:50+00:00,create,Y:/Subjects\ZYE_0051\2022-02-26\1\p0_g0\p0_g0_imec0\p0_g0_t0.imec0.ap.cbin,204189355,DESKTOP-KH3D2OM,6732,
2026-08-29T06:16:50+00:00,create,Y:/Subjects\ZYE_0051\2022-02-26\1\p0_g0\p0_g0_imec0\p0_g0_t0.imec0.ap.ch,1001,DESKTOP-KH3D2OM,6732,
2026-08-29T06:16:50+00:00,create,Y:/Subjects\AL_0039\2025-07-24\1\p0_g0\p0_g0_imec0\p0_g0_t0.imec0.lf.cbin.partial-6732,0,DESKTOP-KH3D2OM,6732,temporary output
2026-08-29T06:17:02+00:00,delete,Y:/Subjects\MonkeyUltra_01\a220301_CSDflashNPX_g1\a220301_CSDflashNPX_g1_imec0\a220301_CSDflashNPX_g1_t1.imec0.lf.cbin.partial-26564,131348012,DESKTOP-KH3D2OM,26564,renamed into place
2026-08-29T06:17:02+00:00,create,Y:/Subjects\MonkeyUltra_01\a220301_CSDflashNPX_g1\a220301_CSDflashNPX_g1_imec0\a220301_CSDflashNPX_g1_t1.imec0.lf.cbin,131341370,DESKTOP-KH3D2OM,26564,
2026-08-29T06:17:02+00:00,create,Y:/Subjects\MonkeyUltra_01\a220301_CSDflashNPX_g1\a220301_CSDflashNPX_g1_imec0\a220301_CSDflashNPX_g1_t1.imec0.lf.ch,6642,DESKTOP-KH3D2OM,26564,
2026-08-29T06:17:02+00:00,create,Y:/Subjects\AL_0046\2026-04-07\p1_g0\p1_g0_imec0\p1_g0_t0.imec0.lf.cbin.partial-26564,0,DESKTOP-KH3D2OM,26564,temporary output
2026-08-29T06:17:36+00:00,delete,Y:/Subjects\AL_0039\2025-07-24\1\p0_g0\p0_g0_imec0\p0_g0_t0.imec0.lf.cbin.partial-6732,198470267,DESKTOP-KH3D2OM,6732,renamed into place
2026-08-29T06:17:36+00:00,create,Y:/Subjects\AL_0039\2025-07-24\1\p0_g0\p0_g0_imec0\p0_g0_t0.imec0.lf.cbin,198462966,DESKTOP-KH3D2OM,6732,
2026-08-29T06:17:36+00:00,create,Y:/Subjects\AL_0039\2025-07-24\1\p0_g0\p0_g0_imec0\p0_g0_t0.imec0.lf.ch,7301,DESKTOP-KH3D2OM,6732,
2026-08-29T06:17:36+00:00,create,Y:/Subjects\AL_0041\2026-04-21\temp\p0_g0\p0_g0_imec0\p0_g0_t0.imec0.lf.cbin.partial-6732,0,DESKTOP-KH3D2OM,6732,temporary output
2026-08-29T06:17:37+00:00,delete,Y:/Subjects\AL_0046\2026-04-07\p1_g0\p1_g0_imec0\p1_g0_t0.imec0.lf.cbin.partial-26564,186232924,DESKTOP-KH3D2OM,26564,renamed into place
2026-08-29T06:17:37+00:00,create,Y:/Subjects\AL_0046\2026-04-07\p1_g0\p1_g0_imec0\p1_g0_t0.imec0.lf.cbin,186225488,DESKTOP-KH3D2OM,26564,
2026-08-29T06:17:37+00:00,create,Y:/Subjects\AL_0046\2026-04-07\p1_g0\p1_g0_imec0\p1_g0_t0.imec0.lf.ch,7436,DESKTOP-KH3D2OM,26564,
2026-08-29T06:17:37+00:00,create,Y:/Subjects\SM_0001\2020-11-09\12\p5_g0\p5_g0_imec0\p5_g0_t0.imec0.lf.cbin.partial-26564,0,DESKTOP-KH3D2OM,26564,temporary output
2026-08-29T06:18:16+00:00,delete,Y:/Subjects\AL_0041\2026-04-21\temp\p0_g0\p0_g0_imec0\p0_g0_t0.imec0.lf.cbin.partial-6732,125804420,DESKTOP-KH3D2OM,6732,renamed into place
2026-08-29T06:18:16+00:00,create,Y:/Subjects\AL_0041\2026-04-21\temp\p0_g0\p0_g0_imec0\p0_g0_t0.imec0.lf.cbin,125796971,DESKTOP-KH3D2OM,6732,
2026-08-29T06:18:16+00:00,create,Y:/Subjects\AL_0041\2026-04-21\temp\p0_g0\p0_g0_imec0\p0_g0_t0.imec0.lf.ch,7449,DESKTOP-KH3D2OM,6732,
2026-08-29T06:18:16+00:00,create,Y:/Subjects\SM_0001\2020-11-09\12\p5_g0\p5_g0_imec1\p5_g0_t0.imec1.lf.cbin.partial-6732,0,DESKTOP-KH3D2OM,6732,temporary output
2026-08-29T06:18:16+00:00,delete,Y:/Subjects\SM_0001\2020-11-09\12\p5_g0\p5_g0_imec0\p5_g0_t0.imec0.lf.cbin.partial-26564,118032222,DESKTOP-KH3D2OM,26564,renamed into place
2026-08-29T06:18:16+00:00,create,Y:/Subjects\SM_0001\2020-11-09\12\p5_g0\p5_g0_imec0\p5_g0_t0.imec0.lf.cbin,118024226,DESKTOP-KH3D2OM,26564,
2026-08-29T06:18:16+00:00,create,Y:/Subjects\SM_0001\2020-11-09\12\p5_g0\p5_g0_imec0\p5_g0_t0.imec0.lf.ch,7996,DESKTOP-KH3D2OM,26564,
2026-08-29T06:18:16+00:00,create,Y:/Subjects\AL_0034\2024-12-06\1\p0_g0\p0_g0_imec0\p0_g0_t0.imec0.lf.cbin.partial-26564,0,DESKTOP-KH3D2OM,26564,temporary output
2026-08-29T06:18:57+00:00,delete,Y:/Subjects\SM_0001\2020-11-09\12\p5_g0\p5_g0_imec1\p5_g0_t0.imec1.lf.cbin.partial-6732,127304900,DESKTOP-KH3D2OM,6732,renamed into place
2026-08-29T06:18:57+00:00,create,Y:/Subjects\SM_0001\2020-11-09\12\p5_g0\p5_g0_imec1\p5_g0_t0.imec1.lf.cbin,127296888,DESKTOP-KH3D2OM,6732,
2026-08-29T06:18:57+00:00,create,Y:/Subjects\SM_0001\2020-11-09\12\p5_g0\p5_g0_imec1\p5_g0_t0.imec1.lf.ch,8012,DESKTOP-KH3D2OM,6732,
2026-08-29T06:18:58+00:00,create,Y:/Subjects\Sawtell\060623_file001_g9\060623_file001_g9_t0.nidq.cbin.partial-6732,0,DESKTOP-KH3D2OM,6732,temporary output
2026-08-29T06:19:06+00:00,delete,Y:/Subjects\AL_0034\2024-12-06\1\p0_g0\p0_g0_imec0\p0_g0_t0.imec0.lf.cbin.partial-26564,242571527,DESKTOP-KH3D2OM,26564,renamed into place
2026-08-29T06:19:06+00:00,create,Y:/Subjects\AL_0034\2024-12-06\1\p0_g0\p0_g0_imec0\p0_g0_t0.imec0.lf.cbin,242563352,DESKTOP-KH3D2OM,26564,
2026-08-29T06:19:06+00:00,create,Y:/Subjects\AL_0034\2024-12-06\1\p0_g0\p0_g0_imec0\p0_g0_t0.imec0.lf.ch,8175,DESKTOP-KH3D2OM,26564,
2026-08-29T06:19:06+00:00,create,Y:/Subjects\MonkeyUltra_01\a220301_CSDflashNPX_g1\a220301_CSDflashNPX_g1_imec0\a220301_CSDflashNPX_g1_t2.imec0.lf.cbin.partial-26564,0,DESKTOP-KH3D2OM,26564,temporary output
2026-08-29T06:19:21+00:00,delete,Y:/Subjects\Sawtell\060623_file001_g9\060623_file001_g9_t0.nidq.cbin.partial-6732,87975612,DESKTOP-KH3D2OM,6732,renamed into place
2026-08-29T06:19:21+00:00,create,Y:/Subjects\Sawtell\060623_file001_g9\060623_file001_g9_t0.nidq.cbin,87946571,DESKTOP-KH3D2OM,6732,
2026-08-29T06:19:21+00:00,create,Y:/Subjects\Sawtell\060623_file001_g9\060623_file001_g9_t0.nidq.ch,29041,DESKTOP-KH3D2OM,6732,
2026-08-29T06:19:21+00:00,create,Y:/Subjects\AL_0041\2026-04-21\temp\p1_g0\p1_g0_imec0\p1_g0_t0.imec0.ap.cbin.partial-6732,0,DESKTOP-KH3D2OM,6732,temporary output
2026-08-29T06:19:53+00:00,delete,Y:/Subjects\MonkeyUltra_01\a220301_CSDflashNPX_g1\a220301_CSDflashNPX_g1_imec0\a220301_CSDflashNPX_g1_t2.imec0.lf.cbin.partial-26564,170025982,DESKTOP-KH3D2OM,26564,renamed into place
2026-08-29T06:19:53+00:00,create,Y:/Subjects\MonkeyUltra_01\a220301_CSDflashNPX_g1\a220301_CSDflashNPX_g1_imec0\a220301_CSDflashNPX_g1_t2.imec0.lf.cbin,170017594,DESKTOP-KH3D2OM,26564,
2026-08-29T06:19:53+00:00,create,Y:/Subjects\MonkeyUltra_01\a220301_CSDflashNPX_g1\a220301_CSDflashNPX_g1_imec0\a220301_CSDflashNPX_g1_t2.imec0.lf.ch,8388,DESKTOP-KH3D2OM,26564,
2026-08-29T06:19:53+00:00,create,Y:/Subjects\AL_0046\2026-04-07\p2_g0\p2_g0_imec0\p2_g0_t0.imec0.lf.cbin.partial-26564,0,DESKTOP-KH3D2OM,26564,temporary output
2026-08-29T06:20:20+00:00,delete,Y:/Subjects\AL_0041\2026-04-21\temp\p1_g0\p1_g0_imec0\p1_g0_t0.imec0.ap.cbin.partial-6732,198324964,DESKTOP-KH3D2OM,6732,renamed into place
2026-08-29T06:20:20+00:00,create,Y:/Subjects\AL_0041\2026-04-21\temp\p1_g0\p1_g0_imec0\p1_g0_t0.imec0.ap.cbin,198323794,DESKTOP-KH3D2OM,6732,
2026-08-29T06:20:20+00:00,create,Y:/Subjects\AL_0041\2026-04-21\temp\p1_g0\p1_g0_imec0\p1_g0_t0.imec0.ap.ch,1170,DESKTOP-KH3D2OM,6732,
2026-08-29T06:20:20+00:00,create,Y:/Subjects\JRS_0019\2023-06-09\p1_g0\p1_g0_imec0\p1_g0_t0.imec0.lf.cbin.partial-6732,0,DESKTOP-KH3D2OM,6732,temporary output
2026-08-29T06:20:35+00:00,delete,Y:/Subjects\AL_0046\2026-04-07\p2_g0\p2_g0_imec0\p2_g0_t0.imec0.lf.cbin.partial-26564,216993363,DESKTOP-KH3D2OM,26564,renamed into place
2026-08-29T06:20:35+00:00,create,Y:/Subjects\AL_0046\2026-04-07\p2_g0\p2_g0_imec0\p2_g0_t0.imec0.lf.cbin,216984227,DESKTOP-KH3D2OM,26564,
2026-08-29T06:20:35+00:00,create,Y:/Subjects\AL_0046\2026-04-07\p2_g0\p2_g0_imec0\p2_g0_t0.imec0.lf.ch,9136,DESKTOP-KH3D2OM,26564,
2026-08-29T06:20:35+00:00,create,Y:/Subjects\ZYE_0057\2022-03-17\1\p4_g0\p4_g0_imec0\p4_g0_t0.imec0.lf.cbin.partial-26564,0,DESKTOP-KH3D2OM,26564,temporary output
2026-08-29T06:21:05+00:00,delete,Y:/Subjects\JRS_0019\2023-06-09\p1_g0\p1_g0_imec0\p1_g0_t0.imec0.lf.cbin.partial-6732,222126507,DESKTOP-KH3D2OM,6732,renamed into place
2026-08-29T06:21:05+00:00,create,Y:/Subjects\JRS_0019\2023-06-09\p1_g0\p1_g0_imec0\p1_g0_t0.imec0.lf.cbin,222117366,DESKTOP-KH3D2OM,6732,
2026-08-29T06:21:05+00:00,create,Y:/Subjects\JRS_0019\2023-06-09\p1_g0\p1_g0_imec0\p1_g0_t0.imec0.lf.ch,9141,DESKTOP-KH3D2OM,6732,
2026-08-29T06:21:05+00:00,create,Y:/Subjects\ZYE_0057\2022-03-17\1\p3_g0\p3_g0_imec0\p3_g0_t0.imec0.lf.cbin.partial-6732,0,DESKTOP-KH3D2OM,6732,temporary output
2026-08-29T06:21:16+00:00,delete,Y:/Subjects\ZYE_0057\2022-03-17\1\p4_g0\p4_g0_imec0\p4_g0_t0.imec0.lf.cbin.partial-26564,238068037,DESKTOP-KH3D2OM,26564,renamed into place
2026-08-29T06:21:16+00:00,create,Y:/Subjects\ZYE_0057\2022-03-17\1\p4_g0\p4_g0_imec0\p4_g0_t0.imec0.lf.cbin,238058794,DESKTOP-KH3D2OM,26564,
2026-08-29T06:21:16+00:00,create,Y:/Subjects\ZYE_0057\2022-03-17\1\p4_g0\p4_g0_imec0\p4_g0_t0.imec0.lf.ch,9243,DESKTOP-KH3D2OM,26564,
2026-08-29T06:21:16+00:00,create,Y:/Subjects\Sawtell\060623_file001_g1\060623_file001_g1_t0.nidq.cbin.partial-26564,0,DESKTOP-KH3D2OM,26564,temporary output
2026-08-29T06:21:43+00:00,delete,Y:/Subjects\Sawtell\060623_file001_g1\060623_file001_g1_t0.nidq.cbin.partial-26564,103253982,DESKTOP-KH3D2OM,26564,renamed into place
2026-08-29T06:21:43+00:00,create,Y:/Subjects\Sawtell\060623_file001_g1\060623_file001_g1_t0.nidq.cbin,103220425,DESKTOP-KH3D2OM,26564,
2026-08-29T06:21:43+00:00,create,Y:/Subjects\Sawtell\060623_file001_g1\060623_file001_g1_t0.nidq.ch,33557,DESKTOP-KH3D2OM,26564,
2026-08-29T06:21:43+00:00,create,Y:/Subjects\JRS_0019\2023-06-09\p2_g0\p2_g0_imec0\p2_g0_t0.imec0.lf.cbin.partial-26564,0,DESKTOP-KH3D2OM,26564,temporary output
2026-08-29T06:21:45+00:00,delete,Y:/Subjects\ZYE_0057\2022-03-17\1\p3_g0\p3_g0_imec0\p3_g0_t0.imec0.lf.cbin.partial-6732,257496382,DESKTOP-KH3D2OM,6732,renamed into place
2026-08-29T06:21:45+00:00,create,Y:/Subjects\ZYE_0057\2022-03-17\1\p3_g0\p3_g0_imec0\p3_g0_t0.imec0.lf.cbin,257487019,DESKTOP-KH3D2OM,6732,
2026-08-29T06:21:45+00:00,create,Y:/Subjects\ZYE_0057\2022-03-17\1\p3_g0\p3_g0_imec0\p3_g0_t0.imec0.lf.ch,9363,DESKTOP-KH3D2OM,6732,
2026-08-29T06:21:45+00:00,create,Y:/Subjects\KM_037\2024-12-20\1\p3_g0\p3_g0_imec0\p3_g0_t0.imec0.lf.cbin.partial-6732,0,DESKTOP-KH3D2OM,6732,temporary output
2026-08-29T06:22:29+00:00,delete,Y:/Subjects\JRS_0019\2023-06-09\p2_g0\p2_g0_imec0\p2_g0_t0.imec0.lf.cbin.partial-26564,232061509,DESKTOP-KH3D2OM,26564,renamed into place
2026-08-29T06:22:29+00:00,create,Y:/Subjects\JRS_0019\2023-06-09\p2_g0\p2_g0_imec0\p2_g0_t0.imec0.lf.cbin,232052105,DESKTOP-KH3D2OM,26564,
2026-08-29T06:22:29+00:00,create,Y:/Subjects\JRS_0019\2023-06-09\p2_g0\p2_g0_imec0\p2_g0_t0.imec0.lf.ch,9404,DESKTOP-KH3D2OM,26564,
2026-08-29T06:22:29+00:00,create,Y:/Subjects\KM_037\2024-12-20\7\p3_g0\p3_g0_imec0\p3_g0_t0.imec0.lf.cbin.partial-26564,0,DESKTOP-KH3D2OM,26564,temporary output
2026-08-29T06:22:37+00:00,delete,Y:/Subjects\KM_037\2024-12-20\1\p3_g0\p3_g0_imec0\p3_g0_t0.imec0.lf.cbin.partial-6732,184515061,DESKTOP-KH3D2OM,6732,renamed into place
2026-08-29T06:22:37+00:00,create,Y:/Subjects\KM_037\2024-12-20\1\p3_g0\p3_g0_imec0\p3_g0_t0.imec0.lf.cbin,184505699,DESKTOP-KH3D2OM,6732,
2026-08-29T06:22:37+00:00,create,Y:/Subjects\KM_037\2024-12-20\1\p3_g0\p3_g0_imec0\p3_g0_t0.imec0.lf.ch,9362,DESKTOP-KH3D2OM,6732,
2026-08-29T06:22:37+00:00,create,Y:/Subjects\JRS_0019\2023-06-09\p3_g0\p3_g0_imec0\p3_g0_t0.imec0.lf.cbin.partial-6732,0,DESKTOP-KH3D2OM,6732,temporary output
2026-08-29T06:23:21+00:00,delete,Y:/Subjects\KM_037\2024-12-20\7\p3_g0\p3_g0_imec0\p3_g0_t0.imec0.lf.cbin.partial-26564,184515061,DESKTOP-KH3D2OM,26564,renamed into place
2026-08-29T06:23:21+00:00,create,Y:/Subjects\KM_037\2024-12-20\7\p3_g0\p3_g0_imec0\p3_g0_t0.imec0.lf.cbin,184505699,DESKTOP-KH3D2OM,26564,
2026-08-29T06:23:21+00:00,create,Y:/Subjects\KM_037\2024-12-20\7\p3_g0\p3_g0_imec0\p3_g0_t0.imec0.lf.ch,9362,DESKTOP-KH3D2OM,26564,
2026-08-29T06:23:21+00:00,create,Y:/Subjects\ZYE_0057\2022-03-17\1\p1_g0\p1_g0_imec0\p1_g0_t0.imec0.lf.cbin.partial-26564,0,DESKTOP-KH3D2OM,26564,temporary output
2026-08-29T06:23:26+00:00,delete,Y:/Subjects\JRS_0019\2023-06-09\p3_g0\p3_g0_imec0\p3_g0_t0.imec0.lf.cbin.partial-6732,254974970,DESKTOP-KH3D2OM,6732,renamed into place
2026-08-29T06:23:26+00:00,create,Y:/Subjects\JRS_0019\2023-06-09\p3_g0\p3_g0_imec0\p3_g0_t0.imec0.lf.cbin,254964982,DESKTOP-KH3D2OM,6732,
2026-08-29T06:23:26+00:00,create,Y:/Subjects\JRS_0019\2023-06-09\p3_g0\p3_g0_imec0\p3_g0_t0.imec0.lf.ch,9988,DESKTOP-KH3D2OM,6732,
2026-08-29T06:23:26+00:00,create,Y:/Subjects\ZYE_0057\2022-03-17\1\p2_g0\p2_g0_imec0\p2_g0_t0.imec0.lf.cbin.partial-6732,0,DESKTOP-KH3D2OM,6732,temporary output
2026-08-29T06:24:05+00:00,delete,Y:/Subjects\ZYE_0057\2022-03-17\1\p1_g0\p1_g0_imec0\p1_g0_t0.imec0.lf.cbin.partial-26564,272330320,DESKTOP-KH3D2OM,26564,renamed into place
2026-08-29T06:24:05+00:00,create,Y:/Subjects\ZYE_0057\2022-03-17\1\p1_g0\p1_g0_imec0\p1_g0_t0.imec0.lf.cbin,272320205,DESKTOP-KH3D2OM,26564,
2026-08-29T06:24:05+00:00,create,Y:/Subjects\ZYE_0057\2022-03-17\1\p1_g0\p1_g0_imec0\p1_g0_t0.imec0.lf.ch,10115,DESKTOP-KH3D2OM,26564,
2026-08-29T06:24:05+00:00,create,Y:/Subjects\SM_0001\2020-11-09\14\p6_g0\p6_g0_imec0\p6_g0_t0.imec0.lf.cbin.partial-26564,0,DESKTOP-KH3D2OM,26564,temporary output
2026-08-29T06:24:11+00:00,delete,Y:/Subjects\ZYE_0057\2022-03-17\1\p2_g0\p2_g0_imec0\p2_g0_t0.imec0.lf.cbin.partial-6732,285806144,DESKTOP-KH3D2OM,6732,renamed into place
2026-08-29T06:24:11+00:00,create,Y:/Subjects\ZYE_0057\2022-03-17\1\p2_g0\p2_g0_imec0\p2_g0_t0.imec0.lf.cbin,285795851,DESKTOP-KH3D2OM,6732,
2026-08-29T06:24:11+00:00,create,Y:/Subjects\ZYE_0057\2022-03-17\1\p2_g0\p2_g0_imec0\p2_g0_t0.imec0.lf.ch,10293,DESKTOP-KH3D2OM,6732,
2026-08-29T06:24:11+00:00,create,Y:/Subjects\SM_0001\2020-11-09\14\p6_g0\p6_g0_imec1\p6_g0_t0.imec1.lf.cbin.partial-6732,0,DESKTOP-KH3D2OM,6732,temporary output
2026-08-29T06:24:55+00:00,delete,Y:/Subjects\SM_0001\2020-11-09\14\p6_g0\p6_g0_imec0\p6_g0_t0.imec0.lf.cbin.partial-26564,157494945,DESKTOP-KH3D2OM,26564,renamed into place
2026-08-29T06:24:55+00:00,create,Y:/Subjects\SM_0001\2020-11-09\14\p6_g0\p6_g0_imec0\p6_g0_t0.imec0.lf.cbin,157484445,DESKTOP-KH3D2OM,26564,
2026-08-29T06:24:55+00:00,create,Y:/Subjects\SM_0001\2020-11-09\14\p6_g0\p6_g0_imec0\p6_g0_t0.imec0.lf.ch,10500,DESKTOP-KH3D2OM,26564,
2026-08-29T06:24:55+00:00,create,Y:/Subjects\ZYE_0074\2024-01-27\1\p5_g0\p5_g0_imec0\p5_g0_t0.imec0.ap.cbin.partial-26564,0,DESKTOP-KH3D2OM,26564,temporary output
2026-08-29T06:25:06+00:00,delete,Y:/Subjects\SM_0001\2020-11-09\14\p6_g0\p6_g0_imec1\p6_g0_t0.imec1.lf.cbin.partial-6732,190273593,DESKTOP-KH3D2OM,6732,renamed into place
2026-08-29T06:25:06+00:00,create,Y:/Subjects\SM_0001\2020-11-09\14\p6_g0\p6_g0_imec1\p6_g0_t0.imec1.lf.cbin,190263040,DESKTOP-KH3D2OM,6732,
2026-08-29T06:25:06+00:00,create,Y:/Subjects\SM_0001\2020-11-09\14\p6_g0\p6_g0_imec1\p6_g0_t0.imec1.lf.ch,10553,DESKTOP-KH3D2OM,6732,
2026-08-29T06:25:06+00:00,create,Y:/Subjects\AL_0029\2024-02-26\1\p2_g1\p2_g1_imec0\p2_g1_t0.imec0.lf.cbin.partial-6732,0,DESKTOP-KH3D2OM,6732,temporary output
2026-08-29T06:25:48+00:00,delete,Y:/Subjects\ZYE_0074\2024-01-27\1\p5_g0\p5_g0_imec0\p5_g0_t0.imec0.ap.cbin.partial-26564,170323899,DESKTOP-KH3D2OM,26564,renamed into place
2026-08-29T06:25:48+00:00,create,Y:/Subjects\ZYE_0074\2024-01-27\1\p5_g0\p5_g0_imec0\p5_g0_t0.imec0.ap.cbin,170322560,DESKTOP-KH3D2OM,26564,
2026-08-29T06:25:48+00:00,create,Y:/Subjects\ZYE_0074\2024-01-27\1\p5_g0\p5_g0_imec0\p5_g0_t0.imec0.ap.ch,1339,DESKTOP-KH3D2OM,26564,
2026-08-29T06:25:48+00:00,create,Y:/Subjects\JRS_0019\2023-06-09\p0_g0\p0_g0_imec0\p0_g0_t0.imec0.lf.cbin.partial-26564,0,DESKTOP-KH3D2OM,26564,temporary output
2026-08-29T06:25:57+00:00,delete,Y:/Subjects\AL_0029\2024-02-26\1\p2_g1\p2_g1_imec0\p2_g1_t0.imec0.lf.cbin.partial-6732,248432324,DESKTOP-KH3D2OM,6732,renamed into place
2026-08-29T06:25:58+00:00,create,Y:/Subjects\AL_0029\2024-02-26\1\p2_g1\p2_g1_imec0\p2_g1_t0.imec0.lf.cbin,248421140,DESKTOP-KH3D2OM,6732,
2026-08-29T06:25:58+00:00,create,Y:/Subjects\AL_0029\2024-02-26\1\p2_g1\p2_g1_imec0\p2_g1_t0.imec0.lf.ch,11184,DESKTOP-KH3D2OM,6732,
2026-08-29T06:25:58+00:00,create,Y:/Subjects\SM_0001\2020-11-09\8\p3_g0\p3_g0_imec1\p3_g0_t0.imec1.lf.cbin.partial-6732,0,DESKTOP-KH3D2OM,6732,temporary output
2026-08-29T06:26:42+00:00,delete,Y:/Subjects\JRS_0019\2023-06-09\p0_g0\p0_g0_imec0\p0_g0_t0.imec0.lf.cbin.partial-26564,260061442,DESKTOP-KH3D2OM,26564,renamed into place
2026-08-29T06:26:43+00:00,create,Y:/Subjects\JRS_0019\2023-06-09\p0_g0\p0_g0_imec0\p0_g0_t0.imec0.lf.cbin,260050258,DESKTOP-KH3D2OM,26564,
2026-08-29T06:26:43+00:00,create,Y:/Subjects\JRS_0019\2023-06-09\p0_g0\p0_g0_imec0\p0_g0_t0.imec0.lf.ch,11184,DESKTOP-KH3D2OM,26564,
2026-08-29T06:26:43+00:00,create,Y:/Subjects\JRS_0019\2023-06-09\p4_g0\p4_g0_imec0\p4_g0_t0.imec0.lf.cbin.partial-26564,0,DESKTOP-KH3D2OM,26564,temporary output
2026-08-29T06:26:57+00:00,delete,Y:/Subjects\SM_0001\2020-11-09\8\p3_g0\p3_g0_imec1\p3_g0_t0.imec1.lf.cbin.partial-6732,198056324,DESKTOP-KH3D2OM,6732,renamed into place
2026-08-29T06:26:57+00:00,create,Y:/Subjects\SM_0001\2020-11-09\8\p3_g0\p3_g0_imec1\p3_g0_t0.imec1.lf.cbin,198044958,DESKTOP-KH3D2OM,6732,
2026-08-29T06:26:57+00:00,create,Y:/Subjects\SM_0001\2020-11-09\8\p3_g0\p3_g0_imec1\p3_g0_t0.imec1.lf.ch,11366,DESKTOP-KH3D2OM,6732,
2026-08-29T06:26:57+00:00,create,Y:/Subjects\lightFlipperTest2\p1_g0\p1_g0_imec0\p1_g0_t0.imec0.ap.cbin.partial-6732,0,DESKTOP-KH3D2OM,6732,temporary output
2026-08-29T06:27:41+00:00,delete,Y:/Subjects\JRS_0019\2023-06-09\p4_g0\p4_g0_imec0\p4_g0_t0.imec0.lf.cbin.partial-26564,311042161,DESKTOP-KH3D2OM,26564,renamed into place
2026-08-29T06:27:41+00:00,create,Y:/Subjects\JRS_0019\2023-06-09\p4_g0\p4_g0_imec0\p4_g0_t0.imec0.lf.cbin,311030571,DESKTOP-KH3D2OM,26564,
2026-08-29T06:27:41+00:00,create,Y:/Subjects\JRS_0019\2023-06-09\p4_g0\p4_g0_imec0\p4_g0_t0.imec0.lf.ch,11590,DESKTOP-KH3D2OM,26564,
2026-08-29T06:27:41+00:00,create,Y:/Subjects\ZYE_0057\2022-03-17\1\p5_g0\p5_g0_imec0\p5_g0_t0.imec0.lf.cbin.partial-26564,0,DESKTOP-KH3D2OM,26564,temporary output
2026-08-29T06:27:58+00:00,delete,Y:/Subjects\lightFlipperTest2\p1_g0\p1_g0_imec0\p1_g0_t0.imec0.ap.cbin.partial-6732,201186331,DESKTOP-KH3D2OM,6732,renamed into place
2026-08-29T06:27:58+00:00,create,Y:/Subjects\lightFlipperTest2\p1_g0\p1_g0_imec0\p1_g0_t0.imec0.ap.cbin,201184933,DESKTOP-KH3D2OM,6732,
2026-08-29T06:27:58+00:00,create,Y:/Subjects\lightFlipperTest2\p1_g0\p1_g0_imec0\p1_g0_t0.imec0.ap.ch,1398,DESKTOP-KH3D2OM,6732,
2026-08-29T06:27:58+00:00,create,Y:/Subjects\test\2024-08-28\13\p2_g0\p2_g0_t0.imec0.lf.cbin.partial-6732,0,DESKTOP-KH3D2OM,6732,temporary output
2026-08-29T06:28:34+00:00,delete,Y:/Subjects\ZYE_0057\2022-03-17\1\p5_g0\p5_g0_imec0\p5_g0_t0.imec0.lf.cbin.partial-26564,276658480,DESKTOP-KH3D2OM,26564,renamed into place
2026-08-29T06:28:34+00:00,create,Y:/Subjects\ZYE_0057\2022-03-17\1\p5_g0\p5_g0_imec0\p5_g0_t0.imec0.lf.cbin,276646878,DESKTOP-KH3D2OM,26564,
2026-08-29T06:28:34+00:00,create,Y:/Subjects\ZYE_0057\2022-03-17\1\p5_g0\p5_g0_imec0\p5_g0_t0.imec0.lf.ch,11602,DESKTOP-KH3D2OM,26564,
2026-08-29T06:28:34+00:00,create,Y:/Subjects\AB_0014\2021-11-17\1\fullShanks\p0_g0\p0_g0_imec0\p0_g0_t0.imec0.ap.cbin.partial-26564,0,DESKTOP-KH3D2OM,26564,temporary output
2026-08-29T06:29:13+00:00,delete,Y:/Subjects\test\2024-08-28\13\p2_g0\p2_g0_t0.imec0.lf.cbin.partial-6732,295327887,DESKTOP-KH3D2OM,6732,renamed into place
2026-08-29T06:29:13+00:00,create,Y:/Subjects\test\2024-08-28\13\p2_g0\p2_g0_t0.imec0.lf.cbin,295315978,DESKTOP-KH3D2OM,6732,
2026-08-29T06:29:13+00:00,create,Y:/Subjects\test\2024-08-28\13\p2_g0\p2_g0_t0.imec0.lf.ch,11909,DESKTOP-KH3D2OM,6732,
2026-08-29T06:29:13+00:00,create,Y:/Subjects\test\2024-08-28\22\p5_g0\p5_g0_t0.imec0.lf.cbin.partial-6732,0,DESKTOP-KH3D2OM,6732,temporary output
2026-08-29T06:29:38+00:00,delete,Y:/Subjects\AB_0014\2021-11-17\1\fullShanks\p0_g0\p0_g0_imec0\p0_g0_t0.imec0.ap.cbin.partial-26564,437665268,DESKTOP-KH3D2OM,26564,renamed into place
2026-08-29T06:29:38+00:00,create,Y:/Subjects\AB_0014\2021-11-17\1\fullShanks\p0_g0\p0_g0_imec0\p0_g0_t0.imec0.ap.cbin,437663829,DESKTOP-KH3D2OM,26564,
2026-08-29T06:29:38+00:00,create,Y:/Subjects\AB_0014\2021-11-17\1\fullShanks\p0_g0\p0_g0_imec0\p0_g0_t0.imec0.ap.ch,1439,DESKTOP-KH3D2OM,26564,
2026-08-29T06:29:38+00:00,create,Y:/Subjects\SM_0001\2020-11-09\8\p3_g0\p3_g0_imec0\p3_g0_t0.imec0.lf.cbin.partial-26564,0,DESKTOP-KH3D2OM,26564,temporary output
2026-08-29T06:30:30+00:00,delete,Y:/Subjects\test\2024-08-28\22\p5_g0\p5_g0_t0.imec0.lf.cbin.partial-6732,267421337,DESKTOP-KH3D2OM,6732,renamed into place
2026-08-29T06:30:30+00:00,create,Y:/Subjects\test\2024-08-28\22\p5_g0\p5_g0_t0.imec0.lf.cbin,267409183,DESKTOP-KH3D2OM,6732,
2026-08-29T06:30:30+00:00,create,Y:/Subjects\test\2024-08-28\22\p5_g0\p5_g0_t0.imec0.lf.ch,12154,DESKTOP-KH3D2OM,6732,
2026-08-29T06:30:30+00:00,create,Y:/Subjects\ZYE_0073\2024-01-28\1\p1_g0\p1_g0_imec1\p1_g0_t0.imec1.ap.cbin.partial-6732,0,DESKTOP-KH3D2OM,6732,temporary output
2026-08-29T06:30:47+00:00,delete,Y:/Subjects\SM_0001\2020-11-09\8\p3_g0\p3_g0_imec0\p3_g0_t0.imec0.lf.cbin.partial-26564,237774589,DESKTOP-KH3D2OM,26564,renamed into place
2026-08-29T06:30:47+00:00,create,Y:/Subjects\SM_0001\2020-11-09\8\p3_g0\p3_g0_imec0\p3_g0_t0.imec0.lf.cbin,237762201,DESKTOP-KH3D2OM,26564,
2026-08-29T06:30:47+00:00,create,Y:/Subjects\SM_0001\2020-11-09\8\p3_g0\p3_g0_imec0\p3_g0_t0.imec0.lf.ch,12388,DESKTOP-KH3D2OM,26564,
2026-08-29T06:30:47+00:00,create,Y:/Subjects\ZYE_0073\2024-01-28\1\p1_g0\p1_g0_imec0\p1_g0_t0.imec0.ap.cbin.partial-26564,0,DESKTOP-KH3D2OM,26564,temporary output
2026-08-29T06:31:52+00:00,delete,Y:/Subjects\ZYE_0073\2024-01-28\1\p1_g0\p1_g0_imec1\p1_g0_t0.imec1.ap.cbin.partial-6732,301024387,DESKTOP-KH3D2OM,6732,renamed into place
2026-08-29T06:31:52+00:00,create,Y:/Subjects\ZYE_0073\2024-01-28\1\p1_g0\p1_g0_imec1\p1_g0_t0.imec1.ap.cbin,301022893,DESKTOP-KH3D2OM,6732,
2026-08-29T06:31:52+00:00,create,Y:/Subjects\ZYE_0073\2024-01-28\1\p1_g0\p1_g0_imec1\p1_g0_t0.imec1.ap.ch,1494,DESKTOP-KH3D2OM,6732,
2026-08-29T06:31:52+00:00,create,Y:/Subjects\test\2024-08-28\16\p3_g0\p3_g0_t0.imec0.lf.cbin.partial-6732,0,DESKTOP-KH3D2OM,6732,temporary output
2026-08-29T06:32:08+00:00,delete,Y:/Subjects\ZYE_0073\2024-01-28\1\p1_g0\p1_g0_imec0\p1_g0_t0.imec0.ap.cbin.partial-26564,301692291,DESKTOP-KH3D2OM,26564,renamed into place
2026-08-29T06:32:08+00:00,create,Y:/Subjects\ZYE_0073\2024-01-28\1\p1_g0\p1_g0_imec0\p1_g0_t0.imec0.ap.cbin,301690797,DESKTOP-KH3D2OM,26564,
2026-08-29T06:32:08+00:00,create,Y:/Subjects\ZYE_0073\2024-01-28\1\p1_g0\p1_g0_imec0\p1_g0_t0.imec0.ap.ch,1494,DESKTOP-KH3D2OM,26564,
2026-08-29T06:32:08+00:00,create,Y:/Subjects\test\2024-08-28\10\p1_g0\p1_g0_t0.imec0.lf.cbin.partial-26564,0,DESKTOP-KH3D2OM,26564,temporary output
2026-08-29T06:33:15+00:00,delete,Y:/Subjects\test\2024-08-28\16\p3_g0\p3_g0_t0.imec0.lf.cbin.partial-6732,338829908,DESKTOP-KH3D2OM,6732,renamed into place
2026-08-29T06:33:15+00:00,create,Y:/Subjects\test\2024-08-28\16\p3_g0\p3_g0_t0.imec0.lf.cbin,338816588,DESKTOP-KH3D2OM,6732,
2026-08-29T06:33:15+00:00,create,Y:/Subjects\test\2024-08-28\16\p3_g0\p3_g0_t0.imec0.lf.ch,13320,DESKTOP-KH3D2OM,6732,
2026-08-29T06:33:15+00:00,create,Y:/Subjects\AB_0014\2021-11-17\1\fullShanks\p2_g0\p2_g0_imec0\p2_g0_t0.imec0.ap.cbin.partial-6732,0,DESKTOP-KH3D2OM,6732,temporary output
2026-08-29T06:33:27+00:00,delete,Y:/Subjects\test\2024-08-28\10\p1_g0\p1_g0_t0.imec0.lf.cbin.partial-26564,427635385,DESKTOP-KH3D2OM,26564,renamed into place
2026-08-29T06:33:27+00:00,create,Y:/Subjects\test\2024-08-28\10\p1_g0\p1_g0_t0.imec0.lf.cbin,427621089,DESKTOP-KH3D2OM,26564,
2026-08-29T06:33:27+00:00,create,Y:/Subjects\test\2024-08-28\10\p1_g0\p1_g0_t0.imec0.lf.ch,14296,DESKTOP-KH3D2OM,26564,
2026-08-29T06:33:27+00:00,create,Y:/Subjects\AL_0033\2025-07-03\8\p4_g0\p4_g0_imec0\p4_g0_t0.imec0.lf.cbin.partial-26564,0,DESKTOP-KH3D2OM,26564,temporary output
2026-08-29T06:34:31+00:00,delete,Y:/Subjects\AB_0014\2021-11-17\1\fullShanks\p2_g0\p2_g0_imec0\p2_g0_t0.imec0.ap.cbin.partial-6732,520892711,DESKTOP-KH3D2OM,6732,renamed into place
2026-08-29T06:34:31+00:00,create,Y:/Subjects\AB_0014\2021-11-17\1\fullShanks\p2_g0\p2_g0_imec0\p2_g0_t0.imec0.ap.cbin,520891062,DESKTOP-KH3D2OM,6732,
2026-08-29T06:34:31+00:00,create,Y:/Subjects\AB_0014\2021-11-17\1\fullShanks\p2_g0\p2_g0_imec0\p2_g0_t0.imec0.ap.ch,1649,DESKTOP-KH3D2OM,6732,
2026-08-29T06:34:31+00:00,create,Y:/Subjects\AL_artifactTest\2022-08-12\p0_g0\p0_g0_imec0\p0_g0_t0.imec0.ap.cbin.partial-6732,0,DESKTOP-KH3D2OM,6732,temporary output
2026-08-29T06:34:58+00:00,delete,Y:/Subjects\AL_0033\2025-07-03\8\p4_g0\p4_g0_imec0\p4_g0_t0.imec0.lf.cbin.partial-26564,385235793,DESKTOP-KH3D2OM,26564,renamed into place
2026-08-29T06:34:58+00:00,create,Y:/Subjects\AL_0033\2025-07-03\8\p4_g0\p4_g0_imec0\p4_g0_t0.imec0.lf.cbin,385221243,DESKTOP-KH3D2OM,26564,
2026-08-29T06:34:58+00:00,create,Y:/Subjects\AL_0033\2025-07-03\8\p4_g0\p4_g0_imec0\p4_g0_t0.imec0.lf.ch,14550,DESKTOP-KH3D2OM,26564,
2026-08-29T06:34:58+00:00,create,Y:/Subjects\lightFlipperTest\p0_g0\p0_g0_imec0\p0_g0_t0.imec0.ap.cbin.partial-26564,0,DESKTOP-KH3D2OM,26564,temporary output
2026-08-29T06:35:51+00:00,delete,Y:/Subjects\AL_artifactTest\2022-08-12\p0_g0\p0_g0_imec0\p0_g0_t0.imec0.ap.cbin.partial-6732,502229881,DESKTOP-KH3D2OM,6732,renamed into place
2026-08-29T06:35:51+00:00,create,Y:/Subjects\AL_artifactTest\2022-08-12\p0_g0\p0_g0_imec0\p0_g0_t0.imec0.ap.cbin,502228203,DESKTOP-KH3D2OM,6732,
2026-08-29T06:35:51+00:00,create,Y:/Subjects\AL_artifactTest\2022-08-12\p0_g0\p0_g0_imec0\p0_g0_t0.imec0.ap.ch,1678,DESKTOP-KH3D2OM,6732,
2026-08-29T06:35:51+00:00,create,Y:/Subjects\test\2024-08-28\19\p4_g0\p4_g0_t0.imec0.lf.cbin.partial-6732,0,DESKTOP-KH3D2OM,6732,temporary output
2026-08-29T06:36:21+00:00,delete,Y:/Subjects\lightFlipperTest\p0_g0\p0_g0_imec0\p0_g0_t0.imec0.ap.cbin.partial-26564,483216816,DESKTOP-KH3D2OM,26564,renamed into place
2026-08-29T06:36:21+00:00,create,Y:/Subjects\lightFlipperTest\p0_g0\p0_g0_imec0\p0_g0_t0.imec0.ap.cbin,483215138,DESKTOP-KH3D2OM,26564,
2026-08-29T06:36:21+00:00,create,Y:/Subjects\lightFlipperTest\p0_g0\p0_g0_imec0\p0_g0_t0.imec0.ap.ch,1678,DESKTOP-KH3D2OM,26564,
2026-08-29T06:36:21+00:00,create,Y:/Subjects\AB_0014\2021-11-17\1\fullShanks\p3_g0\p3_g0_imec0\p3_g0_t0.imec0.ap.cbin.partial-26564,0,DESKTOP-KH3D2OM,26564,temporary output
2026-08-29T06:36:51+00:00,delete,Y:/Subjects\test\2024-08-28\19\p4_g0\p4_g0_t0.imec0.lf.cbin.partial-6732,535360295,DESKTOP-KH3D2OM,6732,renamed into place
2026-08-29T06:36:51+00:00,create,Y:/Subjects\test\2024-08-28\19\p4_g0\p4_g0_t0.imec0.lf.cbin,535345224,DESKTOP-KH3D2OM,6732,
2026-08-29T06:36:51+00:00,create,Y:/Subjects\test\2024-08-28\19\p4_g0\p4_g0_t0.imec0.lf.ch,15071,DESKTOP-KH3D2OM,6732,
2026-08-29T06:36:51+00:00,create,Y:/Subjects\AL_0029\2024-02-26\1\p0_g0\p0_g0_imec0\p0_g0_t0.imec0.lf.cbin.partial-6732,0,DESKTOP-KH3D2OM,6732,temporary output
2026-08-29T06:37:40+00:00,delete,Y:/Subjects\AB_0014\2021-11-17\1\fullShanks\p3_g0\p3_g0_imec0\p3_g0_t0.imec0.ap.cbin.partial-26564,566603950,DESKTOP-KH3D2OM,26564,renamed into place
2026-08-29T06:37:41+00:00,create,Y:/Subjects\AB_0014\2021-11-17\1\fullShanks\p3_g0\p3_g0_imec0\p3_g0_t0.imec0.ap.cbin,566602181,DESKTOP-KH3D2OM,26564,
2026-08-29T06:37:41+00:00,create,Y:/Subjects\AB_0014\2021-11-17\1\fullShanks\p3_g0\p3_g0_imec0\p3_g0_t0.imec0.ap.ch,1769,DESKTOP-KH3D2OM,26564,
2026-08-29T06:37:41+00:00,create,Y:/Subjects\AB_0035\2024-05-25\1\p0_g0\p0_g0_imec0\p0_g0_t0.imec0.lf.cbin.partial-26564,0,DESKTOP-KH3D2OM,26564,temporary output
2026-08-29T06:38:23+00:00,delete,Y:/Subjects\AL_0029\2024-02-26\1\p0_g0\p0_g0_imec0\p0_g0_t0.imec0.lf.cbin.partial-6732,341903649,DESKTOP-KH3D2OM,6732,renamed into place
2026-08-29T06:38:24+00:00,create,Y:/Subjects\AL_0029\2024-02-26\1\p0_g0\p0_g0_imec0\p0_g0_t0.imec0.lf.cbin,341887219,DESKTOP-KH3D2OM,6732,
2026-08-29T06:38:24+00:00,create,Y:/Subjects\AL_0029\2024-02-26\1\p0_g0\p0_g0_imec0\p0_g0_t0.imec0.lf.ch,16430,DESKTOP-KH3D2OM,6732,
2026-08-29T06:38:24+00:00,create,Y:/Subjects\AB_0032\2024-09-04\1\p0_g0\p0_g0_t0.imec0.lf.cbin.partial-6732,0,DESKTOP-KH3D2OM,6732,temporary output
2026-08-29T06:39:06+00:00,delete,Y:/Subjects\AB_0035\2024-05-25\1\p0_g0\p0_g0_imec0\p0_g0_t0.imec0.lf.cbin.partial-26564,276264366,DESKTOP-KH3D2OM,26564,renamed into place
2026-08-29T06:39:06+00:00,create,Y:/Subjects\AB_0035\2024-05-25\1\p0_g0\p0_g0_imec0\p0_g0_t0.imec0.lf.cbin,276247864,DESKTOP-KH3D2OM,26564,
2026-08-29T06:39:06+00:00,create,Y:/Subjects\AB_0035\2024-05-25\1\p0_g0\p0_g0_imec0\p0_g0_t0.imec0.lf.ch,16502,DESKTOP-KH3D2OM,26564,
2026-08-29T06:39:06+00:00,create,Y:/Subjects\AL_0046\2026-04-06\2\p0_g0\p0_g0_imec0\p0_g0_t0.imec0.lf.cbin.partial-26564,0,DESKTOP-KH3D2OM,26564,temporary output
2026-08-29T06:40:08+00:00,delete,Y:/Subjects\AB_0032\2024-09-04\1\p0_g0\p0_g0_t0.imec0.lf.cbin.partial-6732,465864617,DESKTOP-KH3D2OM,6732,renamed into place
2026-08-29T06:40:08+00:00,create,Y:/Subjects\AB_0032\2024-09-04\1\p0_g0\p0_g0_t0.imec0.lf.cbin,465847631,DESKTOP-KH3D2OM,6732,
2026-08-29T06:40:08+00:00,create,Y:/Subjects\AB_0032\2024-09-04\1\p0_g0\p0_g0_t0.imec0.lf.ch,16986,DESKTOP-KH3D2OM,6732,
2026-08-29T06:40:08+00:00,create,Y:/Subjects\AL_artifactTest\2022-08-12\p1_g0\p1_g0_imec0\p1_g0_t0.imec0.ap.cbin.partial-6732,0,DESKTOP-KH3D2OM,6732,temporary output
2026-08-29T06:40:36+00:00,delete,Y:/Subjects\AL_0046\2026-04-06\2\p0_g0\p0_g0_imec0\p0_g0_t0.imec0.lf.cbin.partial-26564,549615863,DESKTOP-KH3D2OM,26564,renamed into place
2026-08-29T06:40:36+00:00,create,Y:/Subjects\AL_0046\2026-04-06\2\p0_g0\p0_g0_imec0\p0_g0_t0.imec0.lf.cbin,549598797,DESKTOP-KH3D2OM,26564,
2026-08-29T06:40:36+00:00,create,Y:/Subjects\AL_0046\2026-04-06\2\p0_g0\p0_g0_imec0\p0_g0_t0.imec0.lf.ch,17066,DESKTOP-KH3D2OM,26564,
2026-08-29T06:40:36+00:00,create,Y:/Subjects\AB_0032\2024-08-14\1\p0_g0_t0.imec0\p0_g0_t0.imec0.lf.cbin.partial-26564,0,DESKTOP-KH3D2OM,26564,temporary output
2026-08-29T06:41:44+00:00,delete,Y:/Subjects\AL_artifactTest\2022-08-12\p1_g0\p1_g0_imec0\p1_g0_t0.imec0.ap.cbin.partial-6732,602528536,DESKTOP-KH3D2OM,6732,renamed into place
2026-08-29T06:41:44+00:00,create,Y:/Subjects\AL_artifactTest\2022-08-12\p1_g0\p1_g0_imec0\p1_g0_t0.imec0.ap.cbin,602526618,DESKTOP-KH3D2OM,6732,
2026-08-29T06:41:44+00:00,create,Y:/Subjects\AL_artifactTest\2022-08-12\p1_g0\p1_g0_imec0\p1_g0_t0.imec0.ap.ch,1918,DESKTOP-KH3D2OM,6732,
2026-08-29T06:41:44+00:00,create,Y:/Subjects\test\2025-07-18\1\p0_g0\p0_g0_imec0\p0_g0_t0.imec0.ap.cbin.partial-6732,0,DESKTOP-KH3D2OM,6732,temporary output
2026-08-29T06:41:59+00:00,delete,Y:/Subjects\AB_0032\2024-08-14\1\p0_g0_t0.imec0\p0_g0_t0.imec0.lf.cbin.partial-26564,722409140,DESKTOP-KH3D2OM,26564,renamed into place
2026-08-29T06:41:59+00:00,create,Y:/Subjects\AB_0032\2024-08-14\1\p0_g0_t0.imec0\p0_g0_t0.imec0.lf.cbin,722391211,DESKTOP-KH3D2OM,26564,
2026-08-29T06:41:59+00:00,create,Y:/Subjects\AB_0032\2024-08-14\1\p0_g0_t0.imec0\p0_g0_t0.imec0.lf.ch,17929,DESKTOP-KH3D2OM,26564,
2026-08-29T06:41:59+00:00,create,Y:/Subjects\AL_0029\2024-02-26\1\p1_g0\p1_g0_imec0\p1_g0_t0.imec0.lf.cbin.partial-26564,0,DESKTOP-KH3D2OM,26564,temporary output
2026-08-29T06:43:28+00:00,delete,Y:/Subjects\test\2025-07-18\1\p0_g0\p0_g0_imec0\p0_g0_t0.imec0.ap.cbin.partial-6732,360252060,DESKTOP-KH3D2OM,6732,renamed into place
2026-08-29T06:43:28+00:00,create,Y:/Subjects\test\2025-07-18\1\p0_g0\p0_g0_imec0\p0_g0_t0.imec0.ap.cbin,360250118,DESKTOP-KH3D2OM,6732,
2026-08-29T06:43:28+00:00,create,Y:/Subjects\test\2025-07-18\1\p0_g0\p0_g0_imec0\p0_g0_t0.imec0.ap.ch,1942,DESKTOP-KH3D2OM,6732,
2026-08-29T06:43:28+00:00,create,Y:/Subjects\ZYE_0057\2022-03-17\1\p0_g0\p0_g0_imec0\p0_g0_t0.imec0.lf.cbin.partial-6732,0,DESKTOP-KH3D2OM,6732,temporary output
2026-08-29T06:43:33+00:00,delete,Y:/Subjects\AL_0029\2024-02-26\1\p1_g0\p1_g0_imec0\p1_g0_t0.imec0.lf.cbin.partial-26564,320027333,DESKTOP-KH3D2OM,26564,renamed into place
2026-08-29T06:43:33+00:00,create,Y:/Subjects\AL_0029\2024-02-26\1\p1_g0\p1_g0_imec0\p1_g0_t0.imec0.lf.cbin,320009398,DESKTOP-KH3D2OM,26564,
2026-08-29T06:43:33+00:00,create,Y:/Subjects\AL_0029\2024-02-26\1\p1_g0\p1_g0_imec0\p1_g0_t0.imec0.lf.ch,17935,DESKTOP-KH3D2OM,26564,
2026-08-29T06:43:33+00:00,create,Y:/Subjects\JRS_0030\2024-01-03\3\p1_g0\p1_g0_imec0\p1_g0_t0.imec0.lf.cbin.partial-26564,0,DESKTOP-KH3D2OM,26564,temporary output
2026-08-29T06:44:46+00:00,delete,Y:/Subjects\ZYE_0057\2022-03-17\1\p0_g0\p0_g0_imec0\p0_g0_t0.imec0.lf.cbin.partial-6732,538118684,DESKTOP-KH3D2OM,6732,renamed into place
2026-08-29T06:44:46+00:00,create,Y:/Subjects\ZYE_0057\2022-03-17\1\p0_g0\p0_g0_imec0\p0_g0_t0.imec0.lf.cbin,538100578,DESKTOP-KH3D2OM,6732,
2026-08-29T06:44:46+00:00,create,Y:/Subjects\ZYE_0057\2022-03-17\1\p0_g0\p0_g0_imec0\p0_g0_t0.imec0.lf.ch,18106,DESKTOP-KH3D2OM,6732,
2026-08-29T06:44:46+00:00,create,Y:/Subjects\JRS_0030\2024-01-03\3\p1_g0\p1_g0_imec1\p1_g0_t0.imec1.lf.cbin.partial-6732,0,DESKTOP-KH3D2OM,6732,temporary output
2026-08-29T06:45:25+00:00,delete,Y:/Subjects\JRS_0030\2024-01-03\3\p1_g0\p1_g0_imec0\p1_g0_t0.imec0.lf.cbin.partial-26564,392759869,DESKTOP-KH3D2OM,26564,renamed into place
2026-08-29T06:45:25+00:00,create,Y:/Subjects\JRS_0030\2024-01-03\3\p1_g0\p1_g0_imec0\p1_g0_t0.imec0.lf.cbin,392741632,DESKTOP-KH3D2OM,26564,
2026-08-29T06:45:25+00:00,create,Y:/Subjects\JRS_0030\2024-01-03\3\p1_g0\p1_g0_imec0\p1_g0_t0.imec0.lf.ch,18237,DESKTOP-KH3D2OM,26564,
2026-08-29T06:45:25+00:00,create,Y:/Subjects\AL_0046\2026-04-06\3\p1_g0\p1_g0_imec0\p1_g0_t0.imec0.lf.cbin.partial-26564,0,DESKTOP-KH3D2OM,26564,temporary output
2026-08-29T06:46:36+00:00,delete,Y:/Subjects\JRS_0030\2024-01-03\3\p1_g0\p1_g0_imec1\p1_g0_t0.imec1.lf.cbin.partial-6732,392855159,DESKTOP-KH3D2OM,6732,renamed into place
2026-08-29T06:46:36+00:00,create,Y:/Subjects\JRS_0030\2024-01-03\3\p1_g0\p1_g0_imec1\p1_g0_t0.imec1.lf.cbin,392836921,DESKTOP-KH3D2OM,6732,
2026-08-29T06:46:36+00:00,create,Y:/Subjects\JRS_0030\2024-01-03\3\p1_g0\p1_g0_imec1\p1_g0_t0.imec1.lf.ch,18238,DESKTOP-KH3D2OM,6732,
2026-08-29T06:46:36+00:00,create,Y:/Subjects\JRS_0030\2024-01-04\3\p1_g0\p1_g0_imec1\p1_g0_t0.imec1.lf.cbin.partial-6732,0,DESKTOP-KH3D2OM,6732,temporary output
2026-08-29T06:47:02+00:00,delete,Y:/Subjects\AL_0046\2026-04-06\3\p1_g0\p1_g0_imec0\p1_g0_t0.imec0.lf.cbin.partial-26564,607058289,DESKTOP-KH3D2OM,26564,renamed into place
2026-08-29T06:47:02+00:00,create,Y:/Subjects\AL_0046\2026-04-06\3\p1_g0\p1_g0_imec0\p1_g0_t0.imec0.lf.cbin,607039840,DESKTOP-KH3D2OM,26564,
2026-08-29T06:47:02+00:00,create,Y:/Subjects\AL_0046\2026-04-06\3\p1_g0\p1_g0_imec0\p1_g0_t0.imec0.lf.ch,18449,DESKTOP-KH3D2OM,26564,
2026-08-29T06:47:02+00:00,create,Y:/Subjects\JRS_0030\2024-01-04\3\p1_g0\p1_g0_imec0\p1_g0_t0.imec0.lf.cbin.partial-26564,0,DESKTOP-KH3D2OM,26564,temporary output
2026-08-29T06:48:30+00:00,delete,Y:/Subjects\JRS_0030\2024-01-04\3\p1_g0\p1_g0_imec1\p1_g0_t0.imec1.lf.cbin.partial-6732,407912719,DESKTOP-KH3D2OM,6732,renamed into place
2026-08-29T06:48:30+00:00,create,Y:/Subjects\JRS_0030\2024-01-04\3\p1_g0\p1_g0_imec1\p1_g0_t0.imec1.lf.cbin,407894148,DESKTOP-KH3D2OM,6732,
2026-08-29T06:48:30+00:00,create,Y:/Subjects\JRS_0030\2024-01-04\3\p1_g0\p1_g0_imec1\p1_g0_t0.imec1.lf.ch,18571,DESKTOP-KH3D2OM,6732,
2026-08-29T06:48:30+00:00,create,Y:/Subjects\AL_0041\2026-04-21\temp\p3_g0\p3_g0_imec0\p3_g0_t0.imec0.ap.cbin.partial-6732,0,DESKTOP-KH3D2OM,6732,temporary output
2026-08-29T06:48:53+00:00,delete,Y:/Subjects\JRS_0030\2024-01-04\3\p1_g0\p1_g0_imec0\p1_g0_t0.imec0.lf.cbin.partial-26564,463444851,DESKTOP-KH3D2OM,26564,renamed into place
2026-08-29T06:48:54+00:00,create,Y:/Subjects\JRS_0030\2024-01-04\3\p1_g0\p1_g0_imec0\p1_g0_t0.imec0.lf.cbin,463426259,DESKTOP-KH3D2OM,26564,
2026-08-29T06:48:54+00:00,create,Y:/Subjects\JRS_0030\2024-01-04\3\p1_g0\p1_g0_imec0\p1_g0_t0.imec0.lf.ch,18592,DESKTOP-KH3D2OM,26564,
2026-08-29T06:48:54+00:00,create,Y:/Subjects\KM_037\2024-12-20\1\p0_g0\p0_g0_imec0\p0_g0_t0.imec0.lf.cbin.partial-26564,0,DESKTOP-KH3D2OM,26564,temporary output
2026-08-29T06:50:26+00:00,delete,Y:/Subjects\KM_037\2024-12-20\1\p0_g0\p0_g0_imec0\p0_g0_t0.imec0.lf.cbin.partial-26564,372478245,DESKTOP-KH3D2OM,26564,renamed into place
2026-08-29T06:50:26+00:00,create,Y:/Subjects\KM_037\2024-12-20\1\p0_g0\p0_g0_imec0\p0_g0_t0.imec0.lf.cbin,372459066,DESKTOP-KH3D2OM,26564,
2026-08-29T06:50:26+00:00,create,Y:/Subjects\KM_037\2024-12-20\1\p0_g0\p0_g0_imec0\p0_g0_t0.imec0.lf.ch,19179,DESKTOP-KH3D2OM,26564,
2026-08-29T06:50:26+00:00,create,Y:/Subjects\KM_037\2024-12-20\2\p0_g0\p0_g0_imec0\p0_g0_t0.imec0.lf.cbin.partial-26564,0,DESKTOP-KH3D2OM,26564,temporary output
2026-08-29T06:50:28+00:00,delete,Y:/Subjects\AL_0041\2026-04-21\temp\p3_g0\p3_g0_imec0\p3_g0_t0.imec0.ap.cbin.partial-6732,417413628,DESKTOP-KH3D2OM,6732,renamed into place
2026-08-29T06:50:28+00:00,create,Y:/Subjects\AL_0041\2026-04-21\temp\p3_g0\p3_g0_imec0\p3_g0_t0.imec0.ap.cbin,417411625,DESKTOP-KH3D2OM,6732,
2026-08-29T06:50:28+00:00,create,Y:/Subjects\AL_0041\2026-04-21\temp\p3_g0\p3_g0_imec0\p3_g0_t0.imec0.ap.ch,2003,DESKTOP-KH3D2OM,6732,
2026-08-29T06:50:28+00:00,create,Y:/Subjects\KM_037\2024-12-20\1\p2_g0\p2_g0_imec0\p2_g0_t0.imec0.lf.cbin.partial-6732,0,DESKTOP-KH3D2OM,6732,temporary output
2026-08-29T06:51:58+00:00,delete,Y:/Subjects\KM_037\2024-12-20\2\p0_g0\p0_g0_imec0\p0_g0_t0.imec0.lf.cbin.partial-26564,372478245,DESKTOP-KH3D2OM,26564,renamed into place
2026-08-29T06:51:58+00:00,create,Y:/Subjects\KM_037\2024-12-20\2\p0_g0\p0_g0_imec0\p0_g0_t0.imec0.lf.cbin,372459066,DESKTOP-KH3D2OM,26564,
2026-08-29T06:51:58+00:00,create,Y:/Subjects\KM_037\2024-12-20\2\p0_g0\p0_g0_imec0\p0_g0_t0.imec0.lf.ch,19179,DESKTOP-KH3D2OM,26564,
2026-08-29T06:51:58+00:00,create,Y:/Subjects\KM_037\2024-12-20\5\p2_g0\p2_g0_imec0\p2_g0_t0.imec0.lf.cbin.partial-26564,0,DESKTOP-KH3D2OM,26564,temporary output
2026-08-29T06:52:14+00:00,delete,Y:/Subjects\KM_037\2024-12-20\1\p2_g0\p2_g0_imec0\p2_g0_t0.imec0.lf.cbin.partial-6732,358618368,DESKTOP-KH3D2OM,6732,renamed into place
2026-08-29T06:52:14+00:00,create,Y:/Subjects\KM_037\2024-12-20\1\p2_g0\p2_g0_imec0\p2_g0_t0.imec0.lf.cbin,358598485,DESKTOP-KH3D2OM,6732,
2026-08-29T06:52:14+00:00,create,Y:/Subjects\KM_037\2024-12-20\1\p2_g0\p2_g0_imec0\p2_g0_t0.imec0.lf.ch,19883,DESKTOP-KH3D2OM,6732,
2026-08-29T06:52:14+00:00,create,Y:/Subjects\AL_artifactTest\2022-08-12\p2_g0\p2_g0_imec0\p2_g0_t0.imec0.ap.cbin.partial-6732,0,DESKTOP-KH3D2OM,6732,temporary output
2026-08-29T06:53:46+00:00,delete,Y:/Subjects\KM_037\2024-12-20\5\p2_g0\p2_g0_imec0\p2_g0_t0.imec0.lf.cbin.partial-26564,358618368,DESKTOP-KH3D2OM,26564,renamed into place
2026-08-29T06:53:46+00:00,create,Y:/Subjects\KM_037\2024-12-20\5\p2_g0\p2_g0_imec0\p2_g0_t0.imec0.lf.cbin,358598485,DESKTOP-KH3D2OM,26564,
2026-08-29T06:53:46+00:00,create,Y:/Subjects\KM_037\2024-12-20\5\p2_g0\p2_g0_imec0\p2_g0_t0.imec0.lf.ch,19883,DESKTOP-KH3D2OM,26564,
2026-08-29T06:53:46+00:00,create,Y:/Subjects\JRS_0030\2024-01-03\4\p2_g0\p2_g0_imec1\p2_g0_t0.imec1.lf.cbin.partial-26564,0,DESKTOP-KH3D2OM,26564,temporary output
2026-08-29T06:54:03+00:00,delete,Y:/Subjects\AL_artifactTest\2022-08-12\p2_g0\p2_g0_imec0\p2_g0_t0.imec0.ap.cbin.partial-6732,664335962,DESKTOP-KH3D2OM,6732,renamed into place
2026-08-29T06:54:04+00:00,create,Y:/Subjects\AL_artifactTest\2022-08-12\p2_g0\p2_g0_imec0\p2_g0_t0.imec0.ap.cbin,664333834,DESKTOP-KH3D2OM,6732,
2026-08-29T06:54:04+00:00,create,Y:/Subjects\AL_artifactTest\2022-08-12\p2_g0\p2_g0_imec0\p2_g0_t0.imec0.ap.ch,2128,DESKTOP-KH3D2OM,6732,
2026-08-29T06:54:04+00:00,create,Y:/Subjects\JRS_0030\2024-01-03\4\p2_g0\p2_g0_imec0\p2_g0_t0.imec0.lf.cbin.partial-6732,0,DESKTOP-KH3D2OM,6732,temporary output
2026-08-29T06:55:45+00:00,delete,Y:/Subjects\JRS_0030\2024-01-03\4\p2_g0\p2_g0_imec1\p2_g0_t0.imec1.lf.cbin.partial-26564,422326987,DESKTOP-KH3D2OM,26564,renamed into place
2026-08-29T06:55:45+00:00,create,Y:/Subjects\JRS_0030\2024-01-03\4\p2_g0\p2_g0_imec1\p2_g0_t0.imec1.lf.cbin,422306533,DESKTOP-KH3D2OM,26564,
2026-08-29T06:55:45+00:00,create,Y:/Subjects\JRS_0030\2024-01-03\4\p2_g0\p2_g0_imec1\p2_g0_t0.imec1.lf.ch,20454,DESKTOP-KH3D2OM,26564,
2026-08-29T06:55:45+00:00,create,Y:/Subjects\AL_0046\2026-04-07\p0_g0\p0_g0_imec0\p0_g0_t0.imec0.lf.cbin.partial-26564,0,DESKTOP-KH3D2OM,26564,temporary output
2026-08-29T06:55:59+00:00,delete,Y:/Subjects\JRS_0030\2024-01-03\4\p2_g0\p2_g0_imec0\p2_g0_t0.imec0.lf.cbin.partial-6732,474709042,DESKTOP-KH3D2OM,6732,renamed into place
2026-08-29T06:55:59+00:00,create,Y:/Subjects\JRS_0030\2024-01-03\4\p2_g0\p2_g0_imec0\p2_g0_t0.imec0.lf.cbin,474688570,DESKTOP-KH3D2OM,6732,
2026-08-29T06:55:59+00:00,create,Y:/Subjects\JRS_0030\2024-01-03\4\p2_g0\p2_g0_imec0\p2_g0_t0.imec0.lf.ch,20472,DESKTOP-KH3D2OM,6732,
2026-08-29T06:55:59+00:00,create,Y:/Subjects\JRS_0030\2024-01-04\4\p2_g0\p2_g0_imec0\p2_g0_t0.imec0.lf.cbin.partial-6732,0,DESKTOP-KH3D2OM,6732,temporary output
2026-08-29T06:57:22+00:00,delete,Y:/Subjects\AL_0046\2026-04-07\p0_g0\p0_g0_imec0\p0_g0_t0.imec0.lf.cbin.partial-26564,331004893,DESKTOP-KH3D2OM,26564,renamed into place
2026-08-29T06:57:22+00:00,create,Y:/Subjects\AL_0046\2026-04-07\p0_g0\p0_g0_imec0\p0_g0_t0.imec0.lf.cbin,330984491,DESKTOP-KH3D2OM,26564,
2026-08-29T06:57:22+00:00,create,Y:/Subjects\AL_0046\2026-04-07\p0_g0\p0_g0_imec0\p0_g0_t0.imec0.lf.ch,20402,DESKTOP-KH3D2OM,26564,
2026-08-29T06:57:22+00:00,create,Y:/Subjects\JRS_0030\2024-01-04\4\p2_g0\p2_g0_imec1\p2_g0_t0.imec1.lf.cbin.partial-26564,0,DESKTOP-KH3D2OM,26564,temporary output
2026-08-29T06:58:07+00:00,delete,Y:/Subjects\JRS_0030\2024-01-04\4\p2_g0\p2_g0_imec0\p2_g0_t0.imec0.lf.cbin.partial-6732,466863566,DESKTOP-KH3D2OM,6732,renamed into place
2026-08-29T06:58:07+00:00,create,Y:/Subjects\JRS_0030\2024-01-04\4\p2_g0\p2_g0_imec0\p2_g0_t0.imec0.lf.cbin,466843032,DESKTOP-KH3D2OM,6732,
2026-08-29T06:58:07+00:00,create,Y:/Subjects\JRS_0030\2024-01-04\4\p2_g0\p2_g0_imec0\p2_g0_t0.imec0.lf.ch,20534,DESKTOP-KH3D2OM,6732,
2026-08-29T06:58:07+00:00,create,Y:/Subjects\AL_0041\2026-04-14\4\p0_g0\p0_g0_imec0\p0_g0_t0.imec0.lf.cbin.partial-6732,0,DESKTOP-KH3D2OM,6732,temporary output
2026-08-29T06:59:26+00:00,delete,Y:/Subjects\JRS_0030\2024-01-04\4\p2_g0\p2_g0_imec1\p2_g0_t0.imec1.lf.cbin.partial-26564,433965699,DESKTOP-KH3D2OM,26564,renamed into place
2026-08-29T06:59:26+00:00,create,Y:/Subjects\JRS_0030\2024-01-04\4\p2_g0\p2_g0_imec1\p2_g0_t0.imec1.lf.cbin,433945179,DESKTOP-KH3D2OM,26564,
2026-08-29T06:59:26+00:00,create,Y:/Subjects\JRS_0030\2024-01-04\4\p2_g0\p2_g0_imec1\p2_g0_t0.imec1.lf.ch,20520,DESKTOP-KH3D2OM,26564,
2026-08-29T06:59:26+00:00,create,Y:/Subjects\AL_0041\2026-04-17\5\p2_g0\p2_g0_imec0\p2_g0_t0.imec0.lf.cbin.partial-26564,0,DESKTOP-KH3D2OM,26564,temporary output
2026-08-29T06:59:35+00:00,delete,Y:/Subjects\AL_0041\2026-04-14\4\p0_g0\p0_g0_imec0\p0_g0_t0.imec0.lf.cbin.partial-6732,590557659,DESKTOP-KH3D2OM,6732,renamed into place
2026-08-29T06:59:35+00:00,create,Y:/Subjects\AL_0041\2026-04-14\4\p0_g0\p0_g0_imec0\p0_g0_t0.imec0.lf.cbin,590536399,DESKTOP-KH3D2OM,6732,
2026-08-29T06:59:35+00:00,create,Y:/Subjects\AL_0041\2026-04-14\4\p0_g0\p0_g0_imec0\p0_g0_t0.imec0.lf.ch,21260,DESKTOP-KH3D2OM,6732,
2026-08-29T06:59:35+00:00,create,Y:/Subjects\ZYE_0072\2023-02-03\1\p0_g0\p0_g0_imec0\p0_g0_t0.imec0.lf.cbin.partial-6732,0,DESKTOP-KH3D2OM,6732,temporary output
2026-08-29T07:01:11+00:00,delete,Y:/Subjects\AL_0041\2026-04-17\5\p2_g0\p2_g0_imec0\p2_g0_t0.imec0.lf.cbin.partial-26564,336670693,DESKTOP-KH3D2OM,26564,renamed into place
2026-08-29T07:01:11+00:00,create,Y:/Subjects\AL_0041\2026-04-17\5\p2_g0\p2_g0_imec0\p2_g0_t0.imec0.lf.cbin,336649224,DESKTOP-KH3D2OM,26564,
2026-08-29T07:01:11+00:00,create,Y:/Subjects\AL_0041\2026-04-17\5\p2_g0\p2_g0_imec0\p2_g0_t0.imec0.lf.ch,21469,DESKTOP-KH3D2OM,26564,
2026-08-29T07:01:11+00:00,create,Y:/Subjects\AL_0046\2026-04-06\3\p2_g0\p2_g0_imec0\p2_g0_t0.imec0.ap.cbin.partial-26564,0,DESKTOP-KH3D2OM,26564,temporary output
2026-08-29T07:01:14+00:00,delete,Y:/Subjects\ZYE_0072\2023-02-03\1\p0_g0\p0_g0_imec0\p0_g0_t0.imec0.lf.cbin.partial-6732,303174265,DESKTOP-KH3D2OM,6732,renamed into place
2026-08-29T07:01:14+00:00,create,Y:/Subjects\ZYE_0072\2023-02-03\1\p0_g0\p0_g0_imec0\p0_g0_t0.imec0.lf.cbin,303152552,DESKTOP-KH3D2OM,6732,
2026-08-29T07:01:14+00:00,create,Y:/Subjects\ZYE_0072\2023-02-03\1\p0_g0\p0_g0_imec0\p0_g0_t0.imec0.lf.ch,21713,DESKTOP-KH3D2OM,6732,
2026-08-29T07:01:14+00:00,create,Y:/Subjects\test\2024-08-28\4\p0_g0\p0_g0_t0.imec0.lf.cbin.partial-6732,0,DESKTOP-KH3D2OM,6732,temporary output
2026-08-29T07:02:59+00:00,delete,Y:/Subjects\AL_0046\2026-04-06\3\p2_g0\p2_g0_imec0\p2_g0_t0.imec0.ap.cbin.partial-26564,363455809,DESKTOP-KH3D2OM,26564,renamed into place
2026-08-29T07:02:59+00:00,create,Y:/Subjects\AL_0046\2026-04-06\3\p2_g0\p2_g0_imec0\p2_g0_t0.imec0.ap.cbin,363453511,DESKTOP-KH3D2OM,26564,
2026-08-29T07:02:59+00:00,create,Y:/Subjects\AL_0046\2026-04-06\3\p2_g0\p2_g0_imec0\p2_g0_t0.imec0.ap.ch,2298,DESKTOP-KH3D2OM,26564,
2026-08-29T07:02:59+00:00,create,Y:/Subjects\AL_0036\2025-02-27\3\p1_g0\p1_g0_imec0\p1_g0_t0.imec0.lf.cbin.partial-26564,0,DESKTOP-KH3D2OM,26564,temporary output
2026-08-29T07:03:30+00:00,delete,Y:/Subjects\test\2024-08-28\4\p0_g0\p0_g0_t0.imec0.lf.cbin.partial-6732,489720986,DESKTOP-KH3D2OM,6732,renamed into place
2026-08-29T07:03:30+00:00,create,Y:/Subjects\test\2024-08-28\4\p0_g0\p0_g0_t0.imec0.lf.cbin,489698192,DESKTOP-KH3D2OM,6732,
2026-08-29T07:03:30+00:00,create,Y:/Subjects\test\2024-08-28\4\p0_g0\p0_g0_t0.imec0.lf.ch,22794,DESKTOP-KH3D2OM,6732,
2026-08-29T07:03:30+00:00,create,Y:/Subjects\AL_0046\2026-04-07\p5_g0\p5_g0_imec0\p5_g0_t0.imec0.ap.cbin.partial-6732,0,DESKTOP-KH3D2OM,6732,temporary output
2026-08-29T07:05:13+00:00,delete,Y:/Subjects\AL_0036\2025-02-27\3\p1_g0\p1_g0_imec0\p1_g0_t0.imec0.lf.cbin.partial-26564,462134806,DESKTOP-KH3D2OM,26564,renamed into place
2026-08-29T07:05:13+00:00,create,Y:/Subjects\AL_0036\2025-02-27\3\p1_g0\p1_g0_imec0\p1_g0_t0.imec0.lf.cbin,462111868,DESKTOP-KH3D2OM,26564,
2026-08-29T07:05:13+00:00,create,Y:/Subjects\AL_0036\2025-02-27\3\p1_g0\p1_g0_imec0\p1_g0_t0.imec0.lf.ch,22938,DESKTOP-KH3D2OM,26564,
2026-08-29T07:05:13+00:00,create,Y:/Subjects\ZYE_0008\2020-10-31\7\p2_g0\p2_g0_imec0\p2_g0_t0.imec0.lf.cbin.partial-26564,0,DESKTOP-KH3D2OM,26564,temporary output
2026-08-29T07:05:41+00:00,delete,Y:/Subjects\AL_0046\2026-04-07\p5_g0\p5_g0_imec0\p5_g0_t0.imec0.ap.cbin.partial-6732,664745794,DESKTOP-KH3D2OM,6732,renamed into place
2026-08-29T07:05:41+00:00,create,Y:/Subjects\AL_0046\2026-04-07\p5_g0\p5_g0_imec0\p5_g0_t0.imec0.ap.cbin,664743427,DESKTOP-KH3D2OM,6732,
2026-08-29T07:05:41+00:00,create,Y:/Subjects\AL_0046\2026-04-07\p5_g0\p5_g0_imec0\p5_g0_t0.imec0.ap.ch,2367,DESKTOP-KH3D2OM,6732,
2026-08-29T07:05:41+00:00,create,Y:/Subjects\ZYE_0008\2020-10-31\7\p2_g0\p2_g0_imec1\p2_g0_t0.imec1.lf.cbin.partial-6732,0,DESKTOP-KH3D2OM,6732,temporary output
2026-08-29T07:07:20+00:00,delete,Y:/Subjects\ZYE_0008\2020-10-31\7\p2_g0\p2_g0_imec0\p2_g0_t0.imec0.lf.cbin.partial-26564,417909183,DESKTOP-KH3D2OM,26564,renamed into place
2026-08-29T07:07:20+00:00,create,Y:/Subjects\ZYE_0008\2020-10-31\7\p2_g0\p2_g0_imec0\p2_g0_t0.imec0.lf.cbin,417884692,DESKTOP-KH3D2OM,26564,
2026-08-29T07:07:20+00:00,create,Y:/Subjects\ZYE_0008\2020-10-31\7\p2_g0\p2_g0_imec0\p2_g0_t0.imec0.lf.ch,24491,DESKTOP-KH3D2OM,26564,
2026-08-29T07:07:20+00:00,create,Y:/Subjects\AL_0039\2025-07-23\1\p0_g0\p0_g0_imec0\p0_g0_t0.imec0.ap.cbin.partial-26564,0,DESKTOP-KH3D2OM,26564,temporary output
2026-08-29T07:07:32+00:00,delete,Y:/Subjects\ZYE_0008\2020-10-31\7\p2_g0\p2_g0_imec1\p2_g0_t0.imec1.lf.cbin.partial-6732,328384767,DESKTOP-KH3D2OM,6732,renamed into place
2026-08-29T07:07:32+00:00,create,Y:/Subjects\ZYE_0008\2020-10-31\7\p2_g0\p2_g0_imec1\p2_g0_t0.imec1.lf.cbin,328360334,DESKTOP-KH3D2OM,6732,
2026-08-29T07:07:32+00:00,create,Y:/Subjects\ZYE_0008\2020-10-31\7\p2_g0\p2_g0_imec1\p2_g0_t0.imec1.lf.ch,24433,DESKTOP-KH3D2OM,6732,
2026-08-29T07:07:32+00:00,create,Y:/Subjects\AB_0014\2021-11-17\1\fullShanks\p1_g0\p1_g0_imec0\p1_g0_t0.imec0.ap.cbin.partial-6732,0,DESKTOP-KH3D2OM,6732,temporary output
2026-08-29T07:09:41+00:00,delete,Y:/Subjects\AB_0014\2021-11-17\1\fullShanks\p1_g0\p1_g0_imec0\p1_g0_t0.imec0.ap.cbin.partial-6732,900554629,DESKTOP-KH3D2OM,6732,renamed into place
2026-08-29T07:09:41+00:00,create,Y:/Subjects\AB_0014\2021-11-17\1\fullShanks\p1_g0\p1_g0_imec0\p1_g0_t0.imec0.ap.cbin,900552110,DESKTOP-KH3D2OM,6732,
2026-08-29T07:09:41+00:00,create,Y:/Subjects\AB_0014\2021-11-17\1\fullShanks\p1_g0\p1_g0_imec0\p1_g0_t0.imec0.ap.ch,2519,DESKTOP-KH3D2OM,6732,
2026-08-29T07:09:41+00:00,create,Y:/Subjects\SM_0001\2020-11-09\6\p2_g0\p2_g0_imec1\p2_g0_t0.imec1.lf.cbin.partial-6732,0,DESKTOP-KH3D2OM,6732,temporary output
2026-08-29T07:09:57+00:00,delete,Y:/Subjects\AL_0039\2025-07-23\1\p0_g0\p0_g0_imec0\p0_g0_t0.imec0.ap.cbin.partial-26564,674989919,DESKTOP-KH3D2OM,26564,renamed into place
2026-08-29T07:09:58+00:00,create,Y:/Subjects\AL_0039\2025-07-23\1\p0_g0\p0_g0_imec0\p0_g0_t0.imec0.ap.cbin,674987404,DESKTOP-KH3D2OM,26564,
2026-08-29T07:09:58+00:00,create,Y:/Subjects\AL_0039\2025-07-23\1\p0_g0\p0_g0_imec0\p0_g0_t0.imec0.ap.ch,2515,DESKTOP-KH3D2OM,26564,
2026-08-29T07:09:58+00:00,create,Y:/Subjects\SM_0001\2020-11-09\6\p2_g0\p2_g0_imec0\p2_g0_t0.imec0.lf.cbin.partial-26564,0,DESKTOP-KH3D2OM,26564,temporary output
2026-08-29T07:11:57+00:00,delete,Y:/Subjects\SM_0001\2020-11-09\6\p2_g0\p2_g0_imec1\p2_g0_t0.imec1.lf.cbin.partial-6732,435795080,DESKTOP-KH3D2OM,6732,renamed into place
2026-08-29T07:11:57+00:00,create,Y:/Subjects\SM_0001\2020-11-09\6\p2_g0\p2_g0_imec1\p2_g0_t0.imec1.lf.cbin,435769561,DESKTOP-KH3D2OM,6732,
2026-08-29T07:11:57+00:00,create,Y:/Subjects\SM_0001\2020-11-09\6\p2_g0\p2_g0_imec1\p2_g0_t0.imec1.lf.ch,25519,DESKTOP-KH3D2OM,6732,
2026-08-29T07:11:57+00:00,create,Y:/Subjects\MT_004\2025-06-05\p1_g0\p1_g0_imec0\p1_g0_t0.imec0.lf.cbin.partial-6732,0,DESKTOP-KH3D2OM,6732,temporary output
2026-08-29T07:12:27+00:00,delete,Y:/Subjects\SM_0001\2020-11-09\6\p2_g0\p2_g0_imec0\p2_g0_t0.imec0.lf.cbin.partial-26564,513236716,DESKTOP-KH3D2OM,26564,renamed into place
2026-08-29T07:12:27+00:00,create,Y:/Subjects\SM_0001\2020-11-09\6\p2_g0\p2_g0_imec0\p2_g0_t0.imec0.lf.cbin,513209525,DESKTOP-KH3D2OM,26564,
2026-08-29T07:12:27+00:00,create,Y:/Subjects\SM_0001\2020-11-09\6\p2_g0\p2_g0_imec0\p2_g0_t0.imec0.lf.ch,27191,DESKTOP-KH3D2OM,26564,
2026-08-29T07:12:27+00:00,create,Y:/Subjects\DO_0008\2021-03-24\1\p1_g0\p1_g0_imec0\p1_g0_t0.imec0.lf.cbin.partial-26564,0,DESKTOP-KH3D2OM,26564,temporary output
2026-08-29T07:14:26+00:00,delete,Y:/Subjects\MT_004\2025-06-05\p1_g0\p1_g0_imec0\p1_g0_t0.imec0.lf.cbin.partial-6732,771097072,DESKTOP-KH3D2OM,6732,renamed into place
2026-08-29T07:14:26+00:00,create,Y:/Subjects\MT_004\2025-06-05\p1_g0\p1_g0_imec0\p1_g0_t0.imec0.lf.cbin,771069517,DESKTOP-KH3D2OM,6732,
2026-08-29T07:14:26+00:00,create,Y:/Subjects\MT_004\2025-06-05\p1_g0\p1_g0_imec0\p1_g0_t0.imec0.lf.ch,27555,DESKTOP-KH3D2OM,6732,
2026-08-29T07:14:26+00:00,create,Y:/Subjects\MT_004\2025-06-05\p0_g0\p0_g0_imec0\p0_g0_t0.imec0.lf.cbin.partial-6732,0,DESKTOP-KH3D2OM,6732,temporary output
2026-08-29T07:14:54+00:00,delete,Y:/Subjects\DO_0008\2021-03-24\1\p1_g0\p1_g0_imec0\p1_g0_t0.imec0.lf.cbin.partial-26564,521156832,DESKTOP-KH3D2OM,26564,renamed into place
2026-08-29T07:14:54+00:00,create,Y:/Subjects\DO_0008\2021-03-24\1\p1_g0\p1_g0_imec0\p1_g0_t0.imec0.lf.cbin,521129112,DESKTOP-KH3D2OM,26564,
2026-08-29T07:14:54+00:00,create,Y:/Subjects\DO_0008\2021-03-24\1\p1_g0\p1_g0_imec0\p1_g0_t0.imec0.lf.ch,27720,DESKTOP-KH3D2OM,26564,
2026-08-29T07:14:54+00:00,create,Y:/Subjects\ZYE_0008\2020-10-31\1\p1_g0\p1_g0_imec0\p1_g0_t0.imec0.lf.cbin.partial-26564,0,DESKTOP-KH3D2OM,26564,temporary output
2026-08-29T07:16:53+00:00,delete,Y:/Subjects\MT_004\2025-06-05\p0_g0\p0_g0_imec0\p0_g0_t0.imec0.lf.cbin.partial-6732,782327073,DESKTOP-KH3D2OM,6732,renamed into place
2026-08-29T07:16:54+00:00,create,Y:/Subjects\MT_004\2025-06-05\p0_g0\p0_g0_imec0\p0_g0_t0.imec0.lf.cbin,782299143,DESKTOP-KH3D2OM,6732,
2026-08-29T07:16:54+00:00,create,Y:/Subjects\MT_004\2025-06-05\p0_g0\p0_g0_imec0\p0_g0_t0.imec0.lf.ch,27930,DESKTOP-KH3D2OM,6732,
2026-08-29T07:16:54+00:00,create,Y:/Subjects\ZYE_0008\2020-10-31\1\p1_g0\p1_g0_imec1\p1_g0_t0.imec1.lf.cbin.partial-6732,0,DESKTOP-KH3D2OM,6732,temporary output
2026-08-29T07:17:28+00:00,delete,Y:/Subjects\ZYE_0008\2020-10-31\1\p1_g0\p1_g0_imec0\p1_g0_t0.imec0.lf.cbin.partial-26564,525872130,DESKTOP-KH3D2OM,26564,renamed into place
2026-08-29T07:17:28+00:00,create,Y:/Subjects\ZYE_0008\2020-10-31\1\p1_g0\p1_g0_imec0\p1_g0_t0.imec0.lf.cbin,525844047,DESKTOP-KH3D2OM,26564,
2026-08-29T07:17:28+00:00,create,Y:/Subjects\ZYE_0008\2020-10-31\1\p1_g0\p1_g0_imec0\p1_g0_t0.imec0.lf.ch,28083,DESKTOP-KH3D2OM,26564,
2026-08-29T07:17:28+00:00,create,Y:/Subjects\AL_artifactTest\2022-08-12\p2_g1\p2_g1_imec0\p2_g1_t0.imec0.ap.cbin.partial-26564,0,DESKTOP-KH3D2OM,26564,temporary output
2026-08-29T07:19:24+00:00,delete,Y:/Subjects\ZYE_0008\2020-10-31\1\p1_g0\p1_g0_imec1\p1_g0_t0.imec1.lf.cbin.partial-6732,493738191,DESKTOP-KH3D2OM,6732,renamed into place
2026-08-29T07:19:24+00:00,create,Y:/Subjects\ZYE_0008\2020-10-31\1\p1_g0\p1_g0_imec1\p1_g0_t0.imec1.lf.cbin,493710123,DESKTOP-KH3D2OM,6732,
2026-08-29T07:19:24+00:00,create,Y:/Subjects\ZYE_0008\2020-10-31\1\p1_g0\p1_g0_imec1\p1_g0_t0.imec1.lf.ch,28068,DESKTOP-KH3D2OM,6732,
2026-08-29T07:19:24+00:00,create,Y:/Subjects\Sawtell\060623_file001_g9\060623_file001_g9_t0.imec0.lf.cbin.partial-6732,0,DESKTOP-KH3D2OM,6732,temporary output
2026-08-29T07:20:03+00:00,delete,Y:/Subjects\AL_artifactTest\2022-08-12\p2_g1\p2_g1_imec0\p2_g1_t0.imec0.ap.cbin.partial-26564,943995831,DESKTOP-KH3D2OM,26564,renamed into place
2026-08-29T07:20:03+00:00,create,Y:/Subjects\AL_artifactTest\2022-08-12\p2_g1\p2_g1_imec0\p2_g1_t0.imec0.ap.cbin,943993013,DESKTOP-KH3D2OM,26564,
2026-08-29T07:20:03+00:00,create,Y:/Subjects\AL_artifactTest\2022-08-12\p2_g1\p2_g1_imec0\p2_g1_t0.imec0.ap.ch,2818,DESKTOP-KH3D2OM,26564,
2026-08-29T07:20:03+00:00,create,Y:/Subjects\KM_037\2024-12-20\1\p1_g0\p1_g0_imec0\p1_g0_t0.imec0.ap.cbin.partial-26564,0,DESKTOP-KH3D2OM,26564,temporary output
2026-08-29T07:22:07+00:00,delete,Y:/Subjects\Sawtell\060623_file001_g9\060623_file001_g9_t0.imec0.lf.cbin.partial-6732,571102343,DESKTOP-KH3D2OM,6732,renamed into place
2026-08-29T07:22:08+00:00,create,Y:/Subjects\Sawtell\060623_file001_g9\060623_file001_g9_t0.imec0.lf.cbin,571073650,DESKTOP-KH3D2OM,6732,
2026-08-29T07:22:08+00:00,create,Y:/Subjects\Sawtell\060623_file001_g9\060623_file001_g9_t0.imec0.lf.ch,28693,DESKTOP-KH3D2OM,6732,
2026-08-29T07:22:08+00:00,create,Y:/Subjects\KM_037\2024-12-20\4\p1_g0\p1_g0_imec0\p1_g0_t0.imec0.ap.cbin.partial-6732,0,DESKTOP-KH3D2OM,6732,temporary output
2026-08-29T07:23:17+00:00,delete,Y:/Subjects\KM_037\2024-12-20\1\p1_g0\p1_g0_imec0\p1_g0_t0.imec0.ap.cbin.partial-26564,812501866,DESKTOP-KH3D2OM,26564,renamed into place
2026-08-29T07:23:17+00:00,create,Y:/Subjects\KM_037\2024-12-20\1\p1_g0\p1_g0_imec0\p1_g0_t0.imec0.ap.cbin,812498842,DESKTOP-KH3D2OM,26564,
2026-08-29T07:23:17+00:00,create,Y:/Subjects\KM_037\2024-12-20\1\p1_g0\p1_g0_imec0\p1_g0_t0.imec0.ap.ch,3024,DESKTOP-KH3D2OM,26564,
2026-08-29T07:23:17+00:00,create,Y:/Subjects\SM_0001\2020-11-09\1\p1_g0\p1_g0_imec1\p1_g0_t0.imec1.lf.cbin.partial-26564,0,DESKTOP-KH3D2OM,26564,temporary output
2026-08-29T07:25:21+00:00,delete,Y:/Subjects\KM_037\2024-12-20\4\p1_g0\p1_g0_imec0\p1_g0_t0.imec0.ap.cbin.partial-6732,812501866,DESKTOP-KH3D2OM,6732,renamed into place
2026-08-29T07:25:21+00:00,create,Y:/Subjects\KM_037\2024-12-20\4\p1_g0\p1_g0_imec0\p1_g0_t0.imec0.ap.cbin,812498842,DESKTOP-KH3D2OM,6732,
2026-08-29T07:25:21+00:00,create,Y:/Subjects\KM_037\2024-12-20\4\p1_g0\p1_g0_imec0\p1_g0_t0.imec0.ap.ch,3024,DESKTOP-KH3D2OM,6732,
2026-08-29T07:25:22+00:00,create,Y:/Subjects\JRS_0049\2025-01-15\3\p0_g0\p0_g0_imec0\p0_g0_t0.imec0.ap.cbin.partial-6732,0,DESKTOP-KH3D2OM,6732,temporary output
2026-08-29T07:25:55+00:00,delete,Y:/Subjects\SM_0001\2020-11-09\1\p1_g0\p1_g0_imec1\p1_g0_t0.imec1.lf.cbin.partial-26564,519730350,DESKTOP-KH3D2OM,26564,renamed into place
2026-08-29T07:25:55+00:00,create,Y:/Subjects\SM_0001\2020-11-09\1\p1_g0\p1_g0_imec1\p1_g0_t0.imec1.lf.cbin,519699487,DESKTOP-KH3D2OM,26564,
2026-08-29T07:25:55+00:00,create,Y:/Subjects\SM_0001\2020-11-09\1\p1_g0\p1_g0_imec1\p1_g0_t0.imec1.lf.ch,30863,DESKTOP-KH3D2OM,26564,
2026-08-29T07:25:55+00:00,create,Y:/Subjects\JRS_0049\2025-01-15\3\p0_g0\p0_g0_imec1\p0_g0_t0.imec1.ap.cbin.partial-26564,0,DESKTOP-KH3D2OM,26564,temporary output
2026-08-29T07:27:53+00:00,delete,Y:/Subjects\JRS_0049\2025-01-15\3\p0_g0\p0_g0_imec0\p0_g0_t0.imec0.ap.cbin.partial-6732,1250147332,DESKTOP-KH3D2OM,6732,renamed into place
2026-08-29T07:27:53+00:00,create,Y:/Subjects\JRS_0049\2025-01-15\3\p0_g0\p0_g0_imec0\p0_g0_t0.imec0.ap.cbin,1250144163,DESKTOP-KH3D2OM,6732,
2026-08-29T07:27:53+00:00,create,Y:/Subjects\JRS_0049\2025-01-15\3\p0_g0\p0_g0_imec0\p0_g0_t0.imec0.ap.ch,3169,DESKTOP-KH3D2OM,6732,
2026-08-29T07:27:53+00:00,create,Y:/Subjects\Sawtell\060623_file001_g1\060623_file001_g1_t0.imec0.lf.cbin.partial-6732,0,DESKTOP-KH3D2OM,6732,temporary output
2026-08-29T07:28:31+00:00,delete,Y:/Subjects\JRS_0049\2025-01-15\3\p0_g0\p0_g0_imec1\p0_g0_t0.imec1.ap.cbin.partial-26564,1215209674,DESKTOP-KH3D2OM,26564,renamed into place
2026-08-29T07:28:31+00:00,create,Y:/Subjects\JRS_0049\2025-01-15\3\p0_g0\p0_g0_imec1\p0_g0_t0.imec1.ap.cbin,1215206508,DESKTOP-KH3D2OM,26564,
2026-08-29T07:28:31+00:00,create,Y:/Subjects\JRS_0049\2025-01-15\3\p0_g0\p0_g0_imec1\p0_g0_t0.imec1.ap.ch,3166,DESKTOP-KH3D2OM,26564,
2026-08-29T07:28:32+00:00,create,Y:/Subjects\AL_0036\2025-01-21\1\p1_g0\p1_g0_imec0\p1_g0_t0.imec0.lf.cbin.partial-26564,0,DESKTOP-KH3D2OM,26564,temporary output
2026-08-29T07:30:53+00:00,delete,Y:/Subjects\Sawtell\060623_file001_g1\060623_file001_g1_t0.imec0.lf.cbin.partial-6732,609784533,DESKTOP-KH3D2OM,6732,renamed into place
2026-08-29T07:30:53+00:00,create,Y:/Subjects\Sawtell\060623_file001_g1\060623_file001_g1_t0.imec0.lf.cbin,609751235,DESKTOP-KH3D2OM,6732,
2026-08-29T07:30:53+00:00,create,Y:/Subjects\Sawtell\060623_file001_g1\060623_file001_g1_t0.imec0.lf.ch,33298,DESKTOP-KH3D2OM,6732,
2026-08-29T07:30:53+00:00,create,Y:/Subjects\ZYE_0072\2023-02-01\3\p2_g0\p2_g0_imec0\p2_g0_t0.imec0.lf.cbin.partial-6732,0,DESKTOP-KH3D2OM,6732,temporary output
2026-08-29T07:32:17+00:00,delete,Y:/Subjects\AL_0036\2025-01-21\1\p1_g0\p1_g0_imec0\p1_g0_t0.imec0.lf.cbin.partial-26564,989052951,DESKTOP-KH3D2OM,26564,renamed into place
2026-08-29T07:32:17+00:00,create,Y:/Subjects\AL_0036\2025-01-21\1\p1_g0\p1_g0_imec0\p1_g0_t0.imec0.lf.cbin,989016527,DESKTOP-KH3D2OM,26564,
2026-08-29T07:32:17+00:00,create,Y:/Subjects\AL_0036\2025-01-21\1\p1_g0\p1_g0_imec0\p1_g0_t0.imec0.lf.ch,36424,DESKTOP-KH3D2OM,26564,
2026-08-29T07:32:18+00:00,create,Y:/Subjects\ZYE_0100\2026-04-19\1\p0_g0\p0_g0_imec0\p0_g0_t0.imec0.lf.cbin.partial-26564,0,DESKTOP-KH3D2OM,26564,temporary output
2026-08-29T07:34:16+00:00,delete,Y:/Subjects\ZYE_0072\2023-02-01\3\p2_g0\p2_g0_imec0\p2_g0_t0.imec0.lf.cbin.partial-6732,712403746,DESKTOP-KH3D2OM,6732,renamed into place
2026-08-29T07:34:16+00:00,create,Y:/Subjects\ZYE_0072\2023-02-01\3\p2_g0\p2_g0_imec0\p2_g0_t0.imec0.lf.cbin,712367011,DESKTOP-KH3D2OM,6732,
2026-08-29T07:34:16+00:00,create,Y:/Subjects\ZYE_0072\2023-02-01\3\p2_g0\p2_g0_imec0\p2_g0_t0.imec0.lf.ch,36735,DESKTOP-KH3D2OM,6732,
2026-08-29T07:34:16+00:00,create,Y:/Subjects\ZYE_0100\2026-04-19\1\p0_g0\p0_g0_imec2\p0_g0_t0.imec2.lf.cbin.partial-6732,0,DESKTOP-KH3D2OM,6732,temporary output
2026-08-29T07:35:43+00:00,delete,Y:/Subjects\ZYE_0100\2026-04-19\1\p0_g0\p0_g0_imec0\p0_g0_t0.imec0.lf.cbin.partial-26564,863731182,DESKTOP-KH3D2OM,26564,renamed into place
2026-08-29T07:35:44+00:00,create,Y:/Subjects\ZYE_0100\2026-04-19\1\p0_g0\p0_g0_imec0\p0_g0_t0.imec0.lf.cbin,863693968,DESKTOP-KH3D2OM,26564,
2026-08-29T07:35:44+00:00,create,Y:/Subjects\ZYE_0100\2026-04-19\1\p0_g0\p0_g0_imec0\p0_g0_t0.imec0.lf.ch,37214,DESKTOP-KH3D2OM,26564,
2026-08-29T07:35:44+00:00,create,Y:/Subjects\ZYE_0100\2026-04-19\1\p0_g0\p0_g0_imec4\p0_g0_t0.imec4.lf.cbin.partial-26564,0,DESKTOP-KH3D2OM,26564,temporary output
2026-08-29T07:37:34+00:00,delete,Y:/Subjects\ZYE_0100\2026-04-19\1\p0_g0\p0_g0_imec2\p0_g0_t0.imec2.lf.cbin.partial-6732,872524976,DESKTOP-KH3D2OM,6732,renamed into place
2026-08-29T07:37:34+00:00,create,Y:/Subjects\ZYE_0100\2026-04-19\1\p0_g0\p0_g0_imec2\p0_g0_t0.imec2.lf.cbin,872487764,DESKTOP-KH3D2OM,6732,
2026-08-29T07:37:34+00:00,create,Y:/Subjects\ZYE_0100\2026-04-19\1\p0_g0\p0_g0_imec2\p0_g0_t0.imec2.lf.ch,37212,DESKTOP-KH3D2OM,6732,
2026-08-29T07:37:34+00:00,create,Y:/Subjects\ZYE_0100\2026-04-19\1\p0_g0\p0_g0_imec3\p0_g0_t0.imec3.lf.cbin.partial-6732,0,DESKTOP-KH3D2OM,6732,temporary output
2026-08-29T07:39:17+00:00,delete,Y:/Subjects\ZYE_0100\2026-04-19\1\p0_g0\p0_g0_imec4\p0_g0_t0.imec4.lf.cbin.partial-26564,880606412,DESKTOP-KH3D2OM,26564,renamed into place
2026-08-29T07:39:17+00:00,create,Y:/Subjects\ZYE_0100\2026-04-19\1\p0_g0\p0_g0_imec4\p0_g0_t0.imec4.lf.cbin,880569180,DESKTOP-KH3D2OM,26564,
2026-08-29T07:39:17+00:00,create,Y:/Subjects\ZYE_0100\2026-04-19\1\p0_g0\p0_g0_imec4\p0_g0_t0.imec4.lf.ch,37232,DESKTOP-KH3D2OM,26564,
2026-08-29T07:39:17+00:00,create,Y:/Subjects\ZYE_0100\2026-04-19\1\p0_g0\p0_g0_imec1\p0_g0_t0.imec1.lf.cbin.partial-26564,0,DESKTOP-KH3D2OM,26564,temporary output
2026-08-29T07:40:58+00:00,delete,Y:/Subjects\ZYE_0100\2026-04-19\1\p0_g0\p0_g0_imec3\p0_g0_t0.imec3.lf.cbin.partial-6732,784362095,DESKTOP-KH3D2OM,6732,renamed into place
2026-08-29T07:40:58+00:00,create,Y:/Subjects\ZYE_0100\2026-04-19\1\p0_g0\p0_g0_imec3\p0_g0_t0.imec3.lf.cbin,784324914,DESKTOP-KH3D2OM,6732,
2026-08-29T07:40:58+00:00,create,Y:/Subjects\ZYE_0100\2026-04-19\1\p0_g0\p0_g0_imec3\p0_g0_t0.imec3.lf.ch,37181,DESKTOP-KH3D2OM,6732,
2026-08-29T07:40:58+00:00,create,Y:/Subjects\FD_013\2026-05-05\3\p2_g0\p2_g0_imec0\p2_g0_t0.imec0.lf.cbin.partial-6732,0,DESKTOP-KH3D2OM,6732,temporary output
2026-08-29T07:42:50+00:00,delete,Y:/Subjects\ZYE_0100\2026-04-19\1\p0_g0\p0_g0_imec1\p0_g0_t0.imec1.lf.cbin.partial-26564,898911796,DESKTOP-KH3D2OM,26564,renamed into place
2026-08-29T07:42:50+00:00,create,Y:/Subjects\ZYE_0100\2026-04-19\1\p0_g0\p0_g0_imec1\p0_g0_t0.imec1.lf.cbin,898874566,DESKTOP-KH3D2OM,26564,
2026-08-29T07:42:50+00:00,create,Y:/Subjects\ZYE_0100\2026-04-19\1\p0_g0\p0_g0_imec1\p0_g0_t0.imec1.lf.ch,37230,DESKTOP-KH3D2OM,26564,
2026-08-29T07:42:50+00:00,create,Y:/Subjects\AL_0033\2025-07-03\3\p1_g0\p1_g0_imec0\p1_g0_t0.imec0.ap.cbin.partial-26564,0,DESKTOP-KH3D2OM,26564,temporary output
2026-08-29T07:44:20+00:00,delete,Y:/Subjects\FD_013\2026-05-05\3\p2_g0\p2_g0_imec0\p2_g0_t0.imec0.lf.cbin.partial-6732,683752135,DESKTOP-KH3D2OM,6732,renamed into place
2026-08-29T07:44:20+00:00,create,Y:/Subjects\FD_013\2026-05-05\3\p2_g0\p2_g0_imec0\p2_g0_t0.imec0.lf.cbin,683714310,DESKTOP-KH3D2OM,6732,
2026-08-29T07:44:20+00:00,create,Y:/Subjects\FD_013\2026-05-05\3\p2_g0\p2_g0_imec0\p2_g0_t0.imec0.lf.ch,37825,DESKTOP-KH3D2OM,6732,
2026-08-29T07:44:20+00:00,create,Y:/Subjects\AL_0033\2025-07-22\3\p1_g0\p1_g0_imec0\p1_g0_t0.imec0.lf.cbin.partial-6732,0,DESKTOP-KH3D2OM,6732,temporary output
2026-08-29T07:46:49+00:00,delete,Y:/Subjects\AL_0033\2025-07-03\3\p1_g0\p1_g0_imec0\p1_g0_t0.imec0.ap.cbin.partial-26564,1002570908,DESKTOP-KH3D2OM,26564,renamed into place
2026-08-29T07:46:49+00:00,create,Y:/Subjects\AL_0033\2025-07-03\3\p1_g0\p1_g0_imec0\p1_g0_t0.imec0.ap.cbin,1002567282,DESKTOP-KH3D2OM,26564,
2026-08-29T07:46:49+00:00,create,Y:/Subjects\AL_0033\2025-07-03\3\p1_g0\p1_g0_imec0\p1_g0_t0.imec0.ap.ch,3626,DESKTOP-KH3D2OM,26564,
2026-08-29T07:46:49+00:00,create,Y:/Subjects\MonkeyUltra_01\a220302_Ultradense_g1\a220302_Ultradense_g1_t0.nidq.cbin.partial-26564,0,DESKTOP-KH3D2OM,26564,temporary output
2026-08-29T07:48:04+00:00,delete,Y:/Subjects\AL_0033\2025-07-22\3\p1_g0\p1_g0_imec0\p1_g0_t0.imec0.lf.cbin.partial-6732,1163565476,DESKTOP-KH3D2OM,6732,renamed into place
2026-08-29T07:48:04+00:00,create,Y:/Subjects\AL_0033\2025-07-22\3\p1_g0\p1_g0_imec0\p1_g0_t0.imec0.lf.cbin,1163523539,DESKTOP-KH3D2OM,6732,
2026-08-29T07:48:04+00:00,create,Y:/Subjects\AL_0033\2025-07-22\3\p1_g0\p1_g0_imec0\p1_g0_t0.imec0.lf.ch,41937,DESKTOP-KH3D2OM,6732,
2026-08-29T07:48:04+00:00,create,Y:/Subjects\FD_013\2026-05-05\1\p1_g0\p1_g0_imec0\p1_g0_t0.imec0.lf.cbin.partial-6732,0,DESKTOP-KH3D2OM,6732,temporary output
2026-08-29T07:48:56+00:00,delete,Y:/Subjects\MonkeyUltra_01\a220302_Ultradense_g1\a220302_Ultradense_g1_t0.nidq.cbin.partial-26564,316135477,DESKTOP-KH3D2OM,26564,renamed into place
2026-08-29T07:48:57+00:00,create,Y:/Subjects\MonkeyUltra_01\a220302_Ultradense_g1\a220302_Ultradense_g1_t0.nidq.cbin,315895700,DESKTOP-KH3D2OM,26564,
2026-08-29T07:48:57+00:00,create,Y:/Subjects\MonkeyUltra_01\a220302_Ultradense_g1\a220302_Ultradense_g1_t0.nidq.ch,239777,DESKTOP-KH3D2OM,26564,
2026-08-29T07:48:57+00:00,create,Y:/Subjects\AL_0033\2025-08-08\1\p0_g0\p0_g0_imec0\p0_g0_t0.imec0.ap.cbin.partial-26564,0,DESKTOP-KH3D2OM,26564,temporary output
2026-08-29T07:51:56+00:00,delete,Y:/Subjects\FD_013\2026-05-05\1\p1_g0\p1_g0_imec0\p1_g0_t0.imec0.lf.cbin.partial-6732,968670215,DESKTOP-KH3D2OM,6732,renamed into place
2026-08-29T07:51:56+00:00,create,Y:/Subjects\FD_013\2026-05-05\1\p1_g0\p1_g0_imec0\p1_g0_t0.imec0.lf.cbin,968626444,DESKTOP-KH3D2OM,6732,
2026-08-29T07:51:56+00:00,create,Y:/Subjects\FD_013\2026-05-05\1\p1_g0\p1_g0_imec0\p1_g0_t0.imec0.lf.ch,43771,DESKTOP-KH3D2OM,6732,
2026-08-29T07:51:56+00:00,create,Y:/Subjects\AL_0029\2024-02-26\1\p3_g1\p3_g1_imec1\p3_g1_t0.imec1.lf.cbin.partial-6732,0,DESKTOP-KH3D2OM,6732,temporary output
2026-08-29T07:53:01+00:00,delete,Y:/Subjects\AL_0033\2025-08-08\1\p0_g0\p0_g0_imec0\p0_g0_t0.imec0.ap.cbin.partial-26564,1319856935,DESKTOP-KH3D2OM,26564,renamed into place
2026-08-29T07:53:01+00:00,create,Y:/Subjects\AL_0033\2025-08-08\1\p0_g0\p0_g0_imec0\p0_g0_t0.imec0.ap.cbin,1319852797,DESKTOP-KH3D2OM,26564,
2026-08-29T07:53:01+00:00,create,Y:/Subjects\AL_0033\2025-08-08\1\p0_g0\p0_g0_imec0\p0_g0_t0.imec0.ap.ch,4138,DESKTOP-KH3D2OM,26564,
2026-08-29T07:53:01+00:00,create,Y:/Subjects\AL_0029\2024-02-26\1\p3_g1\p3_g1_imec0\p3_g1_t0.imec0.lf.cbin.partial-26564,0,DESKTOP-KH3D2OM,26564,temporary output
2026-08-29T07:55:49+00:00,delete,Y:/Subjects\AL_0029\2024-02-26\1\p3_g1\p3_g1_imec1\p3_g1_t0.imec1.lf.cbin.partial-6732,761299728,DESKTOP-KH3D2OM,6732,renamed into place
2026-08-29T07:55:49+00:00,create,Y:/Subjects\AL_0029\2024-02-26\1\p3_g1\p3_g1_imec1\p3_g1_t0.imec1.lf.cbin,761254160,DESKTOP-KH3D2OM,6732,
2026-08-29T07:55:49+00:00,create,Y:/Subjects\AL_0029\2024-02-26\1\p3_g1\p3_g1_imec1\p3_g1_t0.imec1.lf.ch,45568,DESKTOP-KH3D2OM,6732,
2026-08-29T07:55:49+00:00,create,Y:/Subjects\AL_0033\2025-07-03\4\p2_g0\p2_g0_imec0\p2_g0_t0.imec0.lf.cbin.partial-6732,0,DESKTOP-KH3D2OM,6732,temporary output
2026-08-29T07:56:41+00:00,delete,Y:/Subjects\AL_0029\2024-02-26\1\p3_g1\p3_g1_imec0\p3_g1_t0.imec0.lf.cbin.partial-26564,690921457,DESKTOP-KH3D2OM,26564,renamed into place
2026-08-29T07:56:41+00:00,create,Y:/Subjects\AL_0029\2024-02-26\1\p3_g1\p3_g1_imec0\p3_g1_t0.imec0.lf.cbin,690875918,DESKTOP-KH3D2OM,26564,
2026-08-29T07:56:41+00:00,create,Y:/Subjects\AL_0029\2024-02-26\1\p3_g1\p3_g1_imec0\p3_g1_t0.imec0.lf.ch,45539,DESKTOP-KH3D2OM,26564,
2026-08-29T07:56:41+00:00,create,Y:/Subjects\AL_0033\2025-07-22\1\p0_g0\p0_g0_imec0\p0_g0_t0.imec0.lf.cbin.partial-26564,0,DESKTOP-KH3D2OM,26564,temporary output
2026-08-29T08:00:24+00:00,delete,Y:/Subjects\AL_0033\2025-07-03\4\p2_g0\p2_g0_imec0\p2_g0_t0.imec0.lf.cbin.partial-6732,1243702458,DESKTOP-KH3D2OM,6732,renamed into place
2026-08-29T08:00:24+00:00,create,Y:/Subjects\AL_0033\2025-07-03\4\p2_g0\p2_g0_imec0\p2_g0_t0.imec0.lf.cbin,1243656338,DESKTOP-KH3D2OM,6732,
2026-08-29T08:00:24+00:00,create,Y:/Subjects\AL_0033\2025-07-03\4\p2_g0\p2_g0_imec0\p2_g0_t0.imec0.lf.ch,46120,DESKTOP-KH3D2OM,6732,
2026-08-29T08:00:24+00:00,create,Y:/Subjects\DO_0008\2021-03-24\3\p0_g0\p0_g0_imec0\p0_g0_t0.imec0.lf.cbin.partial-6732,0,DESKTOP-KH3D2OM,6732,temporary output
2026-08-29T08:01:36+00:00,delete,Y:/Subjects\AL_0033\2025-07-22\1\p0_g0\p0_g0_imec0\p0_g0_t0.imec0.lf.cbin.partial-26564,1113799884,DESKTOP-KH3D2OM,26564,renamed into place
2026-08-29T08:01:36+00:00,create,Y:/Subjects\AL_0033\2025-07-22\1\p0_g0\p0_g0_imec0\p0_g0_t0.imec0.lf.cbin,1113753092,DESKTOP-KH3D2OM,26564,
2026-08-29T08:01:36+00:00,create,Y:/Subjects\AL_0033\2025-07-22\1\p0_g0\p0_g0_imec0\p0_g0_t0.imec0.lf.ch,46792,DESKTOP-KH3D2OM,26564,
2026-08-29T08:01:36+00:00,create,Y:/Subjects\AL_0046\2026-04-07\p3_g0\p3_g0_imec0\p3_g0_t0.imec0.ap.cbin.partial-26564,0,DESKTOP-KH3D2OM,26564,temporary output
2026-08-29T08:04:39+00:00,delete,Y:/Subjects\DO_0008\2021-03-24\3\p0_g0\p0_g0_imec0\p0_g0_t0.imec0.lf.cbin.partial-6732,896745713,DESKTOP-KH3D2OM,6732,renamed into place
2026-08-29T08:04:39+00:00,create,Y:/Subjects\DO_0008\2021-03-24\3\p0_g0\p0_g0_imec0\p0_g0_t0.imec0.lf.cbin,896698156,DESKTOP-KH3D2OM,6732,
2026-08-29T08:04:39+00:00,create,Y:/Subjects\DO_0008\2021-03-24\3\p0_g0\p0_g0_imec0\p0_g0_t0.imec0.lf.ch,47557,DESKTOP-KH3D2OM,6732,
2026-08-29T08:04:40+00:00,create,Y:/Subjects\AL_0033\2025-07-21\3\p1_g0\p1_g0_imec0\p1_g0_t0.imec0.lf.cbin.partial-6732,0,DESKTOP-KH3D2OM,6732,temporary output
2026-08-29T08:06:33+00:00,delete,Y:/Subjects\AL_0046\2026-04-07\p3_g0\p3_g0_imec0\p3_g0_t0.imec0.ap.cbin.partial-26564,1189068614,DESKTOP-KH3D2OM,26564,renamed into place
2026-08-29T08:06:34+00:00,create,Y:/Subjects\AL_0046\2026-04-07\p3_g0\p3_g0_imec0\p3_g0_t0.imec0.ap.cbin,1189064128,DESKTOP-KH3D2OM,26564,
2026-08-29T08:06:34+00:00,create,Y:/Subjects\AL_0046\2026-04-07\p3_g0\p3_g0_imec0\p3_g0_t0.imec0.ap.ch,4486,DESKTOP-KH3D2OM,26564,
2026-08-29T08:06:34+00:00,create,Y:/Subjects\AB_0014\2021-11-19\1\p0_g1\p0_g1_imec0\p0_g1_t0.imec0.ap.cbin.partial-26564,0,DESKTOP-KH3D2OM,26564,temporary output
2026-08-29T08:09:05+00:00,delete,Y:/Subjects\AL_0033\2025-07-21\3\p1_g0\p1_g0_imec0\p1_g0_t0.imec0.lf.cbin.partial-6732,1497605433,DESKTOP-KH3D2OM,6732,renamed into place
2026-08-29T08:09:05+00:00,create,Y:/Subjects\AL_0033\2025-07-21\3\p1_g0\p1_g0_imec0\p1_g0_t0.imec0.lf.cbin,1497555322,DESKTOP-KH3D2OM,6732,
2026-08-29T08:09:05+00:00,create,Y:/Subjects\AL_0033\2025-07-21\3\p1_g0\p1_g0_imec0\p1_g0_t0.imec0.lf.ch,50111,DESKTOP-KH3D2OM,6732,
2026-08-29T08:09:05+00:00,create,Y:/Subjects\SM_0001\2020-11-09\10\p4_g0\p4_g0_imec0\p4_g0_t0.imec0.lf.cbin.partial-6732,0,DESKTOP-KH3D2OM,6732,temporary output
2026-08-29T08:10:40+00:00,delete,Y:/Subjects\AB_0014\2021-11-19\1\p0_g1\p0_g1_imec0\p0_g1_t0.imec0.ap.cbin.partial-26564,1797508242,DESKTOP-KH3D2OM,26564,renamed into place
2026-08-29T08:10:40+00:00,create,Y:/Subjects\AB_0014\2021-11-19\1\p0_g1\p0_g1_imec0\p0_g1_t0.imec0.ap.cbin,1797503590,DESKTOP-KH3D2OM,26564,
2026-08-29T08:10:40+00:00,create,Y:/Subjects\AB_0014\2021-11-19\1\p0_g1\p0_g1_imec0\p0_g1_t0.imec0.ap.ch,4652,DESKTOP-KH3D2OM,26564,
2026-08-29T08:10:40+00:00,create,Y:/Subjects\SM_0001\2020-11-09\10\p4_g0\p4_g0_imec1\p4_g0_t0.imec1.lf.cbin.partial-26564,0,DESKTOP-KH3D2OM,26564,temporary output
2026-08-29T08:13:46+00:00,delete,Y:/Subjects\SM_0001\2020-11-09\10\p4_g0\p4_g0_imec0\p4_g0_t0.imec0.lf.cbin.partial-6732,998796365,DESKTOP-KH3D2OM,6732,renamed into place
2026-08-29T08:13:47+00:00,create,Y:/Subjects\SM_0001\2020-11-09\10\p4_g0\p4_g0_imec0\p4_g0_t0.imec0.lf.cbin,998745594,DESKTOP-KH3D2OM,6732,
2026-08-29T08:13:47+00:00,create,Y:/Subjects\SM_0001\2020-11-09\10\p4_g0\p4_g0_imec0\p4_g0_t0.imec0.lf.ch,50771,DESKTOP-KH3D2OM,6732,
2026-08-29T08:13:47+00:00,create,Y:/Subjects\JRS_0044\2025-02-05\2\p0_g0\p0_g0_imec0\p0_g0_t0.imec0.lf.cbin.partial-6732,0,DESKTOP-KH3D2OM,6732,temporary output
2026-08-29T08:15:25+00:00,delete,Y:/Subjects\SM_0001\2020-11-09\10\p4_g0\p4_g0_imec1\p4_g0_t0.imec1.lf.cbin.partial-26564,983410327,DESKTOP-KH3D2OM,26564,renamed into place
2026-08-29T08:15:25+00:00,create,Y:/Subjects\SM_0001\2020-11-09\10\p4_g0\p4_g0_imec1\p4_g0_t0.imec1.lf.cbin,983359561,DESKTOP-KH3D2OM,26564,
2026-08-29T08:15:25+00:00,create,Y:/Subjects\SM_0001\2020-11-09\10\p4_g0\p4_g0_imec1\p4_g0_t0.imec1.lf.ch,50766,DESKTOP-KH3D2OM,26564,
2026-08-29T08:15:25+00:00,create,Y:/Subjects\SM_0001\2020-11-09\1\p1_g0\p1_g0_imec0\p1_g0_t0.imec0.lf.cbin.partial-26564,0,DESKTOP-KH3D2OM,26564,temporary output
2026-08-29T08:18:51+00:00,delete,Y:/Subjects\JRS_0044\2025-02-05\2\p0_g0\p0_g0_imec0\p0_g0_t0.imec0.lf.cbin.partial-6732,1183208185,DESKTOP-KH3D2OM,6732,renamed into place
2026-08-29T08:18:51+00:00,create,Y:/Subjects\JRS_0044\2025-02-05\2\p0_g0\p0_g0_imec0\p0_g0_t0.imec0.lf.cbin,1183156260,DESKTOP-KH3D2OM,6732,
2026-08-29T08:18:51+00:00,create,Y:/Subjects\JRS_0044\2025-02-05\2\p0_g0\p0_g0_imec0\p0_g0_t0.imec0.lf.ch,51925,DESKTOP-KH3D2OM,6732,
2026-08-29T08:18:51+00:00,create,Y:/Subjects\AL_0033\2025-08-08\4\p2_g0\p2_g0_imec0\p2_g0_t0.imec0.lf.cbin.partial-6732,0,DESKTOP-KH3D2OM,6732,temporary output
2026-08-29T08:19:58+00:00,delete,Y:/Subjects\SM_0001\2020-11-09\1\p1_g0\p1_g0_imec0\p1_g0_t0.imec0.lf.cbin.partial-26564,926291301,DESKTOP-KH3D2OM,26564,renamed into place
2026-08-29T08:19:59+00:00,create,Y:/Subjects\SM_0001\2020-11-09\1\p1_g0\p1_g0_imec0\p1_g0_t0.imec0.lf.cbin,926237905,DESKTOP-KH3D2OM,26564,
2026-08-29T08:19:59+00:00,create,Y:/Subjects\SM_0001\2020-11-09\1\p1_g0\p1_g0_imec0\p1_g0_t0.imec0.lf.ch,53396,DESKTOP-KH3D2OM,26564,
2026-08-29T08:19:59+00:00,create,Y:/Subjects\AB_0029\2023-12-01\1\p0_g0\p0_g0_t0.imec0.lf.cbin.partial-26564,0,DESKTOP-KH3D2OM,26564,temporary output
2026-08-29T08:21:30+00:00,delete,Y:/Subjects\AL_0033\2025-08-08\4\p2_g0\p2_g0_imec0\p2_g0_t0.imec0.lf.cbin.partial-6732,1157963869,DESKTOP-KH3D2OM,6732,renamed into place
2026-08-29T08:21:30+00:00,create,Y:/Subjects\AL_0033\2025-08-08\4\p2_g0\p2_g0_imec0\p2_g0_t0.imec0.lf.cbin,1157909897,DESKTOP-KH3D2OM,6732,
2026-08-29T08:21:30+00:00,create,Y:/Subjects\AL_0033\2025-08-08\4\p2_g0\p2_g0_imec0\p2_g0_t0.imec0.lf.ch,53972,DESKTOP-KH3D2OM,6732,
2026-08-29T08:21:30+00:00,create,Y:/Subjects\AL_0034\2024-12-06\1\p1_g0\p1_g0_imec0\p1_g0_t0.imec0.lf.cbin.partial-6732,0,DESKTOP-KH3D2OM,6732,temporary output
2026-08-29T08:24:54+00:00,delete,Y:/Subjects\AB_0029\2023-12-01\1\p0_g0\p0_g0_t0.imec0.lf.cbin.partial-26564,1000538875,DESKTOP-KH3D2OM,26564,renamed into place
2026-08-29T08:24:54+00:00,create,Y:/Subjects\AB_0029\2023-12-01\1\p0_g0\p0_g0_t0.imec0.lf.cbin,1000484606,DESKTOP-KH3D2OM,26564,
2026-08-29T08:24:54+00:00,create,Y:/Subjects\AB_0029\2023-12-01\1\p0_g0\p0_g0_t0.imec0.lf.ch,54269,DESKTOP-KH3D2OM,26564,
2026-08-29T08:24:54+00:00,create,Y:/Subjects\AL_0034\2024-12-06\2\p1_g0\p1_g0_imec0\p1_g0_t0.imec0.lf.cbin.partial-26564,0,DESKTOP-KH3D2OM,26564,temporary output
2026-08-29T08:27:01+00:00,delete,Y:/Subjects\AL_0034\2024-12-06\1\p1_g0\p1_g0_imec0\p1_g0_t0.imec0.lf.cbin.partial-6732,1543835086,DESKTOP-KH3D2OM,6732,renamed into place
2026-08-29T08:27:01+00:00,create,Y:/Subjects\AL_0034\2024-12-06\1\p1_g0\p1_g0_imec0\p1_g0_t0.imec0.lf.cbin,1543779927,DESKTOP-KH3D2OM,6732,
2026-08-29T08:27:01+00:00,create,Y:/Subjects\AL_0034\2024-12-06\1\p1_g0\p1_g0_imec0\p1_g0_t0.imec0.lf.ch,55159,DESKTOP-KH3D2OM,6732,
2026-08-29T08:27:01+00:00,create,Y:/Subjects\JRS_0044\2025-02-13\1\p0_g0\p0_g0_imec0\p0_g0_t0.imec0.lf.cbin.partial-6732,0,DESKTOP-KH3D2OM,6732,temporary output
2026-08-29T08:30:25+00:00,delete,Y:/Subjects\AL_0034\2024-12-06\2\p1_g0\p1_g0_imec0\p1_g0_t0.imec0.lf.cbin.partial-26564,1543835086,DESKTOP-KH3D2OM,26564,renamed into place
2026-08-29T08:30:25+00:00,create,Y:/Subjects\AL_0034\2024-12-06\2\p1_g0\p1_g0_imec0\p1_g0_t0.imec0.lf.cbin,1543779927,DESKTOP-KH3D2OM,26564,
2026-08-29T08:30:25+00:00,create,Y:/Subjects\AL_0034\2024-12-06\2\p1_g0\p1_g0_imec0\p1_g0_t0.imec0.lf.ch,55159,DESKTOP-KH3D2OM,26564,
2026-08-29T08:30:25+00:00,create,Y:/Subjects\AL_0036\2025-02-26\1\p1_g0\p1_g0_imec0\p1_g0_t0.imec0.lf.cbin.partial-26564,0,DESKTOP-KH3D2OM,26564,temporary output
2026-08-29T08:32:16+00:00,delete,Y:/Subjects\JRS_0044\2025-02-13\1\p0_g0\p0_g0_imec0\p0_g0_t0.imec0.lf.cbin.partial-6732,1066071600,DESKTOP-KH3D2OM,6732,renamed into place
2026-08-29T08:32:16+00:00,create,Y:/Subjects\JRS_0044\2025-02-13\1\p0_g0\p0_g0_imec0\p0_g0_t0.imec0.lf.cbin,1066014969,DESKTOP-KH3D2OM,6732,
2026-08-29T08:32:16+00:00,create,Y:/Subjects\JRS_0044\2025-02-13\1\p0_g0\p0_g0_imec0\p0_g0_t0.imec0.lf.ch,56631,DESKTOP-KH3D2OM,6732,
2026-08-29T08:32:16+00:00,create,Y:/Subjects\AB_0032\2024-08-21\7\p0_g0\p0_g0_t0.imec0.lf.cbin.partial-6732,0,DESKTOP-KH3D2OM,6732,temporary output
2026-08-29T08:36:07+00:00,delete,Y:/Subjects\AL_0036\2025-02-26\1\p1_g0\p1_g0_imec0\p1_g0_t0.imec0.lf.cbin.partial-26564,1199445376,DESKTOP-KH3D2OM,26564,renamed into place
2026-08-29T08:36:08+00:00,create,Y:/Subjects\AL_0036\2025-02-26\1\p1_g0\p1_g0_imec0\p1_g0_t0.imec0.lf.cbin,1199388485,DESKTOP-KH3D2OM,26564,
2026-08-29T08:36:08+00:00,create,Y:/Subjects\AL_0036\2025-02-26\1\p1_g0\p1_g0_imec0\p1_g0_t0.imec0.lf.ch,56891,DESKTOP-KH3D2OM,26564,
2026-08-29T08:36:08+00:00,create,Y:/Subjects\AL_0041\2026-04-21\4\p4_g0\p4_g0_imec0\p4_g0_t0.imec0.lf.cbin.partial-26564,0,DESKTOP-KH3D2OM,26564,temporary output
2026-08-29T08:37:16+00:00,delete,Y:/Subjects\AB_0032\2024-08-21\7\p0_g0\p0_g0_t0.imec0.lf.cbin.partial-6732,1553787149,DESKTOP-KH3D2OM,6732,renamed into place
2026-08-29T08:37:16+00:00,create,Y:/Subjects\AB_0032\2024-08-21\7\p0_g0\p0_g0_t0.imec0.lf.cbin,1553729592,DESKTOP-KH3D2OM,6732,
2026-08-29T08:37:16+00:00,create,Y:/Subjects\AB_0032\2024-08-21\7\p0_g0\p0_g0_t0.imec0.lf.ch,57557,DESKTOP-KH3D2OM,6732,
2026-08-29T08:37:16+00:00,create,Y:/Subjects\AB_0031\2023-11-19\1\p0_g0\p0_g0_t0.imec0.lf.cbin.partial-6732,0,DESKTOP-KH3D2OM,6732,temporary output
2026-08-29T08:40:58+00:00,delete,Y:/Subjects\AL_0041\2026-04-21\4\p4_g0\p4_g0_imec0\p4_g0_t0.imec0.lf.cbin.partial-26564,973899054,DESKTOP-KH3D2OM,26564,renamed into place
2026-08-29T08:40:58+00:00,create,Y:/Subjects\AL_0041\2026-04-21\4\p4_g0\p4_g0_imec0\p4_g0_t0.imec0.lf.cbin,973842073,DESKTOP-KH3D2OM,26564,
2026-08-29T08:40:58+00:00,create,Y:/Subjects\AL_0041\2026-04-21\4\p4_g0\p4_g0_imec0\p4_g0_t0.imec0.lf.ch,56981,DESKTOP-KH3D2OM,26564,
2026-08-29T08:40:58+00:00,create,Y:/Subjects\JRS_0030\2024-01-05\1\p0_g0\p0_g0_imec1\p0_g0_t0.imec1.lf.cbin.partial-26564,0,DESKTOP-KH3D2OM,26564,temporary output
2026-08-29T08:41:47+00:00,delete,Y:/Subjects\AB_0031\2023-11-19\1\p0_g0\p0_g0_t0.imec0.lf.cbin.partial-6732,870768949,DESKTOP-KH3D2OM,6732,renamed into place
2026-08-29T08:41:47+00:00,create,Y:/Subjects\AB_0031\2023-11-19\1\p0_g0\p0_g0_t0.imec0.lf.cbin,870711690,DESKTOP-KH3D2OM,6732,
2026-08-29T08:41:47+00:00,create,Y:/Subjects\AB_0031\2023-11-19\1\p0_g0\p0_g0_t0.imec0.lf.ch,57259,DESKTOP-KH3D2OM,6732,
2026-08-29T08:41:47+00:00,create,Y:/Subjects\JRS_0030\2024-01-05\1\p0_g0\p0_g0_imec0\p0_g0_t0.imec0.lf.cbin.partial-6732,0,DESKTOP-KH3D2OM,6732,temporary output
2026-08-29T08:45:47+00:00,delete,Y:/Subjects\JRS_0030\2024-01-05\1\p0_g0\p0_g0_imec1\p0_g0_t0.imec1.lf.cbin.partial-26564,963558409,DESKTOP-KH3D2OM,26564,renamed into place
2026-08-29T08:45:47+00:00,create,Y:/Subjects\JRS_0030\2024-01-05\1\p0_g0\p0_g0_imec1\p0_g0_t0.imec1.lf.cbin,963500510,DESKTOP-KH3D2OM,26564,
2026-08-29T08:45:47+00:00,create,Y:/Subjects\JRS_0030\2024-01-05\1\p0_g0\p0_g0_imec1\p0_g0_t0.imec1.lf.ch,57899,DESKTOP-KH3D2OM,26564,
2026-08-29T08:45:47+00:00,create,Y:/Subjects\JRS_0030\2024-01-05\3\p0_g1\p0_g1_imec1\p0_g1_t0.imec1.lf.cbin.partial-26564,0,DESKTOP-KH3D2OM,26564,temporary output
2026-08-29T08:47:06+00:00,delete,Y:/Subjects\JRS_0030\2024-01-05\1\p0_g0\p0_g0_imec0\p0_g0_t0.imec0.lf.cbin.partial-6732,1088547504,DESKTOP-KH3D2OM,6732,renamed into place
2026-08-29T08:47:07+00:00,create,Y:/Subjects\JRS_0030\2024-01-05\1\p0_g0\p0_g0_imec0\p0_g0_t0.imec0.lf.cbin,1088489412,DESKTOP-KH3D2OM,6732,
2026-08-29T08:47:07+00:00,create,Y:/Subjects\JRS_0030\2024-01-05\1\p0_g0\p0_g0_imec0\p0_g0_t0.imec0.lf.ch,58092,DESKTOP-KH3D2OM,6732,
2026-08-29T08:47:07+00:00,create,Y:/Subjects\JRS_0030\2024-01-05\3\p0_g1\p0_g1_imec0\p0_g1_t0.imec0.lf.cbin.partial-6732,0,DESKTOP-KH3D2OM,6732,temporary output
2026-08-29T08:51:05+00:00,delete,Y:/Subjects\JRS_0030\2024-01-05\3\p0_g1\p0_g1_imec1\p0_g1_t0.imec1.lf.cbin.partial-26564,1169285332,DESKTOP-KH3D2OM,26564,renamed into place
2026-08-29T08:51:05+00:00,create,Y:/Subjects\JRS_0030\2024-01-05\3\p0_g1\p0_g1_imec1\p0_g1_t0.imec1.lf.cbin,1169226208,DESKTOP-KH3D2OM,26564,
2026-08-29T08:51:05+00:00,create,Y:/Subjects\JRS_0030\2024-01-05\3\p0_g1\p0_g1_imec1\p0_g1_t0.imec1.lf.ch,59124,DESKTOP-KH3D2OM,26564,
2026-08-29T08:51:05+00:00,create,Y:/Subjects\AL_0034\2024-12-06\3\p2_g0\p2_g0_imec0\p2_g0_t0.imec0.lf.cbin.partial-26564,0,DESKTOP-KH3D2OM,26564,temporary output
2026-08-29T08:53:02+00:00,delete,Y:/Subjects\JRS_0030\2024-01-05\3\p0_g1\p0_g1_imec0\p0_g1_t0.imec0.lf.cbin.partial-6732,1289271840,DESKTOP-KH3D2OM,6732,renamed into place
2026-08-29T08:53:02+00:00,create,Y:/Subjects\JRS_0030\2024-01-05\3\p0_g1\p0_g1_imec0\p0_g1_t0.imec0.lf.cbin,1289212534,DESKTOP-KH3D2OM,6732,
2026-08-29T08:53:02+00:00,create,Y:/Subjects\JRS_0030\2024-01-05\3\p0_g1\p0_g1_imec0\p0_g1_t0.imec0.lf.ch,59306,DESKTOP-KH3D2OM,6732,
2026-08-29T08:53:02+00:00,create,Y:/Subjects\JRS_0030\2024-01-03\1\p0_g0\p0_g0_imec1\p0_g0_t0.imec1.lf.cbin.partial-6732,0,DESKTOP-KH3D2OM,6732,temporary output
2026-08-29T08:57:00+00:00,delete,Y:/Subjects\AL_0034\2024-12-06\3\p2_g0\p2_g0_imec0\p2_g0_t0.imec0.lf.cbin.partial-26564,1797288900,DESKTOP-KH3D2OM,26564,renamed into place
2026-08-29T08:57:00+00:00,create,Y:/Subjects\AL_0034\2024-12-06\3\p2_g0\p2_g0_imec0\p2_g0_t0.imec0.lf.cbin,1797228272,DESKTOP-KH3D2OM,26564,
2026-08-29T08:57:00+00:00,create,Y:/Subjects\AL_0034\2024-12-06\3\p2_g0\p2_g0_imec0\p2_g0_t0.imec0.lf.ch,60628,DESKTOP-KH3D2OM,26564,
2026-08-29T08:57:00+00:00,create,Y:/Subjects\JRS_0030\2024-01-03\1\p0_g0\p0_g0_imec0\p0_g0_t0.imec0.lf.cbin.partial-26564,0,DESKTOP-KH3D2OM,26564,temporary output
2026-08-29T08:59:03+00:00,delete,Y:/Subjects\JRS_0030\2024-01-03\1\p0_g0\p0_g0_imec1\p0_g0_t0.imec1.lf.cbin.partial-6732,1312837923,DESKTOP-KH3D2OM,6732,renamed into place
2026-08-29T08:59:04+00:00,create,Y:/Subjects\JRS_0030\2024-01-03\1\p0_g0\p0_g0_imec1\p0_g0_t0.imec1.lf.cbin,1312777517,DESKTOP-KH3D2OM,6732,
2026-08-29T08:59:04+00:00,create,Y:/Subjects\JRS_0030\2024-01-03\1\p0_g0\p0_g0_imec1\p0_g0_t0.imec1.lf.ch,60406,DESKTOP-KH3D2OM,6732,
2026-08-29T08:59:04+00:00,create,Y:/Subjects\XL_001\2025-08-12\1\p0_g0\p0_g0_imec0\p0_g0_t0.imec0.lf.cbin.partial-6732,0,DESKTOP-KH3D2OM,6732,temporary output
2026-08-29T09:02:55+00:00,delete,Y:/Subjects\JRS_0030\2024-01-03\1\p0_g0\p0_g0_imec0\p0_g0_t0.imec0.lf.cbin.partial-26564,1268809747,DESKTOP-KH3D2OM,26564,renamed into place
2026-08-29T09:02:55+00:00,create,Y:/Subjects\JRS_0030\2024-01-03\1\p0_g0\p0_g0_imec0\p0_g0_t0.imec0.lf.cbin,1268749381,DESKTOP-KH3D2OM,26564,
2026-08-29T09:02:55+00:00,create,Y:/Subjects\JRS_0030\2024-01-03\1\p0_g0\p0_g0_imec0\p0_g0_t0.imec0.lf.ch,60366,DESKTOP-KH3D2OM,26564,
2026-08-29T09:02:55+00:00,create,Y:/Subjects\AL_0033\2025-08-07\3\p1_g0\p1_g0_imec0\p1_g0_t0.imec0.lf.cbin.partial-26564,0,DESKTOP-KH3D2OM,26564,temporary output
2026-08-29T09:04:30+00:00,delete,Y:/Subjects\XL_001\2025-08-12\1\p0_g0\p0_g0_imec0\p0_g0_t0.imec0.lf.cbin.partial-6732,1143798551,DESKTOP-KH3D2OM,6732,renamed into place
2026-08-29T09:04:30+00:00,create,Y:/Subjects\XL_001\2025-08-12\1\p0_g0\p0_g0_imec0\p0_g0_t0.imec0.lf.cbin,1143738236,DESKTOP-KH3D2OM,6732,
2026-08-29T09:04:30+00:00,create,Y:/Subjects\XL_001\2025-08-12\1\p0_g0\p0_g0_imec0\p0_g0_t0.imec0.lf.ch,60315,DESKTOP-KH3D2OM,6732,
2026-08-29T09:04:30+00:00,create,Y:/Subjects\AL_0039\2025-07-24\5\p2_g0\p2_g0_imec0\p2_g0_t0.imec0.lf.cbin.partial-6732,0,DESKTOP-KH3D2OM,6732,temporary output
2026-08-29T09:05:57+00:00,delete,Y:/Subjects\AL_0033\2025-08-07\3\p1_g0\p1_g0_imec0\p1_g0_t0.imec0.lf.cbin.partial-26564,1417140351,DESKTOP-KH3D2OM,26564,renamed into place
2026-08-29T09:05:57+00:00,create,Y:/Subjects\AL_0033\2025-08-07\3\p1_g0\p1_g0_imec0\p1_g0_t0.imec0.lf.cbin,1417079489,DESKTOP-KH3D2OM,26564,
2026-08-29T09:05:57+00:00,create,Y:/Subjects\AL_0033\2025-08-07\3\p1_g0\p1_g0_imec0\p1_g0_t0.imec0.lf.ch,60862,DESKTOP-KH3D2OM,26564,
2026-08-29T09:05:57+00:00,create,Y:/Subjects\ZYE_0035\2021-07-05\1\p0_g0\p0_g0_t0.imec0.lf.cbin.partial-26564,0,DESKTOP-KH3D2OM,26564,temporary output
2026-08-29T09:10:42+00:00,delete,Y:/Subjects\AL_0039\2025-07-24\5\p2_g0\p2_g0_imec0\p2_g0_t0.imec0.lf.cbin.partial-6732,1582174272,DESKTOP-KH3D2OM,6732,renamed into place
2026-08-29T09:10:42+00:00,create,Y:/Subjects\AL_0039\2025-07-24\5\p2_g0\p2_g0_imec0\p2_g0_t0.imec0.lf.cbin,1582112662,DESKTOP-KH3D2OM,6732,
2026-08-29T09:10:42+00:00,create,Y:/Subjects\AL_0039\2025-07-24\5\p2_g0\p2_g0_imec0\p2_g0_t0.imec0.lf.ch,61610,DESKTOP-KH3D2OM,6732,
2026-08-29T09:10:42+00:00,create,Y:/Subjects\AL_0033\2025-07-21\1\p0_g0\p0_g0_imec0\p0_g0_t0.imec0.lf.cbin.partial-6732,0,DESKTOP-KH3D2OM,6732,temporary output
2026-08-29T09:11:55+00:00,delete,Y:/Subjects\ZYE_0035\2021-07-05\1\p0_g0\p0_g0_t0.imec0.lf.cbin.partial-26564,1264434741,DESKTOP-KH3D2OM,26564,renamed into place
2026-08-29T09:11:56+00:00,create,Y:/Subjects\ZYE_0035\2021-07-05\1\p0_g0\p0_g0_t0.imec0.lf.cbin,1264373451,DESKTOP-KH3D2OM,26564,
2026-08-29T09:11:56+00:00,create,Y:/Subjects\ZYE_0035\2021-07-05\1\p0_g0\p0_g0_t0.imec0.lf.ch,61290,DESKTOP-KH3D2OM,26564,
2026-08-29T09:11:56+00:00,create,Y:/Subjects\test\2026-04-19\1\p5_g0\p5_g0_imec0\p5_g0_t0.imec0.lf.cbin.partial-26564,0,DESKTOP-KH3D2OM,26564,temporary output
2026-08-29T09:15:44+00:00,delete,Y:/Subjects\AL_0033\2025-07-21\1\p0_g0\p0_g0_imec0\p0_g0_t0.imec0.lf.cbin.partial-6732,1895437173,DESKTOP-KH3D2OM,6732,renamed into place
2026-08-29T09:15:45+00:00,create,Y:/Subjects\AL_0033\2025-07-21\1\p0_g0\p0_g0_imec0\p0_g0_t0.imec0.lf.cbin,1895374470,DESKTOP-KH3D2OM,6732,
2026-08-29T09:15:45+00:00,create,Y:/Subjects\AL_0033\2025-07-21\1\p0_g0\p0_g0_imec0\p0_g0_t0.imec0.lf.ch,62703,DESKTOP-KH3D2OM,6732,
2026-08-29T09:15:45+00:00,create,Y:/Subjects\test\2026-04-19\1\p5_g0\p5_g0_imec2\p5_g0_t0.imec2.lf.cbin.partial-6732,0,DESKTOP-KH3D2OM,6732,temporary output
2026-08-29T09:16:33+00:00,delete,Y:/Subjects\test\2026-04-19\1\p5_g0\p5_g0_imec0\p5_g0_t0.imec0.lf.cbin.partial-26564,814738153,DESKTOP-KH3D2OM,26564,renamed into place
2026-08-29T09:16:33+00:00,create,Y:/Subjects\test\2026-04-19\1\p5_g0\p5_g0_imec0\p5_g0_t0.imec0.lf.cbin,814675865,DESKTOP-KH3D2OM,26564,
2026-08-29T09:16:33+00:00,create,Y:/Subjects\test\2026-04-19\1\p5_g0\p5_g0_imec0\p5_g0_t0.imec0.lf.ch,62288,DESKTOP-KH3D2OM,26564,
2026-08-29T09:16:33+00:00,create,Y:/Subjects\test\2026-04-19\1\p5_g0\p5_g0_imec4\p5_g0_t0.imec4.lf.cbin.partial-26564,0,DESKTOP-KH3D2OM,26564,temporary output
2026-08-29T09:20:23+00:00,delete,Y:/Subjects\test\2026-04-19\1\p5_g0\p5_g0_imec2\p5_g0_t0.imec2.lf.cbin.partial-6732,823670449,DESKTOP-KH3D2OM,6732,renamed into place
2026-08-29T09:20:23+00:00,create,Y:/Subjects\test\2026-04-19\1\p5_g0\p5_g0_imec2\p5_g0_t0.imec2.lf.cbin,823608158,DESKTOP-KH3D2OM,6732,
2026-08-29T09:20:23+00:00,create,Y:/Subjects\test\2026-04-19\1\p5_g0\p5_g0_imec2\p5_g0_t0.imec2.lf.ch,62291,DESKTOP-KH3D2OM,6732,
2026-08-29T09:20:23+00:00,create,Y:/Subjects\test\2026-04-19\1\p5_g0\p5_g0_imec3\p5_g0_t0.imec3.lf.cbin.partial-6732,0,DESKTOP-KH3D2OM,6732,temporary output
2026-08-29T09:21:16+00:00,delete,Y:/Subjects\test\2026-04-19\1\p5_g0\p5_g0_imec4\p5_g0_t0.imec4.lf.cbin.partial-26564,844799121,DESKTOP-KH3D2OM,26564,renamed into place
2026-08-29T09:21:16+00:00,create,Y:/Subjects\test\2026-04-19\1\p5_g0\p5_g0_imec4\p5_g0_t0.imec4.lf.cbin,844736822,DESKTOP-KH3D2OM,26564,
2026-08-29T09:21:16+00:00,create,Y:/Subjects\test\2026-04-19\1\p5_g0\p5_g0_imec4\p5_g0_t0.imec4.lf.ch,62299,DESKTOP-KH3D2OM,26564,
2026-08-29T09:21:16+00:00,create,Y:/Subjects\test\2026-04-19\1\p5_g0\p5_g0_imec1\p5_g0_t0.imec1.lf.cbin.partial-26564,0,DESKTOP-KH3D2OM,26564,temporary output
2026-08-29T09:25:02+00:00,delete,Y:/Subjects\test\2026-04-19\1\p5_g0\p5_g0_imec3\p5_g0_t0.imec3.lf.cbin.partial-6732,824517936,DESKTOP-KH3D2OM,6732,renamed into place
2026-08-29T09:25:02+00:00,create,Y:/Subjects\test\2026-04-19\1\p5_g0\p5_g0_imec3\p5_g0_t0.imec3.lf.cbin,824455642,DESKTOP-KH3D2OM,6732,
2026-08-29T09:25:02+00:00,create,Y:/Subjects\test\2026-04-19\1\p5_g0\p5_g0_imec3\p5_g0_t0.imec3.lf.ch,62294,DESKTOP-KH3D2OM,6732,
2026-08-29T09:25:02+00:00,create,Y:/Subjects\AL_0033\2025-07-02\1\p0_g0\p0_g0_imec0\p0_g0_t0.imec0.lf.cbin.partial-6732,0,DESKTOP-KH3D2OM,6732,temporary output
2026-08-29T09:25:53+00:00,delete,Y:/Subjects\test\2026-04-19\1\p5_g0\p5_g0_imec1\p5_g0_t0.imec1.lf.cbin.partial-26564,830660375,DESKTOP-KH3D2OM,26564,renamed into place
2026-08-29T09:25:53+00:00,create,Y:/Subjects\test\2026-04-19\1\p5_g0\p5_g0_imec1\p5_g0_t0.imec1.lf.cbin,830598082,DESKTOP-KH3D2OM,26564,
2026-08-29T09:25:53+00:00,create,Y:/Subjects\test\2026-04-19\1\p5_g0\p5_g0_imec1\p5_g0_t0.imec1.lf.ch,62293,DESKTOP-KH3D2OM,26564,
2026-08-29T09:25:53+00:00,create,Y:/Subjects\XL_001\2025-08-13\1\p0_g0\p0_g0_imec0\p0_g0_t0.imec0.lf.cbin.partial-26564,0,DESKTOP-KH3D2OM,26564,temporary output
2026-08-29T09:30:35+00:00,delete,Y:/Subjects\AL_0033\2025-07-02\1\p0_g0\p0_g0_imec0\p0_g0_t0.imec0.lf.cbin.partial-6732,1789302138,DESKTOP-KH3D2OM,6732,renamed into place
2026-08-29T09:30:35+00:00,create,Y:/Subjects\AL_0033\2025-07-02\1\p0_g0\p0_g0_imec0\p0_g0_t0.imec0.lf.cbin,1789237664,DESKTOP-KH3D2OM,6732,
2026-08-29T09:30:35+00:00,create,Y:/Subjects\AL_0033\2025-07-02\1\p0_g0\p0_g0_imec0\p0_g0_t0.imec0.lf.ch,64474,DESKTOP-KH3D2OM,6732,
2026-08-29T09:30:35+00:00,create,Y:/Subjects\JRS_0030\2024-01-04\1\p0_g0\p0_g0_imec1\p0_g0_t0.imec1.lf.cbin.partial-6732,0,DESKTOP-KH3D2OM,6732,temporary output
2026-08-29T09:31:07+00:00,delete,Y:/Subjects\XL_001\2025-08-13\1\p0_g0\p0_g0_imec0\p0_g0_t0.imec0.lf.cbin.partial-26564,1036082150,DESKTOP-KH3D2OM,26564,renamed into place
2026-08-29T09:31:07+00:00,create,Y:/Subjects\XL_001\2025-08-13\1\p0_g0\p0_g0_imec0\p0_g0_t0.imec0.lf.cbin,1036018420,DESKTOP-KH3D2OM,26564,
2026-08-29T09:31:07+00:00,create,Y:/Subjects\XL_001\2025-08-13\1\p0_g0\p0_g0_imec0\p0_g0_t0.imec0.lf.ch,63730,DESKTOP-KH3D2OM,26564,
2026-08-29T09:31:07+00:00,create,Y:/Subjects\JRS_0030\2024-01-04\1\p0_g0\p0_g0_imec0\p0_g0_t0.imec0.lf.cbin.partial-26564,0,DESKTOP-KH3D2OM,26564,temporary output
2026-08-29T09:37:04+00:00,delete,Y:/Subjects\JRS_0030\2024-01-04\1\p0_g0\p0_g0_imec1\p0_g0_t0.imec1.lf.cbin.partial-6732,1409058577,DESKTOP-KH3D2OM,6732,renamed into place
2026-08-29T09:37:04+00:00,create,Y:/Subjects\JRS_0030\2024-01-04\1\p0_g0\p0_g0_imec1\p0_g0_t0.imec1.lf.cbin,1408994176,DESKTOP-KH3D2OM,6732,
2026-08-29T09:37:04+00:00,create,Y:/Subjects\JRS_0030\2024-01-04\1\p0_g0\p0_g0_imec1\p0_g0_t0.imec1.lf.ch,64401,DESKTOP-KH3D2OM,6732,
2026-08-29T09:37:04+00:00,create,Y:/Subjects\LK_0003\2021-07-06\1\p0_g0\p0_g0_t0.imec0.lf.cbin.partial-6732,0,DESKTOP-KH3D2OM,6732,temporary output
2026-08-29T09:37:39+00:00,delete,Y:/Subjects\JRS_0030\2024-01-04\1\p0_g0\p0_g0_imec0\p0_g0_t0.imec0.lf.cbin.partial-26564,1548405597,DESKTOP-KH3D2OM,26564,renamed into place
2026-08-29T09:37:39+00:00,create,Y:/Subjects\JRS_0030\2024-01-04\1\p0_g0\p0_g0_imec0\p0_g0_t0.imec0.lf.cbin,1548341042,DESKTOP-KH3D2OM,26564,
2026-08-29T09:37:39+00:00,create,Y:/Subjects\JRS_0030\2024-01-04\1\p0_g0\p0_g0_imec0\p0_g0_t0.imec0.lf.ch,64555,DESKTOP-KH3D2OM,26564,
2026-08-29T09:37:39+00:00,create,Y:/Subjects\AL_0039\2025-07-23\3\p2_g0\p2_g0_imec0\p2_g0_t0.imec0.lf.cbin.partial-26564,0,DESKTOP-KH3D2OM,26564,temporary output
2026-08-29T09:43:36+00:00,delete,Y:/Subjects\LK_0003\2021-07-06\1\p0_g0\p0_g0_t0.imec0.lf.cbin.partial-6732,1359280890,DESKTOP-KH3D2OM,6732,renamed into place
2026-08-29T09:43:37+00:00,create,Y:/Subjects\LK_0003\2021-07-06\1\p0_g0\p0_g0_t0.imec0.lf.cbin,1359215977,DESKTOP-KH3D2OM,6732,
2026-08-29T09:43:37+00:00,create,Y:/Subjects\LK_0003\2021-07-06\1\p0_g0\p0_g0_t0.imec0.lf.ch,64913,DESKTOP-KH3D2OM,6732,
2026-08-29T09:43:37+00:00,create,Y:/Subjects\AL_0039\2025-07-24\3\p1_g0\p1_g0_imec0\p1_g0_t0.imec0.lf.cbin.partial-6732,0,DESKTOP-KH3D2OM,6732,temporary output
2026-08-29T09:44:17+00:00,delete,Y:/Subjects\AL_0039\2025-07-23\3\p2_g0\p2_g0_imec0\p2_g0_t0.imec0.lf.cbin.partial-26564,1727165562,DESKTOP-KH3D2OM,26564,renamed into place
2026-08-29T09:44:18+00:00,create,Y:/Subjects\AL_0039\2025-07-23\3\p2_g0\p2_g0_imec0\p2_g0_t0.imec0.lf.cbin,1727099922,DESKTOP-KH3D2OM,26564,
2026-08-29T09:44:18+00:00,create,Y:/Subjects\AL_0039\2025-07-23\3\p2_g0\p2_g0_imec0\p2_g0_t0.imec0.lf.ch,65640,DESKTOP-KH3D2OM,26564,
2026-08-29T09:44:18+00:00,create,Y:/Subjects\ZYE_0072\2023-02-01\1\p0_g0\p0_g0_imec0\p0_g0_t0.imec0.lf.cbin.partial-26564,0,DESKTOP-KH3D2OM,26564,temporary output
2026-08-29T09:50:02+00:00,delete,Y:/Subjects\AL_0039\2025-07-24\3\p1_g0\p1_g0_imec0\p1_g0_t0.imec0.lf.cbin.partial-6732,1836678878,DESKTOP-KH3D2OM,6732,renamed into place
2026-08-29T09:50:02+00:00,create,Y:/Subjects\AL_0039\2025-07-24\3\p1_g0\p1_g0_imec0\p1_g0_t0.imec0.lf.cbin,1836613121,DESKTOP-KH3D2OM,6732,
2026-08-29T09:50:02+00:00,create,Y:/Subjects\AL_0039\2025-07-24\3\p1_g0\p1_g0_imec0\p1_g0_t0.imec0.lf.ch,65757,DESKTOP-KH3D2OM,6732,
2026-08-29T09:50:02+00:00,create,Y:/Subjects\AL_0033\2025-07-03\11\p6_g0\p6_g0_imec0\p6_g0_t0.imec0.lf.cbin.partial-6732,0,DESKTOP-KH3D2OM,6732,temporary output
2026-08-29T09:50:42+00:00,delete,Y:/Subjects\ZYE_0072\2023-02-01\1\p0_g0\p0_g0_imec0\p0_g0_t0.imec0.lf.cbin.partial-26564,1475286813,DESKTOP-KH3D2OM,26564,renamed into place
2026-08-29T09:50:42+00:00,create,Y:/Subjects\ZYE_0072\2023-02-01\1\p0_g0\p0_g0_imec0\p0_g0_t0.imec0.lf.cbin,1475220924,DESKTOP-KH3D2OM,26564,
2026-08-29T09:50:42+00:00,create,Y:/Subjects\ZYE_0072\2023-02-01\1\p0_g0\p0_g0_imec0\p0_g0_t0.imec0.lf.ch,65889,DESKTOP-KH3D2OM,26564,
2026-08-29T09:50:42+00:00,create,Y:/Subjects\AB_0035\2024-05-26\1\p0_g0\p0_g0_t0.imec0.lf.cbin.partial-26564,0,DESKTOP-KH3D2OM,26564,temporary output
2026-08-29T09:56:40+00:00,delete,Y:/Subjects\AB_0035\2024-05-26\1\p0_g0\p0_g0_t0.imec0.lf.cbin.partial-26564,1271035249,DESKTOP-KH3D2OM,26564,renamed into place
2026-08-29T09:56:40+00:00,create,Y:/Subjects\AB_0035\2024-05-26\1\p0_g0\p0_g0_t0.imec0.lf.cbin,1270968110,DESKTOP-KH3D2OM,26564,
2026-08-29T09:56:40+00:00,create,Y:/Subjects\AB_0035\2024-05-26\1\p0_g0\p0_g0_t0.imec0.lf.ch,67139,DESKTOP-KH3D2OM,26564,
2026-08-29T09:56:40+00:00,create,Y:/Subjects\AB_0035\2024-05-26\1\p1_g0\p1_g0_t0.imec0.lf.cbin.partial-26564,0,DESKTOP-KH3D2OM,26564,temporary output
2026-08-29T09:56:51+00:00,delete,Y:/Subjects\AL_0033\2025-07-03\11\p6_g0\p6_g0_imec0\p6_g0_t0.imec0.lf.cbin.partial-6732,1761897472,DESKTOP-KH3D2OM,6732,renamed into place
2026-08-29T09:56:52+00:00,create,Y:/Subjects\AL_0033\2025-07-03\11\p6_g0\p6_g0_imec0\p6_g0_t0.imec0.lf.cbin,1761830276,DESKTOP-KH3D2OM,6732,
2026-08-29T09:56:52+00:00,create,Y:/Subjects\AL_0033\2025-07-03\11\p6_g0\p6_g0_imec0\p6_g0_t0.imec0.lf.ch,67196,DESKTOP-KH3D2OM,6732,
2026-08-29T09:56:52+00:00,create,Y:/Subjects\AL_0033\2025-07-03\1\p0_g0\p0_g0_imec0\p0_g0_t0.imec0.lf.cbin.partial-6732,0,DESKTOP-KH3D2OM,6732,temporary output
2026-08-29T10:02:57+00:00,delete,Y:/Subjects\AB_0035\2024-05-26\1\p1_g0\p1_g0_t0.imec0.lf.cbin.partial-26564,1281794992,DESKTOP-KH3D2OM,26564,renamed into place
2026-08-29T10:02:58+00:00,create,Y:/Subjects\AB_0035\2024-05-26\1\p1_g0\p1_g0_t0.imec0.lf.cbin,1281727845,DESKTOP-KH3D2OM,26564,
2026-08-29T10:02:58+00:00,create,Y:/Subjects\AB_0035\2024-05-26\1\p1_g0\p1_g0_t0.imec0.lf.ch,67147,DESKTOP-KH3D2OM,26564,
2026-08-29T10:02:58+00:00,create,Y:/Subjects\JRS_0033\2024-02-27\1\p0_g0\p0_g0_imec1\p0_g0_t0.imec1.lf.cbin.partial-26564,0,DESKTOP-KH3D2OM,26564,temporary output
2026-08-29T10:03:36+00:00,delete,Y:/Subjects\AL_0033\2025-07-03\1\p0_g0\p0_g0_imec0\p0_g0_t0.imec0.lf.cbin.partial-6732,1795160140,DESKTOP-KH3D2OM,6732,renamed into place
2026-08-29T10:03:36+00:00,create,Y:/Subjects\AL_0033\2025-07-03\1\p0_g0\p0_g0_imec0\p0_g0_t0.imec0.lf.cbin,1795092345,DESKTOP-KH3D2OM,6732,
2026-08-29T10:03:36+00:00,create,Y:/Subjects\AL_0033\2025-07-03\1\p0_g0\p0_g0_imec0\p0_g0_t0.imec0.lf.ch,67795,DESKTOP-KH3D2OM,6732,
2026-08-29T10:03:36+00:00,create,Y:/Subjects\JRS_0033\2024-02-27\1\p0_g0\p0_g0_imec0\p0_g0_t0.imec0.lf.cbin.partial-6732,0,DESKTOP-KH3D2OM,6732,temporary output
2026-08-29T10:08:19+00:00,delete,Y:/Subjects\JRS_0033\2024-02-27\1\p0_g0\p0_g0_imec1\p0_g0_t0.imec1.lf.cbin.partial-26564,1011947403,DESKTOP-KH3D2OM,26564,renamed into place
2026-08-29T10:08:19+00:00,create,Y:/Subjects\JRS_0033\2024-02-27\1\p0_g0\p0_g0_imec1\p0_g0_t0.imec1.lf.cbin,1011880041,DESKTOP-KH3D2OM,26564,
2026-08-29T10:08:19+00:00,create,Y:/Subjects\JRS_0033\2024-02-27\1\p0_g0\p0_g0_imec1\p0_g0_t0.imec1.lf.ch,67362,DESKTOP-KH3D2OM,26564,
2026-08-29T10:08:19+00:00,create,Y:/Subjects\ZYE_0008\2020-10-31\5\p1_g2\p1_g2_imec0\p1_g2_t0.imec0.lf.cbin.partial-26564,0,DESKTOP-KH3D2OM,26564,temporary output
2026-08-29T10:09:22+00:00,delete,Y:/Subjects\JRS_0033\2024-02-27\1\p0_g0\p0_g0_imec0\p0_g0_t0.imec0.lf.cbin.partial-6732,1195647438,DESKTOP-KH3D2OM,6732,renamed into place
2026-08-29T10:09:23+00:00,create,Y:/Subjects\JRS_0033\2024-02-27\1\p0_g0\p0_g0_imec0\p0_g0_t0.imec0.lf.cbin,1195579607,DESKTOP-KH3D2OM,6732,
2026-08-29T10:09:23+00:00,create,Y:/Subjects\JRS_0033\2024-02-27\1\p0_g0\p0_g0_imec0\p0_g0_t0.imec0.lf.ch,67831,DESKTOP-KH3D2OM,6732,
2026-08-29T10:09:23+00:00,create,Y:/Subjects\ZYE_0008\2020-10-31\5\p1_g2\p1_g2_imec1\p1_g2_t0.imec1.lf.cbin.partial-6732,0,DESKTOP-KH3D2OM,6732,temporary output
2026-08-29T10:13:57+00:00,delete,Y:/Subjects\ZYE_0008\2020-10-31\5\p1_g2\p1_g2_imec0\p1_g2_t0.imec0.lf.cbin.partial-26564,1106002202,DESKTOP-KH3D2OM,26564,renamed into place
2026-08-29T10:13:57+00:00,create,Y:/Subjects\ZYE_0008\2020-10-31\5\p1_g2\p1_g2_imec0\p1_g2_t0.imec0.lf.cbin,1105933775,DESKTOP-KH3D2OM,26564,
2026-08-29T10:13:57+00:00,create,Y:/Subjects\ZYE_0008\2020-10-31\5\p1_g2\p1_g2_imec0\p1_g2_t0.imec0.lf.ch,68427,DESKTOP-KH3D2OM,26564,
2026-08-29T10:13:57+00:00,create,Y:/Subjects\XL_010\2026-05-27\1\p0_g0\p0_g0_imec0\p0_g0_t0.imec0.lf.cbin.partial-26564,0,DESKTOP-KH3D2OM,26564,temporary output
2026-08-29T10:14:49+00:00,delete,Y:/Subjects\ZYE_0008\2020-10-31\5\p1_g2\p1_g2_imec1\p1_g2_t0.imec1.lf.cbin.partial-6732,1042461687,DESKTOP-KH3D2OM,6732,renamed into place
2026-08-29T10:14:49+00:00,create,Y:/Subjects\ZYE_0008\2020-10-31\5\p1_g2\p1_g2_imec1\p1_g2_t0.imec1.lf.cbin,1042393361,DESKTOP-KH3D2OM,6732,
2026-08-29T10:14:49+00:00,create,Y:/Subjects\ZYE_0008\2020-10-31\5\p1_g2\p1_g2_imec1\p1_g2_t0.imec1.lf.ch,68326,DESKTOP-KH3D2OM,6732,
2026-08-29T10:14:49+00:00,create,Y:/Subjects\AB_0028\2024-05-26\1\p0_g0\p0_g0_t0.imec0.lf.cbin.partial-6732,0,DESKTOP-KH3D2OM,6732,temporary output
2026-08-29T10:19:53+00:00,delete,Y:/Subjects\XL_010\2026-05-27\1\p0_g0\p0_g0_imec0\p0_g0_t0.imec0.lf.cbin.partial-26564,1303196653,DESKTOP-KH3D2OM,26564,renamed into place
2026-08-29T10:19:53+00:00,create,Y:/Subjects\XL_010\2026-05-27\1\p0_g0\p0_g0_imec0\p0_g0_t0.imec0.lf.cbin,1303127390,DESKTOP-KH3D2OM,26564,
2026-08-29T10:19:53+00:00,create,Y:/Subjects\XL_010\2026-05-27\1\p0_g0\p0_g0_imec0\p0_g0_t0.imec0.lf.ch,69263,DESKTOP-KH3D2OM,26564,
2026-08-29T10:19:54+00:00,create,Y:/Subjects\AB_0028\2024-05-26\1\p1_g0\p1_g0_t0.imec0.lf.cbin.partial-26564,0,DESKTOP-KH3D2OM,26564,temporary output
2026-08-29T10:21:06+00:00,delete,Y:/Subjects\AB_0028\2024-05-26\1\p0_g0\p0_g0_t0.imec0.lf.cbin.partial-6732,1269756167,DESKTOP-KH3D2OM,6732,renamed into place
2026-08-29T10:21:06+00:00,create,Y:/Subjects\AB_0028\2024-05-26\1\p0_g0\p0_g0_t0.imec0.lf.cbin,1269685899,DESKTOP-KH3D2OM,6732,
2026-08-29T10:21:06+00:00,create,Y:/Subjects\AB_0028\2024-05-26\1\p0_g0\p0_g0_t0.imec0.lf.ch,70268,DESKTOP-KH3D2OM,6732,
2026-08-29T10:21:06+00:00,create,Y:/Subjects\AL_0033\2025-08-08\2\p1_g0\p1_g0_imec0\p1_g0_t0.imec0.lf.cbin.partial-6732,0,DESKTOP-KH3D2OM,6732,temporary output
2026-08-29T10:24:33+00:00,delete,Y:/Subjects\AL_0033\2025-08-08\2\p1_g0\p1_g0_imec0\p1_g0_t0.imec0.lf.cbin.partial-6732,1452218528,DESKTOP-KH3D2OM,6732,renamed into place
2026-08-29T10:24:33+00:00,create,Y:/Subjects\AL_0033\2025-08-08\2\p1_g0\p1_g0_imec0\p1_g0_t0.imec0.lf.cbin,1452147524,DESKTOP-KH3D2OM,6732,
2026-08-29T10:24:33+00:00,create,Y:/Subjects\AL_0033\2025-08-08\2\p1_g0\p1_g0_imec0\p1_g0_t0.imec0.lf.ch,71004,DESKTOP-KH3D2OM,6732,
2026-08-29T10:24:33+00:00,create,Y:/Subjects\ZYE_0013\2021-02-17\1\p1_g0\p1_g0_imec0\p1_g0_t0.imec0.lf.cbin.partial-6732,0,DESKTOP-KH3D2OM,6732,temporary output
2026-08-29T10:26:18+00:00,delete,Y:/Subjects\AB_0028\2024-05-26\1\p1_g0\p1_g0_t0.imec0.lf.cbin.partial-26564,1317781330,DESKTOP-KH3D2OM,26564,renamed into place
2026-08-29T10:26:19+00:00,create,Y:/Subjects\AB_0028\2024-05-26\1\p1_g0\p1_g0_t0.imec0.lf.cbin,1317710987,DESKTOP-KH3D2OM,26564,
2026-08-29T10:26:19+00:00,create,Y:/Subjects\AB_0028\2024-05-26\1\p1_g0\p1_g0_t0.imec0.lf.ch,70343,DESKTOP-KH3D2OM,26564,
2026-08-29T10:26:19+00:00,create,Y:/Subjects\AB_0032\2024-08-21\1\p0_g0\p0_g0_t0.imec0.ap.cbin.partial-26564,0,DESKTOP-KH3D2OM,26564,temporary output
2026-08-29T10:30:52+00:00,delete,Y:/Subjects\ZYE_0013\2021-02-17\1\p1_g0\p1_g0_imec0\p1_g0_t0.imec0.lf.cbin.partial-6732,1287617636,DESKTOP-KH3D2OM,6732,renamed into place
2026-08-29T10:30:52+00:00,create,Y:/Subjects\ZYE_0013\2021-02-17\1\p1_g0\p1_g0_imec0\p1_g0_t0.imec0.lf.cbin,1287546404,DESKTOP-KH3D2OM,6732,
2026-08-29T10:30:52+00:00,create,Y:/Subjects\ZYE_0013\2021-02-17\1\p1_g0\p1_g0_imec0\p1_g0_t0.imec0.lf.ch,71232,DESKTOP-KH3D2OM,6732,
2026-08-29T10:30:52+00:00,create,Y:/Subjects\JRS_0033\2024-02-27\4\p3_g0\p3_g0_imec1\p3_g0_t0.imec1.lf.cbin.partial-6732,0,DESKTOP-KH3D2OM,6732,temporary output
2026-08-29T10:33:44+00:00,delete,Y:/Subjects\AB_0032\2024-08-21\1\p0_g0\p0_g0_t0.imec0.ap.cbin.partial-26564,1846209035,DESKTOP-KH3D2OM,26564,renamed into place
2026-08-29T10:33:44+00:00,create,Y:/Subjects\AB_0032\2024-08-21\1\p0_g0\p0_g0_t0.imec0.ap.cbin,1846202499,DESKTOP-KH3D2OM,26564,
2026-08-29T10:33:44+00:00,create,Y:/Subjects\AB_0032\2024-08-21\1\p0_g0\p0_g0_t0.imec0.ap.ch,6536,DESKTOP-KH3D2OM,26564,
2026-08-29T10:33:44+00:00,create,Y:/Subjects\JRS_0033\2024-02-27\4\p3_g0\p3_g0_imec0\p3_g0_t0.imec0.lf.cbin.partial-26564,0,DESKTOP-KH3D2OM,26564,temporary output
2026-08-29T10:37:01+00:00,delete,Y:/Subjects\JRS_0033\2024-02-27\4\p3_g0\p3_g0_imec1\p3_g0_t0.imec1.lf.cbin.partial-6732,1203049928,DESKTOP-KH3D2OM,6732,renamed into place
2026-08-29T10:37:02+00:00,create,Y:/Subjects\JRS_0033\2024-02-27\4\p3_g0\p3_g0_imec1\p3_g0_t0.imec1.lf.cbin,1202976112,DESKTOP-KH3D2OM,6732,
2026-08-29T10:37:02+00:00,create,Y:/Subjects\JRS_0033\2024-02-27\4\p3_g0\p3_g0_imec1\p3_g0_t0.imec1.lf.ch,73816,DESKTOP-KH3D2OM,6732,
2026-08-29T10:37:02+00:00,create,Y:/Subjects\ZYE_0072\2023-02-01\2\p1_g0\p1_g0_imec0\p1_g0_t0.imec0.lf.cbin.partial-6732,0,DESKTOP-KH3D2OM,6732,temporary output
2026-08-29T10:39:43+00:00,delete,Y:/Subjects\JRS_0033\2024-02-27\4\p3_g0\p3_g0_imec0\p3_g0_t0.imec0.lf.cbin.partial-26564,1149489817,DESKTOP-KH3D2OM,26564,renamed into place
2026-08-29T10:39:43+00:00,create,Y:/Subjects\JRS_0033\2024-02-27\4\p3_g0\p3_g0_imec0\p3_g0_t0.imec0.lf.cbin,1149416079,DESKTOP-KH3D2OM,26564,
2026-08-29T10:39:43+00:00,create,Y:/Subjects\JRS_0033\2024-02-27\4\p3_g0\p3_g0_imec0\p3_g0_t0.imec0.lf.ch,73738,DESKTOP-KH3D2OM,26564,
2026-08-29T10:39:43+00:00,create,Y:/Subjects\AB_0024\2022-08-31\1\p0_g0\p0_g0_t0.imec0.lf.cbin.partial-26564,0,DESKTOP-KH3D2OM,26564,temporary output
2026-08-29T10:43:07+00:00,delete,Y:/Subjects\ZYE_0072\2023-02-01\2\p1_g0\p1_g0_imec0\p1_g0_t0.imec0.lf.cbin.partial-6732,2322111662,DESKTOP-KH3D2OM,6732,renamed into place
2026-08-29T10:43:07+00:00,create,Y:/Subjects\ZYE_0072\2023-02-01\2\p1_g0\p1_g0_imec0\p1_g0_t0.imec0.lf.cbin,2322036551,DESKTOP-KH3D2OM,6732,
2026-08-29T10:43:07+00:00,create,Y:/Subjects\ZYE_0072\2023-02-01\2\p1_g0\p1_g0_imec0\p1_g0_t0.imec0.lf.ch,75111,DESKTOP-KH3D2OM,6732,
2026-08-29T10:43:07+00:00,create,Y:/Subjects\FD_013\2026-05-06\1\p0_g0\p0_g0_imec0\p0_g0_t0.imec0.lf.cbin.partial-6732,0,DESKTOP-KH3D2OM,6732,temporary output
2026-08-29T10:47:20+00:00,delete,Y:/Subjects\AB_0024\2022-08-31\1\p0_g0\p0_g0_t0.imec0.lf.cbin.partial-26564,1636448447,DESKTOP-KH3D2OM,26564,renamed into place
2026-08-29T10:47:20+00:00,create,Y:/Subjects\AB_0024\2022-08-31\1\p0_g0\p0_g0_t0.imec0.lf.cbin,1636373684,DESKTOP-KH3D2OM,26564,
2026-08-29T10:47:20+00:00,create,Y:/Subjects\AB_0024\2022-08-31\1\p0_g0\p0_g0_t0.imec0.lf.ch,74763,DESKTOP-KH3D2OM,26564,
2026-08-29T10:47:20+00:00,create,Y:/Subjects\AB_0037\2024-05-30\1\p0_g0\p0_g0_t0.imec0.lf.cbin.partial-26564,0,DESKTOP-KH3D2OM,26564,temporary output
2026-08-29T10:49:23+00:00,delete,Y:/Subjects\FD_013\2026-05-06\1\p0_g0\p0_g0_imec0\p0_g0_t0.imec0.lf.cbin.partial-6732,1396477441,DESKTOP-KH3D2OM,6732,renamed into place
2026-08-29T10:49:23+00:00,create,Y:/Subjects\FD_013\2026-05-06\1\p0_g0\p0_g0_imec0\p0_g0_t0.imec0.lf.cbin,1396402368,DESKTOP-KH3D2OM,6732,
2026-08-29T10:49:23+00:00,create,Y:/Subjects\FD_013\2026-05-06\1\p0_g0\p0_g0_imec0\p0_g0_t0.imec0.lf.ch,75073,DESKTOP-KH3D2OM,6732,
2026-08-29T10:49:23+00:00,create,Y:/Subjects\AB_0031\2023-11-28\1\p0_g0\p0_g0_t0.imec0.lf.cbin.partial-6732,0,DESKTOP-KH3D2OM,6732,temporary output
2026-08-29T10:54:27+00:00,delete,Y:/Subjects\AB_0037\2024-05-30\1\p0_g0\p0_g0_t0.imec0.lf.cbin.partial-26564,1452258014,DESKTOP-KH3D2OM,26564,renamed into place
2026-08-29T10:54:27+00:00,create,Y:/Subjects\AB_0037\2024-05-30\1\p0_g0\p0_g0_t0.imec0.lf.cbin,1452180738,DESKTOP-KH3D2OM,26564,
2026-08-29T10:54:27+00:00,create,Y:/Subjects\AB_0037\2024-05-30\1\p0_g0\p0_g0_t0.imec0.lf.ch,77276,DESKTOP-KH3D2OM,26564,
2026-08-29T10:54:27+00:00,create,Y:/Subjects\AB_0031\2023-11-28\1\p1_g0\p1_g0_t0.imec0.lf.cbin.partial-26564,0,DESKTOP-KH3D2OM,26564,temporary output
2026-08-29T10:56:24+00:00,delete,Y:/Subjects\AB_0031\2023-11-28\1\p0_g0\p0_g0_t0.imec0.lf.cbin.partial-6732,1413233004,DESKTOP-KH3D2OM,6732,renamed into place
2026-08-29T10:56:24+00:00,create,Y:/Subjects\AB_0031\2023-11-28\1\p0_g0\p0_g0_t0.imec0.lf.cbin,1413154889,DESKTOP-KH3D2OM,6732,
2026-08-29T10:56:24+00:00,create,Y:/Subjects\AB_0031\2023-11-28\1\p0_g0\p0_g0_t0.imec0.lf.ch,78115,DESKTOP-KH3D2OM,6732,
2026-08-29T10:56:24+00:00,create,Y:/Subjects\ZYE_0072\2023-01-31\2\p1_g0\p1_g0_imec0\p1_g0_t0.imec0.lf.cbin.partial-6732,0,DESKTOP-KH3D2OM,6732,temporary output
2026-08-29T11:01:28+00:00,delete,Y:/Subjects\AB_0031\2023-11-28\1\p1_g0\p1_g0_t0.imec0.lf.cbin.partial-26564,1375533788,DESKTOP-KH3D2OM,26564,renamed into place
2026-08-29T11:01:28+00:00,create,Y:/Subjects\AB_0031\2023-11-28\1\p1_g0\p1_g0_t0.imec0.lf.cbin,1375455726,DESKTOP-KH3D2OM,26564,
2026-08-29T11:01:28+00:00,create,Y:/Subjects\AB_0031\2023-11-28\1\p1_g0\p1_g0_t0.imec0.lf.ch,78062,DESKTOP-KH3D2OM,26564,
2026-08-29T11:01:28+00:00,create,Y:/Subjects\AL_0041\2026-04-17\1\p10_g0\p10_g0_imec0\p10_g0_t0.imec0.ap.cbin.partial-26564,0,DESKTOP-KH3D2OM,26564,temporary output
2026-08-29T11:03:42+00:00,delete,Y:/Subjects\ZYE_0072\2023-01-31\2\p1_g0\p1_g0_imec0\p1_g0_t0.imec0.lf.cbin.partial-6732,1445026912,DESKTOP-KH3D2OM,6732,renamed into place
2026-08-29T11:03:42+00:00,create,Y:/Subjects\ZYE_0072\2023-01-31\2\p1_g0\p1_g0_imec0\p1_g0_t0.imec0.lf.cbin,1444948704,DESKTOP-KH3D2OM,6732,
2026-08-29T11:03:42+00:00,create,Y:/Subjects\ZYE_0072\2023-01-31\2\p1_g0\p1_g0_imec0\p1_g0_t0.imec0.lf.ch,78208,DESKTOP-KH3D2OM,6732,
2026-08-29T11:03:42+00:00,create,Y:/Subjects\AL_0039\2025-07-23\1\p1_g0\p1_g0_imec0\p1_g0_t0.imec0.lf.cbin.partial-6732,0,DESKTOP-KH3D2OM,6732,temporary output
2026-08-29T11:09:06+00:00,delete,Y:/Subjects\AL_0041\2026-04-17\1\p10_g0\p10_g0_imec0\p10_g0_t0.imec0.ap.cbin.partial-26564,1550122030,DESKTOP-KH3D2OM,26564,renamed into place
2026-08-29T11:09:07+00:00,create,Y:/Subjects\AL_0041\2026-04-17\1\p10_g0\p10_g0_imec0\p10_g0_t0.imec0.ap.cbin,1550115061,DESKTOP-KH3D2OM,26564,
2026-08-29T11:09:07+00:00,create,Y:/Subjects\AL_0041\2026-04-17\1\p10_g0\p10_g0_imec0\p10_g0_t0.imec0.ap.ch,6969,DESKTOP-KH3D2OM,26564,
2026-08-29T11:09:07+00:00,create,Y:/Subjects\ZYE_0073\2024-01-28\1\p0_g0\p0_g0_imec1\p0_g0_t0.imec1.lf.cbin.partial-26564,0,DESKTOP-KH3D2OM,26564,temporary output
2026-08-29T11:11:53+00:00,delete,Y:/Subjects\AL_0039\2025-07-23\1\p1_g0\p1_g0_imec0\p1_g0_t0.imec0.lf.cbin.partial-6732,2114148645,DESKTOP-KH3D2OM,6732,renamed into place
2026-08-29T11:11:53+00:00,create,Y:/Subjects\AL_0039\2025-07-23\1\p1_g0\p1_g0_imec0\p1_g0_t0.imec0.lf.cbin,2114068972,DESKTOP-KH3D2OM,6732,
2026-08-29T11:11:53+00:00,create,Y:/Subjects\AL_0039\2025-07-23\1\p1_g0\p1_g0_imec0\p1_g0_t0.imec0.lf.ch,79673,DESKTOP-KH3D2OM,6732,
2026-08-29T11:11:53+00:00,create,Y:/Subjects\ZYE_0073\2024-01-28\1\p0_g0\p0_g0_imec0\p0_g0_t0.imec0.lf.cbin.partial-6732,0,DESKTOP-KH3D2OM,6732,temporary output
2026-08-29T11:16:13+00:00,delete,Y:/Subjects\ZYE_0073\2024-01-28\1\p0_g0\p0_g0_imec1\p0_g0_t0.imec1.lf.cbin.partial-26564,1640293342,DESKTOP-KH3D2OM,26564,renamed into place
2026-08-29T11:16:13+00:00,create,Y:/Subjects\ZYE_0073\2024-01-28\1\p0_g0\p0_g0_imec1\p0_g0_t0.imec1.lf.cbin,1640213232,DESKTOP-KH3D2OM,26564,
2026-08-29T11:16:13+00:00,create,Y:/Subjects\ZYE_0073\2024-01-28\1\p0_g0\p0_g0_imec1\p0_g0_t0.imec1.lf.ch,80110,DESKTOP-KH3D2OM,26564,
2026-08-29T11:16:13+00:00,create,Y:/Subjects\MonkeyUltra_01\a220301_CSDflashNPX_g1\a220301_CSDflashNPX_g1_imec0\a220301_CSDflashNPX_g1_t1.imec0.ap.cbin.partial-26564,0,DESKTOP-KH3D2OM,26564,temporary output
2026-08-29T11:18:56+00:00,delete,Y:/Subjects\ZYE_0073\2024-01-28\1\p0_g0\p0_g0_imec0\p0_g0_t0.imec0.lf.cbin.partial-6732,1587962002,DESKTOP-KH3D2OM,6732,renamed into place
2026-08-29T11:18:56+00:00,create,Y:/Subjects\ZYE_0073\2024-01-28\1\p0_g0\p0_g0_imec0\p0_g0_t0.imec0.lf.cbin,1587881919,DESKTOP-KH3D2OM,6732,
2026-08-29T11:18:56+00:00,create,Y:/Subjects\ZYE_0073\2024-01-28\1\p0_g0\p0_g0_imec0\p0_g0_t0.imec0.lf.ch,80083,DESKTOP-KH3D2OM,6732,
2026-08-29T11:18:57+00:00,create,Y:/Subjects\AL_0041\2026-04-17\3\p1_g0\p1_g0_imec0\p1_g0_t0.imec0.lf.cbin.partial-6732,0,DESKTOP-KH3D2OM,6732,temporary output
2026-08-29T11:24:09+00:00,delete,Y:/Subjects\MonkeyUltra_01\a220301_CSDflashNPX_g1\a220301_CSDflashNPX_g1_imec0\a220301_CSDflashNPX_g1_t1.imec0.ap.cbin.partial-26564,1762648394,DESKTOP-KH3D2OM,26564,renamed into place
2026-08-29T11:24:09+00:00,create,Y:/Subjects\MonkeyUltra_01\a220301_CSDflashNPX_g1\a220301_CSDflashNPX_g1_imec0\a220301_CSDflashNPX_g1_t1.imec0.ap.cbin,1762641255,DESKTOP-KH3D2OM,26564,
2026-08-29T11:24:09+00:00,create,Y:/Subjects\MonkeyUltra_01\a220301_CSDflashNPX_g1\a220301_CSDflashNPX_g1_imec0\a220301_CSDflashNPX_g1_t1.imec0.ap.ch,7139,DESKTOP-KH3D2OM,26564,
2026-08-29T11:24:09+00:00,create,Y:/Subjects\AL_0033\2025-08-07\1\p0_g0\p0_g0_imec0\p0_g0_t0.imec0.lf.cbin.partial-26564,0,DESKTOP-KH3D2OM,26564,temporary output
2026-08-29T11:25:32+00:00,delete,Y:/Subjects\AL_0041\2026-04-17\3\p1_g0\p1_g0_imec0\p1_g0_t0.imec0.lf.cbin.partial-6732,1181622923,DESKTOP-KH3D2OM,6732,renamed into place
2026-08-29T11:25:32+00:00,create,Y:/Subjects\AL_0041\2026-04-17\3\p1_g0\p1_g0_imec0\p1_g0_t0.imec0.lf.cbin,1181542320,DESKTOP-KH3D2OM,6732,
2026-08-29T11:25:32+00:00,create,Y:/Subjects\AL_0041\2026-04-17\3\p1_g0\p1_g0_imec0\p1_g0_t0.imec0.lf.ch,80603,DESKTOP-KH3D2OM,6732,
2026-08-29T11:25:32+00:00,create,Y:/Subjects\ZYE_0069\2024-04-29\3\p0_g0_t0.imec0\p0_g2_t0.imec0.ap.cbin.partial-6732,0,DESKTOP-KH3D2OM,6732,temporary output
2026-08-29T11:28:43+00:00,delete,Y:/Subjects\AL_0033\2025-08-07\1\p0_g0\p0_g0_imec0\p0_g0_t0.imec0.lf.cbin.partial-26564,2140415312,DESKTOP-KH3D2OM,26564,renamed into place
2026-08-29T11:28:44+00:00,create,Y:/Subjects\AL_0033\2025-08-07\1\p0_g0\p0_g0_imec0\p0_g0_t0.imec0.lf.cbin,2140333468,DESKTOP-KH3D2OM,26564,
2026-08-29T11:28:44+00:00,create,Y:/Subjects\AL_0033\2025-08-07\1\p0_g0\p0_g0_imec0\p0_g0_t0.imec0.lf.ch,81844,DESKTOP-KH3D2OM,26564,
2026-08-29T11:28:44+00:00,create,Y:/Subjects\ZYE_0056\2022-01-29\1\p0_g0\p0_g0_imec0\p0_g0_t0.imec0.lf.cbin.partial-26564,0,DESKTOP-KH3D2OM,26564,temporary output
2026-08-29T11:29:45+00:00,delete,Y:/Subjects\ZYE_0069\2024-04-29\3\p0_g0_t0.imec0\p0_g2_t0.imec0.ap.cbin.partial-6732,3997776902,DESKTOP-KH3D2OM,6732,renamed into place
2026-08-29T11:29:46+00:00,create,Y:/Subjects\ZYE_0069\2024-04-29\3\p0_g0_t0.imec0\p0_g2_t0.imec0.ap.cbin,3997769469,DESKTOP-KH3D2OM,6732,
2026-08-29T11:29:46+00:00,create,Y:/Subjects\ZYE_0069\2024-04-29\3\p0_g0_t0.imec0\p0_g2_t0.imec0.ap.ch,7433,DESKTOP-KH3D2OM,6732,
2026-08-29T11:29:46+00:00,create,Y:/Subjects\AB_0031\2023-11-22\1\p1_g0\p1_g0_t0.imec0.lf.cbin.partial-6732,0,DESKTOP-KH3D2OM,6732,temporary output
2026-08-29T11:36:24+00:00,delete,Y:/Subjects\ZYE_0056\2022-01-29\1\p0_g0\p0_g0_imec0\p0_g0_t0.imec0.lf.cbin.partial-26564,1846852761,DESKTOP-KH3D2OM,26564,renamed into place
2026-08-29T11:36:25+00:00,create,Y:/Subjects\ZYE_0056\2022-01-29\1\p0_g0\p0_g0_imec0\p0_g0_t0.imec0.lf.cbin,1846769662,DESKTOP-KH3D2OM,26564,
2026-08-29T11:36:25+00:00,create,Y:/Subjects\ZYE_0056\2022-01-29\1\p0_g0\p0_g0_imec0\p0_g0_t0.imec0.lf.ch,83099,DESKTOP-KH3D2OM,26564,
2026-08-29T11:36:25+00:00,create,Y:/Subjects\AB_0031\2023-11-22\1\p0_g0\p0_g0_t0.imec0.lf.cbin.partial-26564,0,DESKTOP-KH3D2OM,26564,temporary output
2026-08-29T11:37:43+00:00,delete,Y:/Subjects\AB_0031\2023-11-22\1\p1_g0\p1_g0_t0.imec0.lf.cbin.partial-6732,1606229167,DESKTOP-KH3D2OM,6732,renamed into place
2026-08-29T11:37:43+00:00,create,Y:/Subjects\AB_0031\2023-11-22\1\p1_g0\p1_g0_t0.imec0.lf.cbin,1606145917,DESKTOP-KH3D2OM,6732,
2026-08-29T11:37:43+00:00,create,Y:/Subjects\AB_0031\2023-11-22\1\p1_g0\p1_g0_t0.imec0.lf.ch,83250,DESKTOP-KH3D2OM,6732,
2026-08-29T11:37:43+00:00,create,Y:/Subjects\ZYE_0072\2023-01-31\1\p0_g0\p0_g0_imec0\p0_g0_t0.imec0.lf.cbin.partial-6732,0,DESKTOP-KH3D2OM,6732,temporary output
2026-08-29T11:44:51+00:00,delete,Y:/Subjects\AB_0031\2023-11-22\1\p0_g0\p0_g0_t0.imec0.lf.cbin.partial-26564,1837857324,DESKTOP-KH3D2OM,26564,renamed into place
2026-08-29T11:44:51+00:00,create,Y:/Subjects\AB_0031\2023-11-22\1\p0_g0\p0_g0_t0.imec0.lf.cbin,1837773825,DESKTOP-KH3D2OM,26564,
2026-08-29T11:44:51+00:00,create,Y:/Subjects\AB_0031\2023-11-22\1\p0_g0\p0_g0_t0.imec0.lf.ch,83499,DESKTOP-KH3D2OM,26564,
2026-08-29T11:44:51+00:00,create,Y:/Subjects\AB_0031\2023-11-21\1\p0_g0\p0_g0_t0.imec0.lf.cbin.partial-26564,0,DESKTOP-KH3D2OM,26564,temporary output
2026-08-29T11:46:04+00:00,delete,Y:/Subjects\ZYE_0072\2023-01-31\1\p0_g0\p0_g0_imec0\p0_g0_t0.imec0.lf.cbin.partial-6732,1827335168,DESKTOP-KH3D2OM,6732,renamed into place
2026-08-29T11:46:04+00:00,create,Y:/Subjects\ZYE_0072\2023-01-31\1\p0_g0\p0_g0_imec0\p0_g0_t0.imec0.lf.cbin,1827250975,DESKTOP-KH3D2OM,6732,
2026-08-29T11:46:04+00:00,create,Y:/Subjects\ZYE_0072\2023-01-31\1\p0_g0\p0_g0_imec0\p0_g0_t0.imec0.lf.ch,84193,DESKTOP-KH3D2OM,6732,
2026-08-29T11:46:04+00:00,create,Y:/Subjects\AB_0030\2023-12-01\1\p0_g0\p0_g0_t0.imec0.lf.cbin.partial-6732,0,DESKTOP-KH3D2OM,6732,temporary output
2026-08-29T11:52:08+00:00,delete,Y:/Subjects\AB_0031\2023-11-21\1\p0_g0\p0_g0_t0.imec0.lf.cbin.partial-26564,1749227685,DESKTOP-KH3D2OM,26564,renamed into place
2026-08-29T11:52:08+00:00,create,Y:/Subjects\AB_0031\2023-11-21\1\p0_g0\p0_g0_t0.imec0.lf.cbin,1749142374,DESKTOP-KH3D2OM,26564,
2026-08-29T11:52:08+00:00,create,Y:/Subjects\AB_0031\2023-11-21\1\p0_g0\p0_g0_t0.imec0.lf.ch,85311,DESKTOP-KH3D2OM,26564,
2026-08-29T11:52:08+00:00,create,Y:/Subjects\AB_0033\2024-01-19\1\p0_g0\p0_g0_t0.imec0.lf.cbin.partial-26564,0,DESKTOP-KH3D2OM,26564,temporary output
2026-08-29T11:54:09+00:00,delete,Y:/Subjects\AB_0030\2023-12-01\1\p0_g0\p0_g0_t0.imec0.lf.cbin.partial-6732,1710287423,DESKTOP-KH3D2OM,6732,renamed into place
2026-08-29T11:54:09+00:00,create,Y:/Subjects\AB_0030\2023-12-01\1\p0_g0\p0_g0_t0.imec0.lf.cbin,1710201360,DESKTOP-KH3D2OM,6732,
2026-08-29T11:54:09+00:00,create,Y:/Subjects\AB_0030\2023-12-01\1\p0_g0\p0_g0_t0.imec0.lf.ch,86063,DESKTOP-KH3D2OM,6732,
2026-08-29T11:54:09+00:00,create,Y:/Subjects\ZYE_0035\2021-07-17\1\p0_g0\p0_g0_imec0\p0_g0_t0.imec0.ap.cbin.partial-6732,0,DESKTOP-KH3D2OM,6732,temporary output
2026-08-29T12:00:36+00:00,delete,Y:/Subjects\AB_0033\2024-01-19\1\p0_g0\p0_g0_t0.imec0.lf.cbin.partial-26564,1741356225,DESKTOP-KH3D2OM,26564,renamed into place
2026-08-29T12:00:36+00:00,create,Y:/Subjects\AB_0033\2024-01-19\1\p0_g0\p0_g0_t0.imec0.lf.cbin,1741269313,DESKTOP-KH3D2OM,26564,
2026-08-29T12:00:36+00:00,create,Y:/Subjects\AB_0033\2024-01-19\1\p0_g0\p0_g0_t0.imec0.lf.ch,86912,DESKTOP-KH3D2OM,26564,
2026-08-29T12:00:36+00:00,create,Y:/Subjects\AL_0039\2025-07-24\1\p0_g0\p0_g0_imec0\p0_g0_t0.imec0.ap.cbin.partial-26564,0,DESKTOP-KH3D2OM,26564,temporary output
2026-08-29T12:01:27+00:00,delete,Y:/Subjects\ZYE_0035\2021-07-17\1\p0_g0\p0_g0_imec0\p0_g0_t0.imec0.ap.cbin.partial-6732,3032017151,DESKTOP-KH3D2OM,6732,renamed into place
2026-08-29T12:01:28+00:00,create,Y:/Subjects\ZYE_0035\2021-07-17\1\p0_g0\p0_g0_imec0\p0_g0_t0.imec0.ap.cbin,3032009370,DESKTOP-KH3D2OM,6732,
2026-08-29T12:01:28+00:00,create,Y:/Subjects\ZYE_0035\2021-07-17\1\p0_g0\p0_g0_imec0\p0_g0_t0.imec0.ap.ch,7781,DESKTOP-KH3D2OM,6732,
2026-08-29T12:01:28+00:00,create,Y:/Subjects\AB_0032\2024-09-04\6\p0_g0\p0_g0_t0.imec0.lf.cbin.partial-6732,0,DESKTOP-KH3D2OM,6732,temporary output
2026-08-29T12:09:32+00:00,delete,Y:/Subjects\AL_0039\2025-07-24\1\p0_g0\p0_g0_imec0\p0_g0_t0.imec0.ap.cbin.partial-26564,2278726770,DESKTOP-KH3D2OM,26564,renamed into place
2026-08-29T12:09:32+00:00,create,Y:/Subjects\AL_0039\2025-07-24\1\p0_g0\p0_g0_imec0\p0_g0_t0.imec0.ap.cbin,2278718959,DESKTOP-KH3D2OM,26564,
2026-08-29T12:09:32+00:00,create,Y:/Subjects\AL_0039\2025-07-24\1\p0_g0\p0_g0_imec0\p0_g0_t0.imec0.ap.ch,7811,DESKTOP-KH3D2OM,26564,
2026-08-29T12:09:32+00:00,create,Y:/Subjects\AB_0015\2022-02-08\1\p0_g0\p0_g0_t0.imec0.lf.cbin.partial-26564,0,DESKTOP-KH3D2OM,26564,temporary output
2026-08-29T12:10:24+00:00,delete,Y:/Subjects\AB_0032\2024-09-04\6\p0_g0\p0_g0_t0.imec0.lf.cbin.partial-6732,2391999256,DESKTOP-KH3D2OM,6732,renamed into place
2026-08-29T12:10:24+00:00,create,Y:/Subjects\AB_0032\2024-09-04\6\p0_g0\p0_g0_t0.imec0.lf.cbin,2391910473,DESKTOP-KH3D2OM,6732,
2026-08-29T12:10:24+00:00,create,Y:/Subjects\AB_0032\2024-09-04\6\p0_g0\p0_g0_t0.imec0.lf.ch,88783,DESKTOP-KH3D2OM,6732,
2026-08-29T12:10:24+00:00,create,Y:/Subjects\AL_0046\2026-04-07\p1_g0\p1_g0_imec0\p1_g0_t0.imec0.ap.cbin.partial-6732,0,DESKTOP-KH3D2OM,6732,temporary output
2026-08-29T12:17:56+00:00,delete,Y:/Subjects\AB_0015\2022-02-08\1\p0_g0\p0_g0_t0.imec0.lf.cbin.partial-26564,1719355105,DESKTOP-KH3D2OM,26564,renamed into place
2026-08-29T12:17:56+00:00,create,Y:/Subjects\AB_0015\2022-02-08\1\p0_g0\p0_g0_t0.imec0.lf.cbin,1719265773,DESKTOP-KH3D2OM,26564,
2026-08-29T12:17:56+00:00,create,Y:/Subjects\AB_0015\2022-02-08\1\p0_g0\p0_g0_t0.imec0.lf.ch,89332,DESKTOP-KH3D2OM,26564,
2026-08-29T12:17:56+00:00,create,Y:/Subjects\AB_0043\2025-01-22\1\p1_g0\p1_g0_t0.imec0.lf.cbin.partial-26564,0,DESKTOP-KH3D2OM,26564,temporary output
2026-08-29T12:18:48+00:00,delete,Y:/Subjects\AL_0046\2026-04-07\p1_g0\p1_g0_imec0\p1_g0_t0.imec0.ap.cbin.partial-6732,2025830162,DESKTOP-KH3D2OM,6732,renamed into place
2026-08-29T12:18:48+00:00,create,Y:/Subjects\AL_0046\2026-04-07\p1_g0\p1_g0_imec0\p1_g0_t0.imec0.ap.cbin,2025822214,DESKTOP-KH3D2OM,6732,
2026-08-29T12:18:49+00:00,create,Y:/Subjects\AL_0046\2026-04-07\p1_g0\p1_g0_imec0\p1_g0_t0.imec0.ap.ch,7948,DESKTOP-KH3D2OM,6732,
2026-08-29T12:25:40+00:00,delete,Y:/Subjects\AB_0043\2025-01-22\1\p1_g0\p1_g0_t0.imec0.lf.cbin.partial-26564,1665219718,DESKTOP-KH3D2OM,26564,renamed into place
2026-08-29T12:25:41+00:00,create,Y:/Subjects\AB_0043\2025-01-22\1\p1_g0\p1_g0_t0.imec0.lf.cbin,1665129763,DESKTOP-KH3D2OM,26564,
2026-08-29T12:25:41+00:00,create,Y:/Subjects\AB_0043\2025-01-22\1\p1_g0\p1_g0_t0.imec0.lf.ch,89955,DESKTOP-KH3D2OM,26564,
