path,bytes,kind,headerless,shape,blocked,has_svd
Y:\Subjects\ZYE_0057\2022-01-10\1\widefield.tar,66537856512,basler-tiff,False,,False,True
Y:\Subjects\ZYE_0057\2022-01-28\1\widefield.tar,238267123200,basler-tiff,False,,False,True
Y:\Subjects\ZYE_0057\2022-01-29\1\widefield.tar,192777296896,basler-tiff,False,,False,True
Y:\Subjects\ZYE_0057\2022-01-30\1\widefield.tar,201648759808,basler-tiff,False,,False,True
Y:\Subjects\ZYE_0012\2020-10-14\1\widefield.tar,30081493504,basler-tiff,False,,False,True
Y:\Subjects\ZYE_0012\2020-10-16\1\widefield.tar,72661249536,basler-tiff,False,,False,True
Y:\Subjects\ZYE_0012\2020-10-16\5\widefield.tar,89568952832,basler-tiff,False,,False,True
Y:\Subjects\ZYE_0012\2020-12-03\1\widefield.tar,280892239360,basler-tiff,False,,False,True
Y:\Subjects\ZYE_0012\2020-12-17\1\widefield.tar,105345840640,basler-tiff,False,,False,True
Y:\Subjects\AB_0004\2021-03-24\1\widefield.tar,24430592512,basler-tiff,False,,False,True
Y:\Subjects\AB_0004\2021-03-29\2\widefield.tar,66685821440,basler-tiff,False,,False,True
Y:\Subjects\AB_0004\2021-03-30\1\widefield.tar,182436115968,basler-tiff,False,,False,True
Y:\Subjects\AL_0034\2024-07-25\1\widefield.tar,185006538240,basler-tiff,False,,False,True
Y:\Subjects\AL_0034\2024-07-29\1\widefield.tar,95219701248,basler-tiff,False,,False,True
Y:\Subjects\AL_0034\2024-08-12\1\widefield.tar,151596172800,basler-tiff,False,,False,True
Y:\Subjects\AL_0034\2024-08-12\5\widefield.tar,1024,EMPTY,False,,False,False
Y:\Subjects\AL_0034\2024-08-13\1\widefield.tar,200368535040,basler-tiff,False,,False,True
Y:\Subjects\AL_0034\2024-08-19\1\widefield.tar,137334038016,basler-tiff,False,,False,True
Y:\Subjects\AL_0034\2024-08-20\1\widefield.tar,175636827648,basler-tiff,False,,False,True
Y:\Subjects\AL_0034\2024-08-26\1\widefield.tar,109105300992,basler-tiff,False,,False,True
Y:\Subjects\AL_0034\2024-08-27\1\widefield.tar,197432194560,basler-tiff,False,,False,True
Y:\Subjects\AL_0034\2024-08-29\1\widefield.tar,112905457152,basler-tiff,False,,False,True
Y:\Subjects\AL_0034\2024-08-30\1\widefield.tar,90580409856,basler-tiff,False,,False,True
Y:\Subjects\AL_0034\2024-09-02\1\widefield.tar,113997725184,basler-tiff,False,,False,True
Y:\Subjects\AL_0034\2024-09-03\1\widefield.tar,195762150912,basler-tiff,False,,False,True
Y:\Subjects\AL_0034\2024-09-19\2\widefield.tar,177902366208,basler-tiff,False,,False,True
Y:\Subjects\AL_0034\2024-10-16\1\widefield.tar,49169782272,basler-tiff,False,,False,True
Y:\Subjects\AL_0034\2024-11-17\1\widefield.tar,132251131392,basler-tiff,False,,False,True
Y:\Subjects\AL_0034\2024-11-18\10\widefield.tar,23680574976,basler-tiff,False,,False,True
Y:\Subjects\AL_0034\2024-11-18\7\widefield.tar,43789444608,basler-tiff,False,,False,True
Y:\Subjects\AL_0034\2024-11-19\3\widefield.tar,23130643968,basler-tiff,False,,False,True
Y:\Subjects\AL_0034\2024-11-19\5\widefield.tar,22074447360,basler-tiff,False,,False,True
Y:\Subjects\ZYE_0081\2024-04-29\2\widefield.tar,27852836352,basler-tiff,False,,False,True
Y:\Subjects\AL_0015\2022-08-22\1\widefield.tar,87434601984,basler-tiff,False,,False,True
Y:\Subjects\AL_0015\2022-09-22\1\widefield.tar,24443137536,basler-tiff,False,,False,True
Y:\Subjects\ZYE_0092\2025-06-02\1\widefield.tar,60521522688,basler-tiff,False,,False,True
Y:\Subjects\ZYE_0092\2025-06-09\3\widefield.tar,116866985472,basler-tiff,False,,False,True
Y:\Subjects\ZYE_0092\2025-06-14\1\widefield.tar,145947514368,basler-tiff,False,,False,True
Y:\Subjects\ZYE_0092\2025-06-14\3\widefield.tar,135119758848,basler-tiff,False,,False,True
Y:\Subjects\ZYE_0092\2025-06-15\1\widefield.tar,116401853952,basler-tiff,False,,False,True
Y:\Subjects\ZYE_0092\2025-06-15\3\widefield.tar,113855970816,basler-tiff,False,,False,True
Y:\Subjects\ZYE_0092\2025-06-19\2\widefield.tar,108526892544,basler-tiff,False,,False,True
Y:\Subjects\ZYE_0092\2025-06-21\1\widefield.tar,95612057088,basler-tiff,False,,False,True
Y:\Subjects\ZYE_0092\2025-06-21\2\widefield.tar,100675345920,basler-tiff,False,,False,True
Y:\Subjects\ZYE_0092\2025-06-22\1\widefield.tar,116060124672,basler-tiff,False,,False,True
Y:\Subjects\ZYE_0092\2025-06-23\2\widefield.tar,95407019520,basler-tiff,False,,False,True
Y:\Subjects\ZYE_0092\2025-06-24\1\widefield.tar,101039224320,basler-tiff,False,,False,True
Y:\Subjects\ZYE_0092\2025-07-09\2\widefield.tar,108724336128,basler-tiff,False,,False,True
Y:\Subjects\AL_0050\2026-05-06\1\widefield.tar,12656008704,basler-tiff,False,,False,True
Y:\Subjects\AL_0050\2026-06-25\1\widefield.tar,25372134912,basler-tiff,False,,False,True
Y:\Subjects\AL_0050\2026-07-29\1\widefield.tar,28355008000,frame-N,True,560x560,False,True
Y:\Subjects\AL_0050\2026-07-29\2\widefield.tar,25837882880,frame-N,True,560x560,False,True
Y:\Subjects\AL_0050\2026-07-29\3\widefield.tar,53133939200,frame-N,True,560x560,False,True
Y:\Subjects\AL_0027\2023-10-24\1\widefield.tar,63553420800,basler-tiff,False,,False,True
Y:\Subjects\AL_0027\2023-12-07\1\widefield.tar,138092803584,basler-tiff,False,,False,True
Y:\Subjects\ZYE_0076\2024-04-28\1\widefield.tar,17291503104,basler-tiff,False,,False,True
Y:\Subjects\ZYE_0076\2024-05-04\2\widefield.tar,27889540608,basler-tiff,False,,False,True
Y:\Subjects\ZYE_0076\2024-05-17\1\widefield.tar,121715111424,basler-tiff,False,,False,True
Y:\Subjects\ZYE_0076\2024-05-20\1\widefield.tar,122362498560,basler-tiff,False,,False,True
Y:\Subjects\ZYE_0076\2024-05-30\5\widefield.tar,32979408384,basler-tiff,False,,False,True
Y:\Subjects\ZYE_0098\2025-07-07\1\widefield.tar,28848913920,basler-tiff,False,,False,True
Y:\Subjects\ZYE_0098\2025-07-08\1\widefield.tar,107885200896,basler-tiff,False,,False,True
Y:\Subjects\ZYE_0098\2025-07-09\1\widefield.tar,108638903808,basler-tiff,False,,False,True
Y:\Subjects\ZYE_0098\2025-07-15\1\widefield.tar,103566755328,basler-tiff,False,,False,True
Y:\Subjects\ZYE_0098\2025-07-16\1\widefield.tar,137711205888,basler-tiff,False,,False,True
Y:\Subjects\ZYE_0098\2025-07-18\1\widefield.tar,116963808768,basler-tiff,False,,False,True
Y:\Subjects\ZYE_0098\2025-07-19\1\widefield.tar,124984954368,basler-tiff,False,,False,True
Y:\Subjects\ZYE_0098\2025-07-20\1\widefield.tar,129033813504,basler-tiff,False,,False,True
Y:\Subjects\ZYE_0098\2025-07-26\1\widefield.tar,182918825472,basler-tiff,False,,False,True
Y:\Subjects\ZYE_0098\2025-11-19\1\widefield.tar,46415064576,basler-tiff,False,,False,True
Y:\Subjects\ZYE_0098\2025-11-19\5\widefield.tar,42071938560,basler-tiff,False,,False,True
Y:\Subjects\ZYE_0098\2025-11-20\6\widefield.tar,52774393344,basler-tiff,False,,False,True
Y:\Subjects\ZYE_0098\2025-11-21\2\widefield.tar,53751485952,basler-tiff,False,,False,True
Y:\Subjects\ZYE_0098\2025-12-16\1\widefield.tar,100861398528,basler-tiff,False,,False,True
Y:\Subjects\ZYE_0098\2025-12-17\2\widefield.tar,143120932864,basler-tiff,False,,False,True
Y:\Subjects\ZYE_0098\2025-12-18\1\widefield.tar,155986506240,basler-tiff,False,,False,True
Y:\Subjects\ZYE_0098\2026-01-02\1\widefield.tar,96341080576,basler-tiff,False,,False,True
Y:\Subjects\KM_052\2025-05-20\1\widefield.tar,82002372096,basler-tiff,False,,False,True
Y:\Subjects\ZYE_0095\2025-07-07\1\widefield.tar,33587559936,basler-tiff,False,,False,True
Y:\Subjects\ZYE_0095\2025-07-08\1\widefield.tar,108458546688,basler-tiff,False,,False,True
Y:\Subjects\ZYE_0095\2025-07-09\3\widefield.tar,108275658240,basler-tiff,False,,False,True
Y:\Subjects\ZYE_0095\2025-07-10\1\widefield.tar,134264169984,basler-tiff,False,,False,True
Y:\Subjects\ZYE_0095\2025-07-12\3\widefield.tar,114588157440,basler-tiff,False,,False,True
Y:\Subjects\ZYE_0095\2025-07-16\1\widefield.tar,98269951488,basler-tiff,False,,False,True
Y:\Subjects\ZYE_0095\2025-07-17\1\widefield.tar,151455051264,basler-tiff,False,,False,True
Y:\Subjects\ZYE_0095\2025-07-18\1\widefield.tar,132323907072,basler-tiff,False,,False,True
Y:\Subjects\ZYE_0095\2025-07-19\1\widefield.tar,129750179328,basler-tiff,False,,False,True
Y:\Subjects\ZYE_0095\2025-07-20\1\widefield.tar,124193914368,basler-tiff,False,,False,True
Y:\Subjects\ZYE_0095\2025-07-26\1\widefield.tar,144157232640,basler-tiff,False,,False,True
Y:\Subjects\ZYE_0071\2023-01-13\1\widefield.tar,28512247296,basler-tiff,False,,False,True
Y:\Subjects\ZYE_0071\2023-01-14\1\widefield.tar,155221034496,basler-tiff,False,,False,True
Y:\Subjects\ZYE_0071\2023-01-17\3\widefield.tar,168306734592,basler-tiff,False,,False,True
Y:\Subjects\ZYE_0071\2023-01-17\7\widefield.tar,158226353664,basler-tiff,False,,False,True
Y:\Subjects\ZYE_0071\2023-01-19\1\widefield.tar,72187147776,basler-tiff,False,,False,True
Y:\Subjects\FD_007\2025-11-21\1\widefield.tar,25912573440,basler-tiff,False,,False,True
Y:\Subjects\FD_007\2025-12-19\3\widefield.tar,32785761792,basler-tiff,False,,False,True
Y:\Subjects\FD_007\2026-01-02\1\widefield.tar,38828674560,basler-tiff,False,,False,True
Y:\Subjects\FD_007\2026-01-06\2\widefield.tar,87094771200,basler-tiff,False,,False,True
Y:\Subjects\ZYE_0049\2021-12-01\2\widefield.tar,207429674496,basler-tiff,False,,False,True
Y:\Subjects\ZYE_0049\2021-12-02\1\widefield.tar,178629490176,basler-tiff,False,,False,True
Y:\Subjects\ZYE_0049\2021-12-02\3\widefield.tar,28420486656,basler-tiff,False,,False,True
Y:\Subjects\ZYE_0049\2021-12-04\1\widefield.tar,208834561536,basler-tiff,False,,False,True
Y:\Subjects\ZYE_0034\2021-05-06\3\widefield.tar,38448257536,basler-tiff,False,,False,True
Y:\Subjects\ZYE_0034\2021-05-06\8\widefield.tar,33656585728,basler-tiff,False,,False,True
Y:\Subjects\ZYE_0034\2021-05-21\2\widefield.tar,77486803456,basler-tiff,False,,False,True
Y:\Subjects\ZYE_0043\2021-09-13\1\widefield.tar,114247060992,basler-tiff,False,,False,True
Y:\Subjects\ZYE_0043\2021-09-23\1\widefield.tar,119154673152,basler-tiff,False,,False,True
Y:\Subjects\ZYE_0043\2021-09-25\1\widefield.tar,168676308480,basler-tiff,False,,False,True
Y:\Subjects\ZYE_0043\2021-09-26\1\widefield.tar,163020688896,basler-tiff,False,,False,True
Y:\Subjects\ZYE_0043\2021-09-27\1\widefield.tar,149714763264,basler-tiff,False,,False,True
Y:\Subjects\ZYE_0062\2022-03-29\1\widefield.tar,180225492480,basler-tiff,False,,False,True
Y:\Subjects\ZYE_0062\2022-03-30\1\widefield.tar,174905273856,basler-tiff,False,,False,True
Y:\Subjects\ZYE_0062\2022-03-30\5\widefield.tar,130021031424,basler-tiff,False,,False,True
Y:\Subjects\ZYE_0062\2022-03-31\2\widefield.tar,159465438720,basler-tiff,False,,False,True
Y:\Subjects\AL_0039\2025-03-20\1\widefield.tar,25443644928,basler-tiff,False,,False,True
Y:\Subjects\AL_0039\2025-04-19\1\widefield.tar,101008278016,frame-N,True,560x560,False,True
Y:\Subjects\AL_0039\2025-04-20\1\widefield.tar,85198095872,frame-N,True,560x560,False,True
Y:\Subjects\AL_0039\2025-04-20\2\widefield.tar,115247924736,frame-N,True,560x560,False,True
Y:\Subjects\AL_0039\2025-04-26\1\widefield.tar,320323739136,basler-tiff,False,,False,True
Y:\Subjects\AL_0039\2025-04-28\1\widefield.tar,258270131712,basler-tiff,False,,False,True
Y:\Subjects\AL_0039\2025-04-30\3\widefield.tar,83108442624,frame-N,True,560x560,False,True
Y:\Subjects\AL_0039\2025-05-11\1\widefield.tar,184369909248,basler-tiff,False,,False,True
Y:\Subjects\AL_0039\2025-05-12\1\widefield.tar,214480055808,basler-tiff,False,,False,True
Y:\Subjects\AL_0039\2025-05-13\1\widefield.tar,214527518208,basler-tiff,False,,False,True
Y:\Subjects\AL_0039\2025-05-14\1\widefield.tar,212105670144,basler-tiff,False,,False,True
Y:\Subjects\AL_0039\2025-05-25\1\widefield.tar,190845679104,basler-tiff,False,,False,True
Y:\Subjects\AL_0039\2025-05-26\1\widefield.tar,69240681984,basler-tiff,False,,False,True
Y:\Subjects\AL_0039\2025-06-05\1\widefield.tar,230666632704,basler-tiff,False,,False,True
Y:\Subjects\AL_0039\2025-06-10\1\widefield.tar,112635870720,basler-tiff,False,,False,True
Y:\Subjects\AL_0039\2025-06-10\2\widefield.tar,69617217024,basler-tiff,False,,False,True
Y:\Subjects\AL_0039\2025-06-10\5\widefield.tar,54969054720,basler-tiff,False,,False,True
Y:\Subjects\AL_0039\2025-06-12\1\widefield.tar,114193903104,basler-tiff,False,,False,True
Y:\Subjects\AL_0039\2025-06-12\2\widefield.tar,32392140288,basler-tiff,False,,False,True
Y:\Subjects\AL_0039\2025-06-17\1\widefield.tar,204554085888,basler-tiff,False,,False,True
Y:\Subjects\AL_0039\2025-06-18\2\widefield.tar,209254761984,basler-tiff,False,,False,True
Y:\Subjects\AL_0039\2025-06-19\1\widefield.tar,229035824640,basler-tiff,False,,False,True
Y:\Subjects\AL_0039\2025-06-20\3\widefield.tar,235712202240,basler-tiff,False,,False,True
Y:\Subjects\AL_0039\2025-06-25\1\widefield.tar,213690281472,basler-tiff,False,,False,True
Y:\Subjects\AL_0039\2025-06-26\1\widefield.tar,193028316672,basler-tiff,False,,False,True
Y:\Subjects\AL_0039\2025-06-27\1\widefield.tar,176272823808,basler-tiff,False,,False,True
Y:\Subjects\AL_0039\2025-07-01\1\widefield.tar,184528117248,basler-tiff,False,,False,True
Y:\Subjects\AL_0039\2025-07-02\1\widefield.tar,178862372352,basler-tiff,False,,False,True
Y:\Subjects\AL_0039\2025-07-03\1\widefield.tar,201724061184,basler-tiff,False,,False,True
Y:\Subjects\AL_0039\2025-07-04\1\widefield.tar,114618533376,basler-tiff,False,,False,True
Y:\Subjects\AL_0039\2025-07-04\2\widefield.tar,120115312128,basler-tiff,False,,False,True
Y:\Subjects\AL_0039\2025-07-05\2\widefield.tar,182746695168,basler-tiff,False,,False,True
Y:\Subjects\AL_0039\2025-07-05\3\widefield.tar,133595266560,basler-tiff,False,,False,True
Y:\Subjects\AL_0039\2025-07-06\1\widefield.tar,115632963072,basler-tiff,False,,False,True
Y:\Subjects\AL_0039\2025-07-06\3\widefield.tar,126452491776,basler-tiff,False,,False,True
Y:\Subjects\AL_0039\2025-07-06\4\widefield.tar,116109485568,basler-tiff,False,,False,True
Y:\Subjects\AL_0039\2025-07-06\6\widefield.tar,115524748800,basler-tiff,False,,False,True
Y:\Subjects\AL_0039\2025-09-30\1\widefield.tar,25798663680,basler-tiff,False,,False,True
Y:\Subjects\AL_0039\2025-09-30\4\widefield.tar,85419032064,basler-tiff,False,,False,True
Y:\Subjects\AL_0039\2025-09-30\6\widefield.tar,28774017024,basler-tiff,False,,False,True
Y:\Subjects\AL_0039\2025-10-01\1\widefield.tar,206136801280,basler-tiff,False,,False,True
Y:\Subjects\AL_0039\2025-10-02\1\widefield.tar,269791471616,basler-tiff,False,,False,True
Y:\Subjects\AL_0039\2025-10-03\1\widefield.tar,218444748288,basler-tiff,False,,False,True
Y:\Subjects\AB_0003\2021-03-29\2\widefield.tar,67900812800,basler-tiff,False,,False,True
Y:\Subjects\AB_0003\2021-04-19\1\widefield.tar,134969924096,basler-tiff,False,,False,True
Y:\Subjects\AL_0033\2024-06-21\1\widefield.tar,56184723968,basler-tiff,False,,False,False
Y:\Subjects\AL_0033\2024-06-21\2\widefield.tar,172054998528,basler-tiff,False,,False,True
Y:\Subjects\AL_0033\2024-06-22\1\widefield.tar,199984406016,basler-tiff,False,,False,True
Y:\Subjects\AL_0033\2024-06-24\1\widefield.tar,117480832512,basler-tiff,False,,False,True
Y:\Subjects\AL_0033\2024-06-27\1\widefield.tar,103426266624,basler-tiff,False,,False,True
Y:\Subjects\AL_0033\2024-07-09\1\widefield.tar,183598487040,basler-tiff,False,,False,True
Y:\Subjects\AL_0033\2024-07-12\1\widefield.tar,252944217600,basler-tiff,False,,False,True
Y:\Subjects\AL_0033\2024-07-18\1\widefield.tar,210998214144,basler-tiff,False,,False,True
Y:\Subjects\AL_0033\2024-07-19\1\widefield.tar,202618885632,basler-tiff,False,,False,True
Y:\Subjects\AL_0033\2024-07-25\1\widefield.tar,136525278720,basler-tiff,False,,False,True
Y:\Subjects\AL_0033\2024-07-26\1\widefield.tar,175910843904,basler-tiff,False,,False,True
Y:\Subjects\AL_0033\2024-08-09\1\widefield.tar,209076936192,basler-tiff,False,,False,True
Y:\Subjects\AL_0033\2024-08-16\1\widefield.tar,124417304064,basler-tiff,False,,False,True
Y:\Subjects\AL_0033\2024-08-18\1\widefield.tar,207552443904,basler-tiff,False,,False,True
Y:\Subjects\AL_0033\2024-08-22\1\widefield.tar,116865719808,basler-tiff,False,,False,True
Y:\Subjects\AL_0033\2024-08-23\1\widefield.tar,197001868800,basler-tiff,False,,False,True
Y:\Subjects\AL_0033\2024-08-24\1\widefield.tar,191799356928,basler-tiff,False,,False,True
Y:\Subjects\AL_0033\2024-08-26\1\widefield.tar,199056041472,basler-tiff,False,,False,True
Y:\Subjects\AL_0033\2024-08-30\2\widefield.tar,177894139392,basler-tiff,False,,False,True
Y:\Subjects\AL_0033\2024-09-09\1\widefield.tar,204374361600,basler-tiff,False,,False,True
Y:\Subjects\AL_0033\2024-09-16\1\widefield.tar,194669250048,basler-tiff,False,,False,True
Y:\Subjects\AL_0033\2024-09-23\1\widefield.tar,212984040960,basler-tiff,False,,False,True
Y:\Subjects\AL_0033\2024-11-21\1\widefield.tar,209657243136,basler-tiff,False,,False,True
Y:\Subjects\AL_0033\2024-11-25\1\widefield.tar,55673396736,basler-tiff,False,,False,True
Y:\Subjects\AL_0033\2024-12-08\1\widefield.tar,105532331520,basler-tiff,False,,False,True
Y:\Subjects\AL_0033\2024-12-11\1\widefield.tar,98049725952,basler-tiff,False,,False,True
Y:\Subjects\AL_0033\2024-12-17\1\widefield.tar,212073395712,basler-tiff,False,,False,True
Y:\Subjects\AL_0033\2024-12-20\1\widefield.tar,158142819840,basler-tiff,False,,False,False
Y:\Subjects\AL_0033\2024-12-20\7\widefield.tar,151196990464,other,True,,True,False
Y:\Subjects\AL_0033\2024-12-23\1\widefield.tar,145081192448,other,True,,True,False
Y:\Subjects\AL_0033\2025-01-07\1\widefield.tar,156721479168,basler-tiff,False,,False,True
Y:\Subjects\AL_0033\2025-01-09\1\widefield.tar,106676516864,other,True,,True,False
Y:\Subjects\AL_0033\2025-01-09\2\widefield.tar,23449961984,other,True,,True,False
Y:\Subjects\AL_0033\2025-01-10\2\widefield.tar,84544647168,other,True,,True,False
Y:\Subjects\AL_0033\2025-01-14\7\widefield.tar,93119331840,basler-tiff,False,,False,True
Y:\Subjects\AL_0033\2025-01-16\3\widefield.tar,233675836928,frame-N,True,,True,False
Y:\Subjects\AL_0033\2025-01-17\1\widefield.tar,294340435456,frame-N,True,,True,False
Y:\Subjects\AL_0033\2025-01-18\1\widefield.tar,203782308352,frame-N,True,,True,False
Y:\Subjects\AL_0033\2025-01-20\2\widefield.tar,154354382336,frame-N,True,,True,False
Y:\Subjects\AL_0033\2025-01-20\3\widefield.tar,101511075328,frame-N,True,,True,False
Y:\Subjects\AL_0033\2025-01-21\1\widefield.tar,251222914560,basler-tiff,False,,False,True
Y:\Subjects\AL_0033\2025-01-28\1\widefield.tar,163194084864,basler-tiff,False,,False,True
Y:\Subjects\AL_0033\2025-01-29\1\widefield.tar,242555450880,frame-N,True,560x560,False,True
Y:\Subjects\AL_0033\2025-02-04\1\widefield.tar,74564064768,basler-tiff,False,,False,True
Y:\Subjects\AL_0033\2025-02-12\2\widefield.tar,187632534016,frame-N,True,560x560,False,True
Y:\Subjects\AL_0033\2025-02-13\2\widefield.tar,205231695360,frame-N,True,560x560,False,True
Y:\Subjects\AL_0033\2025-02-21\2\widefield.tar,113862564352,frame-N,True,560x560,False,True
Y:\Subjects\AL_0033\2025-02-24\2\widefield.tar,188462369280,frame-N,True,560x560,False,True
Y:\Subjects\AL_0033\2025-02-24\3\3.tar,17471109632,frame-N,True,,True,False
Y:\Subjects\AL_0033\2025-02-25\1\widefield.tar,54681748992,basler-tiff,False,,False,True
Y:\Subjects\AL_0033\2025-02-26\2\widefield.tar,173607564800,frame-N,True,560x560,False,True
Y:\Subjects\AL_0033\2025-03-03\2\widefield.tar,290073876992,frame-N,True,560x560,False,False
Y:\Subjects\AL_0033\2025-03-04\1\widefield.tar,100589594112,frame-N,True,560x560,False,True
Y:\Subjects\AL_0033\2025-03-04\2\widefield.tar,59907579392,frame-N,True,560x560,False,True
Y:\Subjects\AL_0033\2025-03-05\1\widefield.tar,176954525184,frame-N,True,560x560,False,True
Y:\Subjects\AL_0033\2025-03-05\2\widefield.tar,27152939520,frame-N,True,560x560,False,True
Y:\Subjects\AL_0033\2025-03-06\1\widefield.tar,55972093440,basler-tiff,False,,False,True
Y:\Subjects\AL_0033\2025-03-12\1\widefield.tar,88809113088,basler-tiff,False,,False,True
Y:\Subjects\AL_0033\2025-03-17\1\widefield.tar,1610082816,frame-N,True,560x560,False,True
Y:\Subjects\AL_0033\2025-03-17\3\widefield.tar,112451467776,frame-N,True,560x560,False,True
Y:\Subjects\AL_0033\2025-03-18\1\widefield.tar,113696848384,frame-N,True,560x560,False,True
Y:\Subjects\AL_0033\2025-03-20\4\widefield.tar,85830829568,frame-N,True,560x560,False,True
Y:\Subjects\AL_0033\2025-03-27\5\widefield.tar,110618402304,basler-tiff,False,,False,True
Y:\Subjects\AL_0033\2025-03-28\3\widefield.tar,166012085760,basler-tiff,False,,False,False
Y:\Subjects\AL_0033\2025-04-03\1\widefield.tar,204944543232,basler-tiff,False,,False,True
Y:\Subjects\AL_0033\2025-04-11\1\widefield.tar,134941933056,basler-tiff,False,,False,True
Y:\Subjects\AL_0033\2025-04-15\1\widefield.tar,172763292160,frame-N,True,560x560,False,True
Y:\Subjects\AL_0033\2025-04-15\2\widefield.tar,53498012160,frame-N,True,560x560,False,True
Y:\Subjects\AL_0033\2025-04-18\4\widefield.tar,254959667712,frame-N,True,560x560,False,True
Y:\Subjects\AL_0033\2025-04-19\1\widefield.tar,93399780864,frame-N,True,560x560,False,True
Y:\Subjects\AL_0033\2025-04-20\2\widefield.tar,85102683648,frame-N,True,560x560,False,True
Y:\Subjects\AL_0033\2025-04-28\1\widefield.tar,327825962496,basler-tiff,False,,False,True
Y:\Subjects\AL_0033\2025-04-29\1\widefield.tar,133685761536,basler-tiff,False,,False,True
Y:\Subjects\AL_0033\2025-04-30\1\widefield.tar,246364663296,basler-tiff,False,,False,True
Y:\Subjects\AL_0033\2025-05-10\1\widefield.tar,199644575232,basler-tiff,False,,False,True
Y:\Subjects\AL_0033\2025-05-12\1\widefield.tar,74178037248,basler-tiff,False,,False,True
Y:\Subjects\AL_0033\2025-05-12\3\widefield.tar,213544730112,basler-tiff,False,,False,True
Y:\Subjects\AL_0033\2025-05-26\1\widefield.tar,53320527360,basler-tiff,False,,False,True
Y:\Subjects\AL_0033\2025-06-06\3\widefield.tar,318587880960,basler-tiff,False,,False,True
Y:\Subjects\AL_0033\2025-06-07\3\widefield.tar,292453817856,basler-tiff,False,,False,True
Y:\Subjects\AL_0033\2025-06-08\2\widefield.tar,314173877760,basler-tiff,False,,False,True
Y:\Subjects\AL_0033\2025-06-10\1\widefield.tar,114381854208,basler-tiff,False,,False,True
Y:\Subjects\AL_0033\2025-06-10\2\widefield.tar,58432544256,basler-tiff,False,,False,True
Y:\Subjects\AL_0033\2025-06-10\3\widefield.tar,57801610752,basler-tiff,False,,False,True
Y:\Subjects\AL_0033\2025-06-11\1\widefield.tar,115217825280,basler-tiff,False,,False,True
Y:\Subjects\AL_0033\2025-06-11\2\widefield.tar,36801713664,basler-tiff,False,,False,True
Y:\Subjects\AL_0033\2025-06-13\3\widefield.tar,156639211008,basler-tiff,False,,False,True
Y:\Subjects\AL_0033\2025-06-14\1\widefield.tar,124843832832,basler-tiff,False,,False,True
Y:\Subjects\AL_0033\2025-06-18\1\widefield.tar,227257566720,basler-tiff,False,,False,True
Y:\Subjects\AL_0033\2025-06-23\1\widefield.tar,231719665152,basler-tiff,False,,False,True
Y:\Subjects\AL_0033\2025-06-24\1\widefield.tar,180910849536,basler-tiff,False,,False,True
Y:\Subjects\AL_0033\2025-08-04\1\widefield.tar,164997656064,basler-tiff,False,,False,True
Y:\Subjects\AL_0033\2025-08-05\1\widefield.tar,25258857984,basler-tiff,False,,False,True
Y:\Subjects\AL_0033\2025-08-05\4\widefield.tar,174406602240,basler-tiff,False,,False,True
Y:\Subjects\AL_0033\2025-08-05\9\widefield.tar,14830419456,basler-tiff,False,,False,True
Y:\Subjects\AL_0033\2025-08-07\1\widefield.tar,101911266816,basler-tiff,False,,False,True
Y:\Subjects\AL_0033\2025-08-07\3\widefield.tar,84519777792,basler-tiff,False,,False,True
Y:\Subjects\AL_0033\2025-08-08\1\widefield.tar,1684600320,basler-tiff,False,,False,True
Y:\Subjects\AL_0033\2025-08-08\2\widefield.tar,101090483712,basler-tiff,False,,False,True
Y:\Subjects\AL_0033\2025-08-08\4\widefield.tar,73131333120,basler-tiff,False,,False,True
Y:\Subjects\ZYE_0068\2022-08-15\1\widefield.tar,69106804224,basler-tiff,False,,False,True
Y:\Subjects\ZYE_0086\2024-05-24\1\widefield.tar,119320475136,basler-tiff,False,,False,True
Y:\Subjects\ZYE_0086\2025-02-11\1\widefield.tar,132470724096,basler-tiff,False,,False,True
Y:\Subjects\ZYE_0086\2025-03-05\1\widefield.tar,141301262848,basler-tiff,False,,False,True
Y:\Subjects\ZYE_0086\2025-03-06\1\widefield.tar,152899806720,basler-tiff,False,,False,True
Y:\Subjects\ZYE_0027\2021-01-13\1\widefield.tar,24026654208,basler-tiff,False,,False,True
Y:\Subjects\ZYE_0027\2021-02-16\2\widefield.tar,73578713600,basler-tiff,False,,False,True
Y:\Subjects\ZYE_0027\2021-04-19\1\widefield.tar,134045048320,basler-tiff,False,,False,True
Y:\Subjects\ZYE_0050\2021-12-03\1\widefield.tar,69815293440,basler-tiff,False,,False,True
Y:\Subjects\ZYE_0050\2021-12-08\2\widefield.tar,61267631616,basler-tiff,False,,False,True
Y:\Subjects\ZYE_0050\2021-12-11\1\widefield.tar,145103949312,basler-tiff,False,,False,True
Y:\Subjects\ZYE_0050\2021-12-12\3\widefield.tar,141575910912,basler-tiff,False,,False,True
Y:\Subjects\FD_010\2026-02-02\5\widefield.tar,32086482432,basler-tiff,False,,False,True
Y:\Subjects\FD_010\2026-02-06\1\widefield.tar,44116618752,basler-tiff,False,,False,True
Y:\Subjects\FD_010\2026-02-23\1\widefield.tar,61394198016,basler-tiff,False,,False,True
Y:\Subjects\FD_010\2026-02-23\3\widefield.tar,3007219200,basler-tiff,False,,False,True
Y:\Subjects\FD_010\2026-02-24\1\widefield.tar,75940474368,basler-tiff,False,,False,True
Y:\Subjects\ZYE_0054\2021-12-17\2\widefield.tar,30417071616,basler-tiff,False,,False,True
Y:\Subjects\ZYE_0054\2022-01-03\1\widefield.tar,147135972864,basler-tiff,False,,False,True
Y:\Subjects\MT_004\2025-04-24\4\widefield.tar,14705751552,basler-tiff,False,,False,True
Y:\Subjects\MT_004\2025-05-13\1\widefield.tar,23198989824,basler-tiff,False,,False,True
Y:\Subjects\ZYE_0082\2024-04-30\1\widefield.tar,29090655744,basler-tiff,False,,False,True
Y:\Subjects\AL_0037\2024-09-30\1\widefield.tar,11429580288,basler-tiff,False,,False,True
Y:\Subjects\AL_0037\2024-10-01\1\widefield.tar,95124143616,basler-tiff,False,,False,True
Y:\Subjects\AL_0037\2025-02-11\4\widefield.tar,139744495104,basler-tiff,False,,False,True
Y:\Subjects\AL_0037\2025-02-28\2\widefield.tar,140422258176,basler-tiff,False,,False,True
Y:\Subjects\ZYE_0088\2024-05-23\1\widefield.tar,152682745344,basler-tiff,False,,False,True
Y:\Subjects\ZYE_0088\2024-07-08\2\widefield.tar,76681520640,basler-tiff,False,,False,True
Y:\Subjects\ZYE_0088\2024-07-09\1\widefield.tar,161303815680,basler-tiff,False,,False,True
Y:\Subjects\ZYE_0088\2024-07-09\3\widefield.tar,28372391424,basler-tiff,False,,False,True
Y:\Subjects\ZYE_0088\2024-07-10\1\widefield.tar,134049639936,basler-tiff,False,,False,True
Y:\Subjects\ZYE_0088\2024-07-10\3\widefield.tar,55517720064,basler-tiff,False,,False,True
Y:\Subjects\ZYE_0088\2024-07-11\1\widefield.tar,175388124672,basler-tiff,False,,False,True
Y:\Subjects\ZYE_0088\2024-07-11\3\widefield.tar,61936535040,basler-tiff,False,,False,True
Y:\Subjects\ZYE_0088\2024-07-12\1\widefield.tar,44696925696,basler-tiff,False,,False,True
Y:\Subjects\ZYE_0088\2024-07-12\8\widefield.tar,59908308480,basler-tiff,False,,False,True
Y:\Subjects\ZYE_0088\2024-07-13\2\widefield.tar,149832470016,basler-tiff,False,,False,True
Y:\Subjects\ZYE_0088\2024-07-15\2\widefield.tar,142744751616,basler-tiff,False,,False,True
Y:\Subjects\ZYE_0088\2024-07-15\4\widefield.tar,61556835840,basler-tiff,False,,False,True
Y:\Subjects\ZYE_0088\2024-07-16\2\widefield.tar,149878666752,basler-tiff,False,,False,True
Y:\Subjects\ZYE_0088\2024-07-17\1\widefield.tar,118955331072,basler-tiff,False,,False,True
Y:\Subjects\ZYE_0088\2024-08-23\1\widefield.tar,133343399424,basler-tiff,False,,False,True
Y:\Subjects\ZYE_0088\2024-09-04\1\widefield.tar,29872203264,basler-tiff,False,,False,True
Y:\Subjects\ZYE_0088\2024-09-05\1\widefield.tar,136907509248,basler-tiff,False,,False,True
Y:\Subjects\ZYE_0088\2024-09-06\1\widefield.tar,153124462080,basler-tiff,False,,False,True
Y:\Subjects\ZYE_0088\2024-09-06\2\widefield.tar,124750173696,basler-tiff,False,,False,True
Y:\Subjects\ZYE_0088\2024-09-07\1\widefield.tar,122470080000,basler-tiff,False,,False,True
Y:\Subjects\ZYE_0066\2022-08-15\1\widefield.tar,26132109824,basler-tiff,False,,False,True
Y:\Subjects\ZYE_0066\2022-10-23\6\widefield.tar,167863119360,basler-tiff,False,,False,True
Y:\Subjects\ZYE_0066\2022-10-25\1\widefield.tar,108857863680,basler-tiff,False,,False,True
Y:\Subjects\ZYE_0066\2022-10-25\6\widefield.tar,138695259648,basler-tiff,False,,False,True
Y:\Subjects\DO_0005\2020-11-16\1\widefield.tar,103030210048,basler-tiff,False,,False,True
Y:\Subjects\DO_0005\2020-12-03\1\widefield.tar,102052393472,basler-tiff,False,,False,True
Y:\Subjects\DO_0005\2021-03-03\1\widefield.tar,87958465024,basler-tiff,False,,False,True
Y:\Subjects\FD_009\2026-02-09\1\widefield.tar,35586676224,basler-tiff,False,,False,True
Y:\Subjects\FD_009\2026-06-15\1\widefield.tar,59459630592,basler-tiff,False,,False,True
Y:\Subjects\FD_009\2026-06-16\1\widefield.tar,58312939008,basler-tiff,False,,False,True
Y:\Subjects\FD_009\2026-06-17\1\widefield.tar,58955896320,basler-tiff,False,,False,True
Y:\Subjects\FD_009\2026-06-18\1\widefield.tar,85965798912,basler-tiff,False,,False,True
Y:\Subjects\FD_009\2026-06-20\1\widefield.tar,107497274880,basler-tiff,False,,False,True
Y:\Subjects\FD_009\2026-06-21\1\widefield.tar,95129839104,basler-tiff,False,,False,True
Y:\Subjects\FD_009\2026-06-22\1\widefield.tar,109456522752,basler-tiff,False,,False,True
Y:\Subjects\FD_009\2026-06-23\1\widefield.tar,129286313472,basler-tiff,False,,False,True
Y:\Subjects\FD_009\2026-06-25\1\widefield.tar,135270372864,basler-tiff,False,,False,True
Y:\Subjects\FD_009\2026-06-26\1\widefield.tar,128283907584,basler-tiff,False,,False,True
Y:\Subjects\LK_0003\2021-03-24\1\widefield.tar,35661453824,basler-tiff,False,,False,True
Y:\Subjects\LK_0003\2021-03-31\1\widefield.tar,72478074368,basler-tiff,False,,False,True
Y:\Subjects\LK_0003\2021-04-06\1\widefield.tar,215487057408,basler-tiff,False,,False,True
Y:\Subjects\LK_0003\2021-05-20\3\widefield.tar,231077064192,basler-tiff,False,,False,True
Y:\Subjects\LK_0003\2021-05-21\3\widefield.tar,270123021824,basler-tiff,False,,False,True
Y:\Subjects\LK_0003\2021-07-06\1\widefield.tar,75325230592,basler-tiff,False,,False,True
Y:\Subjects\LK_0003\2021-07-07\1\widefield.tar,29141794304,basler-tiff,False,,False,True
Y:\Subjects\LK_0003\2021-07-07\2\widefield.tar,22667663872,basler-tiff,False,,False,True
Y:\Subjects\LK_0003\2021-07-17\1\widefield.tar,61049743872,basler-tiff,False,,False,True
Y:\Subjects\FD_003\2025-06-18\1\widefield.tar,50267112960,basler-tiff,False,,False,True
Y:\Subjects\FD_003\2025-06-24\3\widefield.tar,50543027712,basler-tiff,False,,False,True
Y:\Subjects\FD_003\2025-07-20\1\widefield.tar,46870070784,basler-tiff,False,,False,True
Y:\Subjects\FD_003\2025-07-27\1\widefield.tar,50982213120,basler-tiff,False,,False,True
Y:\Subjects\FD_003\2025-09-10\1\widefield.tar,63990074880,basler-tiff,False,,False,True
Y:\Subjects\FD_003\2025-09-11\1\widefield.tar,92966819328,basler-tiff,False,,False,True
Y:\Subjects\FD_003\2025-09-12\1\widefield.tar,52551636480,basler-tiff,False,,False,True
Y:\Subjects\FD_003\2025-09-13\3\widefield.tar,19632981504,basler-tiff,False,,False,True
Y:\Subjects\FD_003\2025-09-13\8\widefield.tar,53753384448,basler-tiff,False,,False,True
Y:\Subjects\AB_0026\2024-03-12\1\widefield.tar,129452748288,basler-tiff,False,,False,True
Y:\Subjects\AB_0026\2024-03-13\1\widefield.tar,192130960896,basler-tiff,False,,False,True
Y:\Subjects\ZYE_0047\2021-10-02\1\widefield.tar,36575159808,basler-tiff,False,,False,True
Y:\Subjects\ZYE_0047\2021-11-24\2\widefield.tar,62374454784,basler-tiff,False,,False,True
Y:\Subjects\ZYE_0047\2021-11-26\2\widefield.tar,80539897344,basler-tiff,False,,False,True
Y:\Subjects\AL_0016\2022-10-04\1\widefield.tar,143087113728,basler-tiff,False,,False,True
Y:\Subjects\ZYE_0075\2024-04-28\1\widefield.tar,21212530176,basler-tiff,False,,False,True
Y:\Subjects\ZYE_0075\2024-05-04\2\widefield.tar,15696766464,basler-tiff,False,,False,True
Y:\Subjects\ZYE_0008\2020-07-25\1\widefield.tar,20250793472,basler-tiff,False,,False,True
Y:\Subjects\ZYE_0091\2024-06-25\2\widefield.tar,28685643264,basler-tiff,False,,False,True
Y:\Subjects\ZYE_0091\2024-07-08\1\widefield.tar,103292106240,basler-tiff,False,,False,True
Y:\Subjects\ZYE_0091\2024-07-08\3\widefield.tar,29675392512,basler-tiff,False,,False,True
Y:\Subjects\ZYE_0091\2024-07-09\1\widefield.tar,142937765376,basler-tiff,False,,False,True
Y:\Subjects\ZYE_0091\2024-07-09\3\widefield.tar,30566419968,basler-tiff,False,,False,True
Y:\Subjects\ZYE_0091\2024-07-10\1\widefield.tar,161432280576,basler-tiff,False,,False,True
Y:\Subjects\ZYE_0091\2024-07-11\1\widefield.tar,179339527680,basler-tiff,False,,False,True
Y:\Subjects\ZYE_0091\2024-07-11\3\widefield.tar,61821992448,basler-tiff,False,,False,True
Y:\Subjects\ZYE_0091\2024-07-12\1\widefield.tar,149278109184,basler-tiff,False,,False,True
Y:\Subjects\ZYE_0091\2024-07-12\3\widefield.tar,62053608960,basler-tiff,False,,False,True
Y:\Subjects\ZYE_0091\2024-07-13\1\widefield.tar,193675070976,basler-tiff,False,,False,True
Y:\Subjects\ZYE_0091\2024-07-13\4\widefield.tar,81364477440,basler-tiff,False,,False,True
Y:\Subjects\ZYE_0091\2024-07-14\3\widefield.tar,163667443200,basler-tiff,False,,False,True
Y:\Subjects\ZYE_0091\2024-07-14\5\widefield.tar,70694929920,basler-tiff,False,,False,True
Y:\Subjects\ZYE_0091\2024-07-15\1\widefield.tar,164152825344,basler-tiff,False,,False,True
Y:\Subjects\ZYE_0091\2024-07-15\5\widefield.tar,65001973248,basler-tiff,False,,False,True
Y:\Subjects\ZYE_0091\2024-07-16\1\widefield.tar,169788194304,basler-tiff,False,,False,True
Y:\Subjects\ZYE_0091\2024-07-16\3\widefield.tar,77948450304,basler-tiff,False,,False,True
Y:\Subjects\ZYE_0091\2024-07-17\2\widefield.tar,166309516800,basler-tiff,False,,False,True
Y:\Subjects\ZYE_0091\2024-07-17\4\widefield.tar,60999943680,basler-tiff,False,,False,True
Y:\Subjects\ZYE_0091\2024-07-26\2\widefield.tar,61165112832,basler-tiff,False,,False,True
Y:\Subjects\ZYE_0091\2024-07-26\4\widefield.tar,30558193152,basler-tiff,False,,False,True
Y:\Subjects\ZYE_0091\2024-07-27\2\widefield.tar,30537942528,basler-tiff,False,,False,True
Y:\Subjects\ZYE_0091\2024-07-28\1\widefield.tar,138123812352,basler-tiff,False,,False,True
Y:\Subjects\ZYE_0091\2024-07-28\3\widefield.tar,61917550080,basler-tiff,False,,False,True
Y:\Subjects\ZYE_0091\2024-09-08\1\widefield.tar,141368974848,basler-tiff,False,,False,True
Y:\Subjects\ZYE_0091\2025-02-02\1\widefield.tar,71707461120,basler-tiff,False,,False,True
Y:\Subjects\ZYE_0091\2025-02-28\3\widefield.tar,146839807488,basler-tiff,False,,False,True
Y:\Subjects\ZYE_0091\2025-03-11\1\widefield.tar,129821056512,basler-tiff,False,,False,True
Y:\Subjects\ZYE_0091\2025-03-13\1\widefield.tar,135277334016,basler-tiff,False,,False,True
Y:\Subjects\ZYE_0091\2025-05-06\2\widefield.tar,49934876160,basler-tiff,False,,False,True
Y:\Subjects\ZYE_0091\2025-05-06\3\widefield.tar,100284255744,basler-tiff,False,,False,True
Y:\Subjects\ZYE_0091\2025-05-06\6\widefield.tar,118757887488,basler-tiff,False,,False,True
Y:\Subjects\ZYE_0091\2025-05-07\1\widefield.tar,124290104832,basler-tiff,False,,False,True
Y:\Subjects\ZYE_0091\2025-06-04\1\widefield.tar,123882561024,basler-tiff,False,,False,True
Y:\Subjects\ZYE_0091\2025-06-04\3\widefield.tar,118073163264,basler-tiff,False,,False,True
Y:\Subjects\ZYE_0091\2025-06-05\2\widefield.tar,116154416640,basler-tiff,False,,False,True
Y:\Subjects\ZYE_0091\2025-06-06\1\widefield.tar,106632193536,basler-tiff,False,,False,True
Y:\Subjects\ZYE_0091\2025-06-06\2\widefield.tar,119352749568,basler-tiff,False,,False,True
Y:\Subjects\ZYE_0091\2025-06-06\5\widefield.tar,129598299648,basler-tiff,False,,False,True
Y:\Subjects\ZYE_0091\2025-06-08\1\widefield.tar,117439065600,basler-tiff,False,,False,True
Y:\Subjects\ZYE_0091\2025-06-08\3\widefield.tar,128388324864,basler-tiff,False,,False,True
Y:\Subjects\ZYE_0091\2025-06-13\2\widefield.tar,125755743744,basler-tiff,False,,False,True
Y:\Subjects\ZYE_0091\2025-06-13\3\widefield.tar,115619673600,basler-tiff,False,,False,True
Y:\Subjects\ZYE_0091\2025-06-14\1\widefield.tar,115798132224,basler-tiff,False,,False,True
Y:\Subjects\ZYE_0091\2025-06-17\1\widefield.tar,128742077952,basler-tiff,False,,False,True
Y:\Subjects\ZYE_0091\2025-06-18\1\widefield.tar,115295030784,basler-tiff,False,,False,True
Y:\Subjects\ZYE_0091\2025-06-19\1\widefield.tar,48735026688,basler-tiff,False,,False,True
Y:\Subjects\ZYE_0091\2025-06-19\2\widefield.tar,100518403584,basler-tiff,False,,False,True
Y:\Subjects\ZYE_0072\2023-01-13\3\widefield.tar,30270887424,basler-tiff,False,,False,True
Y:\Subjects\ZYE_0072\2023-01-15\1\widefield.tar,148160527872,basler-tiff,False,,False,True
Y:\Subjects\ZYE_0072\2023-01-22\1\widefield.tar,164876785152,basler-tiff,False,,False,True
Y:\Subjects\ZYE_0072\2023-01-22\5\widefield.tar,144641349120,basler-tiff,False,,False,True
Y:\Subjects\AL_0029\2023-11-30\1\widefield.tar,33127491072,basler-tiff,False,,False,True
Y:\Subjects\AL_0023\2023-05-15\1\widefield.tar,79553945088,basler-tiff,False,,False,True
Y:\Subjects\AL_0023\2023-05-15\5\widefield.tar,31639918080,basler-tiff,False,,False,True
Y:\Subjects\AL_0023\2023-05-18\1\widefield.tar,74639001600,basler-tiff,False,,False,True
Y:\Subjects\AL_0023\2023-05-18\4\widefield.tar,54804518400,basler-tiff,False,,False,True
Y:\Subjects\AL_0023\2023-05-18\7\widefield.tar,54469117440,basler-tiff,False,,False,True
Y:\Subjects\AL_0023\2023-06-27\1\widefield.tar,83149696512,basler-tiff,False,,False,True
Y:\Subjects\AL_0023\2023-07-10\1\widefield.tar,128938888704,basler-tiff,False,,False,True
Y:\Subjects\AL_0023\2023-08-09\1\widefield.tar,100079218176,basler-tiff,False,,False,True
Y:\Subjects\AL_0023\2023-08-11\1\widefield.tar,62002982400,basler-tiff,False,,False,True
Y:\Subjects\AL_0023\2023-08-14\1\widefield.tar,85655078400,basler-tiff,False,,False,True
Y:\Subjects\AL_0023\2023-08-15\1\widefield.tar,85946813952,basler-tiff,False,,False,True
Y:\Subjects\AL_0023\2023-08-23\3\widefield.tar,160343809536,basler-tiff,False,,False,True
Y:\Subjects\AL_0023\2023-08-24\1\widefield.tar,160874755584,basler-tiff,False,,False,True
Y:\Subjects\AL_0023\2023-08-25\2\widefield.tar,150930433536,basler-tiff,False,,False,True
Y:\Subjects\AL_0023\2023-08-30\1\widefield.tar,217932787200,basler-tiff,False,,False,True
Y:\Subjects\AL_0023\2023-09-06\1\widefield.tar,86727095808,basler-tiff,False,,False,True
Y:\Subjects\AL_0023\2023-10-10\1\widefield.tar,110096315904,basler-tiff,False,,False,True
Y:\Subjects\AL_0023\2023-10-23\1\widefield.tar,115539303936,basler-tiff,False,,False,True
Y:\Subjects\AL_0023\2023-10-27\1\widefield.tar,136181646336,basler-tiff,False,,False,True
Y:\Subjects\AL_0023\2023-10-27\4\widefield.tar,55812857856,basler-tiff,False,,False,True
Y:\Subjects\ZYE_0096\2025-07-07\1\widefield.tar,31921946112,basler-tiff,False,,False,True
Y:\Subjects\ZYE_0096\2025-07-08\1\widefield.tar,123730048512,basler-tiff,False,,False,True
Y:\Subjects\ZYE_0096\2025-07-09\1\widefield.tar,108535752192,basler-tiff,False,,False,True
Y:\Subjects\ZYE_0096\2025-07-10\1\widefield.tar,108633841152,basler-tiff,False,,False,True
Y:\Subjects\ZYE_0096\2025-07-12\1\widefield.tar,128929396224,basler-tiff,False,,False,True
Y:\Subjects\ZYE_0096\2025-07-12\2\widefield.tar,125458312704,basler-tiff,False,,False,True
Y:\Subjects\ZYE_0078\2024-04-28\1\widefield.tar,29394415104,basler-tiff,False,,False,True
Y:\Subjects\ZYE_0078\2024-05-14\2\widefield.tar,77632667136,basler-tiff,False,,False,True
Y:\Subjects\ZYE_0078\2024-05-20\4\widefield.tar,114163527168,basler-tiff,False,,False,True
Y:\Subjects\ZYE_0078\2024-05-30\5\widefield.tar,33533136384,basler-tiff,False,,False,True
Y:\Subjects\ZYE_0078\2024-07-23\1\widefield.tar,164403426816,basler-tiff,False,,False,False
Y:\Subjects\FD_004\2025-07-20\1\widefield.tar,34821582336,basler-tiff,False,,False,True
Y:\Subjects\FD_004\2025-07-28\1\widefield.tar,62682011136,basler-tiff,False,,False,True
Y:\Subjects\FD_004\2025-08-13\1\widefield.tar,81503067648,basler-tiff,False,,False,True
Y:\Subjects\FD_004\2025-08-14\1\widefield.tar,95682301440,basler-tiff,False,,False,True
Y:\Subjects\FD_004\2025-08-19\1\widefield.tar,42046625280,basler-tiff,False,,False,True
Y:\Subjects\FD_004\2025-08-20\3\widefield.tar,62696566272,basler-tiff,False,,False,True
Y:\Subjects\FD_004\2025-08-20\6\widefield.tar,13420469760,basler-tiff,False,,False,True
Y:\Subjects\FD_004\2025-08-22\1\widefield.tar,5378440704,basler-tiff,False,,False,True
Y:\Subjects\FD_004\2025-08-22\4\widefield.tar,61349899776,basler-tiff,False,,False,True
Y:\Subjects\FD_004\2025-10-03\1\widefield.tar,104259073536,basler-tiff,False,,False,True
Y:\Subjects\FD_004\2025-10-17\1\widefield.tar,99210339840,basler-tiff,False,,False,True
Y:\Subjects\FD_004\2025-10-17\7\widefield.tar,23161652736,basler-tiff,False,,False,True
Y:\Subjects\FD_004\2025-10-22\1\widefield.tar,134552770048,basler-tiff,False,,False,True
Y:\Subjects\FD_004\2025-11-14\4\widefield.tar,177977549824,basler-tiff,False,,False,True
Y:\Subjects\FD_004\2025-11-17\1\widefield.tar,186255128064,basler-tiff,False,,False,True
Y:\Subjects\ZYE_0085\2024-05-24\1\widefield.tar,108659154432,basler-tiff,False,,False,True
Y:\Subjects\ZYE_0085\2024-07-08\1\widefield.tar,162206866944,basler-tiff,False,,False,True
Y:\Subjects\ZYE_0085\2024-07-08\3\widefield.tar,29415931392,basler-tiff,False,,False,True
Y:\Subjects\ZYE_0085\2024-07-09\3\widefield.tar,134615391744,basler-tiff,False,,False,True
Y:\Subjects\ZYE_0085\2024-07-10\1\widefield.tar,175612780032,basler-tiff,False,,False,True
Y:\Subjects\ZYE_0085\2024-07-10\3\widefield.tar,80144377344,basler-tiff,False,,False,True
Y:\Subjects\ZYE_0085\2024-07-11\1\widefield.tar,176584809984,basler-tiff,False,,False,True
Y:\Subjects\ZYE_0085\2024-07-11\3\widefield.tar,68690750976,basler-tiff,False,,False,True
Y:\Subjects\ZYE_0085\2024-07-12\1\widefield.tar,106382224896,basler-tiff,False,,False,True
Y:\Subjects\ZYE_0085\2024-07-13\2\widefield.tar,123936984576,basler-tiff,False,,False,True
Y:\Subjects\ZYE_0085\2024-07-14\2\widefield.tar,186924019200,basler-tiff,False,,False,True
Y:\Subjects\ZYE_0085\2024-07-14\4\widefield.tar,62046014976,basler-tiff,False,,False,False
Y:\Subjects\ZYE_0085\2024-07-15\2\widefield.tar,115290600960,basler-tiff,False,,False,True
Y:\Subjects\ZYE_0085\2024-07-16\1\widefield.tar,175245737472,basler-tiff,False,,False,True
Y:\Subjects\ZYE_0085\2024-07-17\1\widefield.tar,141923335680,basler-tiff,False,,False,True
Y:\Subjects\ZYE_0085\2024-07-17\3\widefield.tar,74633676288,basler-tiff,False,,False,True
Y:\Subjects\ZYE_0085\2024-07-18\3\widefield.tar,145450741248,basler-tiff,False,,False,True
Y:\Subjects\ZYE_0085\2024-07-22\1\widefield.tar,141398085120,basler-tiff,False,,False,True
Y:\Subjects\ZYE_0085\2024-07-22\7\widefield.tar,119257191936,basler-tiff,False,,False,True
Y:\Subjects\ZYE_0085\2024-07-22\9\widefield.tar,65436728832,basler-tiff,False,,False,True
Y:\Subjects\ZYE_0085\2024-07-23\1\widefield.tar,170666565120,basler-tiff,False,,False,True
Y:\Subjects\ZYE_0085\2024-07-23\3\widefield.tar,91330315776,basler-tiff,False,,False,True
Y:\Subjects\ZYE_0085\2024-07-24\1\widefield.tar,212070231552,basler-tiff,False,,False,True
Y:\Subjects\ZYE_0085\2024-07-24\3\widefield.tar,58590119424,basler-tiff,False,,False,True
Y:\Subjects\ZYE_0085\2024-07-25\1\widefield.tar,45648072192,basler-tiff,False,,False,True
Y:\Subjects\ZYE_0085\2024-07-25\3\widefield.tar,224438932992,basler-tiff,False,,False,True
Y:\Subjects\ZYE_0085\2024-07-25\5\widefield.tar,75862636032,basler-tiff,False,,False,True
Y:\Subjects\ZYE_0085\2024-07-26\1\widefield.tar,128953443840,basler-tiff,False,,False,True
Y:\Subjects\ZYE_0085\2024-07-26\3\widefield.tar,59903878656,basler-tiff,False,,False,True
Y:\Subjects\ZYE_0085\2024-07-26\5\widefield.tar,35707547136,basler-tiff,False,,False,True
Y:\Subjects\ZYE_0085\2024-07-27\1\widefield.tar,18828652032,basler-tiff,False,,False,True
Y:\Subjects\ZYE_0085\2024-07-27\3\widefield.tar,161963226624,basler-tiff,False,,False,True
Y:\Subjects\ZYE_0085\2024-07-27\5\widefield.tar,61735927296,basler-tiff,False,,False,True
Y:\Subjects\ZYE_0085\2024-07-28\1\widefield.tar,160426710528,basler-tiff,False,,False,True
Y:\Subjects\ZYE_0085\2024-07-28\3\widefield.tar,61631510016,basler-tiff,False,,False,True
Y:\Subjects\ZYE_0085\2024-07-29\7\widefield.tar,211481064960,basler-tiff,False,,False,True
Y:\Subjects\ZYE_0085\2024-07-29\9\widefield.tar,76103745024,basler-tiff,False,,False,True
Y:\Subjects\ZYE_0085\2024-09-08\1\widefield.tar,141819551232,basler-tiff,False,,False,True
Y:\Subjects\ZYE_0085\2025-01-31\2\widefield.tar,61727700480,basler-tiff,False,,False,True
Y:\Subjects\ZYE_0085\2025-01-31\6\widefield.tar,48757808640,basler-tiff,False,,False,True
Y:\Subjects\AL_0047\2026-02-25\1\widefield.tar,18636903936,basler-tiff,False,,False,True
Y:\Subjects\AL_0047\2026-02-27\1\widefield.tar,75082987008,basler-tiff,False,,False,True
Y:\Subjects\AL_0047\2026-02-27\3\widefield.tar,69556465152,basler-tiff,False,,False,True
Y:\Subjects\AL_0030\2024-01-18\2\widefield.tar,135088750080,basler-tiff,False,,False,True
Y:\Subjects\AL_0030\2024-01-19\3\widefield.tar,81944784384,basler-tiff,False,,False,True
Y:\Subjects\AL_0030\2024-01-22\2\widefield.tar,113090244096,basler-tiff,False,,False,True
Y:\Subjects\AL_0030\2024-01-22\5\widefield.tar,14565262848,basler-tiff,False,,False,True
Y:\Subjects\AL_0030\2024-01-23\1\widefield.tar,136961096192,basler-tiff,False,,False,True
Y:\Subjects\AL_0030\2024-01-25\1\widefield.tar,70188031488,basler-tiff,False,,False,True
Y:\Subjects\ZYE_0016\2020-11-06\1\widefield.tar,26199344640,basler-tiff,False,,False,True
Y:\Subjects\ZYE_0016\2020-12-03\1\widefield.tar,32570769920,basler-tiff,False,,False,True
Y:\Subjects\ZYE_0016\2020-12-21\1\widefield.tar,144413504000,basler-tiff,False,,False,True
Y:\Subjects\ZYE_0016\2021-02-16\3\widefield.tar,96691078656,basler-tiff,False,,False,True
Y:\Subjects\ZYE_0016\2021-02-25\1\widefield.tar,59319638528,basler-tiff,False,,False,True
Y:\Subjects\ZYE_0016\2021-02-26\1\widefield.tar,6643013120,basler-tiff,False,,False,True
Y:\Subjects\ZYE_0016\2021-02-26\2\widefield.tar,49776000512,basler-tiff,False,,False,True
Y:\Subjects\ZYE_0059\2022-03-08\1\widefield.tar,40885378560,basler-tiff,False,,False,True
Y:\Subjects\ZYE_0059\2022-03-09\1\widefield.tar,199512313344,basler-tiff,False,,False,True
Y:\Subjects\ZYE_0059\2022-03-14\1\widefield.tar,227937861120,basler-tiff,False,,False,True
Y:\Subjects\ZYE_0059\2022-03-15\1\widefield.tar,117575124480,basler-tiff,False,,False,True
Y:\Subjects\ZYE_0059\2022-03-15\5\widefield.tar,130988631552,basler-tiff,False,,False,True
Y:\Subjects\ZYE_0059\2022-03-16\1\widefield.tar,184138292736,basler-tiff,False,,False,True
Y:\Subjects\ZYE_0053\2021-12-17\2\widefield.tar,36089777664,basler-tiff,False,,False,True
Y:\Subjects\ZYE_0053\2021-12-19\2\widefield.tar,164673013248,basler-tiff,False,,False,True
Y:\Subjects\ZYE_0053\2021-12-20\1\widefield.tar,149805891072,basler-tiff,False,,False,True
Y:\Subjects\ZYE_0053\2021-12-20\5\widefield.tar,29047623168,basler-tiff,False,,False,True
Y:\Subjects\ZYE_0053\2021-12-21\1\widefield.tar,124045831680,basler-tiff,False,,False,True
Y:\Subjects\ZYE_0053\2021-12-22\1\widefield.tar,138167477760,basler-tiff,False,,False,True
Y:\Subjects\ZYE_0053\2022-01-01\4\widefield.tar,83814170112,basler-tiff,False,,False,True
Y:\Subjects\ZYE_0053\2022-01-02\1\widefield.tar,157273941504,basler-tiff,False,,False,True
Y:\Subjects\ZYE_0053\2022-01-04\1\widefield.tar,129575517696,basler-tiff,False,,False,True
Y:\Subjects\AB_0032\2024-03-12\1\widefield.tar,129452748288,basler-tiff,False,,False,True
Y:\Subjects\AB_0032\2024-03-13\1\widefield.tar,192130960896,basler-tiff,False,,False,True
Y:\Subjects\AB_0032\2024-03-14\1\widefield.tar,185266632192,basler-tiff,False,,False,True
Y:\Subjects\AB_0032\2024-04-05\1\widefield.tar,12751827968,basler-tiff,False,,False,False
Y:\Subjects\AB_0032\2024-04-15\1\widefield.tar,183547860480,basler-tiff,False,,False,True
Y:\Subjects\AB_0032\2024-04-16\1\widefield.tar,344282758656,basler-tiff,False,,False,False
Y:\Subjects\AB_0032\2024-04-25\1\widefield.tar,184153480704,basler-tiff,False,,False,True
Y:\Subjects\AB_0032\2024-04-30\1\widefield.tar,194390171136,basler-tiff,False,,False,False
Y:\Subjects\AB_0032\2024-05-02\1\widefield.tar,210604592640,basler-tiff,False,,False,False
Y:\Subjects\AB_0032\2024-05-09\1\widefield.tar,115275412992,basler-tiff,False,,False,True
Y:\Subjects\AB_0032\2024-05-12\1\widefield.tar,103766730240,basler-tiff,False,,False,True
Y:\Subjects\AB_0032\2024-05-21\1\widefield.tar,96594212352,basler-tiff,False,,False,True
Y:\Subjects\AB_0032\2024-05-23\1\widefield.tar,90602558976,basler-tiff,False,,False,True
Y:\Subjects\AB_0032\2024-05-25\1\widefield.tar,92016938496,basler-tiff,False,,False,True
Y:\Subjects\AB_0032\2024-06-12\1\widefield.tar,1024,EMPTY,False,,False,False
Y:\Subjects\AB_0032\2024-06-20\3\widefield.tar,96484099584,basler-tiff,False,,False,True
Y:\Subjects\AB_0032\2024-06-21\1\widefield.tar,180702647808,basler-tiff,False,,False,True
Y:\Subjects\AB_0032\2024-06-25\1\widefield.tar,29458963968,basler-tiff,False,,False,True
Y:\Subjects\AB_0032\2024-06-27\1\widefield.tar,193293473280,basler-tiff,False,,False,True
Y:\Subjects\AB_0032\2024-06-28\1\widefield.tar,267169648128,basler-tiff,False,,False,True
Y:\Subjects\AB_0032\2024-07-08\1\widefield.tar,151111423488,basler-tiff,False,,False,True
Y:\Subjects\AB_0032\2024-07-19\1\widefield.tar,148181411328,basler-tiff,False,,False,True
Y:\Subjects\AB_0032\2024-07-24\1\widefield.tar,246396304896,basler-tiff,False,,False,True
Y:\Subjects\AB_0032\2024-07-26\1\widefield.tar,103462970880,basler-tiff,False,,False,True
Y:\Subjects\AB_0032\2024-07-29\1\widefield.tar,206220332544,basler-tiff,False,,False,True
Y:\Subjects\AB_0032\2024-08-12\5\widefield.tar,1536,EMPTY,False,,False,False
Y:\Subjects\AB_0032\2024-08-13\2\widefield.tar,193300434432,basler-tiff,False,,False,True
Y:\Subjects\AB_0032\2024-08-14\1\widefield.tar,226635492864,basler-tiff,False,,False,True
Y:\Subjects\SM_0001\2020-09-03\1\widefield.tar,27998839296,basler-tiff,False,,False,True
Y:\Subjects\SM_0001\2020-09-29\1\widefield.tar,78817735168,basler-tiff,False,,False,True
Y:\Subjects\SM_0001\2020-11-06\2\widefield.tar,36208861696,basler-tiff,False,,False,True
Y:\Subjects\ZYE_0069\2023-07-14\4\widefield.tar,46744770048,basler-tiff,False,,False,True
Y:\Subjects\ZYE_0069\2023-07-14\6\widefield.tar,52787049984,basler-tiff,False,,False,True
Y:\Subjects\ZYE_0069\2023-07-17\1\widefield.tar,97092883968,basler-tiff,False,,False,True
Y:\Subjects\ZYE_0069\2023-07-19\1\widefield.tar,48121812480,basler-tiff,False,,False,True
Y:\Subjects\ZYE_0069\2023-07-27\3\widefield.tar,74742523392,basler-tiff,False,,False,True
Y:\Subjects\ZYE_0069\2023-08-16\1\widefield.tar,61504310784,basler-tiff,False,,False,True
Y:\Subjects\ZYE_0069\2023-08-17\5\widefield.tar,269463664128,basler-tiff,False,,False,True
Y:\Subjects\ZYE_0069\2023-08-22\1\widefield.tar,56832744960,basler-tiff,False,,False,True
Y:\Subjects\ZYE_0069\2023-08-24\4\widefield.tar,244725628416,basler-tiff,False,,False,True
Y:\Subjects\ZYE_0069\2023-09-06\1\widefield.tar,96571430400,basler-tiff,False,,False,True
Y:\Subjects\ZYE_0069\2023-10-03\1\widefield.tar,64093859328,basler-tiff,False,,False,True
Y:\Subjects\ZYE_0069\2023-11-20\1\widefield.tar,293244225024,basler-tiff,False,,False,True
Y:\Subjects\ZYE_0087\2024-05-23\1\widefield.tar,36902966784,basler-tiff,False,,False,True
Y:\Subjects\ZYE_0087\2024-05-23\5\widefield.tar,112184028672,basler-tiff,False,,False,True
Y:\Subjects\ZYE_0087\2024-08-19\1\widefield.tar,140232408576,basler-tiff,False,,False,True
Y:\Subjects\ZYE_0087\2024-09-04\1\widefield.tar,29556420096,basler-tiff,False,,False,True
Y:\Subjects\ZYE_0087\2024-09-05\1\widefield.tar,107489048064,basler-tiff,False,,False,True
Y:\Subjects\ZYE_0087\2024-09-06\1\widefield.tar,51044230656,basler-tiff,False,,False,True
Y:\Subjects\ZYE_0087\2024-09-06\2\widefield.tar,112980131328,basler-tiff,False,,False,True
Y:\Subjects\ZYE_0087\2024-09-06\3\widefield.tar,142322652672,basler-tiff,False,,False,True
Y:\Subjects\ZYE_0087\2024-09-07\1\widefield.tar,145658942976,basler-tiff,False,,False,True
Y:\Subjects\AL_0045\2026-01-29\2\widefield.tar,161347481088,basler-tiff,False,,False,True
Y:\Subjects\AL_0045\2026-01-30\1\widefield.tar,232043042304,basler-tiff,False,,False,True
Y:\Subjects\AL_0045\2026-02-05\1\widefield.tar,91951757824,basler-tiff,False,,False,True
Y:\Subjects\AL_0045\2026-02-06\1\widefield.tar,82021989888,basler-tiff,False,,False,True
Y:\Subjects\AL_0045\2026-02-09\1\widefield.tar,60355730432,basler-tiff,False,,False,True
Y:\Subjects\AL_0032\2024-04-09\1\widefield.tar,138663618048,basler-tiff,False,,False,False
Y:\Subjects\AL_0032\2024-04-14\1\widefield.tar,160635545088,basler-tiff,False,,False,False
Y:\Subjects\AL_0032\2024-04-19\1\widefield.tar,197884669440,basler-tiff,False,,False,True
Y:\Subjects\AL_0032\2024-04-19\2\widefield.tar,171086765568,basler-tiff,False,,False,False
Y:\Subjects\AL_0032\2024-04-27\1\widefield.tar,164628082176,basler-tiff,False,,False,True
Y:\Subjects\AL_0032\2024-04-28\1\widefield.tar,151915752960,basler-tiff,False,,False,True
Y:\Subjects\AL_0032\2024-05-12\1\widefield.tar,143971180032,basler-tiff,False,,False,False
Y:\Subjects\AL_0032\2024-05-15\1\widefield.tar,189282584064,basler-tiff,False,,False,False
Y:\Subjects\AL_0032\2024-06-10\1\widefield.tar,118348445184,basler-tiff,False,,False,True
Y:\Subjects\AL_0032\2024-06-11\1\widefield.tar,102883296768,basler-tiff,False,,False,True
Y:\Subjects\AL_0032\2024-06-12\1\old_widefield.tar,4236177920,basler-tiff,False,,False,False
Y:\Subjects\AL_0032\2024-06-12\1\widefield.tar,184983123456,basler-tiff,False,,False,False
Y:\Subjects\AL_0038\2024-12-20\3\widefield.tar,20048119296,basler-tiff,False,,False,True
Y:\Subjects\AL_0038\2024-12-27\1\widefield.tar,120905719296,basler-tiff,False,,False,True
Y:\Subjects\AL_0038\2025-01-06\1\widefield.tar,129166075392,basler-tiff,False,,False,True
Y:\Subjects\AL_0038\2025-02-18\1\widefield.tar,183488374272,basler-tiff,False,,False,True
Y:\Subjects\AL_0038\2025-03-04\1\widefield.tar,135523505664,basler-tiff,False,,False,True
Y:\Subjects\AL_0038\2025-04-04\2\widefield.tar,136100648448,basler-tiff,False,,False,True
Y:\Subjects\AL_0038\2025-04-16\1\widefield.tar,36945999360,basler-tiff,False,,False,True
Y:\Subjects\AL_0038\2025-05-01\1\widefield.tar,49505816064,basler-tiff,False,,False,True
Y:\Subjects\AL_0038\2025-05-02\1\widefield.tar,232521255424,basler-tiff,False,,False,True
Y:\Subjects\ZYE_0014\2020-10-26\1\widefield.tar,27482629632,basler-tiff,False,,False,True
Y:\Subjects\ZYE_0014\2020-10-28\1\widefield.tar,142943867392,basler-tiff,False,,False,True
Y:\Subjects\ZYE_0014\2020-12-09\1\widefield.tar,154680313344,basler-tiff,False,,False,True
Y:\Subjects\ZYE_0014\2020-12-10\1\widefield.tar,136994380288,basler-tiff,False,,False,True
Y:\Subjects\ZYE_0014\2020-12-22\1\widefield.tar,133426170368,basler-tiff,False,,False,True
Y:\Subjects\ZYE_0014\2020-12-23\1\widefield.tar,137754610176,basler-tiff,False,,False,True
Y:\Subjects\ZYE_0014\2021-04-06\3\widefield.tar,134946100736,basler-tiff,False,,False,True
Y:\Subjects\ZYE_0014\2021-04-17\1\widefield.tar,19459980800,basler-tiff,False,,False,True
Y:\Subjects\ZYE_0014\2021-04-17\2\widefield.tar,21343085056,basler-tiff,False,,False,True
Y:\Subjects\ZYE_0051\2021-12-15\1\widefield.tar,32014972416,basler-tiff,False,,False,True
Y:\Subjects\ZYE_0051\2021-12-15\3\widefield.tar,49309638144,basler-tiff,False,,False,True
Y:\Subjects\ZYE_0051\2022-02-21\1\widefield.tar,93286399488,basler-tiff,False,,False,True
Y:\Subjects\ZYE_0026\2021-01-13\1\widefield.tar,35019281920,basler-tiff,False,,False,True
Y:\Subjects\ZYE_0026\2021-02-16\2\widefield.tar,66316824064,basler-tiff,False,,False,True
Y:\Subjects\ZYE_0026\2021-03-19\1\widefield.tar,146463371776,basler-tiff,False,,False,True
Y:\Subjects\ZYE_0026\2021-03-22\1\widefield.tar,147369188864,basler-tiff,False,,False,True
Y:\Subjects\ZYE_0007\2020-07-25\1\widefield.tar,34580052480,basler-tiff,False,,False,True
Y:\Subjects\ZYE_0007\2020-07-29\1\widefield.tar,31907714048,basler-tiff,False,,False,True
Y:\Subjects\ZYE_0070\2023-01-13\1\widefield.tar,32773105152,basler-tiff,False,,False,True
Y:\Subjects\ZYE_0070\2023-01-14\1\widefield.tar,145237476864,basler-tiff,False,,False,True
Y:\Subjects\ZYE_0070\2023-01-15\1\widefield.tar,157096748544,basler-tiff,False,,False,True
Y:\Subjects\ZYE_0070\2023-01-16\1\widefield.tar,169521139200,basler-tiff,False,,False,True
Y:\Subjects\ZYE_0070\2023-01-16\5\widefield.tar,119009121792,basler-tiff,False,,False,True
Y:\Subjects\ZYE_0070\2023-01-17\1\widefield.tar,98346323968,basler-tiff,False,,False,True
Y:\Subjects\ZYE_0070\2023-01-17\5\widefield.tar,98346323968,basler-tiff,False,,False,True
Y:\Subjects\XL_004\2026-06-03\1\widefield.tar,54753259008,basler-tiff,False,,False,True
Y:\Subjects\XL_004\2026-06-04\3\widefield.tar,48764136960,basler-tiff,False,,False,True
Y:\Subjects\XL_004\2026-06-17\1\widefield.tar,64246371840,basler-tiff,False,,False,True
Y:\Subjects\ZYE_0094\2025-06-03\1\widefield.tar,38788173312,basler-tiff,False,,False,True
Y:\Subjects\ZYE_0094\2025-06-16\3\widefield.tar,135494395392,basler-tiff,False,,False,True
Y:\Subjects\ZYE_0094\2025-06-17\1\widefield.tar,114315406848,basler-tiff,False,,False,True
Y:\Subjects\ZYE_0094\2025-06-17\3\widefield.tar,115937988096,basler-tiff,False,,False,True
Y:\Subjects\ZYE_0094\2025-06-18\1\widefield.tar,121148093952,basler-tiff,False,,False,True
Y:\Subjects\ZYE_0094\2025-06-18\3\widefield.tar,128208600576,basler-tiff,False,,False,True
Y:\Subjects\ZYE_0094\2025-06-19\1\widefield.tar,97550421504,basler-tiff,False,,False,True
Y:\Subjects\ZYE_0094\2025-06-21\2\widefield.tar,114849517056,basler-tiff,False,,False,True
Y:\Subjects\ZYE_0094\2025-06-21\3\widefield.tar,97718754816,basler-tiff,False,,False,True
Y:\Subjects\ZYE_0094\2025-06-22\1\widefield.tar,95384870400,basler-tiff,False,,False,True
Y:\Subjects\ZYE_0094\2025-06-24\1\widefield.tar,95058329088,basler-tiff,False,,False,True
Y:\Subjects\ZYE_0094\2025-07-10\1\widefield.tar,131416425984,basler-tiff,False,,False,True
Y:\Subjects\ZYE_0094\2025-07-16\1\widefield.tar,103338935808,basler-tiff,False,,False,True
Y:\Subjects\ZYE_0094\2025-07-18\1\widefield.tar,163887035904,basler-tiff,False,,False,True
Y:\Subjects\ZYE_0094\2025-07-19\1\widefield.tar,134328086016,basler-tiff,False,,False,True
Y:\Subjects\ZYE_0094\2025-07-20\1\widefield.tar,126525900288,basler-tiff,False,,False,True
Y:\Subjects\ZYE_0094\2025-07-21\1\widefield.tar,130255179264,basler-tiff,False,,False,True
Y:\Subjects\ZYE_0094\2025-07-26\1\widefield.tar,102434618880,basler-tiff,False,,False,True
Y:\Subjects\FD_006\2025-08-15\1\widefield.tar,28691971584,basler-tiff,False,,False,True
Y:\Subjects\FD_006\2025-08-18\1\widefield.tar,82844671488,basler-tiff,False,,False,True
Y:\Subjects\FD_006\2025-11-05\1\widefield.tar,55010821632,basler-tiff,False,,False,True
Y:\Subjects\FD_006\2025-11-10\3\widefield.tar,89602051584,basler-tiff,False,,False,True
Y:\Subjects\FD_006\2025-11-18\1\widefield.tar,29092554240,basler-tiff,False,,False,True
Y:\Subjects\FD_006\2025-11-18\7\widefield.tar,20318971392,basler-tiff,False,,False,True
Y:\Subjects\FD_006\2025-11-20\2\widefield.tar,70009572864,basler-tiff,False,,False,True
Y:\Subjects\FD_006\2025-11-26\1\widefield.tar,79180574208,basler-tiff,False,,False,True
Y:\Subjects\FD_006\2025-12-10\5\widefield.tar,88164890112,basler-tiff,False,,False,True
Y:\Subjects\FD_006\2025-12-15\4\widefield.tar,90465234432,basler-tiff,False,,False,True
Y:\Subjects\ZYE_0035\2021-05-12\2\widefield.tar,71820549632,basler-tiff,False,,False,True
Y:\Subjects\ZYE_0035\2021-07-01\1\widefield.tar,67204641280,basler-tiff,False,,False,True
Y:\Subjects\ZYE_0035\2021-07-05\1\widefield.tar,64301367808,basler-tiff,False,,False,True
Y:\Subjects\ZYE_0035\2021-07-17\1\widefield.tar,1570225664,basler-tiff,False,,False,True
Y:\Subjects\ZYE_0035\2021-07-17\2\widefield.tar,33242059264,basler-tiff,False,,False,True
Y:\Subjects\ZYE_0035\2021-07-18\1\widefield.tar,69127451136,basler-tiff,False,,False,True
Y:\Subjects\ZYE_0048\2021-10-08\1\widefield.tar,37454163456,basler-tiff,False,,False,True
Y:\Subjects\ZYE_0048\2021-10-11\1\widefield.tar,67411164672,basler-tiff,False,,False,True
Y:\Subjects\ZYE_0048\2021-12-03\3\widefield.tar,62635181568,basler-tiff,False,,False,True
Y:\Subjects\ZYE_0048\2021-12-07\1\widefield.tar,193068185088,basler-tiff,False,,False,True
Y:\Subjects\ZYE_0048\2021-12-08\1\widefield.tar,29167228416,basler-tiff,False,,False,True
Y:\Subjects\ZYE_0048\2021-12-08\6\widefield.tar,75598745088,basler-tiff,False,,False,True
Y:\Subjects\ZYE_0048\2021-12-10\1\widefield.tar,70022229504,basler-tiff,False,,False,True
Y:\Subjects\ZYE_0045\2021-09-21\1\widefield.tar,39538712064,basler-tiff,False,,False,True
Y:\Subjects\ZYE_0045\2021-09-22\1\widefield.tar,184080072192,basler-tiff,False,,False,True
Y:\Subjects\ZYE_0045\2021-09-23\2\widefield.tar,96866962944,basler-tiff,False,,False,True
Y:\Subjects\ZYE_0038\2021-07-21\1\widefield.tar,51692986880,basler-tiff,False,,False,True
Y:\Subjects\ZYE_0038\2021-07-21\2\widefield.tar,39130664448,basler-tiff,False,,False,True
Y:\Subjects\ZYE_0038\2021-09-01\1\widefield.tar,160886779392,basler-tiff,False,,False,True
Y:\Subjects\ZYE_0038\2021-09-02\2\widefield.tar,146985991680,basler-tiff,False,,False,True
Y:\Subjects\AL_0014\2022-08-08\1\widefield.tar,128783844864,basler-tiff,False,,False,True
Y:\Subjects\AL_0014\2022-08-09\2\widefield.tar,138402258432,basler-tiff,False,,False,True
Y:\Subjects\AL_0014\2022-08-15\1\widefield.tar,72019446272,basler-tiff,False,,False,True
Y:\Subjects\AL_0014\2022-08-17\1\widefield.tar,159801472512,basler-tiff,False,,False,True
Y:\Subjects\LK_0001\2021-03-08\1\widefield.tar,31601953280,basler-tiff,False,,False,True
Y:\Subjects\LK_0001\2021-03-09\5\widefield.tar,43224047104,basler-tiff,False,,False,True
Y:\Subjects\LK_0001\2021-04-06\2\widefield.tar,286064026112,basler-tiff,False,,False,True
Y:\Subjects\LK_0001\2021-04-07\1\widefield.tar,267944507904,basler-tiff,False,,False,True
Y:\Subjects\LK_0001\2021-04-13\3\widefield.tar,2532160000,basler-tiff,False,,False,True
Y:\Subjects\LK_0001\2021-04-13\5\widefield.tar,2524748288,basler-tiff,False,,False,True
Y:\Subjects\LK_0001\2021-04-22\1\widefield.tar,3229390336,basler-tiff,False,,False,True
Y:\Subjects\LK_0001\2021-04-22\3\widefield.tar,3268037120,basler-tiff,False,,False,True
Y:\Subjects\LK_0001\2021-04-22\5\widefield.tar,3049391616,basler-tiff,False,,False,True
Y:\Subjects\LK_0001\2021-09-16\1\widefield.tar,32276332032,basler-tiff,False,,False,True
Y:\Subjects\FD_001\2025-05-14\1\widefield.tar,30468963840,basler-tiff,False,,False,True
Y:\Subjects\FD_001\2025-05-20\1\widefield.tar,85002628608,basler-tiff,False,,False,True
Y:\Subjects\FD_001\2025-05-30\1\widefield.tar,29520981504,basler-tiff,False,,False,True
Y:\Subjects\FD_001\2025-06-11\3\widefield.tar,51386592768,basler-tiff,False,,False,True
Y:\Subjects\FD_001\2025-07-27\1\widefield.tar,54307112448,basler-tiff,False,,False,True
Y:\Subjects\FD_001\2025-07-28\1\widefield.tar,65219667456,basler-tiff,False,,False,True
Y:\Subjects\FD_001\2025-08-13\1\widefield.tar,108242118144,basler-tiff,False,,False,True
Y:\Subjects\FD_001\2025-08-18\1\widefield.tar,91647997440,basler-tiff,False,,False,True
Y:\Subjects\FD_001\2025-08-22\1\widefield.tar,113815469568,basler-tiff,False,,False,True
Y:\Subjects\FD_001\2025-10-03\1\widefield.tar,96563836416,basler-tiff,False,,False,True
Y:\Subjects\FD_001\2025-10-08\1\widefield.tar,25751834112,basler-tiff,False,,False,True
Y:\Subjects\FD_001\2025-10-08\4\widefield.tar,99990621696,basler-tiff,False,,False,True
Y:\Subjects\FD_001\2025-10-09\1\widefield.tar,28753356288,basler-tiff,False,,False,True
Y:\Subjects\FD_001\2025-10-09\3\widefield.tar,91711913472,basler-tiff,False,,False,True
Y:\Subjects\FD_001\2025-10-10\2\widefield.tar,20123426304,basler-tiff,False,,False,True
Y:\Subjects\FD_001\2025-10-10\4\widefield.tar,92831393280,basler-tiff,False,,False,True
Y:\Subjects\FD_001\2025-10-13\1\widefield.tar,26938394112,basler-tiff,False,,False,True
Y:\Subjects\FD_001\2025-10-13\3\widefield.tar,90730391040,basler-tiff,False,,False,True
Y:\Subjects\FD_001\2025-10-16\1\widefield.tar,31385304576,basler-tiff,False,,False,True
Y:\Subjects\ZYE_0077\2024-04-28\1\widefield.tar,22989522432,basler-tiff,False,,False,True
Y:\Subjects\ZYE_0077\2024-05-04\2\widefield.tar,30262027776,basler-tiff,False,,False,True
Y:\Subjects\ZYE_0077\2024-05-17\1\widefield.tar,103436391936,basler-tiff,False,,False,True
Y:\Subjects\ZYE_0077\2024-05-30\3\widefield.tar,31668813312,basler-tiff,False,,False,True
Y:\Subjects\ZYE_0077\2024-07-22\1\widefield.tar,142275190272,basler-tiff,False,,False,True
Y:\Subjects\AL_0051\2026-07-29\2\widefield.tar,69433736704,frame-N,True,560x560,False,True
Y:\Subjects\XL_009\2026-06-03\1\widefield.tar,121628413440,basler-tiff,False,,False,True
Y:\Subjects\XL_009\2026-06-17\1\widefield.tar,93950240256,basler-tiff,False,,False,True
Y:\Subjects\XL_009\2026-07-23\1\widefield.tar,45832226304,basler-tiff,False,,False,True
Y:\Subjects\ZYE_0093\2025-06-02\2\widefield.tar,133295304192,basler-tiff,False,,False,True
Y:\Subjects\ZYE_0093\2025-06-03\1\widefield.tar,42746537472,basler-tiff,False,,False,True
Y:\Subjects\ZYE_0093\2025-06-14\1\widefield.tar,43705910784,basler-tiff,False,,False,True
Y:\Subjects\ZYE_0056\2021-12-18\1\widefield.tar,29541864960,basler-tiff,False,,False,True
Y:\Subjects\ZYE_0056\2022-01-10\1\widefield.tar,132982052352,basler-tiff,False,,False,True
Y:\Subjects\FD_012\2026-02-10\1\widefield.tar,103259198976,basler-tiff,False,,False,True
Y:\Subjects\FD_012\2026-02-11\1\widefield.tar,108383239680,basler-tiff,False,,False,True
Y:\Subjects\FD_012\2026-02-12\1\widefield.tar,93670528512,basler-tiff,False,,False,True
Y:\Subjects\FD_012\2026-02-13\1\widefield.tar,75676583424,basler-tiff,False,,False,True
Y:\Subjects\FD_012\2026-02-15\1\widefield.tar,72787705344,basler-tiff,False,,False,True
Y:\Subjects\FD_012\2026-02-16\1\widefield.tar,76832134656,basler-tiff,False,,False,True
Y:\Subjects\FD_012\2026-02-16\3\widefield.tar,5187360768,basler-tiff,False,,False,True
Y:\Subjects\FD_012\2026-02-17\1\widefield.tar,84209057280,basler-tiff,False,,False,True
Y:\Subjects\FD_012\2026-02-20\1\widefield.tar,118232004096,basler-tiff,False,,False,True
Y:\Subjects\FD_012\2026-02-21\1\widefield.tar,111461967360,basler-tiff,False,,False,True
Y:\Subjects\FD_012\2026-02-22\1\widefield.tar,114776108544,basler-tiff,False,,False,True
Y:\Subjects\FD_012\2026-02-23\1\widefield.tar,115624103424,basler-tiff,False,,False,True
Y:\Subjects\FD_012\2026-02-24\1\widefield.tar,98159838720,basler-tiff,False,,False,True
Y:\Subjects\FD_012\2026-03-02\1\widefield.tar,107037206016,basler-tiff,False,,False,True
Y:\Subjects\FD_012\2026-03-03\1\widefield.tar,115088727552,basler-tiff,False,,False,True
Y:\Subjects\FD_012\2026-04-15\1\widefield.tar,121577154048,basler-tiff,False,,False,True
Y:\Subjects\FD_012\2026-04-20\1\widefield.tar,126789158400,basler-tiff,False,,False,True
Y:\Subjects\FD_012\2026-04-21\1\widefield.tar,191350289408,basler-tiff,False,,False,True
Y:\Subjects\FD_012\2026-04-23\1\widefield.tar,192299276288,basler-tiff,False,,False,True
Y:\Subjects\FD_012\2026-05-05\1\widefield.tar,126363262464,basler-tiff,False,,False,True
Y:\Subjects\FD_012\2026-05-06\1\widefield.tar,130003312128,basler-tiff,False,,False,True
Y:\Subjects\ZYE_0080\2024-04-29\2\widefield.tar,29079264768,basler-tiff,False,,False,True
Y:\Subjects\AL_0035\2024-08-12\1\widefield.tar,143465547264,basler-tiff,False,,False,True
Y:\Subjects\AL_0035\2024-08-14\1\widefield.tar,179614176768,basler-tiff,False,,False,True
Y:\Subjects\AL_0035\2024-08-16\1\widefield.tar,126138607104,basler-tiff,False,,False,True
Y:\Subjects\AL_0035\2024-08-22\1\widefield.tar,129462873600,basler-tiff,False,,False,True
Y:\Subjects\AL_0035\2024-08-29\1\widefield.tar,127437811200,basler-tiff,False,,False,True
Y:\Subjects\AL_0035\2024-09-04\1\widefield.tar,150357087744,basler-tiff,False,,False,True
Y:\Subjects\AL_0035\2024-09-10\1\widefield.tar,145750703616,basler-tiff,False,,False,True
Y:\Subjects\AL_0035\2024-11-24\1\widefield.tar,1024,EMPTY,False,,False,True
Y:\Subjects\AL_0035\2024-12-05\1\widefield.tar,41725779456,basler-tiff,False,,False,True
Y:\Subjects\AL_0035\2024-12-09\1\widefield.tar,149788804608,basler-tiff,False,,False,True
Y:\Subjects\AL_0035\2024-12-19\2\widefield.tar,131862572544,basler-tiff,False,,False,False
Y:\Subjects\AL_0035\2025-01-08\1\widefield.tar,233308706304,basler-tiff,False,,False,True
Y:\Subjects\AL_0035\2025-01-11\1\widefield.tar,117675744768,basler-tiff,False,,False,True
Y:\Subjects\AL_0035\2025-01-12\1\widefield.tar,106182882816,basler-tiff,False,,False,True
Y:\Subjects\AL_0035\2025-01-19\1\widefield.tar,187434714624,basler-tiff,False,,False,True
Y:\Subjects\AL_0035\2025-01-25\1\widefield.tar,169686941184,basler-tiff,False,,False,True
Y:\Subjects\AL_0035\2025-04-11\1\widefield.tar,125613356544,basler-tiff,False,,False,True
Y:\Subjects\AL_0035\2025-04-14\1\widefield.tar,128922435072,basler-tiff,False,,False,True
Y:\Subjects\AL_0035\2025-04-24\1\widefield.tar,244069381632,basler-tiff,False,,False,True
Y:\Subjects\AL_0035\2025-04-25\1\widefield.tar,181512672768,basler-tiff,False,,False,False
Y:\Subjects\AL_0035\2025-04-25\2\widefield.tar,181512672768,basler-tiff,False,,False,False
Y:\Subjects\AL_0035\2025-04-27\1\widefield.tar,189171838464,basler-tiff,False,,False,True
Y:\Subjects\AL_0035\2025-05-01\1\widefield.tar,118668025344,basler-tiff,False,,False,True
Y:\Subjects\AL_0035\2025-05-08\1\widefield.tar,115821547008,basler-tiff,False,,False,True
Y:\Subjects\AL_0035\2025-05-10\1\widefield.tar,122172648960,basler-tiff,False,,False,True
Y:\Subjects\AL_0035\2025-05-11\1\widefield.tar,70241189376,basler-tiff,False,,False,True
Y:\Subjects\AL_0035\2025-05-24\1\widefield.tar,153477582336,basler-tiff,False,,False,True
Y:\Subjects\AB_0005\2021-03-29\2\widefield.tar,64896422400,basler-tiff,False,,False,True
Y:\Subjects\AB_0005\2021-03-30\1\widefield.tar,172251364864,basler-tiff,False,,False,True
Y:\Subjects\AL_0048\2026-06-05\2\widefield.tar,23694874112,frame-N,True,560x560,False,True
Y:\Subjects\AL_0048\2026-06-07\1\widefield.tar,51576585728,frame-N,True,560x560,False,True
Y:\Subjects\AL_0048\2026-06-11\1\widefield.tar,4249611776,frame-N,True,560x560,False,True
Y:\Subjects\AL_0048\2026-06-11\2\widefield.tar,20920387072,frame-N,True,560x560,False,True
Y:\Subjects\AL_0048\2026-06-11\3\widefield.tar,8024044032,frame-N,True,560x560,False,True
Y:\Subjects\AL_0048\2026-06-11\4\widefield.tar,3331896832,frame-N,True,560x560,False,True
Y:\Subjects\AL_0048\2026-06-11\5\widefield.tar,12898855424,frame-N,True,560x560,False,True
Y:\Subjects\AL_0048\2026-06-11\6\widefield.tar,18659368448,frame-N,True,560x560,False,True
Y:\Subjects\AL_0048\2026-06-12\4\widefield.tar,39626204672,frame-N,True,560x560,False,True
Y:\Subjects\AL_0048\2026-06-20\1\widefield.tar,50766837248,frame-N,True,560x560,False,True
Y:\Subjects\AL_0048\2026-06-20\2\widefield.tar,34349029888,frame-N,True,560x560,False,True
Y:\Subjects\AL_0048\2026-06-24\2\widefield.tar,120553231872,basler-tiff,False,,False,True
Y:\Subjects\AL_0048\2026-06-24\5\widefield.tar,55929768448,frame-N,True,560x560,False,True
Y:\Subjects\AL_0048\2026-07-01\4\widefield.tar,121280355840,basler-tiff,False,,False,True
Y:\Subjects\AL_0048\2026-07-01\6\widefield.tar,59310625280,frame-N,True,560x560,False,True
Y:\Subjects\AL_0048\2026-07-10\3\widefield.tar,257381002752,basler-tiff,False,,False,True
Y:\Subjects\AL_0048\2026-07-14\1\widefield.tar,142241423872,frame-N,True,560x560,False,True
Y:\Subjects\AL_0048\2026-07-15\1\widefield.tar,195134381568,basler-tiff,False,,False,True
Y:\Subjects\AL_0048\2026-07-21\1\widefield.tar,188313601536,frame-N,True,560x560,False,True
Y:\Subjects\AL_0048\2026-07-29\2\widefield.tar,68846198272,frame-N,True,560x560,False,True
Y:\Subjects\ZYE_0064\2022-04-14\1\widefield.tar,38899551744,basler-tiff,False,,False,True
Y:\Subjects\ZYE_0013\2020-11-11\3\widefield.tar,69989856768,basler-tiff,False,,False,True
Y:\Subjects\ZYE_0060\2022-03-23\2\widefield.tar,144202796544,basler-tiff,False,,False,True
Y:\Subjects\ZYE_0060\2022-03-24\1\widefield.tar,157962462720,basler-tiff,False,,False,True
Y:\Subjects\ZYE_0060\2022-03-25\1\widefield.tar,157230276096,basler-tiff,False,,False,True
Y:\Subjects\ZYE_0060\2022-03-26\1\widefield.tar,142178999808,basler-tiff,False,,False,True
Y:\Subjects\AL_0046\2026-02-11\1\widefield.tar,36698562048,basler-tiff,False,,False,True
Y:\Subjects\AL_0046\2026-02-12\1\widefield.tar,220384378368,basler-tiff,False,,False,True
Y:\Subjects\AL_0046\2026-02-18\1\widefield.tar,76032867840,basler-tiff,False,,False,True
Y:\Subjects\AL_0046\2026-02-18\3\widefield.tar,154372406784,basler-tiff,False,,False,True
Y:\Subjects\AL_0046\2026-02-19\1\widefield.tar,80664565248,basler-tiff,False,,False,True
Y:\Subjects\AL_0046\2026-02-19\2\widefield.tar,62571265536,basler-tiff,False,,False,True
Y:\Subjects\AL_0046\2026-02-22\1\widefield.tar,237278461440,basler-tiff,False,,False,True
Y:\Subjects\AL_0046\2026-03-02\1\widefield.tar,92707992064,basler-tiff,False,,False,True
Y:\Subjects\AL_0046\2026-03-03\1\widefield.tar,95185528320,basler-tiff,False,,False,True
Y:\Subjects\AL_0046\2026-03-04\1\widefield.tar,92640910848,basler-tiff,False,,False,True
Y:\Subjects\AL_0046\2026-03-05\3\widefield.tar,79458387456,basler-tiff,False,,False,True
Y:\Subjects\ZYE_0084\2024-04-29\1\widefield.tar,28360367616,basler-tiff,False,,False,True
Y:\Subjects\ZYE_0052\2021-12-15\1\widefield.tar,34230517248,basler-tiff,False,,False,True
Y:\Subjects\ZYE_0052\2021-12-18\2\widefield.tar,138743987712,basler-tiff,False,,False,True
Y:\Subjects\ZYE_0052\2021-12-19\4\widefield.tar,119245800960,basler-tiff,False,,False,True
Y:\Subjects\ZYE_0052\2021-12-20\1\widefield.tar,186831625728,basler-tiff,False,,False,True
Y:\Subjects\ZYE_0052\2021-12-21\1\widefield.tar,132206833152,basler-tiff,False,,False,True
Y:\Subjects\ZYE_0052\2021-12-22\4\widefield.tar,137740316160,basler-tiff,False,,False,True
Y:\Subjects\ZYE_0052\2021-12-31\1\widefield.tar,149913472512,basler-tiff,False,,False,True
Y:\Subjects\ZYE_0052\2022-01-04\1\widefield.tar,134896369152,basler-tiff,False,,False,True
Y:\Subjects\ZYE_0058\2022-01-28\1\widefield.tar,38720875520,basler-tiff,False,,False,True
Y:\Subjects\ZYE_0058\2022-01-29\1\widefield.tar,210177059328,basler-tiff,False,,False,True
Y:\Subjects\ZYE_0058\2022-01-30\1\widefield.tar,231283421696,basler-tiff,False,,False,True
Y:\Subjects\ZYE_0058\2022-01-31\1\widefield.tar,238871468032,basler-tiff,False,,False,True
Y:\Subjects\ZYE_0058\2022-02-01\1\widefield.tar,227076949504,basler-tiff,False,,False,True
Y:\Subjects\ZYE_0058\2022-02-02\2\widefield.tar,228953102848,basler-tiff,False,,False,True
Y:\Subjects\ZYE_0058\2022-02-04\1\widefield.tar,232315088384,basler-tiff,False,,False,True
Y:\Subjects\ZYE_0058\2022-03-08\2\widefield.tar,42549726720,basler-tiff,False,,False,True
Y:\Subjects\ZYE_0058\2022-03-09\1\widefield.tar,254283290112,basler-tiff,False,,False,True
Y:\Subjects\ZYE_0058\2022-03-10\1\widefield.tar,234162396672,basler-tiff,False,,False,True
Y:\Subjects\ZYE_0058\2022-03-11\1\widefield.tar,186659495424,basler-tiff,False,,False,True
Y:\Subjects\ZYE_0097\2025-07-07\1\widefield.tar,30879038976,basler-tiff,False,,False,True
Y:\Subjects\ZYE_0097\2025-07-08\1\widefield.tar,111227186688,basler-tiff,False,,False,True
Y:\Subjects\ZYE_0097\2025-07-09\1\widefield.tar,111025946112,basler-tiff,False,,False,True
Y:\Subjects\ZYE_0097\2025-07-15\1\widefield.tar,102858616320,basler-tiff,False,,False,True
Y:\Subjects\ZYE_0097\2025-07-16\1\widefield.tar,152628954624,basler-tiff,False,,False,True
Y:\Subjects\ZYE_0097\2025-07-18\1\widefield.tar,142620083712,basler-tiff,False,,False,True
Y:\Subjects\ZYE_0097\2025-07-19\1\widefield.tar,128705373696,basler-tiff,False,,False,True
Y:\Subjects\ZYE_0097\2025-07-20\1\widefield.tar,126846113280,basler-tiff,False,,False,True
Y:\Subjects\ZYE_0097\2025-07-22\1\widefield.tar,128923700736,basler-tiff,False,,False,True
Y:\Subjects\ZYE_0097\2025-07-26\1\widefield.tar,149934355968,basler-tiff,False,,False,True
Y:\Subjects\ZYE_0097\2025-11-18\1\widefield.tar,46691612160,basler-tiff,False,,False,True
Y:\Subjects\ZYE_0097\2025-11-18\8\widefield.tar,26269490688,basler-tiff,False,,False,True
Y:\Subjects\ZYE_0079\2024-04-29\1\widefield.tar,28971050496,basler-tiff,False,,False,True
Y:\Subjects\ZYE_0079\2024-05-04\2\widefield.tar,14569059840,basler-tiff,False,,False,True
Y:\Subjects\test\2025-02-03\3\widefield.tar,530947584,basler-tiff,False,,False,True
Y:\Subjects\test\2025-04-30\3\widefield.tar,36694789632,frame-N,True,560x560,False,True
Y:\Subjects\test\2025-11-04\1.tar,5484321280,frame-N,True,,True,False
Y:\Subjects\test\2025-11-05\1\1.tar,10444501504,frame-N,True,,True,False
Y:\Subjects\test\2025-12-03\1.tar,17021040128,frame-N,True,,True,False
Y:\Subjects\test\2026-02-17\1\widefield.tar,1189092864,basler-tiff,False,,False,True
Y:\Subjects\ZYE_0041\2021-09-02\2\widefield.tar,203848478208,basler-tiff,False,,False,True
Y:\Subjects\ZYE_0041\2021-09-02\7\widefield.tar,138379476480,basler-tiff,False,,False,True
Y:\Subjects\ZYE_0041\2021-09-03\1\widefield.tar,47814888960,basler-tiff,False,,False,True
Y:\Subjects\ZYE_0041\2021-09-03\2\widefield.tar,175507729920,basler-tiff,False,,False,True
Y:\Subjects\FD_005\2025-08-15\5\widefield.tar,24898776576,basler-tiff,False,,False,True
Y:\Subjects\FD_005\2025-08-18\1\widefield.tar,73859089920,basler-tiff,False,,False,True
Y:\Subjects\FD_005\2025-11-04\2\widefield.tar,80479778304,basler-tiff,False,,False,True
Y:\Subjects\FD_005\2025-11-26\1\widefield.tar,76054384128,basler-tiff,False,,False,True
Y:\Subjects\FD_005\2025-12-19\1\widefield.tar,117125813760,basler-tiff,False,,False,True
Y:\Subjects\FD_005\2025-12-29\1\widefield.tar,93690146304,basler-tiff,False,,False,True
Y:\Subjects\FD_005\2026-01-02\1\widefield.tar,97070102016,basler-tiff,False,,False,True
Y:\Subjects\FD_005\2026-01-29\3\widefield.tar,74239421952,basler-tiff,False,,False,True
Y:\Subjects\FD_005\2026-01-30\1\widefield.tar,76747968000,basler-tiff,False,,False,True
Y:\Subjects\FD_005\2026-02-01\1\widefield.tar,27506677248,basler-tiff,False,,False,True
Y:\Subjects\FD_005\2026-02-01\2\widefield.tar,43318617600,basler-tiff,False,,False,True
Y:\Subjects\FD_005\2026-02-05\1\widefield.tar,61276491264,basler-tiff,False,,False,True
Y:\Subjects\FD_005\2026-02-06\1\widefield.tar,115559241216,basler-tiff,False,,False,True
Y:\Subjects\FD_005\2026-02-10\1\widefield.tar,25087993344,basler-tiff,False,,False,True
Y:\Subjects\FD_005\2026-02-10\2\widefield.tar,36983336448,basler-tiff,False,,False,True
Y:\Subjects\FD_008\2026-02-09\1\widefield.tar,37983843840,basler-tiff,False,,False,True
Y:\Subjects\FD_008\2026-06-15\1\widefield.tar,60256998912,basler-tiff,False,,False,True
Y:\Subjects\FD_008\2026-06-16\1\widefield.tar,62849711616,basler-tiff,False,,False,True
Y:\Subjects\FD_008\2026-06-17\2\widefield.tar,58299016704,basler-tiff,False,,False,True
Y:\Subjects\FD_008\2026-06-18\1\widefield.tar,84932384256,basler-tiff,False,,False,True
Y:\Subjects\FD_008\2026-06-20\1\widefield.tar,104761542144,basler-tiff,False,,False,True
Y:\Subjects\FD_008\2026-06-21\1\widefield.tar,94792539648,basler-tiff,False,,False,True
Y:\Subjects\FD_008\2026-06-22\1\widefield.tar,102123265536,basler-tiff,False,,False,True
Y:\Subjects\FD_008\2026-06-23\1\widefield.tar,129329978880,basler-tiff,False,,False,True
Y:\Subjects\FD_008\2026-06-25\1\widefield.tar,111746741760,basler-tiff,False,,False,True
Y:\Subjects\FD_008\2026-06-26\1\widefield.tar,113981271552,basler-tiff,False,,False,True
Y:\Subjects\ZYE_0046\2021-10-02\1\widefield.tar,30474026496,basler-tiff,False,,False,True
Y:\Subjects\ZYE_0046\2021-10-06\1\widefield.tar,48069920256,basler-tiff,False,,False,True
Y:\Subjects\ZYE_0046\2021-11-22\1\widefield.tar,174909070848,basler-tiff,False,,False,True
Y:\Subjects\ZYE_0046\2021-11-23\2\widefield.tar,87909225984,basler-tiff,False,,False,True
Y:\Subjects\ZYE_0046\2021-11-23\4\widefield.tar,13726760448,basler-tiff,False,,False,True
Y:\Subjects\ZYE_0046\2021-11-24\1\widefield.tar,196947445248,basler-tiff,False,,False,True
Y:\Subjects\ZYE_0046\2021-11-24\3\widefield.tar,36569464320,basler-tiff,False,,False,True
Y:\Subjects\ZYE_0046\2021-11-27\2\widefield.tar,430101106176,basler-tiff,False,,False,True
Y:\Subjects\ZYE_0046\2021-11-29\1\widefield.tar,346362244608,basler-tiff,False,,False,True
Y:\Subjects\ZYE_0046\2021-11-30\6\widefield.tar,124664741376,basler-tiff,False,,False,True
Y:\Subjects\ZYE_0046\2021-12-01\1\widefield.tar,163064987136,basler-tiff,False,,False,True
Y:\Subjects\ZYE_0031\2021-03-20\1\widefield.tar,33436352000,basler-tiff,False,,False,True
Y:\Subjects\ZYE_0031\2021-03-21\3\widefield.tar,49263533568,basler-tiff,False,,False,True
Y:\Subjects\ZYE_0031\2021-03-31\1\widefield.tar,77408451072,basler-tiff,False,,False,True
Y:\Subjects\ZYE_0031\2021-04-13\3\widefield.tar,2456454656,basler-tiff,False,,False,True
Y:\Subjects\ZYE_0031\2021-04-13\5\widefield.tar,2808510976,basler-tiff,False,,False,True
Y:\Subjects\ZYE_0031\2021-04-22\1\widefield.tar,3251096064,basler-tiff,False,,False,True
Y:\Subjects\ZYE_0031\2021-04-22\3\widefield.tar,3166920192,basler-tiff,False,,False,True
Y:\Subjects\ZYE_0031\2021-04-22\5\widefield.tar,3512094208,basler-tiff,False,,False,True
Y:\Subjects\ZYE_0031\2021-04-22\7\widefield.tar,4273382912,basler-tiff,False,,False,True
Y:\Subjects\ZYE_0031\2021-06-28\1\widefield.tar,94581917184,basler-tiff,False,,False,True
Y:\Subjects\ZYE_0031\2021-09-29\3\widefield.tar,38057885184,basler-tiff,False,,False,True
Y:\Subjects\ZYE_0031\2021-09-30\1\widefield.tar,75305111040,basler-tiff,False,,False,True
Y:\Subjects\ZYE_0031\2021-09-30\2\widefield.tar,162358746624,basler-tiff,False,,False,True
Y:\Subjects\ZYE_0009\2020-08-14\4\widefield.tar,99632361984,basler-tiff,False,,False,True
Y:\Subjects\ZYE_0009\2020-08-15\1\widefield.tar,206335575552,basler-tiff,False,,False,True
Y:\Subjects\ZYE_0009\2020-08-16\1\widefield.tar,189509332992,basler-tiff,False,,False,True
Y:\Subjects\ZYE_0009\2020-08-17\1\widefield.tar,225509617152,basler-tiff,False,,False,True
Y:\Subjects\ZYE_0009\2020-08-18\1\widefield.tar,227348017152,basler-tiff,False,,False,True
Y:\Subjects\ZYE_0009\2020-08-20\2\widefield.tar,111720129536,basler-tiff,False,,False,True
Y:\Subjects\ZYE_0009\2020-08-25\1\widefield.tar,108863637504,basler-tiff,False,,False,True
Y:\Subjects\ZYE_0009\2020-08-26\1\widefield.tar,103499274240,basler-tiff,False,,False,True
Y:\Subjects\ZYE_0009\2020-08-30\1\widefield.tar,213390884352,basler-tiff,False,,False,True
Y:\Subjects\ZYE_0009\2020-08-31\1\widefield.tar,160207296000,basler-tiff,False,,False,True
Y:\Subjects\ZYE_0009\2020-09-01\1\widefield.tar,94098955776,basler-tiff,False,,False,True
Y:\Subjects\ZYE_0009\2020-09-02\1\widefield.tar,155688067584,basler-tiff,False,,False,True
Y:\Subjects\ZYE_0009\2020-09-03\1\widefield.tar,157347628032,basler-tiff,False,,False,True
Y:\Subjects\ZYE_0009\2020-09-04\1\widefield.tar,111174079488,basler-tiff,False,,False,True
Y:\Subjects\ZYE_0009\2020-09-10\1\widefield.tar,160653080064,basler-tiff,False,,False,True
Y:\Subjects\ZYE_0009\2020-09-26\1\widefield.tar,82174711296,basler-tiff,False,,False,True
Y:\Subjects\ZYE_0009\2021-01-20\1\._widefield.tar,4096,EMPTY,False,,False,True
Y:\Subjects\ZYE_0009\2021-01-20\1\widefield.tar,85114513920,basler-tiff,False,,False,True
Y:\Subjects\ZYE_0090\2024-06-25\2\widefield.tar,29614640640,basler-tiff,False,,False,True
Y:\Subjects\ZYE_0090\2024-07-16\1\widefield.tar,134642603520,basler-tiff,False,,False,True
Y:\Subjects\ZYE_0090\2024-07-16\3\widefield.tar,60294968832,basler-tiff,False,,False,True
Y:\Subjects\ZYE_0090\2024-07-17\1\widefield.tar,162351785472,basler-tiff,False,,False,True
Y:\Subjects\ZYE_0090\2024-07-27\1\widefield.tar,141218993664,basler-tiff,False,,False,True
Y:\Subjects\ZYE_0090\2024-07-27\3\widefield.tar,58258515456,basler-tiff,False,,False,True
Y:\Subjects\ZYE_0090\2024-08-10\10\widefield.tar,60665808384,basler-tiff,False,,False,True
Y:\Subjects\ZYE_0090\2024-08-10\5\widefield.tar,111918239232,basler-tiff,False,,False,True
Y:\Subjects\ZYE_0090\2024-08-11\4\widefield.tar,128042798592,basler-tiff,False,,False,True
Y:\Subjects\ZYE_0090\2024-08-11\6\widefield.tar,61959949824,basler-tiff,False,,False,True
Y:\Subjects\ZYE_0090\2024-08-12\1\widefield.tar,178513681920,basler-tiff,False,,False,True
Y:\Subjects\ZYE_0090\2024-08-12\3\widefield.tar,60784780800,basler-tiff,False,,False,True
Y:\Subjects\ZYE_0090\2024-08-13\1\widefield.tar,24093814272,basler-tiff,False,,False,True
Y:\Subjects\ZYE_0090\2024-08-13\3\widefield.tar,149555289600,basler-tiff,False,,False,True
Y:\Subjects\ZYE_0090\2024-08-13\5\widefield.tar,92928216576,basler-tiff,False,,False,True
Y:\Subjects\ZYE_0090\2024-08-14\1\widefield.tar,139264808448,basler-tiff,False,,False,True
Y:\Subjects\ZYE_0090\2024-08-14\3\widefield.tar,85327271424,basler-tiff,False,,False,True
Y:\Subjects\ZYE_0090\2024-08-15\1\widefield.tar,88381951488,basler-tiff,False,,False,True
Y:\Subjects\ZYE_0090\2024-08-15\3\widefield.tar,85143117312,basler-tiff,False,,False,True
Y:\Subjects\ZYE_0090\2024-08-16\1\widefield.tar,108466773504,basler-tiff,False,,False,True
Y:\Subjects\ZYE_0090\2024-08-16\3\widefield.tar,127318205952,basler-tiff,False,,False,True
Y:\Subjects\ZYE_0090\2024-08-18\3\widefield.tar,101327795712,basler-tiff,False,,False,True
Y:\Subjects\ZYE_0090\2024-08-18\5\widefield.tar,95936699904,basler-tiff,False,,False,True
Y:\Subjects\ZYE_0090\2024-08-19\1\widefield.tar,113922418176,basler-tiff,False,,False,True
Y:\Subjects\ZYE_0090\2024-08-19\3\widefield.tar,81476488704,basler-tiff,False,,False,True
Y:\Subjects\ZYE_0090\2024-08-20\1\widefield.tar,110195037696,basler-tiff,False,,False,True
Y:\Subjects\ZYE_0090\2024-08-20\3\widefield.tar,84785567232,basler-tiff,False,,False,True
Y:\Subjects\ZYE_0090\2024-08-21\1\widefield.tar,106483478016,basler-tiff,False,,False,True
Y:\Subjects\ZYE_0090\2024-08-21\3\widefield.tar,92358667776,basler-tiff,False,,False,True
Y:\Subjects\ZYE_0090\2024-09-08\1\widefield.tar,121332880896,basler-tiff,False,,False,True
Y:\Subjects\ZYE_0090\2025-02-02\1\widefield.tar,56399887872,basler-tiff,False,,False,True
Y:\Subjects\ZYE_0090\2025-02-02\3\widefield.tar,62746560000,basler-tiff,False,,False,True
Y:\Subjects\ZYE_0090\2025-02-25\1\widefield.tar,142001174016,basler-tiff,False,,False,True
Y:\Subjects\ZYE_0090\2025-03-06\5\widefield.tar,144525540864,basler-tiff,False,,False,True
Y:\Subjects\ZYE_0090\2025-03-14\3\widefield.tar,148123823616,basler-tiff,False,,False,True
Y:\Subjects\ZYE_0090\2025-04-26\1\widefield.tar,35956882944,basler-tiff,False,,False,True
Y:\Subjects\ZYE_0090\2025-04-26\3\widefield.tar,28908400128,basler-tiff,False,,False,True
Y:\Subjects\ZYE_0090\2025-04-26\5\widefield.tar,32735135232,basler-tiff,False,,False,True
Y:\Subjects\ZYE_0090\2025-05-02\2\widefield.tar,159536948736,basler-tiff,False,,False,True
Y:\Subjects\ZYE_0090\2025-05-03\1\widefield.tar,79795686912,basler-tiff,False,,False,True
Y:\Subjects\ZYE_0090\2025-05-03\2\widefield.tar,12947744256,basler-tiff,False,,False,True
Y:\Subjects\ZYE_0090\2025-05-03\4\widefield.tar,36349871616,basler-tiff,False,,False,True
Y:\Subjects\ZYE_0090\2025-05-03\6\widefield.tar,118456659456,basler-tiff,False,,False,True
Y:\Subjects\ZYE_0090\2025-05-05\1\widefield.tar,119643852288,basler-tiff,False,,False,True
Y:\Subjects\ZYE_0090\2025-06-04\2\widefield.tar,117775099392,basler-tiff,False,,False,True
Y:\Subjects\ZYE_0090\2025-06-04\4\widefield.tar,113906597376,basler-tiff,False,,False,True
Y:\Subjects\ZYE_0090\2025-06-05\1\widefield.tar,143071925760,basler-tiff,False,,False,True
Y:\Subjects\ZYE_0090\2025-06-06\1\widefield.tar,115517154816,basler-tiff,False,,False,True
Y:\Subjects\ZYE_0090\2025-06-07\1\widefield.tar,146131035648,basler-tiff,False,,False,True
Y:\Subjects\ZYE_0090\2025-06-07\2\widefield.tar,121045575168,basler-tiff,False,,False,True
Y:\Subjects\ZYE_0090\2025-06-08\1\widefield.tar,126777767424,basler-tiff,False,,False,True
Y:\Subjects\ZYE_0090\2025-06-10\1\widefield.tar,129658418688,basler-tiff,False,,False,True
Y:\Subjects\ZYE_0090\2025-06-10\2\widefield.tar,145213429248,basler-tiff,False,,False,True
Y:\Subjects\ZYE_0090\2025-06-11\1\widefield.tar,134323656192,basler-tiff,False,,False,True
Y:\Subjects\ZYE_0090\2025-06-12\1\widefield.tar,117051139584,basler-tiff,False,,False,True
Y:\Subjects\ZYE_0090\2025-06-12\2\widefield.tar,115114673664,basler-tiff,False,,False,True
Y:\Subjects\ZYE_0090\2025-06-13\1\widefield.tar,123365537280,basler-tiff,False,,False,True
Y:\Subjects\ZYE_0090\2025-06-16\1\widefield.tar,126962554368,basler-tiff,False,,False,True
Y:\Subjects\ZYE_0090\2025-06-16\2\widefield.tar,114279968256,basler-tiff,False,,False,True
Y:\Subjects\ZYE_0090\2025-06-17\1\widefield.tar,109128082944,basler-tiff,False,,False,True
Y:\Subjects\ZYE_0090\2025-06-19\2\widefield.tar,106546128384,basler-tiff,False,,False,True
Y:\Subjects\ZYE_0090\2025-06-22\1\widefield.tar,73378137600,basler-tiff,False,,False,True
Y:\Subjects\ZYE_0090\2025-06-22\2\widefield.tar,87873787392,basler-tiff,False,,False,True
Y:\Subjects\FD_011\2026-01-22\1\widefield.tar,5038609920,basler-tiff,False,,False,True
Y:\Subjects\FD_011\2026-01-28\4\widefield.tar,32562372096,basler-tiff,False,,False,True
Y:\Subjects\FD_011\2026-02-11\1\widefield.tar,112004937216,basler-tiff,False,,False,True
Y:\Subjects\FD_011\2026-02-12\1\widefield.tar,71580894720,basler-tiff,False,,False,True
Y:\Subjects\FD_011\2026-02-13\1\widefield.tar,77923137024,basler-tiff,False,,False,True
Y:\Subjects\FD_011\2026-02-15\1\widefield.tar,72611778048,basler-tiff,False,,False,True
Y:\Subjects\FD_011\2026-02-16\2\widefield.tar,79032491520,basler-tiff,False,,False,True
Y:\Subjects\FD_011\2026-02-17\1\widefield.tar,74291314176,basler-tiff,False,,False,True
Y:\Subjects\FD_011\2026-02-18\1\widefield.tar,90367145472,basler-tiff,False,,False,True
Y:\Subjects\FD_011\2026-02-18\3\widefield.tar,20021540352,basler-tiff,False,,False,True
Y:\Subjects\FD_011\2026-02-19\1\widefield.tar,86241080832,basler-tiff,False,,False,True
Y:\Subjects\FD_011\2026-02-20\1\widefield.tar,115719028224,basler-tiff,False,,False,True
Y:\Subjects\FD_011\2026-02-21\1\widefield.tar,113708520960,basler-tiff,False,,False,True
Y:\Subjects\FD_011\2026-02-22\1\widefield.tar,104650163712,basler-tiff,False,,False,True
Y:\Subjects\FD_011\2026-02-23\1\widefield.tar,115552593408,basler-tiff,False,,False,True
Y:\Subjects\FD_011\2026-02-24\1\widefield.tar,103736987136,basler-tiff,False,,False,True
Y:\Subjects\FD_011\2026-02-25\1\widefield.tar,236548814336,basler-tiff,False,,False,True
Y:\Subjects\FD_011\2026-02-28\1\widefield.tar,231219482112,basler-tiff,False,,False,True
Y:\Subjects\FD_011\2026-03-02\2\widefield.tar,220096571392,basler-tiff,False,,False,True
Y:\Subjects\FD_011\2026-03-03\1\widefield.tar,220903129088,basler-tiff,False,,False,True
Y:\Subjects\FD_011\2026-04-02\1\widefield.tar,101841022464,basler-tiff,False,,False,True
Y:\Subjects\FD_011\2026-04-03\1\widefield.tar,97720653312,basler-tiff,False,,False,True
Y:\Subjects\FD_011\2026-04-06\1\widefield.tar,186102605312,basler-tiff,False,,False,True
Y:\Subjects\FD_011\2026-04-09\2\widefield.tar,115775233536,basler-tiff,False,,False,True
Y:\Subjects\FD_011\2026-04-13\1\widefield.tar,189805273600,basler-tiff,False,,False,True
Y:\Subjects\FD_011\2026-04-14\2\widefield.tar,136096851456,basler-tiff,False,,False,True
Y:\Subjects\FD_011\2026-05-23\1\widefield.tar,99274888704,basler-tiff,False,,False,True
Y:\Subjects\FD_011\2026-05-25\1\widefield.tar,99952018944,basler-tiff,False,,False,True
Y:\Subjects\FD_011\2026-07-16\1\widefield.tar,49804512768,basler-tiff,False,,False,True
Y:\Subjects\ZYE_0055\2022-01-02\1\widefield.tar,71959328256,basler-tiff,False,,False,True
Y:\Subjects\ZYE_0055\2022-01-03\1\widefield.tar,126529064448,basler-tiff,False,,False,True
Y:\Subjects\ZYE_0055\2022-01-06\1\widefield.tar,142101794304,basler-tiff,False,,False,True
Y:\Subjects\ZYE_0055\2022-01-07\1\widefield.tar,42777546240,basler-tiff,False,,False,True
Y:\Subjects\ZYE_0055\2022-01-07\2\widefield.tar,28238863872,basler-tiff,False,,False,True
Y:\Subjects\ZYE_0055\2022-01-07\4\widefield.tar,145042564608,basler-tiff,False,,False,True
Y:\Subjects\ZYE_0055\2022-01-10\1\widefield.tar,170370399744,basler-tiff,False,,False,True
Y:\Subjects\ZYE_0055\2022-01-23\2\widefield.tar,154024349184,basler-tiff,False,,False,True
Y:\Subjects\ZYE_0055\2022-01-24\3\widefield.tar,143214312960,basler-tiff,False,,False,True
Y:\Subjects\ZYE_0089\2024-05-23\1\widefield.tar,153235840512,basler-tiff,False,,False,True
Y:\Subjects\ZYE_0089\2024-07-08\1\widefield.tar,144145841664,basler-tiff,False,,False,True
Y:\Subjects\ZYE_0089\2024-07-09\1\widefield.tar,175616577024,basler-tiff,False,,False,True
Y:\Subjects\ZYE_0089\2024-07-09\3\widefield.tar,35760705024,basler-tiff,False,,False,True
Y:\Subjects\ZYE_0089\2024-07-10\1\widefield.tar,115233646080,basler-tiff,False,,False,True
Y:\Subjects\ZYE_0089\2024-07-10\3\widefield.tar,70751884800,basler-tiff,False,,False,True
Y:\Subjects\ZYE_0089\2024-07-10\5\widefield.tar,1024,EMPTY,False,,False,False
Y:\Subjects\ZYE_0089\2024-07-11\5\widefield.tar,158511760896,basler-tiff,False,,False,True
Y:\Subjects\ZYE_0089\2024-07-11\7\widefield.tar,85941751296,basler-tiff,False,,False,True
Y:\Subjects\ZYE_0089\2024-07-12\2\widefield.tar,162746672640,basler-tiff,False,,False,True
Y:\Subjects\ZYE_0089\2024-07-12\4\widefield.tar,60945520128,basler-tiff,False,,False,True
Y:\Subjects\ZYE_0089\2024-07-16\1\widefield.tar,129723600384,basler-tiff,False,,False,True
Y:\Subjects\ZYE_0089\2024-07-17\1\widefield.tar,125076715008,basler-tiff,False,,False,True
Y:\Subjects\ZYE_0089\2025-04-30\5\widefield.tar,28855242240,basler-tiff,False,,False,True
Y:\Subjects\ZYE_0089\2025-05-01\1\widefield.tar,104593841664,basler-tiff,False,,False,True
Y:\Subjects\ZYE_0089\2025-05-02\1\widefield.tar,158267487744,basler-tiff,False,,False,True
Y:\Subjects\ZYE_0089\2025-05-02\5\widefield.tar,96151229952,basler-tiff,False,,False,True
Y:\Subjects\ZYE_0089\2025-05-02\6\widefield.tar,27831320064,basler-tiff,False,,False,True
Y:\Subjects\ZYE_0089\2025-05-03\1\widefield.tar,141586036224,basler-tiff,False,,False,True
Y:\Subjects\ZYE_0089\2025-05-03\2\widefield.tar,114787499520,basler-tiff,False,,False,True
Y:\Subjects\ZYE_0089\2025-05-04\1\widefield.tar,89043260928,basler-tiff,False,,False,True
Y:\Subjects\ZYE_0089\2025-05-05\1\widefield.tar,14620319232,basler-tiff,False,,False,True
Y:\Subjects\ZYE_0089\2025-05-07\1\widefield.tar,41292289536,basler-tiff,False,,False,True
Y:\Subjects\ZYE_0089\2025-05-07\3\widefield.tar,44927909376,basler-tiff,False,,False,True
Y:\Subjects\ZYE_0067\2022-08-15\2\widefield.tar,69453566464,basler-tiff,False,,False,True
Y:\Subjects\ZYE_0067\2022-10-23\2\widefield.tar,171853757952,basler-tiff,False,,False,True
Y:\Subjects\ZYE_0067\2022-10-26\3\widefield.tar,194292082176,basler-tiff,False,,False,True
Y:\Subjects\AL_0041\2025-10-08\2\widefield.tar,11590952448,basler-tiff,False,,False,True
Y:\Subjects\AL_0041\2025-10-16\1\widefield.tar,47094093312,basler-tiff,False,,False,True
Y:\Subjects\AL_0041\2025-10-17\1\widefield.tar,57423810048,basler-tiff,False,,False,True
Y:\Subjects\AL_0041\2025-10-28\1\widefield.tar,47080803840,basler-tiff,False,,False,True
Y:\Subjects\AL_0041\2025-11-03\1\widefield.tar,143040284160,basler-tiff,False,,False,True
Y:\Subjects\AL_0041\2025-11-05\1\1.tar,30766049792,frame-N,True,,True,False
Y:\Subjects\AL_0041\2025-11-05\2\2.tar,1714283008,frame-N,True,,True,False
Y:\Subjects\AL_0041\2025-11-05\3\widefield.tar,92385398272,frame-N,True,560x560,False,True
Y:\Subjects\AL_0041\2025-11-07\1\widefield.tar,117167581184,basler-tiff,False,,False,True
Y:\Subjects\AL_0041\2025-11-12\1\widefield.tar,97562139136,frame-N,True,560x560,False,True
Y:\Subjects\AL_0041\2025-11-12\2\widefield.tar,93342031360,frame-N,True,560x560,False,True
Y:\Subjects\AL_0041\2025-11-20\2\widefield.tar,128347823616,basler-tiff,False,,False,True
Y:\Subjects\AL_0041\2025-11-21\1\widefield.tar,116258201088,basler-tiff,False,,False,True
Y:\Subjects\AL_0041\2025-11-21\3\widefield.tar,33722985984,basler-tiff,False,,False,True
Y:\Subjects\AL_0041\2025-12-02\1\widefield.tar,69476421120,frame-N,True,560x560,False,True
Y:\Subjects\AL_0041\2025-12-02\2\widefield.tar,71695383040,frame-N,True,560x560,False,True
Y:\Subjects\AL_0041\2025-12-10\1\widefield.tar,100912865792,frame-N,True,560x560,False,True
Y:\Subjects\AL_0041\2026-01-28\1\widefield.tar,17768658432,basler-tiff,False,,False,True
Y:\Subjects\AL_0041\2026-01-28\3\widefield.tar,114729278976,basler-tiff,False,,False,True
Y:\Subjects\AL_0041\2026-02-07\2\widefield.tar,83059481088,frame-N,True,560x560,False,True
Y:\Subjects\AL_0041\2026-02-07\3\widefield.tar,24644602368,frame-N,True,560x560,False,True
Y:\Subjects\AL_0041\2026-02-09\3\widefield.tar,84743632384,frame-N,True,560x560,False,True
Y:\Subjects\AL_0041\2026-02-10\1\widefield.tar,138029476352,frame-N,True,560x560,False,True
Y:\Subjects\AL_0041\2026-02-10\2\widefield.tar,86948156928,frame-N,True,560x560,False,True
Y:\Subjects\AL_0041\2026-02-17\1\widefield.tar,153899048448,basler-tiff,False,,False,True
Y:\Subjects\AL_0041\2026-02-19\2\widefield.tar,146498078208,basler-tiff,False,,False,False
Y:\Subjects\AL_0041\2026-02-21\3\widefield.tar,83097143808,frame-N,True,560x560,False,True
Y:\Subjects\AL_0041\2026-02-21\4\widefield.tar,84403412480,frame-N,True,560x560,False,True
Y:\Subjects\AL_0041\2026-02-24\1\widefield.tar,125717140992,basler-tiff,False,,False,True
Y:\Subjects\AL_0041\2026-02-27\1\widefield.tar,141174313472,frame-N,True,560x560,False,True
Y:\Subjects\AL_0041\2026-02-27\2\widefield.tar,14589283840,frame-N,True,560x560,False,True
Y:\Subjects\AL_0041\2026-02-28\2\widefield.tar,143093856768,frame-N,True,560x560,False,True
Y:\Subjects\AL_0041\2026-02-28\4\widefield.tar,34644682240,frame-N,True,560x560,False,True
Y:\Subjects\AL_0041\2026-03-05\3\widefield.tar,59276101120,frame-N,True,560x560,False,True
Y:\Subjects\AL_0041\2026-03-06\2\widefield.tar,53643641344,frame-N,True,560x560,False,True
Y:\Subjects\AL_0041\2026-03-10\2\widefield.tar,33543047680,frame-N,True,560x560,False,True
Y:\Subjects\AL_0041\2026-03-10\3\widefield.tar,28712176128,frame-N,True,560x560,False,True
Y:\Subjects\AL_0041\2026-03-10\4\widefield.tar,32791048704,frame-N,True,560x560,False,True
Y:\Subjects\AL_0041\2026-03-16\2\widefield.tar,96124678656,frame-N,True,560x560,False,True
Y:\Subjects\AL_0041\2026-03-19\1\widefield.tar,106373332480,frame-N,True,560x560,False,True
Y:\Subjects\AL_0041\2026-03-23\2\widefield.tar,26015525376,frame-N,True,560x560,False,True
Y:\Subjects\AL_0041\2026-03-23\3\widefield.tar,30135826944,frame-N,True,560x560,False,True
Y:\Subjects\AL_0041\2026-03-23\5\widefield.tar,54930450944,frame-N,True,560x560,False,True
Y:\Subjects\AL_0041\2026-03-24\1\widefield.tar,93584328192,frame-N,True,560x560,False,True
Y:\Subjects\AL_0041\2026-03-24\6\widefield.tar,39699019264,frame-N,True,560x560,False,True
Y:\Subjects\AL_0041\2026-04-07\4\widefield.tar,15069483520,frame-N,True,560x560,False,True
Y:\Subjects\AL_0041\2026-04-07\5\widefield.tar,11814796800,frame-N,True,560x560,False,True
Y:\Subjects\AL_0041\2026-04-07\6\widefield.tar,15326845440,frame-N,True,560x560,False,True
Y:\Subjects\AL_0041\2026-04-13\2\widefield.tar,25267920384,frame-N,True,560x560,False,True
Y:\Subjects\AL_0041\2026-04-13\3\widefield.tar,37781359104,frame-N,True,560x560,False,True
Y:\Subjects\AL_0041\2026-04-13\4\widefield.tar,36996719104,frame-N,True,560x560,False,True
Y:\Subjects\AL_0041\2026-04-13\5\widefield.tar,51785613824,frame-N,True,560x560,False,True
Y:\Subjects\AL_0041\2026-04-13\6\widefield.tar,28000978432,frame-N,True,560x560,False,True
Y:\Subjects\AL_0041\2026-04-13\7\widefield.tar,24572415488,frame-N,True,560x560,False,True
Y:\Subjects\AL_0041\2026-04-15\2\widefield.tar,117080882688,basler-tiff,False,,False,True
Y:\Subjects\AL_0041\2026-04-16\1\widefield.tar,164328752640,basler-tiff,False,,False,True
Y:\Subjects\AL_0041\2026-04-22\1\widefield.tar,75846100992,basler-tiff,False,,False,True
Y:\Subjects\AL_0041\2026-04-22\3\widefield.tar,106548026880,basler-tiff,False,,False,True
Y:\Subjects\AL_0041\2026-04-23\1\widefield.tar,29590593024,basler-tiff,False,,False,True
Y:\Subjects\AL_0041\2026-04-23\3\widefield.tar,104742557184,basler-tiff,False,,False,True
Y:\Subjects\AL_0041\2026-05-26\1\widefield.tar,247253159424,basler-tiff,False,,False,True
Y:\Subjects\AL_0041\2026-05-27\1\widefield.tar,273784641024,basler-tiff,False,,False,True
Y:\Subjects\AL_0036\2024-12-13\1\widefield.tar,162653013504,basler-tiff,False,,False,True
Y:\Subjects\AL_0036\2024-12-17\1\widefield.tar,110813314560,basler-tiff,False,,False,True
Y:\Subjects\AL_0036\2024-12-19\1\widefield.tar,175982353920,basler-tiff,False,,False,True
Y:\Subjects\AL_0036\2025-01-08\1\widefield.tar,209834436096,basler-tiff,False,,False,True
Y:\Subjects\AL_0036\2025-01-11\1\widefield.tar,106742939136,basler-tiff,False,,False,True
Y:\Subjects\AL_0036\2025-01-12\1\widefield.tar,108237688320,basler-tiff,False,,False,True
Y:\Subjects\AL_0036\2025-01-15\1\widefield.tar,94567325184,frame-N,True,,True,False
Y:\Subjects\AL_0036\2025-01-16\2\widefield.tar,174053481984,basler-tiff,False,,False,True
Y:\Subjects\AL_0036\2025-01-16\5\widefield.tar,49526066688,basler-tiff,False,,False,True
Y:\Subjects\AL_0036\2025-02-26\1\widefield.tar,76894785024,basler-tiff,False,,False,True
Y:\Subjects\AL_0036\2025-02-27\3\widefield.tar,26733989376,basler-tiff,False,,False,True
Y:\Subjects\default\2025-03-05\3\widefield.tar,5194318336,frame-N,True,,True,False
Y:\Subjects\ZYE_0083\2024-04-30\4\widefield.tar,31947259392,basler-tiff,False,,False,True
