path,bytes,uniform,n_members,break_at_member,first_other,error
\\sahale.biostr.washington.edu\data\Subjects\ZYE_0057\2022-01-10\1\widefield.tar,66537856512,True,105143,,,
\\sahale.biostr.washington.edu\data\Subjects\ZYE_0057\2022-01-28\1\widefield.tar,238267123200,True,328416,,,
\\sahale.biostr.washington.edu\data\Subjects\ZYE_0057\2022-01-29\1\widefield.tar,192777296896,True,265715,,,
\\sahale.biostr.washington.edu\data\Subjects\ZYE_0057\2022-01-30\1\widefield.tar,201648759808,True,277943,,,
\\sahale.biostr.washington.edu\data\Subjects\ZYE_0012\2020-10-14\1\widefield.tar,30081493504,True,56821,,,
\\sahale.biostr.washington.edu\data\Subjects\ZYE_0012\2020-10-16\1\widefield.tar,72661249536,True,137250,,,
\\sahale.biostr.washington.edu\data\Subjects\ZYE_0012\2020-10-16\5\widefield.tar,89568952832,True,169187,,,
\\sahale.biostr.washington.edu\data\Subjects\ZYE_0012\2020-12-03\1\widefield.tar,280892239360,True,530578,,,
\\sahale.biostr.washington.edu\data\Subjects\ZYE_0012\2020-12-17\1\widefield.tar,105345840640,True,198988,,,
\\sahale.biostr.washington.edu\data\Subjects\AB_0004\2021-03-24\1\widefield.tar,24430592512,True,46147,,,
\\sahale.biostr.washington.edu\data\Subjects\AB_0004\2021-03-29\2\widefield.tar,66685821440,True,125963,,,
\\sahale.biostr.washington.edu\data\Subjects\AB_0004\2021-03-30\1\widefield.tar,182436115968,True,344604,,,
\\sahale.biostr.washington.edu\data\Subjects\AL_0034\2024-07-25\1\widefield.tar,185006538240,True,292347,,,
\\sahale.biostr.washington.edu\data\Subjects\AL_0034\2024-07-29\1\widefield.tar,95219701248,True,150466,,,
\\sahale.biostr.washington.edu\data\Subjects\AL_0034\2024-08-12\1\widefield.tar,151596172800,True,239552,,,
\\sahale.biostr.washington.edu\data\Subjects\AL_0034\2024-08-13\1\widefield.tar,200368535040,True,316622,,,
\\sahale.biostr.washington.edu\data\Subjects\AL_0034\2024-08-19\1\widefield.tar,137334038016,True,217015,,,
\\sahale.biostr.washington.edu\data\Subjects\AL_0034\2024-08-20\1\widefield.tar,175636827648,True,277541,,,
\\sahale.biostr.washington.edu\data\Subjects\AL_0034\2024-08-26\1\widefield.tar,109105300992,True,172408,,,
\\sahale.biostr.washington.edu\data\Subjects\AL_0034\2024-08-27\1\widefield.tar,197432194560,True,311982,,,
\\sahale.biostr.washington.edu\data\Subjects\AL_0034\2024-08-29\1\widefield.tar,112905457152,True,178413,,,
\\sahale.biostr.washington.edu\data\Subjects\AL_0034\2024-08-30\1\widefield.tar,90580409856,True,143135,,,
\\sahale.biostr.washington.edu\data\Subjects\AL_0034\2024-09-02\1\widefield.tar,113997725184,True,180139,,,
\\sahale.biostr.washington.edu\data\Subjects\AL_0034\2024-09-03\1\widefield.tar,195762150912,True,309343,,,
\\sahale.biostr.washington.edu\data\Subjects\AL_0034\2024-09-19\2\widefield.tar,177902366208,True,281121,,,
\\sahale.biostr.washington.edu\data\Subjects\AL_0034\2024-10-16\1\widefield.tar,49169782272,True,77698,,,
\\sahale.biostr.washington.edu\data\Subjects\AL_0034\2024-11-17\1\widefield.tar,132251131392,True,208983,,,
\\sahale.biostr.washington.edu\data\Subjects\AL_0034\2024-11-18\10\widefield.tar,23680574976,True,37420,,,
\\sahale.biostr.washington.edu\data\Subjects\AL_0034\2024-11-18\7\widefield.tar,43789444608,True,69196,,,
\\sahale.biostr.washington.edu\data\Subjects\AL_0034\2024-11-19\3\widefield.tar,23130643968,True,36551,,,
\\sahale.biostr.washington.edu\data\Subjects\AL_0034\2024-11-19\5\widefield.tar,22074447360,True,34882,,,
\\sahale.biostr.washington.edu\data\Subjects\ZYE_0081\2024-04-29\2\widefield.tar,27852836352,True,44013,,,
\\sahale.biostr.washington.edu\data\Subjects\AL_0015\2022-08-22\1\widefield.tar,87434601984,True,138164,,,
\\sahale.biostr.washington.edu\data\Subjects\AL_0015\2022-09-22\1\widefield.tar,24443137536,True,38625,,,
\\sahale.biostr.washington.edu\data\Subjects\ZYE_0092\2025-06-02\1\widefield.tar,60521522688,True,95636,,,
\\sahale.biostr.washington.edu\data\Subjects\ZYE_0092\2025-06-09\3\widefield.tar,116866985472,True,184673,,,
\\sahale.biostr.washington.edu\data\Subjects\ZYE_0092\2025-06-14\1\widefield.tar,145947514368,True,230626,,,
\\sahale.biostr.washington.edu\data\Subjects\ZYE_0092\2025-06-14\3\widefield.tar,135119758848,True,213516,,,
\\sahale.biostr.washington.edu\data\Subjects\ZYE_0092\2025-06-15\1\widefield.tar,116401853952,True,183938,,,
\\sahale.biostr.washington.edu\data\Subjects\ZYE_0092\2025-06-15\3\widefield.tar,113855970816,True,179915,,,
\\sahale.biostr.washington.edu\data\Subjects\ZYE_0092\2025-06-19\2\widefield.tar,108526892544,True,171494,,,
\\sahale.biostr.washington.edu\data\Subjects\ZYE_0092\2025-06-21\1\widefield.tar,95612057088,True,151086,,,
\\sahale.biostr.washington.edu\data\Subjects\ZYE_0092\2025-06-21\2\widefield.tar,100675345920,True,159087,,,
\\sahale.biostr.washington.edu\data\Subjects\ZYE_0092\2025-06-22\1\widefield.tar,116060124672,True,183398,,,
\\sahale.biostr.washington.edu\data\Subjects\ZYE_0092\2025-06-23\2\widefield.tar,95407019520,True,150762,,,
\\sahale.biostr.washington.edu\data\Subjects\ZYE_0092\2025-06-24\1\widefield.tar,101039224320,True,159662,,,
\\sahale.biostr.washington.edu\data\Subjects\ZYE_0092\2025-07-09\2\widefield.tar,108724336128,True,171806,,,
\\sahale.biostr.washington.edu\data\Subjects\AL_0050\2026-05-06\1\widefield.tar,12656008704,True,19999,,,
\\sahale.biostr.washington.edu\data\Subjects\AL_0050\2026-06-25\1\widefield.tar,25372134912,True,40093,,,
\\sahale.biostr.washington.edu\data\Subjects\AL_0050\2026-07-29\1\widefield.tar,28355008000,True,45172,,,
\\sahale.biostr.washington.edu\data\Subjects\AL_0050\2026-07-29\2\widefield.tar,25837882880,True,41162,,,
\\sahale.biostr.washington.edu\data\Subjects\AL_0050\2026-07-29\3\widefield.tar,53133939200,True,84647,,,
\\sahale.biostr.washington.edu\data\Subjects\AL_0027\2023-10-24\1\widefield.tar,63553420800,True,100427,,,
\\sahale.biostr.washington.edu\data\Subjects\AL_0027\2023-12-07\1\widefield.tar,138092803584,True,218214,,,
\\sahale.biostr.washington.edu\data\Subjects\ZYE_0076\2024-04-28\1\widefield.tar,17291503104,True,27324,,,
\\sahale.biostr.washington.edu\data\Subjects\ZYE_0076\2024-05-04\2\widefield.tar,27889540608,True,44071,,,
\\sahale.biostr.washington.edu\data\Subjects\ZYE_0076\2024-05-17\1\widefield.tar,121715111424,True,192334,,,
\\sahale.biostr.washington.edu\data\Subjects\ZYE_0076\2024-05-20\1\widefield.tar,122362498560,True,193357,,,
\\sahale.biostr.washington.edu\data\Subjects\ZYE_0076\2024-05-30\5\widefield.tar,32979408384,True,52114,,,
\\sahale.biostr.washington.edu\data\Subjects\ZYE_0098\2025-07-07\1\widefield.tar,28848913920,True,45587,,,
\\sahale.biostr.washington.edu\data\Subjects\ZYE_0098\2025-07-08\1\widefield.tar,107885200896,True,170480,,,
\\sahale.biostr.washington.edu\data\Subjects\ZYE_0098\2025-07-09\1\widefield.tar,108638903808,True,171671,,,
\\sahale.biostr.washington.edu\data\Subjects\ZYE_0098\2025-07-15\1\widefield.tar,103566755328,True,163656,,,
\\sahale.biostr.washington.edu\data\Subjects\ZYE_0098\2025-07-16\1\widefield.tar,137711205888,True,217611,,,
\\sahale.biostr.washington.edu\data\Subjects\ZYE_0098\2025-07-18\1\widefield.tar,116963808768,True,184826,,,
\\sahale.biostr.washington.edu\data\Subjects\ZYE_0098\2025-07-19\1\widefield.tar,124984954368,True,197501,,,
\\sahale.biostr.washington.edu\data\Subjects\ZYE_0098\2025-07-20\1\widefield.tar,129033813504,True,203899,,,
\\sahale.biostr.washington.edu\data\Subjects\ZYE_0098\2025-07-26\1\widefield.tar,182918825472,True,289048,,,
\\sahale.biostr.washington.edu\data\Subjects\ZYE_0098\2025-11-19\1\widefield.tar,46415064576,True,73345,,,
\\sahale.biostr.washington.edu\data\Subjects\ZYE_0098\2025-11-19\5\widefield.tar,42071938560,True,66482,,,
\\sahale.biostr.washington.edu\data\Subjects\ZYE_0098\2025-11-20\6\widefield.tar,52774393344,True,83394,,,
\\sahale.biostr.washington.edu\data\Subjects\ZYE_0098\2025-11-21\2\widefield.tar,53751485952,True,84938,,,
\\sahale.biostr.washington.edu\data\Subjects\ZYE_0098\2025-12-16\1\widefield.tar,100861398528,True,159381,,,
\\sahale.biostr.washington.edu\data\Subjects\ZYE_0098\2025-12-17\2\widefield.tar,143120932864,False,226159,147816,2/Basler_acA2440-75um__23040354__20251217_133552772_99999.tiff,
\\sahale.biostr.washington.edu\data\Subjects\ZYE_0098\2025-12-18\1\widefield.tar,155986506240,False,246489,159693,1/Basler_acA2440-75um__23040354__20251218_112457560_99999.tiff,
\\sahale.biostr.washington.edu\data\Subjects\ZYE_0098\2026-01-02\1\widefield.tar,96341080576,True,152238,,,
\\sahale.biostr.washington.edu\data\Subjects\KM_052\2025-05-20\1\widefield.tar,82002372096,True,129580,,,
\\sahale.biostr.washington.edu\data\Subjects\ZYE_0095\2025-07-07\1\widefield.tar,33587559936,True,53075,,,
\\sahale.biostr.washington.edu\data\Subjects\ZYE_0095\2025-07-08\1\widefield.tar,108458546688,True,171386,,,
\\sahale.biostr.washington.edu\data\Subjects\ZYE_0095\2025-07-09\3\widefield.tar,108275658240,True,171097,,,
\\sahale.biostr.washington.edu\data\Subjects\ZYE_0095\2025-07-10\1\widefield.tar,134264169984,True,212164,,,
\\sahale.biostr.washington.edu\data\Subjects\ZYE_0095\2025-07-12\3\widefield.tar,114588157440,True,181072,,,
\\sahale.biostr.washington.edu\data\Subjects\ZYE_0095\2025-07-16\1\widefield.tar,98269951488,True,155286,,,
\\sahale.biostr.washington.edu\data\Subjects\ZYE_0095\2025-07-17\1\widefield.tar,151455051264,True,239329,,,
\\sahale.biostr.washington.edu\data\Subjects\ZYE_0095\2025-07-18\1\widefield.tar,132323907072,True,209098,,,
\\sahale.biostr.washington.edu\data\Subjects\ZYE_0095\2025-07-19\1\widefield.tar,129750179328,True,205031,,,
\\sahale.biostr.washington.edu\data\Subjects\ZYE_0095\2025-07-20\1\widefield.tar,124193914368,True,196251,,,
\\sahale.biostr.washington.edu\data\Subjects\ZYE_0095\2025-07-26\1\widefield.tar,144157232640,True,227797,,,
\\sahale.biostr.washington.edu\data\Subjects\ZYE_0071\2023-01-13\1\widefield.tar,28512247296,True,45055,,,
\\sahale.biostr.washington.edu\data\Subjects\ZYE_0071\2023-01-14\1\widefield.tar,155221034496,True,245280,,,
\\sahale.biostr.washington.edu\data\Subjects\ZYE_0071\2023-01-17\3\widefield.tar,168306734592,True,265958,,,
\\sahale.biostr.washington.edu\data\Subjects\ZYE_0071\2023-01-17\7\widefield.tar,158226353664,True,250029,,,
\\sahale.biostr.washington.edu\data\Subjects\ZYE_0071\2023-01-19\1\widefield.tar,72187147776,True,114070,,,
\\sahale.biostr.washington.edu\data\Subjects\FD_007\2025-11-21\1\widefield.tar,25912573440,True,40947,,,
\\sahale.biostr.washington.edu\data\Subjects\FD_007\2025-12-19\3\widefield.tar,32785761792,True,51808,,,
\\sahale.biostr.washington.edu\data\Subjects\FD_007\2026-01-02\1\widefield.tar,38828674560,True,61357,,,
\\sahale.biostr.washington.edu\data\Subjects\FD_007\2026-01-06\2\widefield.tar,87094771200,True,137627,,,
\\sahale.biostr.washington.edu\data\Subjects\ZYE_0049\2021-12-01\2\widefield.tar,207429674496,True,327780,,,
\\sahale.biostr.washington.edu\data\Subjects\ZYE_0049\2021-12-02\1\widefield.tar,178629490176,True,282270,,,
\\sahale.biostr.washington.edu\data\Subjects\ZYE_0049\2021-12-02\3\widefield.tar,28420486656,True,44910,,,
\\sahale.biostr.washington.edu\data\Subjects\ZYE_0049\2021-12-04\1\widefield.tar,208834561536,True,330000,,,
\\sahale.biostr.washington.edu\data\Subjects\ZYE_0034\2021-05-06\3\widefield.tar,38448257536,True,72625,,,
\\sahale.biostr.washington.edu\data\Subjects\ZYE_0034\2021-05-06\8\widefield.tar,33656585728,True,63574,,,
\\sahale.biostr.washington.edu\data\Subjects\ZYE_0034\2021-05-21\2\widefield.tar,77486803456,True,146365,,,
\\sahale.biostr.washington.edu\data\Subjects\ZYE_0043\2021-09-13\1\widefield.tar,114247060992,True,180533,,,
\\sahale.biostr.washington.edu\data\Subjects\ZYE_0043\2021-09-23\1\widefield.tar,119154673152,True,188288,,,
\\sahale.biostr.washington.edu\data\Subjects\ZYE_0043\2021-09-25\1\widefield.tar,168676308480,True,266542,,,
\\sahale.biostr.washington.edu\data\Subjects\ZYE_0043\2021-09-26\1\widefield.tar,163020688896,True,257605,,,
\\sahale.biostr.washington.edu\data\Subjects\ZYE_0043\2021-09-27\1\widefield.tar,149714763264,True,236579,,,
\\sahale.biostr.washington.edu\data\Subjects\ZYE_0062\2022-03-29\1\widefield.tar,180225492480,True,284792,,,
\\sahale.biostr.washington.edu\data\Subjects\ZYE_0062\2022-03-30\1\widefield.tar,174905273856,True,276385,,,
\\sahale.biostr.washington.edu\data\Subjects\ZYE_0062\2022-03-30\5\widefield.tar,130021031424,True,205459,,,
\\sahale.biostr.washington.edu\data\Subjects\ZYE_0062\2022-03-31\2\widefield.tar,159465438720,True,251987,,,
\\sahale.biostr.washington.edu\data\Subjects\AL_0039\2025-03-20\1\widefield.tar,25443644928,True,40206,,,
\\sahale.biostr.washington.edu\data\Subjects\AL_0039\2025-04-19\1\widefield.tar,101008278016,True,160915,,,
\\sahale.biostr.washington.edu\data\Subjects\AL_0039\2025-04-20\1\widefield.tar,85198095872,True,135728,,,
\\sahale.biostr.washington.edu\data\Subjects\AL_0039\2025-04-20\2\widefield.tar,115247924736,True,183600,,,
\\sahale.biostr.washington.edu\data\Subjects\AL_0039\2025-04-26\1\widefield.tar,320323739136,True,506175,,,
\\sahale.biostr.washington.edu\data\Subjects\AL_0039\2025-04-28\1\widefield.tar,258270131712,True,408118,,,
\\sahale.biostr.washington.edu\data\Subjects\AL_0039\2025-04-30\3\widefield.tar,83108442624,True,132399,,,
\\sahale.biostr.washington.edu\data\Subjects\AL_0039\2025-05-11\1\widefield.tar,184369909248,True,291341,,,
\\sahale.biostr.washington.edu\data\Subjects\AL_0039\2025-05-12\1\widefield.tar,214480055808,True,338921,,,
\\sahale.biostr.washington.edu\data\Subjects\AL_0039\2025-05-13\1\widefield.tar,214527518208,True,338996,,,
\\sahale.biostr.washington.edu\data\Subjects\AL_0039\2025-05-14\1\widefield.tar,212105670144,True,335169,,,
\\sahale.biostr.washington.edu\data\Subjects\AL_0039\2025-05-25\1\widefield.tar,190845679104,True,301574,,,
\\sahale.biostr.washington.edu\data\Subjects\AL_0039\2025-05-26\1\widefield.tar,69240681984,True,109414,,,
\\sahale.biostr.washington.edu\data\Subjects\AL_0039\2025-06-05\1\widefield.tar,230666632704,True,364499,,,
\\sahale.biostr.washington.edu\data\Subjects\AL_0039\2025-06-10\1\widefield.tar,112635870720,True,177987,,,
\\sahale.biostr.washington.edu\data\Subjects\AL_0039\2025-06-10\2\widefield.tar,69617217024,True,110009,,,
\\sahale.biostr.washington.edu\data\Subjects\AL_0039\2025-06-10\5\widefield.tar,54969054720,True,86862,,,
\\sahale.biostr.washington.edu\data\Subjects\AL_0039\2025-06-12\1\widefield.tar,114193903104,True,180449,,,
\\sahale.biostr.washington.edu\data\Subjects\AL_0039\2025-06-12\2\widefield.tar,32392140288,True,51186,,,
\\sahale.biostr.washington.edu\data\Subjects\AL_0039\2025-06-17\1\widefield.tar,204554085888,True,323236,,,
\\sahale.biostr.washington.edu\data\Subjects\AL_0039\2025-06-18\2\widefield.tar,209254761984,True,330664,,,
\\sahale.biostr.washington.edu\data\Subjects\AL_0039\2025-06-19\1\widefield.tar,229035824640,True,361922,,,
\\sahale.biostr.washington.edu\data\Subjects\AL_0039\2025-06-20\3\widefield.tar,235712202240,True,372472,,,
\\sahale.biostr.washington.edu\data\Subjects\AL_0039\2025-06-25\1\widefield.tar,213690281472,True,337673,,,
\\sahale.biostr.washington.edu\data\Subjects\AL_0039\2025-06-26\1\widefield.tar,193028316672,True,305023,,,
\\sahale.biostr.washington.edu\data\Subjects\AL_0039\2025-06-27\1\widefield.tar,176272823808,True,278546,,,
\\sahale.biostr.washington.edu\data\Subjects\AL_0039\2025-07-01\1\widefield.tar,184528117248,True,291591,,,
\\sahale.biostr.washington.edu\data\Subjects\AL_0039\2025-07-02\1\widefield.tar,178862372352,True,282638,,,
\\sahale.biostr.washington.edu\data\Subjects\AL_0039\2025-07-03\1\widefield.tar,201724061184,True,318764,,,
\\sahale.biostr.washington.edu\data\Subjects\AL_0039\2025-07-04\1\widefield.tar,114618533376,True,181120,,,
\\sahale.biostr.washington.edu\data\Subjects\AL_0039\2025-07-04\2\widefield.tar,120115312128,True,189806,,,
\\sahale.biostr.washington.edu\data\Subjects\AL_0039\2025-07-05\2\widefield.tar,182746695168,True,288776,,,
\\sahale.biostr.washington.edu\data\Subjects\AL_0039\2025-07-05\3\widefield.tar,133595266560,True,211107,,,
\\sahale.biostr.washington.edu\data\Subjects\AL_0039\2025-07-06\1\widefield.tar,115632963072,True,182723,,,
\\sahale.biostr.washington.edu\data\Subjects\AL_0039\2025-07-06\3\widefield.tar,126452491776,True,199820,,,
\\sahale.biostr.washington.edu\data\Subjects\AL_0039\2025-07-06\4\widefield.tar,116109485568,True,183476,,,
\\sahale.biostr.washington.edu\data\Subjects\AL_0039\2025-07-06\6\widefield.tar,115524748800,True,182552,,,
\\sahale.biostr.washington.edu\data\Subjects\AL_0039\2025-09-30\1\widefield.tar,25798663680,True,40767,,,
\\sahale.biostr.washington.edu\data\Subjects\AL_0039\2025-09-30\4\widefield.tar,85419032064,True,134979,,,
\\sahale.biostr.washington.edu\data\Subjects\AL_0039\2025-09-30\6\widefield.tar,28774017024,False,45468,29159,6/Basler_acA2440-75um__23040354__20250930_135616979_9999.tiff,
\\sahale.biostr.washington.edu\data\Subjects\AL_0039\2025-10-01\1\widefield.tar,206136801280,True,325737,,,
\\sahale.biostr.washington.edu\data\Subjects\AL_0039\2025-10-02\1\widefield.tar,269791471616,True,426324,,,
\\sahale.biostr.washington.edu\data\Subjects\AL_0039\2025-10-03\1\widefield.tar,218444748288,True,345186,,,
\\sahale.biostr.washington.edu\data\Subjects\AB_0003\2021-03-29\2\widefield.tar,67900812800,True,128258,,,
\\sahale.biostr.washington.edu\data\Subjects\AB_0003\2021-04-19\1\widefield.tar,134969924096,True,254945,,,
\\sahale.biostr.washington.edu\data\Subjects\AL_0033\2024-06-21\1\widefield.tar,56184723968,True,88783,,,
\\sahale.biostr.washington.edu\data\Subjects\AL_0033\2024-06-21\2\widefield.tar,172054998528,True,271881,,,
\\sahale.biostr.washington.edu\data\Subjects\AL_0033\2024-06-22\1\widefield.tar,199984406016,True,316015,,,
\\sahale.biostr.washington.edu\data\Subjects\AL_0033\2024-06-24\1\widefield.tar,117480832512,True,185643,,,
\\sahale.biostr.washington.edu\data\Subjects\AL_0033\2024-06-27\1\widefield.tar,103426266624,True,163434,,,
\\sahale.biostr.washington.edu\data\Subjects\AL_0033\2024-07-09\1\widefield.tar,183598487040,True,290122,,,
\\sahale.biostr.washington.edu\data\Subjects\AL_0033\2024-07-12\1\widefield.tar,252944217600,True,399702,,,
\\sahale.biostr.washington.edu\data\Subjects\AL_0033\2024-07-18\1\widefield.tar,210998214144,True,333419,,,
\\sahale.biostr.washington.edu\data\Subjects\AL_0033\2024-07-19\1\widefield.tar,202618885632,True,320178,,,
\\sahale.biostr.washington.edu\data\Subjects\AL_0033\2024-07-25\1\widefield.tar,136525278720,True,215737,,,
\\sahale.biostr.washington.edu\data\Subjects\AL_0033\2024-07-26\1\widefield.tar,175910843904,True,277974,,,
\\sahale.biostr.washington.edu\data\Subjects\AL_0033\2024-08-09\1\widefield.tar,209076936192,True,330383,,,
\\sahale.biostr.washington.edu\data\Subjects\AL_0033\2024-08-16\1\widefield.tar,124417304064,True,196604,,,
\\sahale.biostr.washington.edu\data\Subjects\AL_0033\2024-08-18\1\widefield.tar,207552443904,True,327974,,,
\\sahale.biostr.washington.edu\data\Subjects\AL_0033\2024-08-22\1\widefield.tar,116865719808,True,184671,,,
\\sahale.biostr.washington.edu\data\Subjects\AL_0033\2024-08-23\1\widefield.tar,197001868800,True,311302,,,
\\sahale.biostr.washington.edu\data\Subjects\AL_0033\2024-08-24\1\widefield.tar,191799356928,True,303081,,,
\\sahale.biostr.washington.edu\data\Subjects\AL_0033\2024-08-26\1\widefield.tar,199056041472,True,314548,,,
\\sahale.biostr.washington.edu\data\Subjects\AL_0033\2024-08-30\2\widefield.tar,177894139392,True,281108,,,
\\sahale.biostr.washington.edu\data\Subjects\AL_0033\2024-09-09\1\widefield.tar,204374361600,True,322952,,,
\\sahale.biostr.washington.edu\data\Subjects\AL_0033\2024-09-16\1\widefield.tar,194669250048,True,307616,,,
\\sahale.biostr.washington.edu\data\Subjects\AL_0033\2024-09-23\1\widefield.tar,212984040960,True,336557,,,
\\sahale.biostr.washington.edu\data\Subjects\AL_0033\2024-11-21\1\widefield.tar,209657243136,True,331300,,,
\\sahale.biostr.washington.edu\data\Subjects\AL_0033\2024-11-25\1\widefield.tar,55673396736,True,87975,,,
\\sahale.biostr.washington.edu\data\Subjects\AL_0033\2024-12-08\1\widefield.tar,105532331520,True,166762,,,
\\sahale.biostr.washington.edu\data\Subjects\AL_0033\2024-12-11\1\widefield.tar,98049725952,True,154938,,,
\\sahale.biostr.washington.edu\data\Subjects\AL_0033\2024-12-17\1\widefield.tar,212073395712,True,335118,,,
\\sahale.biostr.washington.edu\data\Subjects\AL_0033\2024-12-20\1\widefield.tar,158142819840,True,249897,,,
\\sahale.biostr.washington.edu\data\Subjects\AL_0033\2024-12-20\7\widefield.tar,151196990464,True,240870,,,
\\sahale.biostr.washington.edu\data\Subjects\AL_0033\2024-12-23\1\widefield.tar,145081192448,True,231127,,,
\\sahale.biostr.washington.edu\data\Subjects\AL_0033\2025-01-07\1\widefield.tar,156721479168,True,247651,,,
\\sahale.biostr.washington.edu\data\Subjects\AL_0033\2025-01-09\1\widefield.tar,106676516864,True,169945,,,
\\sahale.biostr.washington.edu\data\Subjects\AL_0033\2025-01-09\2\widefield.tar,23449961984,True,37357,,,
\\sahale.biostr.washington.edu\data\Subjects\AL_0033\2025-01-10\2\widefield.tar,84544647168,True,134687,,,
\\sahale.biostr.washington.edu\data\Subjects\AL_0033\2025-01-14\7\widefield.tar,93119331840,True,147147,,,
\\sahale.biostr.washington.edu\data\Subjects\AL_0033\2025-01-16\3\widefield.tar,233675836928,True,372266,,,
\\sahale.biostr.washington.edu\data\Subjects\AL_0033\2025-01-17\1\widefield.tar,294340435456,True,468910,,,
\\sahale.biostr.washington.edu\data\Subjects\AL_0033\2025-01-18\1\widefield.tar,203782308352,True,324643,,,
\\sahale.biostr.washington.edu\data\Subjects\AL_0033\2025-01-20\2\widefield.tar,154354382336,True,245900,,,
\\sahale.biostr.washington.edu\data\Subjects\AL_0033\2025-01-20\3\widefield.tar,101511075328,True,161716,,,
\\sahale.biostr.washington.edu\data\Subjects\AL_0033\2025-01-21\1\widefield.tar,251222914560,True,396982,,,
\\sahale.biostr.washington.edu\data\Subjects\AL_0033\2025-01-28\1\widefield.tar,163194084864,True,257879,,,
\\sahale.biostr.washington.edu\data\Subjects\AL_0033\2025-01-29\1\widefield.tar,242555450880,True,386412,,,
\\sahale.biostr.washington.edu\data\Subjects\AL_0033\2025-02-04\1\widefield.tar,74564064768,True,117826,,,
\\sahale.biostr.washington.edu\data\Subjects\AL_0033\2025-02-12\2\widefield.tar,187632534016,True,298915,,,
\\sahale.biostr.washington.edu\data\Subjects\AL_0033\2025-02-13\2\widefield.tar,205231695360,True,326952,,,
\\sahale.biostr.washington.edu\data\Subjects\AL_0033\2025-02-21\2\widefield.tar,113862564352,True,181393,,,
\\sahale.biostr.washington.edu\data\Subjects\AL_0033\2025-02-24\2\widefield.tar,188462369280,True,300237,,,
\\sahale.biostr.washington.edu\data\Subjects\AL_0033\2025-02-24\3\3.tar,17471109632,True,27833,,,
\\sahale.biostr.washington.edu\data\Subjects\AL_0033\2025-02-25\1\widefield.tar,54681748992,True,86408,,,
\\sahale.biostr.washington.edu\data\Subjects\AL_0033\2025-02-26\2\widefield.tar,173607564800,True,276572,,,
\\sahale.biostr.washington.edu\data\Subjects\AL_0033\2025-03-03\2\widefield.tar,290073876992,True,462113,,,
\\sahale.biostr.washington.edu\data\Subjects\AL_0033\2025-03-04\1\widefield.tar,100589594112,True,160248,,,
\\sahale.biostr.washington.edu\data\Subjects\AL_0033\2025-03-04\2\widefield.tar,59907579392,True,95438,,,
\\sahale.biostr.washington.edu\data\Subjects\AL_0033\2025-03-05\1\widefield.tar,176954525184,True,281904,,,
\\sahale.biostr.washington.edu\data\Subjects\AL_0033\2025-03-05\2\widefield.tar,27152939520,True,43257,,,
\\sahale.biostr.washington.edu\data\Subjects\AL_0033\2025-03-06\1\widefield.tar,55972093440,True,88447,,,
\\sahale.biostr.washington.edu\data\Subjects\AL_0033\2025-03-12\1\widefield.tar,88809113088,True,140336,,,
\\sahale.biostr.washington.edu\data\Subjects\AL_0033\2025-03-17\1\widefield.tar,1610082816,True,2565,,,
\\sahale.biostr.washington.edu\data\Subjects\AL_0033\2025-03-17\3\widefield.tar,112451467776,True,179145,,,
\\sahale.biostr.washington.edu\data\Subjects\AL_0033\2025-03-18\1\widefield.tar,113696848384,True,181129,,,
\\sahale.biostr.washington.edu\data\Subjects\AL_0033\2025-03-20\4\widefield.tar,85830829568,True,136736,,,
\\sahale.biostr.washington.edu\data\Subjects\AL_0033\2025-03-27\5\widefield.tar,110618402304,True,174799,,,
\\sahale.biostr.washington.edu\data\Subjects\AL_0033\2025-03-28\3\widefield.tar,166012085760,True,262332,,,
\\sahale.biostr.washington.edu\data\Subjects\AL_0033\2025-04-03\1\widefield.tar,204944543232,True,323853,,,
\\sahale.biostr.washington.edu\data\Subjects\AL_0033\2025-04-11\1\widefield.tar,134941933056,True,213235,,,
\\sahale.biostr.washington.edu\data\Subjects\AL_0033\2025-04-15\1\widefield.tar,172763292160,True,275227,,,
\\sahale.biostr.washington.edu\data\Subjects\AL_0033\2025-04-15\2\widefield.tar,53498012160,True,85227,,,
\\sahale.biostr.washington.edu\data\Subjects\AL_0033\2025-04-18\4\widefield.tar,254959667712,True,406173,,,
\\sahale.biostr.washington.edu\data\Subjects\AL_0033\2025-04-19\1\widefield.tar,93399780864,True,148794,,,
\\sahale.biostr.washington.edu\data\Subjects\AL_0033\2025-04-20\2\widefield.tar,85102683648,True,135576,,,
\\sahale.biostr.washington.edu\data\Subjects\AL_0033\2025-04-28\1\widefield.tar,327825962496,True,518030,,,
\\sahale.biostr.washington.edu\data\Subjects\AL_0033\2025-04-29\1\widefield.tar,133685761536,True,211250,,,
\\sahale.biostr.washington.edu\data\Subjects\AL_0033\2025-04-30\1\widefield.tar,246364663296,True,389305,,,
\\sahale.biostr.washington.edu\data\Subjects\AL_0033\2025-05-10\1\widefield.tar,199644575232,True,315478,,,
\\sahale.biostr.washington.edu\data\Subjects\AL_0033\2025-05-12\1\widefield.tar,74178037248,True,117216,,,
\\sahale.biostr.washington.edu\data\Subjects\AL_0033\2025-05-12\3\widefield.tar,213544730112,True,337443,,,
\\sahale.biostr.washington.edu\data\Subjects\AL_0033\2025-05-26\1\widefield.tar,53320527360,True,84257,,,
\\sahale.biostr.washington.edu\data\Subjects\AL_0033\2025-06-06\3\widefield.tar,318587880960,True,503432,,,
\\sahale.biostr.washington.edu\data\Subjects\AL_0033\2025-06-07\3\widefield.tar,292453817856,True,462135,,,
\\sahale.biostr.washington.edu\data\Subjects\AL_0033\2025-06-08\2\widefield.tar,314173877760,True,496457,,,
\\sahale.biostr.washington.edu\data\Subjects\AL_0033\2025-06-10\1\widefield.tar,114381854208,True,180746,,,
\\sahale.biostr.washington.edu\data\Subjects\AL_0033\2025-06-10\2\widefield.tar,58432544256,True,92335,,,
\\sahale.biostr.washington.edu\data\Subjects\AL_0033\2025-06-10\3\widefield.tar,57801610752,True,91338,,,
\\sahale.biostr.washington.edu\data\Subjects\AL_0033\2025-06-11\1\widefield.tar,115217825280,True,182067,,,
\\sahale.biostr.washington.edu\data\Subjects\AL_0033\2025-06-11\2\widefield.tar,36801713664,True,58154,,,
\\sahale.biostr.washington.edu\data\Subjects\AL_0033\2025-06-13\3\widefield.tar,156639211008,True,247521,,,
\\sahale.biostr.washington.edu\data\Subjects\AL_0033\2025-06-14\1\widefield.tar,124843832832,True,197278,,,
\\sahale.biostr.washington.edu\data\Subjects\AL_0033\2025-06-18\1\widefield.tar,227257566720,True,359112,,,
\\sahale.biostr.washington.edu\data\Subjects\AL_0033\2025-06-23\1\widefield.tar,231719665152,True,366163,,,
\\sahale.biostr.washington.edu\data\Subjects\AL_0033\2025-06-24\1\widefield.tar,180910849536,True,285875,,,
\\sahale.biostr.washington.edu\data\Subjects\AL_0033\2025-08-04\1\widefield.tar,164997656064,True,260729,,,
\\sahale.biostr.washington.edu\data\Subjects\AL_0033\2025-08-05\1\widefield.tar,25258857984,True,39914,,,
\\sahale.biostr.washington.edu\data\Subjects\AL_0033\2025-08-05\4\widefield.tar,174406602240,True,275597,,,
\\sahale.biostr.washington.edu\data\Subjects\AL_0033\2025-08-05\9\widefield.tar,14830419456,True,23435,,,
\\sahale.biostr.washington.edu\data\Subjects\AL_0033\2025-08-07\1\widefield.tar,101911266816,True,161040,,,
\\sahale.biostr.washington.edu\data\Subjects\AL_0033\2025-08-07\3\widefield.tar,84519777792,True,133558,,,
\\sahale.biostr.washington.edu\data\Subjects\AL_0033\2025-08-08\1\widefield.tar,1684600320,True,2662,,,
\\sahale.biostr.washington.edu\data\Subjects\AL_0033\2025-08-08\2\widefield.tar,101090483712,True,159743,,,
\\sahale.biostr.washington.edu\data\Subjects\AL_0033\2025-08-08\4\widefield.tar,73131333120,True,115562,,,
\\sahale.biostr.washington.edu\data\Subjects\ZYE_0068\2022-08-15\1\widefield.tar,69106804224,True,130536,,,
\\sahale.biostr.washington.edu\data\Subjects\ZYE_0086\2024-05-24\1\widefield.tar,119320475136,True,188550,,,
\\sahale.biostr.washington.edu\data\Subjects\ZYE_0086\2025-02-11\1\widefield.tar,132470724096,True,209330,,,
\\sahale.biostr.washington.edu\data\Subjects\ZYE_0086\2025-03-05\1\widefield.tar,141301262848,True,223284,,,
\\sahale.biostr.washington.edu\data\Subjects\ZYE_0086\2025-03-06\1\widefield.tar,152899806720,True,241612,,,
\\sahale.biostr.washington.edu\data\Subjects\ZYE_0027\2021-01-13\1\widefield.tar,24026654208,True,45384,,,
\\sahale.biostr.washington.edu\data\Subjects\ZYE_0027\2021-02-16\2\widefield.tar,73578713600,True,138983,,,
\\sahale.biostr.washington.edu\data\Subjects\ZYE_0027\2021-04-19\1\widefield.tar,134045048320,True,253198,,,
\\sahale.biostr.washington.edu\data\Subjects\ZYE_0050\2021-12-03\1\widefield.tar,69815293440,True,110322,,,
\\sahale.biostr.washington.edu\data\Subjects\ZYE_0050\2021-12-08\2\widefield.tar,61267631616,True,96815,,,
\\sahale.biostr.washington.edu\data\Subjects\ZYE_0050\2021-12-11\1\widefield.tar,145103949312,True,229293,,,
\\sahale.biostr.washington.edu\data\Subjects\ZYE_0050\2021-12-12\3\widefield.tar,141575910912,True,223718,,,
\\sahale.biostr.washington.edu\data\Subjects\FD_010\2026-02-02\5\widefield.tar,32086482432,True,50703,,,
\\sahale.biostr.washington.edu\data\Subjects\FD_010\2026-02-06\1\widefield.tar,44116618752,True,69713,,,
\\sahale.biostr.washington.edu\data\Subjects\FD_010\2026-02-23\1\widefield.tar,61394198016,True,97015,,,
\\sahale.biostr.washington.edu\data\Subjects\FD_010\2026-02-23\3\widefield.tar,3007219200,True,4752,,,
\\sahale.biostr.washington.edu\data\Subjects\FD_010\2026-02-24\1\widefield.tar,75940474368,True,120001,,,
\\sahale.biostr.washington.edu\data\Subjects\ZYE_0054\2021-12-17\2\widefield.tar,30417071616,True,48065,,,
\\sahale.biostr.washington.edu\data\Subjects\ZYE_0054\2022-01-03\1\widefield.tar,147135972864,True,232504,,,
\\sahale.biostr.washington.edu\data\Subjects\MT_004\2025-04-24\4\widefield.tar,14705751552,True,23238,,,
\\sahale.biostr.washington.edu\data\Subjects\MT_004\2025-05-13\1\widefield.tar,23198989824,True,36659,,,
\\sahale.biostr.washington.edu\data\Subjects\ZYE_0082\2024-04-30\1\widefield.tar,29090655744,True,45969,,,
\\sahale.biostr.washington.edu\data\Subjects\AL_0037\2024-09-30\1\widefield.tar,11429580288,True,18061,,,
\\sahale.biostr.washington.edu\data\Subjects\AL_0037\2024-10-01\1\widefield.tar,95124143616,True,150315,,,
\\sahale.biostr.washington.edu\data\Subjects\AL_0037\2025-02-11\4\widefield.tar,139744495104,True,220824,,,
\\sahale.biostr.washington.edu\data\Subjects\AL_0037\2025-02-28\2\widefield.tar,140422258176,True,221895,,,
\\sahale.biostr.washington.edu\data\Subjects\ZYE_0088\2024-05-23\1\widefield.tar,152682745344,True,241269,,,
\\sahale.biostr.washington.edu\data\Subjects\ZYE_0088\2024-07-08\2\widefield.tar,76681520640,True,121172,,,
\\sahale.biostr.washington.edu\data\Subjects\ZYE_0088\2024-07-09\1\widefield.tar,161303815680,True,254892,,,
\\sahale.biostr.washington.edu\data\Subjects\ZYE_0088\2024-07-09\3\widefield.tar,28372391424,True,44834,,,
\\sahale.biostr.washington.edu\data\Subjects\ZYE_0088\2024-07-10\1\widefield.tar,134049639936,True,211825,,,
\\sahale.biostr.washington.edu\data\Subjects\ZYE_0088\2024-07-10\3\widefield.tar,55517720064,True,87729,,,
\\sahale.biostr.washington.edu\data\Subjects\ZYE_0088\2024-07-11\1\widefield.tar,175388124672,True,277148,,,
\\sahale.biostr.washington.edu\data\Subjects\ZYE_0088\2024-07-11\3\widefield.tar,61936535040,True,97872,,,
\\sahale.biostr.washington.edu\data\Subjects\ZYE_0088\2024-07-12\1\widefield.tar,44696925696,True,70630,,,
\\sahale.biostr.washington.edu\data\Subjects\ZYE_0088\2024-07-12\8\widefield.tar,59908308480,True,94667,,,
\\sahale.biostr.washington.edu\data\Subjects\ZYE_0088\2024-07-13\2\widefield.tar,149832470016,True,236765,,,
\\sahale.biostr.washington.edu\data\Subjects\ZYE_0088\2024-07-15\2\widefield.tar,142744751616,True,225565,,,
\\sahale.biostr.washington.edu\data\Subjects\ZYE_0088\2024-07-15\4\widefield.tar,61556835840,True,97272,,,
\\sahale.biostr.washington.edu\data\Subjects\ZYE_0088\2024-07-16\2\widefield.tar,149878666752,True,236838,,,
\\sahale.biostr.washington.edu\data\Subjects\ZYE_0088\2024-07-17\1\widefield.tar,118955331072,True,187973,,,
\\sahale.biostr.washington.edu\data\Subjects\ZYE_0088\2024-08-23\1\widefield.tar,133343399424,True,210709,,,
\\sahale.biostr.washington.edu\data\Subjects\ZYE_0088\2024-09-04\1\widefield.tar,29872203264,True,47204,,,
\\sahale.biostr.washington.edu\data\Subjects\ZYE_0088\2024-09-05\1\widefield.tar,136907509248,True,216341,,,
\\sahale.biostr.washington.edu\data\Subjects\ZYE_0088\2024-09-06\1\widefield.tar,153124462080,True,241967,,,
\\sahale.biostr.washington.edu\data\Subjects\ZYE_0088\2024-09-06\2\widefield.tar,124750173696,True,197130,,,
\\sahale.biostr.washington.edu\data\Subjects\ZYE_0088\2024-09-07\1\widefield.tar,122470080000,True,193527,,,
\\sahale.biostr.washington.edu\data\Subjects\ZYE_0066\2022-08-15\1\widefield.tar,26132109824,True,49361,,,
\\sahale.biostr.washington.edu\data\Subjects\ZYE_0066\2022-10-23\6\widefield.tar,167863119360,True,265257,,,
\\sahale.biostr.washington.edu\data\Subjects\ZYE_0066\2022-10-25\1\widefield.tar,108857863680,True,172017,,,
\\sahale.biostr.washington.edu\data\Subjects\ZYE_0066\2022-10-25\6\widefield.tar,138695259648,True,219166,,,
\\sahale.biostr.washington.edu\data\Subjects\DO_0005\2020-11-16\1\widefield.tar,103030210048,True,194614,,,
\\sahale.biostr.washington.edu\data\Subjects\DO_0005\2020-12-03\1\widefield.tar,102052393472,True,192767,,,
\\sahale.biostr.washington.edu\data\Subjects\DO_0005\2021-03-03\1\widefield.tar,87958465024,True,155329,,,
\\sahale.biostr.washington.edu\data\Subjects\FD_009\2026-02-09\1\widefield.tar,35586676224,True,56234,,,
\\sahale.biostr.washington.edu\data\Subjects\FD_009\2026-06-15\1\widefield.tar,59459630592,True,93958,,,
\\sahale.biostr.washington.edu\data\Subjects\FD_009\2026-06-16\1\widefield.tar,58312939008,True,92146,,,
\\sahale.biostr.washington.edu\data\Subjects\FD_009\2026-06-17\1\widefield.tar,58955896320,True,93162,,,
\\sahale.biostr.washington.edu\data\Subjects\FD_009\2026-06-18\1\widefield.tar,85965798912,True,135843,,,
\\sahale.biostr.washington.edu\data\Subjects\FD_009\2026-06-20\1\widefield.tar,107497274880,True,169867,,,
\\sahale.biostr.washington.edu\data\Subjects\FD_009\2026-06-21\1\widefield.tar,95129839104,True,150324,,,
\\sahale.biostr.washington.edu\data\Subjects\FD_009\2026-06-22\1\widefield.tar,109456522752,True,172963,,,
\\sahale.biostr.washington.edu\data\Subjects\FD_009\2026-06-23\1\widefield.tar,129286313472,True,204298,,,
\\sahale.biostr.washington.edu\data\Subjects\FD_009\2026-06-25\1\widefield.tar,135270372864,True,213754,,,
\\sahale.biostr.washington.edu\data\Subjects\FD_009\2026-06-26\1\widefield.tar,128283907584,True,202714,,,
\\sahale.biostr.washington.edu\data\Subjects\LK_0003\2021-03-24\1\widefield.tar,35661453824,True,67361,,,
\\sahale.biostr.washington.edu\data\Subjects\LK_0003\2021-03-31\1\widefield.tar,72478074368,True,136904,,,
\\sahale.biostr.washington.edu\data\Subjects\LK_0003\2021-04-06\1\widefield.tar,215487057408,True,407034,,,
\\sahale.biostr.washington.edu\data\Subjects\LK_0003\2021-05-20\3\widefield.tar,231077064192,True,436482,,,
\\sahale.biostr.washington.edu\data\Subjects\LK_0003\2021-05-21\3\widefield.tar,270123021824,True,510236,,,
\\sahale.biostr.washington.edu\data\Subjects\LK_0003\2021-07-06\1\widefield.tar,75325230592,True,142282,,,
\\sahale.biostr.washington.edu\data\Subjects\LK_0003\2021-07-07\1\widefield.tar,29141794304,True,55046,,,
\\sahale.biostr.washington.edu\data\Subjects\LK_0003\2021-07-07\2\widefield.tar,22667663872,True,42817,,,
\\sahale.biostr.washington.edu\data\Subjects\LK_0003\2021-07-17\1\widefield.tar,61049743872,True,115317,,,
\\sahale.biostr.washington.edu\data\Subjects\FD_003\2025-06-18\1\widefield.tar,50267112960,True,79432,,,
\\sahale.biostr.washington.edu\data\Subjects\FD_003\2025-06-24\3\widefield.tar,50543027712,True,79868,,,
\\sahale.biostr.washington.edu\data\Subjects\FD_003\2025-07-20\1\widefield.tar,46870070784,True,74064,,,
\\sahale.biostr.washington.edu\data\Subjects\FD_003\2025-07-27\1\widefield.tar,50982213120,True,80562,,,
\\sahale.biostr.washington.edu\data\Subjects\FD_003\2025-09-10\1\widefield.tar,63990074880,True,101117,,,
\\sahale.biostr.washington.edu\data\Subjects\FD_003\2025-09-11\1\widefield.tar,92966819328,True,146906,,,
\\sahale.biostr.washington.edu\data\Subjects\FD_003\2025-09-12\1\widefield.tar,52551636480,True,83042,,,
\\sahale.biostr.washington.edu\data\Subjects\FD_003\2025-09-13\3\widefield.tar,19632981504,True,31024,,,
\\sahale.biostr.washington.edu\data\Subjects\FD_003\2025-09-13\8\widefield.tar,53753384448,True,84941,,,
\\sahale.biostr.washington.edu\data\Subjects\AB_0026\2024-03-12\1\widefield.tar,129452748288,True,204561,,,
\\sahale.biostr.washington.edu\data\Subjects\AB_0026\2024-03-13\1\widefield.tar,192130960896,True,303605,,,
\\sahale.biostr.washington.edu\data\Subjects\ZYE_0047\2021-10-02\1\widefield.tar,36575159808,True,57796,,,
\\sahale.biostr.washington.edu\data\Subjects\ZYE_0047\2021-11-24\2\widefield.tar,62374454784,True,98564,,,
\\sahale.biostr.washington.edu\data\Subjects\ZYE_0047\2021-11-26\2\widefield.tar,80539897344,True,127269,,,
\\sahale.biostr.washington.edu\data\Subjects\AL_0016\2022-10-04\1\widefield.tar,143087113728,True,226106,,,
\\sahale.biostr.washington.edu\data\Subjects\ZYE_0075\2024-04-28\1\widefield.tar,21212530176,True,33520,,,
\\sahale.biostr.washington.edu\data\Subjects\ZYE_0075\2024-05-04\2\widefield.tar,15696766464,True,24804,,,
\\sahale.biostr.washington.edu\data\Subjects\ZYE_0008\2020-07-25\1\widefield.tar,20250793472,True,34756,,,
\\sahale.biostr.washington.edu\data\Subjects\ZYE_0091\2024-06-25\2\widefield.tar,28685643264,True,45329,,,
\\sahale.biostr.washington.edu\data\Subjects\ZYE_0091\2024-07-08\1\widefield.tar,103292106240,True,163222,,,
\\sahale.biostr.washington.edu\data\Subjects\ZYE_0091\2024-07-08\3\widefield.tar,29675392512,True,46893,,,
\\sahale.biostr.washington.edu\data\Subjects\ZYE_0091\2024-07-09\1\widefield.tar,142937765376,True,225870,,,
\\sahale.biostr.washington.edu\data\Subjects\ZYE_0091\2024-07-09\3\widefield.tar,30566419968,True,48301,,,
\\sahale.biostr.washington.edu\data\Subjects\ZYE_0091\2024-07-10\1\widefield.tar,161432280576,True,255095,,,
\\sahale.biostr.washington.edu\data\Subjects\ZYE_0091\2024-07-11\1\widefield.tar,179339527680,True,283392,,,
\\sahale.biostr.washington.edu\data\Subjects\ZYE_0091\2024-07-11\3\widefield.tar,61821992448,True,97691,,,
\\sahale.biostr.washington.edu\data\Subjects\ZYE_0091\2024-07-12\1\widefield.tar,149278109184,True,235889,,,
\\sahale.biostr.washington.edu\data\Subjects\ZYE_0091\2024-07-12\3\widefield.tar,62053608960,True,98057,,,
\\sahale.biostr.washington.edu\data\Subjects\ZYE_0091\2024-07-13\1\widefield.tar,193675070976,True,306045,,,
\\sahale.biostr.washington.edu\data\Subjects\ZYE_0091\2024-07-13\4\widefield.tar,81364477440,True,128572,,,
\\sahale.biostr.washington.edu\data\Subjects\ZYE_0091\2024-07-14\3\widefield.tar,163667443200,True,258627,,,
\\sahale.biostr.washington.edu\data\Subjects\ZYE_0091\2024-07-14\5\widefield.tar,70694929920,True,111712,,,
\\sahale.biostr.washington.edu\data\Subjects\ZYE_0091\2024-07-15\1\widefield.tar,164152825344,True,259394,,,
\\sahale.biostr.washington.edu\data\Subjects\ZYE_0091\2024-07-15\5\widefield.tar,65001973248,True,102716,,,
\\sahale.biostr.washington.edu\data\Subjects\ZYE_0091\2024-07-16\1\widefield.tar,169788194304,True,268299,,,
\\sahale.biostr.washington.edu\data\Subjects\ZYE_0091\2024-07-16\3\widefield.tar,77948450304,True,123174,,,
\\sahale.biostr.washington.edu\data\Subjects\ZYE_0091\2024-07-17\2\widefield.tar,166309516800,True,262802,,,
\\sahale.biostr.washington.edu\data\Subjects\ZYE_0091\2024-07-17\4\widefield.tar,60999943680,True,96392,,,
\\sahale.biostr.washington.edu\data\Subjects\ZYE_0091\2024-07-26\2\widefield.tar,61165112832,True,96653,,,
\\sahale.biostr.washington.edu\data\Subjects\ZYE_0091\2024-07-26\4\widefield.tar,30558193152,True,48288,,,
\\sahale.biostr.washington.edu\data\Subjects\ZYE_0091\2024-07-27\2\widefield.tar,30537942528,True,48256,,,
\\sahale.biostr.washington.edu\data\Subjects\ZYE_0091\2024-07-28\1\widefield.tar,138123812352,True,218263,,,
\\sahale.biostr.washington.edu\data\Subjects\ZYE_0091\2024-07-28\3\widefield.tar,61917550080,True,97842,,,
\\sahale.biostr.washington.edu\data\Subjects\ZYE_0091\2024-09-08\1\widefield.tar,141368974848,True,223391,,,
\\sahale.biostr.washington.edu\data\Subjects\ZYE_0091\2025-02-02\1\widefield.tar,71707461120,True,113312,,,
\\sahale.biostr.washington.edu\data\Subjects\ZYE_0091\2025-02-28\3\widefield.tar,146839807488,True,232036,,,
\\sahale.biostr.washington.edu\data\Subjects\ZYE_0091\2025-03-11\1\widefield.tar,129821056512,True,205143,,,
\\sahale.biostr.washington.edu\data\Subjects\ZYE_0091\2025-03-13\1\widefield.tar,135277334016,True,213765,,,
\\sahale.biostr.washington.edu\data\Subjects\ZYE_0091\2025-05-06\2\widefield.tar,49934876160,True,78907,,,
\\sahale.biostr.washington.edu\data\Subjects\ZYE_0091\2025-05-06\3\widefield.tar,100284255744,True,158469,,,
\\sahale.biostr.washington.edu\data\Subjects\ZYE_0091\2025-05-06\6\widefield.tar,118757887488,True,187661,,,
\\sahale.biostr.washington.edu\data\Subjects\ZYE_0091\2025-05-07\1\widefield.tar,124290104832,True,196403,,,
\\sahale.biostr.washington.edu\data\Subjects\ZYE_0091\2025-06-04\1\widefield.tar,123882561024,True,195759,,,
\\sahale.biostr.washington.edu\data\Subjects\ZYE_0091\2025-06-04\3\widefield.tar,118073163264,True,186579,,,
\\sahale.biostr.washington.edu\data\Subjects\ZYE_0091\2025-06-05\2\widefield.tar,116154416640,True,183547,,,
\\sahale.biostr.washington.edu\data\Subjects\ZYE_0091\2025-06-06\1\widefield.tar,106632193536,True,168500,,,
\\sahale.biostr.washington.edu\data\Subjects\ZYE_0091\2025-06-06\2\widefield.tar,119352749568,True,188601,,,
\\sahale.biostr.washington.edu\data\Subjects\ZYE_0091\2025-06-06\5\widefield.tar,129598299648,True,204791,,,
\\sahale.biostr.washington.edu\data\Subjects\ZYE_0091\2025-06-08\1\widefield.tar,117439065600,True,185577,,,
\\sahale.biostr.washington.edu\data\Subjects\ZYE_0091\2025-06-08\3\widefield.tar,128388324864,True,202879,,,
\\sahale.biostr.washington.edu\data\Subjects\ZYE_0091\2025-06-13\2\widefield.tar,125755743744,True,198719,,,
\\sahale.biostr.washington.edu\data\Subjects\ZYE_0091\2025-06-13\3\widefield.tar,115619673600,True,182702,,,
\\sahale.biostr.washington.edu\data\Subjects\ZYE_0091\2025-06-14\1\widefield.tar,115798132224,True,182984,,,
\\sahale.biostr.washington.edu\data\Subjects\ZYE_0091\2025-06-17\1\widefield.tar,128742077952,True,203438,,,
\\sahale.biostr.washington.edu\data\Subjects\ZYE_0091\2025-06-18\1\widefield.tar,115295030784,True,182189,,,
\\sahale.biostr.washington.edu\data\Subjects\ZYE_0091\2025-06-19\1\widefield.tar,48735026688,True,77011,,,
\\sahale.biostr.washington.edu\data\Subjects\ZYE_0091\2025-06-19\2\widefield.tar,100518403584,True,158839,,,
\\sahale.biostr.washington.edu\data\Subjects\ZYE_0072\2023-01-13\3\widefield.tar,30270887424,True,47834,,,
\\sahale.biostr.washington.edu\data\Subjects\ZYE_0072\2023-01-15\1\widefield.tar,148160527872,True,234123,,,
\\sahale.biostr.washington.edu\data\Subjects\ZYE_0072\2023-01-22\1\widefield.tar,164876785152,True,260538,,,
\\sahale.biostr.washington.edu\data\Subjects\ZYE_0072\2023-01-22\5\widefield.tar,144641349120,True,228562,,,
\\sahale.biostr.washington.edu\data\Subjects\AL_0029\2023-11-30\1\widefield.tar,33127491072,True,52348,,,
\\sahale.biostr.washington.edu\data\Subjects\AL_0023\2023-05-15\1\widefield.tar,79553945088,True,125711,,,
\\sahale.biostr.washington.edu\data\Subjects\AL_0023\2023-05-15\5\widefield.tar,31639918080,True,79944,,,
\\sahale.biostr.washington.edu\data\Subjects\AL_0023\2023-05-18\1\widefield.tar,74639001600,True,188589,,,
\\sahale.biostr.washington.edu\data\Subjects\AL_0023\2023-05-18\4\widefield.tar,54804518400,True,86602,,,
\\sahale.biostr.washington.edu\data\Subjects\AL_0023\2023-05-18\7\widefield.tar,54469117440,True,86072,,,
\\sahale.biostr.washington.edu\data\Subjects\AL_0023\2023-06-27\1\widefield.tar,83149696512,True,131393,,,
\\sahale.biostr.washington.edu\data\Subjects\AL_0023\2023-07-10\1\widefield.tar,128938888704,True,203749,,,
\\sahale.biostr.washington.edu\data\Subjects\AL_0023\2023-08-09\1\widefield.tar,100079218176,True,158145,,,
\\sahale.biostr.washington.edu\data\Subjects\AL_0023\2023-08-11\1\widefield.tar,62002982400,True,97977,,,
\\sahale.biostr.washington.edu\data\Subjects\AL_0023\2023-08-14\1\widefield.tar,85655078400,True,135352,,,
\\sahale.biostr.washington.edu\data\Subjects\AL_0023\2023-08-15\1\widefield.tar,85946813952,True,135813,,,
\\sahale.biostr.washington.edu\data\Subjects\AL_0023\2023-08-23\3\widefield.tar,160343809536,True,253375,,,
\\sahale.biostr.washington.edu\data\Subjects\AL_0023\2023-08-24\1\widefield.tar,160874755584,True,254214,,,
\\sahale.biostr.washington.edu\data\Subjects\AL_0023\2023-08-25\2\widefield.tar,150930433536,True,238500,,,
\\sahale.biostr.washington.edu\data\Subjects\AL_0023\2023-08-30\1\widefield.tar,217932787200,True,344377,,,
\\sahale.biostr.washington.edu\data\Subjects\AL_0023\2023-09-06\1\widefield.tar,86727095808,True,137046,,,
\\sahale.biostr.washington.edu\data\Subjects\AL_0023\2023-10-10\1\widefield.tar,110096315904,True,173974,,,
\\sahale.biostr.washington.edu\data\Subjects\AL_0023\2023-10-23\1\widefield.tar,115539303936,True,182575,,,
\\sahale.biostr.washington.edu\data\Subjects\AL_0023\2023-10-27\1\widefield.tar,136181646336,False,215193,138856,1/Basler_acA2440-75um__23040354__20231027_113918401_99999.tiff,
\\sahale.biostr.washington.edu\data\Subjects\AL_0023\2023-10-27\4\widefield.tar,55812857856,False,88195,56406,4/Basler_acA2440-75um__23040354__20231027_121455466_9999.tiff,
\\sahale.biostr.washington.edu\data\Subjects\ZYE_0096\2025-07-07\1\widefield.tar,31921946112,True,50443,,,
\\sahale.biostr.washington.edu\data\Subjects\ZYE_0096\2025-07-08\1\widefield.tar,123730048512,True,195518,,,
\\sahale.biostr.washington.edu\data\Subjects\ZYE_0096\2025-07-09\1\widefield.tar,108535752192,True,171508,,,
\\sahale.biostr.washington.edu\data\Subjects\ZYE_0096\2025-07-10\1\widefield.tar,108633841152,True,171663,,,
\\sahale.biostr.washington.edu\data\Subjects\ZYE_0096\2025-07-12\1\widefield.tar,128929396224,True,203734,,,
\\sahale.biostr.washington.edu\data\Subjects\ZYE_0096\2025-07-12\2\widefield.tar,125458312704,True,198249,,,
\\sahale.biostr.washington.edu\data\Subjects\ZYE_0078\2024-04-28\1\widefield.tar,29394415104,True,46449,,,
\\sahale.biostr.washington.edu\data\Subjects\ZYE_0078\2024-05-14\2\widefield.tar,77632667136,True,122675,,,
\\sahale.biostr.washington.edu\data\Subjects\ZYE_0078\2024-05-20\4\widefield.tar,114163527168,True,180401,,,
\\sahale.biostr.washington.edu\data\Subjects\ZYE_0078\2024-05-30\5\widefield.tar,33533136384,True,52989,,,
\\sahale.biostr.washington.edu\data\Subjects\ZYE_0078\2024-07-23\1\widefield.tar,164403426816,True,259790,,,
\\sahale.biostr.washington.edu\data\Subjects\FD_004\2025-07-20\1\widefield.tar,34821582336,True,55025,,,
\\sahale.biostr.washington.edu\data\Subjects\FD_004\2025-07-28\1\widefield.tar,62682011136,True,99050,,,
\\sahale.biostr.washington.edu\data\Subjects\FD_004\2025-08-13\1\widefield.tar,81503067648,True,128791,,,
\\sahale.biostr.washington.edu\data\Subjects\FD_004\2025-08-14\1\widefield.tar,95682301440,True,151197,,,
\\sahale.biostr.washington.edu\data\Subjects\FD_004\2025-08-19\1\widefield.tar,42046625280,True,66442,,,
\\sahale.biostr.washington.edu\data\Subjects\FD_004\2025-08-20\3\widefield.tar,62696566272,True,99073,,,
\\sahale.biostr.washington.edu\data\Subjects\FD_004\2025-08-20\6\widefield.tar,13420469760,True,21207,,,
\\sahale.biostr.washington.edu\data\Subjects\FD_004\2025-08-22\1\widefield.tar,5378440704,True,8499,,,
\\sahale.biostr.washington.edu\data\Subjects\FD_004\2025-08-22\4\widefield.tar,61349899776,True,96945,,,
\\sahale.biostr.washington.edu\data\Subjects\FD_004\2025-10-03\1\widefield.tar,104259073536,True,164750,,,
\\sahale.biostr.washington.edu\data\Subjects\FD_004\2025-10-17\1\widefield.tar,99210339840,True,156772,,,
\\sahale.biostr.washington.edu\data\Subjects\FD_004\2025-10-17\7\widefield.tar,23161652736,True,36600,,,
\\sahale.biostr.washington.edu\data\Subjects\FD_004\2025-10-22\1\widefield.tar,134552770048,False,212620,136604,1/Basler_acA2440-75um__23040354__20251022_163746925_99999.tiff,
\\sahale.biostr.washington.edu\data\Subjects\FD_004\2025-11-14\4\widefield.tar,177977549824,False,281239,182446,4/Basler_acA2440-75um__23040354__20251114_122913425_99999.tiff,
\\sahale.biostr.washington.edu\data\Subjects\FD_004\2025-11-17\1\widefield.tar,186255128064,False,294320,191233,1/Basler_acA2440-75um__23040354__20251117_114145956_99999.tiff,
\\sahale.biostr.washington.edu\data\Subjects\ZYE_0085\2024-05-24\1\widefield.tar,108659154432,True,171703,,,
\\sahale.biostr.washington.edu\data\Subjects\ZYE_0085\2024-07-08\1\widefield.tar,162206866944,True,256319,,,
\\sahale.biostr.washington.edu\data\Subjects\ZYE_0085\2024-07-08\3\widefield.tar,29415931392,True,46483,,,
\\sahale.biostr.washington.edu\data\Subjects\ZYE_0085\2024-07-09\3\widefield.tar,134615391744,True,212719,,,
\\sahale.biostr.washington.edu\data\Subjects\ZYE_0085\2024-07-10\1\widefield.tar,175612780032,True,277503,,,
\\sahale.biostr.washington.edu\data\Subjects\ZYE_0085\2024-07-10\3\widefield.tar,80144377344,True,126644,,,
\\sahale.biostr.washington.edu\data\Subjects\ZYE_0085\2024-07-11\1\widefield.tar,176584809984,True,279039,,,
\\sahale.biostr.washington.edu\data\Subjects\ZYE_0085\2024-07-11\3\widefield.tar,68690750976,True,108545,,,
\\sahale.biostr.washington.edu\data\Subjects\ZYE_0085\2024-07-12\1\widefield.tar,106382224896,True,168105,,,
\\sahale.biostr.washington.edu\data\Subjects\ZYE_0085\2024-07-13\2\widefield.tar,123936984576,True,195845,,,
\\sahale.biostr.washington.edu\data\Subjects\ZYE_0085\2024-07-14\2\widefield.tar,186924019200,True,295377,,,
\\sahale.biostr.washington.edu\data\Subjects\ZYE_0085\2024-07-14\4\widefield.tar,62046014976,True,98045,,,
\\sahale.biostr.washington.edu\data\Subjects\ZYE_0085\2024-07-15\2\widefield.tar,115290600960,True,182182,,,
\\sahale.biostr.washington.edu\data\Subjects\ZYE_0085\2024-07-16\1\widefield.tar,175245737472,True,276923,,,
\\sahale.biostr.washington.edu\data\Subjects\ZYE_0085\2024-07-17\1\widefield.tar,141923335680,True,224267,,,
\\sahale.biostr.washington.edu\data\Subjects\ZYE_0085\2024-07-17\3\widefield.tar,74633676288,True,117936,,,
\\sahale.biostr.washington.edu\data\Subjects\ZYE_0085\2024-07-18\3\widefield.tar,145450741248,True,229841,,,
\\sahale.biostr.washington.edu\data\Subjects\ZYE_0085\2024-07-22\1\widefield.tar,141398085120,True,223437,,,
\\sahale.biostr.washington.edu\data\Subjects\ZYE_0085\2024-07-22\7\widefield.tar,119257191936,True,188450,,,
\\sahale.biostr.washington.edu\data\Subjects\ZYE_0085\2024-07-22\9\widefield.tar,65436728832,True,103403,,,
\\sahale.biostr.washington.edu\data\Subjects\ZYE_0085\2024-07-23\1\widefield.tar,170666565120,True,269687,,,
\\sahale.biostr.washington.edu\data\Subjects\ZYE_0085\2024-07-23\3\widefield.tar,91330315776,True,144320,,,
\\sahale.biostr.washington.edu\data\Subjects\ZYE_0085\2024-07-24\1\widefield.tar,212070231552,True,335113,,,
\\sahale.biostr.washington.edu\data\Subjects\ZYE_0085\2024-07-24\3\widefield.tar,58590119424,True,92584,,,
\\sahale.biostr.washington.edu\data\Subjects\ZYE_0085\2024-07-25\1\widefield.tar,45648072192,True,72133,,,
\\sahale.biostr.washington.edu\data\Subjects\ZYE_0085\2024-07-25\3\widefield.tar,224438932992,True,354658,,,
\\sahale.biostr.washington.edu\data\Subjects\ZYE_0085\2024-07-25\5\widefield.tar,75862636032,True,119878,,,
\\sahale.biostr.washington.edu\data\Subjects\ZYE_0085\2024-07-26\1\widefield.tar,128953443840,True,203772,,,
\\sahale.biostr.washington.edu\data\Subjects\ZYE_0085\2024-07-26\3\widefield.tar,59903878656,True,94660,,,
\\sahale.biostr.washington.edu\data\Subjects\ZYE_0085\2024-07-26\5\widefield.tar,35707547136,True,56425,,,
\\sahale.biostr.washington.edu\data\Subjects\ZYE_0085\2024-07-27\1\widefield.tar,18828652032,True,29753,,,
\\sahale.biostr.washington.edu\data\Subjects\ZYE_0085\2024-07-27\3\widefield.tar,161963226624,True,255934,,,
\\sahale.biostr.washington.edu\data\Subjects\ZYE_0085\2024-07-27\5\widefield.tar,61735927296,True,97555,,,
\\sahale.biostr.washington.edu\data\Subjects\ZYE_0085\2024-07-28\1\widefield.tar,160426710528,True,253506,,,
\\sahale.biostr.washington.edu\data\Subjects\ZYE_0085\2024-07-28\3\widefield.tar,61631510016,True,97390,,,
\\sahale.biostr.washington.edu\data\Subjects\ZYE_0085\2024-07-29\7\widefield.tar,211481064960,True,334182,,,
\\sahale.biostr.washington.edu\data\Subjects\ZYE_0085\2024-07-29\9\widefield.tar,76103745024,True,120259,,,
\\sahale.biostr.washington.edu\data\Subjects\ZYE_0085\2024-09-08\1\widefield.tar,141819551232,True,224103,,,
\\sahale.biostr.washington.edu\data\Subjects\ZYE_0085\2025-01-31\2\widefield.tar,61727700480,True,97542,,,
\\sahale.biostr.washington.edu\data\Subjects\ZYE_0085\2025-01-31\6\widefield.tar,48757808640,True,77047,,,
\\sahale.biostr.washington.edu\data\Subjects\AL_0047\2026-02-25\1\widefield.tar,18636903936,True,29450,,,
\\sahale.biostr.washington.edu\data\Subjects\AL_0047\2026-02-27\1\widefield.tar,75082987008,True,118646,,,
\\sahale.biostr.washington.edu\data\Subjects\AL_0047\2026-02-27\3\widefield.tar,69556465152,True,109913,,,
\\sahale.biostr.washington.edu\data\Subjects\AL_0030\2024-01-18\2\widefield.tar,135088750080,True,213467,,,
\\sahale.biostr.washington.edu\data\Subjects\AL_0030\2024-01-19\3\widefield.tar,81944784384,True,129489,,,
\\sahale.biostr.washington.edu\data\Subjects\AL_0030\2024-01-22\2\widefield.tar,113090244096,True,178705,,,
\\sahale.biostr.washington.edu\data\Subjects\AL_0030\2024-01-22\5\widefield.tar,14565262848,True,23016,,,
\\sahale.biostr.washington.edu\data\Subjects\AL_0030\2024-01-23\1\widefield.tar,136961096192,False,216425,107281,1/Basler_acA2440-75um__23040354__20240123_135129885_99999.tiff,
\\sahale.biostr.washington.edu\data\Subjects\AL_0030\2024-01-25\1\widefield.tar,70188031488,True,110911,,,
\\sahale.biostr.washington.edu\data\Subjects\ZYE_0016\2020-11-06\1\widefield.tar,26199344640,True,49488,,,
\\sahale.biostr.washington.edu\data\Subjects\ZYE_0016\2020-12-03\1\widefield.tar,32570769920,True,61523,,,
\\sahale.biostr.washington.edu\data\Subjects\ZYE_0016\2020-12-21\1\widefield.tar,144413504000,True,272783,,,
\\sahale.biostr.washington.edu\data\Subjects\ZYE_0016\2021-02-16\3\widefield.tar,96691078656,True,182640,,,
\\sahale.biostr.washington.edu\data\Subjects\ZYE_0016\2021-02-25\1\widefield.tar,59319638528,True,112049,,,
\\sahale.biostr.washington.edu\data\Subjects\ZYE_0016\2021-02-26\1\widefield.tar,6643013120,True,12548,,,
\\sahale.biostr.washington.edu\data\Subjects\ZYE_0016\2021-02-26\2\widefield.tar,49776000512,True,94022,,,
\\sahale.biostr.washington.edu\data\Subjects\ZYE_0059\2022-03-08\1\widefield.tar,40885378560,True,64607,,,
\\sahale.biostr.washington.edu\data\Subjects\ZYE_0059\2022-03-09\1\widefield.tar,199512313344,True,315269,,,
\\sahale.biostr.washington.edu\data\Subjects\ZYE_0059\2022-03-14\1\widefield.tar,227937861120,True,360187,,,
\\sahale.biostr.washington.edu\data\Subjects\ZYE_0059\2022-03-15\1\widefield.tar,117575124480,True,185792,,,
\\sahale.biostr.washington.edu\data\Subjects\ZYE_0059\2022-03-15\5\widefield.tar,130988631552,True,206988,,,
\\sahale.biostr.washington.edu\data\Subjects\ZYE_0059\2022-03-16\1\widefield.tar,184138292736,True,290975,,,
\\sahale.biostr.washington.edu\data\Subjects\ZYE_0053\2021-12-17\2\widefield.tar,36089777664,True,57029,,,
\\sahale.biostr.washington.edu\data\Subjects\ZYE_0053\2021-12-19\2\widefield.tar,164673013248,True,260216,,,
\\sahale.biostr.washington.edu\data\Subjects\ZYE_0053\2021-12-20\1\widefield.tar,149805891072,True,236723,,,
\\sahale.biostr.washington.edu\data\Subjects\ZYE_0053\2021-12-20\5\widefield.tar,29047623168,True,45901,,,
\\sahale.biostr.washington.edu\data\Subjects\ZYE_0053\2021-12-21\1\widefield.tar,124045831680,True,196017,,,
\\sahale.biostr.washington.edu\data\Subjects\ZYE_0053\2021-12-22\1\widefield.tar,138167477760,True,218332,,,
\\sahale.biostr.washington.edu\data\Subjects\ZYE_0053\2022-01-01\4\widefield.tar,83814170112,True,132443,,,
\\sahale.biostr.washington.edu\data\Subjects\ZYE_0053\2022-01-02\1\widefield.tar,157273941504,True,248524,,,
\\sahale.biostr.washington.edu\data\Subjects\ZYE_0053\2022-01-04\1\widefield.tar,129575517696,True,204755,,,
\\sahale.biostr.washington.edu\data\Subjects\AB_0032\2024-03-12\1\widefield.tar,129452748288,True,204561,,,
\\sahale.biostr.washington.edu\data\Subjects\AB_0032\2024-03-13\1\widefield.tar,192130960896,True,303605,,,
\\sahale.biostr.washington.edu\data\Subjects\AB_0032\2024-03-14\1\widefield.tar,185266632192,True,292758,,,
\\sahale.biostr.washington.edu\data\Subjects\AB_0032\2024-04-05\1\widefield.tar,12751827968,True,20150,,,
\\sahale.biostr.washington.edu\data\Subjects\AB_0032\2024-04-15\1\widefield.tar,183547860480,True,290042,,,
\\sahale.biostr.washington.edu\data\Subjects\AB_0032\2024-04-16\1\widefield.tar,344282758656,True,544035,,,
\\sahale.biostr.washington.edu\data\Subjects\AB_0032\2024-04-25\1\widefield.tar,184153480704,True,290999,,,
\\sahale.biostr.washington.edu\data\Subjects\AB_0032\2024-04-30\1\widefield.tar,194390171136,True,307175,,,
\\sahale.biostr.washington.edu\data\Subjects\AB_0032\2024-05-02\1\widefield.tar,210604592640,True,332797,,,
\\sahale.biostr.washington.edu\data\Subjects\AB_0032\2024-05-09\1\widefield.tar,115275412992,True,182158,,,
\\sahale.biostr.washington.edu\data\Subjects\AB_0032\2024-05-12\1\widefield.tar,103766730240,True,163972,,,
\\sahale.biostr.washington.edu\data\Subjects\AB_0032\2024-05-21\1\widefield.tar,96594212352,True,152638,,,
\\sahale.biostr.washington.edu\data\Subjects\AB_0032\2024-05-23\1\widefield.tar,90602558976,True,143170,,,
\\sahale.biostr.washington.edu\data\Subjects\AB_0032\2024-05-25\1\widefield.tar,92016938496,True,145405,,,
\\sahale.biostr.washington.edu\data\Subjects\AB_0032\2024-06-20\3\widefield.tar,96484099584,True,152464,,,
\\sahale.biostr.washington.edu\data\Subjects\AB_0032\2024-06-21\1\widefield.tar,180702647808,True,285546,,,
\\sahale.biostr.washington.edu\data\Subjects\AB_0032\2024-06-25\1\widefield.tar,29458963968,True,46551,,,
\\sahale.biostr.washington.edu\data\Subjects\AB_0032\2024-06-27\1\widefield.tar,193293473280,True,305442,,,
\\sahale.biostr.washington.edu\data\Subjects\AB_0032\2024-06-28\1\widefield.tar,267169648128,True,422181,,,
\\sahale.biostr.washington.edu\data\Subjects\AB_0032\2024-07-08\1\widefield.tar,151111423488,True,238786,,,
\\sahale.biostr.washington.edu\data\Subjects\AB_0032\2024-07-19\1\widefield.tar,148181411328,True,234156,,,
\\sahale.biostr.washington.edu\data\Subjects\AB_0032\2024-07-24\1\widefield.tar,246396304896,True,389355,,,
\\sahale.biostr.washington.edu\data\Subjects\AB_0032\2024-07-26\1\widefield.tar,103462970880,True,163492,,,
\\sahale.biostr.washington.edu\data\Subjects\AB_0032\2024-07-29\1\widefield.tar,206220332544,True,325869,,,
\\sahale.biostr.washington.edu\data\Subjects\AB_0032\2024-08-13\2\widefield.tar,193300434432,True,305453,,,
\\sahale.biostr.washington.edu\data\Subjects\AB_0032\2024-08-14\1\widefield.tar,226635492864,True,358129,,,
\\sahale.biostr.washington.edu\data\Subjects\SM_0001\2020-09-03\1\widefield.tar,27998839296,True,46265,,,
\\sahale.biostr.washington.edu\data\Subjects\SM_0001\2020-09-29\1\widefield.tar,78817735168,True,148879,,,
\\sahale.biostr.washington.edu\data\Subjects\SM_0001\2020-11-06\2\widefield.tar,36208861696,True,68395,,,
\\sahale.biostr.washington.edu\data\Subjects\ZYE_0069\2023-07-14\4\widefield.tar,46744770048,True,73866,,,
\\sahale.biostr.washington.edu\data\Subjects\ZYE_0069\2023-07-14\6\widefield.tar,52787049984,True,83414,,,
\\sahale.biostr.washington.edu\data\Subjects\ZYE_0069\2023-07-17\1\widefield.tar,97092883968,True,153426,,,
\\sahale.biostr.washington.edu\data\Subjects\ZYE_0069\2023-07-19\1\widefield.tar,48121812480,True,76042,,,
\\sahale.biostr.washington.edu\data\Subjects\ZYE_0069\2023-07-27\3\widefield.tar,74742523392,True,118108,,,
\\sahale.biostr.washington.edu\data\Subjects\ZYE_0069\2023-08-16\1\widefield.tar,61504310784,True,97189,,,
\\sahale.biostr.washington.edu\data\Subjects\ZYE_0069\2023-08-17\5\widefield.tar,269463664128,True,425806,,,
\\sahale.biostr.washington.edu\data\Subjects\ZYE_0069\2023-08-22\1\widefield.tar,56832744960,True,89807,,,
\\sahale.biostr.washington.edu\data\Subjects\ZYE_0069\2023-08-24\4\widefield.tar,244725628416,True,386715,,,
\\sahale.biostr.washington.edu\data\Subjects\ZYE_0069\2023-09-06\1\widefield.tar,96571430400,True,152602,,,
\\sahale.biostr.washington.edu\data\Subjects\ZYE_0069\2023-10-03\1\widefield.tar,64093859328,True,101281,,,
\\sahale.biostr.washington.edu\data\Subjects\ZYE_0069\2023-11-20\1\widefield.tar,293244225024,True,463384,,,
\\sahale.biostr.washington.edu\data\Subjects\ZYE_0087\2024-05-23\1\widefield.tar,36902966784,True,58314,,,
\\sahale.biostr.washington.edu\data\Subjects\ZYE_0087\2024-05-23\5\widefield.tar,112184028672,True,177273,,,
\\sahale.biostr.washington.edu\data\Subjects\ZYE_0087\2024-08-19\1\widefield.tar,140232408576,True,221595,,,
\\sahale.biostr.washington.edu\data\Subjects\ZYE_0087\2024-09-04\1\widefield.tar,29556420096,True,46705,,,
\\sahale.biostr.washington.edu\data\Subjects\ZYE_0087\2024-09-05\1\widefield.tar,107489048064,True,169854,,,
\\sahale.biostr.washington.edu\data\Subjects\ZYE_0087\2024-09-06\1\widefield.tar,51044230656,True,80660,,,
\\sahale.biostr.washington.edu\data\Subjects\ZYE_0087\2024-09-06\2\widefield.tar,112980131328,True,178531,,,
\\sahale.biostr.washington.edu\data\Subjects\ZYE_0087\2024-09-06\3\widefield.tar,142322652672,True,224898,,,
\\sahale.biostr.washington.edu\data\Subjects\ZYE_0087\2024-09-07\1\widefield.tar,145658942976,True,230170,,,
\\sahale.biostr.washington.edu\data\Subjects\AL_0045\2026-01-29\2\widefield.tar,161347481088,True,254961,,,
\\sahale.biostr.washington.edu\data\Subjects\AL_0045\2026-01-30\1\widefield.tar,232043042304,True,366674,,,
\\sahale.biostr.washington.edu\data\Subjects\AL_0045\2026-02-05\1\widefield.tar,91951757824,True,145302,,,
\\sahale.biostr.washington.edu\data\Subjects\AL_0045\2026-02-06\1\widefield.tar,82021989888,True,129611,,,
\\sahale.biostr.washington.edu\data\Subjects\AL_0045\2026-02-09\1\widefield.tar,60355730432,True,95374,,,
\\sahale.biostr.washington.edu\data\Subjects\AL_0032\2024-04-09\1\widefield.tar,138663618048,True,219116,,,
\\sahale.biostr.washington.edu\data\Subjects\AL_0032\2024-04-14\1\widefield.tar,160635545088,True,253836,,,
\\sahale.biostr.washington.edu\data\Subjects\AL_0032\2024-04-19\1\widefield.tar,197884669440,True,312697,,,
\\sahale.biostr.washington.edu\data\Subjects\AL_0032\2024-04-19\2\widefield.tar,171086765568,True,270351,,,
\\sahale.biostr.washington.edu\data\Subjects\AL_0032\2024-04-27\1\widefield.tar,164628082176,True,260145,,,
\\sahale.biostr.washington.edu\data\Subjects\AL_0032\2024-04-28\1\widefield.tar,151915752960,True,240057,,,
\\sahale.biostr.washington.edu\data\Subjects\AL_0032\2024-05-12\1\widefield.tar,143971180032,True,227503,,,
\\sahale.biostr.washington.edu\data\Subjects\AL_0032\2024-05-15\1\widefield.tar,189282584064,True,299104,,,
\\sahale.biostr.washington.edu\data\Subjects\AL_0032\2024-06-10\1\widefield.tar,118348445184,True,187014,,,
\\sahale.biostr.washington.edu\data\Subjects\AL_0032\2024-06-11\1\widefield.tar,102883296768,True,162576,,,
\\sahale.biostr.washington.edu\data\Subjects\AL_0032\2024-06-12\1\old_widefield.tar,4236177920,True,6694,,,
\\sahale.biostr.washington.edu\data\Subjects\AL_0032\2024-06-12\1\widefield.tar,184983123456,True,292310,,,
\\sahale.biostr.washington.edu\data\Subjects\AL_0038\2024-12-20\3\widefield.tar,20048119296,True,31680,,,
\\sahale.biostr.washington.edu\data\Subjects\AL_0038\2024-12-27\1\widefield.tar,120905719296,True,191055,,,
\\sahale.biostr.washington.edu\data\Subjects\AL_0038\2025-01-06\1\widefield.tar,129166075392,True,204108,,,
\\sahale.biostr.washington.edu\data\Subjects\AL_0038\2025-02-18\1\widefield.tar,183488374272,True,289948,,,
\\sahale.biostr.washington.edu\data\Subjects\AL_0038\2025-03-04\1\widefield.tar,135523505664,True,214154,,,
\\sahale.biostr.washington.edu\data\Subjects\AL_0038\2025-04-04\2\widefield.tar,136100648448,True,215066,,,
\\sahale.biostr.washington.edu\data\Subjects\AL_0038\2025-04-16\1\widefield.tar,36945999360,True,58382,,,
\\sahale.biostr.washington.edu\data\Subjects\AL_0038\2025-05-01\1\widefield.tar,49505816064,True,78229,,,
\\sahale.biostr.washington.edu\data\Subjects\AL_0038\2025-05-02\1\widefield.tar,232521255424,False,367429,237616,1/Basler_acA2440-75um__23040354__20250502_111554354_99999.tiff,
\\sahale.biostr.washington.edu\data\Subjects\ZYE_0014\2020-10-26\1\widefield.tar,27482629632,True,51912,,,
\\sahale.biostr.washington.edu\data\Subjects\ZYE_0014\2020-10-28\1\widefield.tar,142943867392,True,270007,,,
\\sahale.biostr.washington.edu\data\Subjects\ZYE_0014\2020-12-09\1\widefield.tar,154680313344,True,292176,,,
\\sahale.biostr.washington.edu\data\Subjects\ZYE_0014\2020-12-10\1\widefield.tar,136994380288,True,258769,,,
\\sahale.biostr.washington.edu\data\Subjects\ZYE_0014\2020-12-22\1\widefield.tar,133426170368,True,252029,,,
\\sahale.biostr.washington.edu\data\Subjects\ZYE_0014\2020-12-23\1\widefield.tar,137754610176,True,260205,,,
\\sahale.biostr.washington.edu\data\Subjects\ZYE_0014\2021-04-06\3\widefield.tar,134946100736,True,254900,,,
\\sahale.biostr.washington.edu\data\Subjects\ZYE_0014\2021-04-17\1\widefield.tar,19459980800,True,36758,,,
\\sahale.biostr.washington.edu\data\Subjects\ZYE_0014\2021-04-17\2\widefield.tar,21343085056,True,40315,,,
\\sahale.biostr.washington.edu\data\Subjects\ZYE_0051\2021-12-15\1\widefield.tar,32014972416,True,50590,,,
\\sahale.biostr.washington.edu\data\Subjects\ZYE_0051\2021-12-15\3\widefield.tar,49309638144,True,77919,,,
\\sahale.biostr.washington.edu\data\Subjects\ZYE_0051\2022-02-21\1\widefield.tar,93286399488,True,147411,,,
\\sahale.biostr.washington.edu\data\Subjects\ZYE_0026\2021-01-13\1\widefield.tar,35019281920,True,66148,,,
\\sahale.biostr.washington.edu\data\Subjects\ZYE_0026\2021-02-16\2\widefield.tar,66316824064,True,125266,,,
\\sahale.biostr.washington.edu\data\Subjects\ZYE_0026\2021-03-19\1\widefield.tar,146463371776,True,276655,,,
\\sahale.biostr.washington.edu\data\Subjects\ZYE_0026\2021-03-22\1\widefield.tar,147369188864,True,278366,,,
\\sahale.biostr.washington.edu\data\Subjects\ZYE_0007\2020-07-25\1\widefield.tar,34580052480,True,59349,,,
\\sahale.biostr.washington.edu\data\Subjects\ZYE_0007\2020-07-29\1\widefield.tar,31907714048,True,64181,,,
\\sahale.biostr.washington.edu\data\Subjects\ZYE_0070\2023-01-13\1\widefield.tar,32773105152,True,51788,,,
\\sahale.biostr.washington.edu\data\Subjects\ZYE_0070\2023-01-14\1\widefield.tar,145237476864,True,229504,,,
\\sahale.biostr.washington.edu\data\Subjects\ZYE_0070\2023-01-15\1\widefield.tar,157096748544,True,248244,,,
\\sahale.biostr.washington.edu\data\Subjects\ZYE_0070\2023-01-16\1\widefield.tar,169521139200,True,267877,,,
\\sahale.biostr.washington.edu\data\Subjects\ZYE_0070\2023-01-16\5\widefield.tar,119009121792,True,188058,,,
\\sahale.biostr.washington.edu\data\Subjects\ZYE_0070\2023-01-17\1\widefield.tar,98346323968,True,161414,,,
\\sahale.biostr.washington.edu\data\Subjects\ZYE_0070\2023-01-17\5\widefield.tar,98346323968,True,161414,,,
\\sahale.biostr.washington.edu\data\Subjects\XL_004\2026-06-03\1\widefield.tar,54753259008,True,86521,,,
\\sahale.biostr.washington.edu\data\Subjects\XL_004\2026-06-04\3\widefield.tar,48764136960,True,77057,,,
\\sahale.biostr.washington.edu\data\Subjects\XL_004\2026-06-17\1\widefield.tar,64246371840,True,101522,,,
\\sahale.biostr.washington.edu\data\Subjects\ZYE_0094\2025-06-03\1\widefield.tar,38788173312,True,61293,,,
\\sahale.biostr.washington.edu\data\Subjects\ZYE_0094\2025-06-16\3\widefield.tar,135494395392,True,214108,,,
\\sahale.biostr.washington.edu\data\Subjects\ZYE_0094\2025-06-17\1\widefield.tar,114315406848,True,180641,,,
\\sahale.biostr.washington.edu\data\Subjects\ZYE_0094\2025-06-17\3\widefield.tar,115937988096,True,183205,,,
\\sahale.biostr.washington.edu\data\Subjects\ZYE_0094\2025-06-18\1\widefield.tar,121148093952,True,191438,,,
\\sahale.biostr.washington.edu\data\Subjects\ZYE_0094\2025-06-18\3\widefield.tar,128208600576,True,202595,,,
\\sahale.biostr.washington.edu\data\Subjects\ZYE_0094\2025-06-19\1\widefield.tar,97550421504,True,154149,,,
\\sahale.biostr.washington.edu\data\Subjects\ZYE_0094\2025-06-21\2\widefield.tar,114849517056,True,181485,,,
\\sahale.biostr.washington.edu\data\Subjects\ZYE_0094\2025-06-21\3\widefield.tar,97718754816,True,154415,,,
\\sahale.biostr.washington.edu\data\Subjects\ZYE_0094\2025-06-22\1\widefield.tar,95384870400,True,150727,,,
\\sahale.biostr.washington.edu\data\Subjects\ZYE_0094\2025-06-24\1\widefield.tar,95058329088,True,150211,,,
\\sahale.biostr.washington.edu\data\Subjects\ZYE_0094\2025-07-10\1\widefield.tar,131416425984,True,207664,,,
\\sahale.biostr.washington.edu\data\Subjects\ZYE_0094\2025-07-16\1\widefield.tar,103338935808,True,163296,,,
\\sahale.biostr.washington.edu\data\Subjects\ZYE_0094\2025-07-18\1\widefield.tar,163887035904,True,258974,,,
\\sahale.biostr.washington.edu\data\Subjects\ZYE_0094\2025-07-19\1\widefield.tar,134328086016,True,212265,,,
\\sahale.biostr.washington.edu\data\Subjects\ZYE_0094\2025-07-20\1\widefield.tar,126525900288,True,199936,,,
\\sahale.biostr.washington.edu\data\Subjects\ZYE_0094\2025-07-21\1\widefield.tar,130255179264,True,205829,,,
\\sahale.biostr.washington.edu\data\Subjects\ZYE_0094\2025-07-26\1\widefield.tar,102434618880,True,161867,,,
\\sahale.biostr.washington.edu\data\Subjects\FD_006\2025-08-15\1\widefield.tar,28691971584,True,45339,,,
\\sahale.biostr.washington.edu\data\Subjects\FD_006\2025-08-18\1\widefield.tar,82844671488,True,130911,,,
\\sahale.biostr.washington.edu\data\Subjects\FD_006\2025-11-05\1\widefield.tar,55010821632,True,86928,,,
\\sahale.biostr.washington.edu\data\Subjects\FD_006\2025-11-10\3\widefield.tar,89602051584,True,141589,,,
\\sahale.biostr.washington.edu\data\Subjects\FD_006\2025-11-18\1\widefield.tar,29092554240,True,45972,,,
\\sahale.biostr.washington.edu\data\Subjects\FD_006\2025-11-18\7\widefield.tar,20318971392,True,32108,,,
\\sahale.biostr.washington.edu\data\Subjects\FD_006\2025-11-20\2\widefield.tar,70009572864,True,110629,,,
\\sahale.biostr.washington.edu\data\Subjects\FD_006\2025-11-26\1\widefield.tar,79180574208,True,125121,,,
\\sahale.biostr.washington.edu\data\Subjects\FD_006\2025-12-10\5\widefield.tar,88164890112,True,139318,,,
\\sahale.biostr.washington.edu\data\Subjects\FD_006\2025-12-15\4\widefield.tar,90465234432,True,142953,,,
\\sahale.biostr.washington.edu\data\Subjects\ZYE_0035\2021-05-12\2\widefield.tar,71820549632,True,135662,,,
\\sahale.biostr.washington.edu\data\Subjects\ZYE_0035\2021-07-01\1\widefield.tar,67204641280,True,126943,,,
\\sahale.biostr.washington.edu\data\Subjects\ZYE_0035\2021-07-05\1\widefield.tar,64301367808,True,121459,,,
\\sahale.biostr.washington.edu\data\Subjects\ZYE_0035\2021-07-17\1\widefield.tar,1570225664,True,2966,,,
\\sahale.biostr.washington.edu\data\Subjects\ZYE_0035\2021-07-17\2\widefield.tar,33242059264,True,62791,,,
\\sahale.biostr.washington.edu\data\Subjects\ZYE_0035\2021-07-18\1\widefield.tar,69127451136,True,130575,,,
\\sahale.biostr.washington.edu\data\Subjects\ZYE_0048\2021-10-08\1\widefield.tar,37454163456,True,59185,,,
\\sahale.biostr.washington.edu\data\Subjects\ZYE_0048\2021-10-11\1\widefield.tar,67411164672,True,106523,,,
\\sahale.biostr.washington.edu\data\Subjects\ZYE_0048\2021-12-03\3\widefield.tar,62635181568,True,98976,,,
\\sahale.biostr.washington.edu\data\Subjects\ZYE_0048\2021-12-07\1\widefield.tar,193068185088,True,305086,,,
\\sahale.biostr.washington.edu\data\Subjects\ZYE_0048\2021-12-08\1\widefield.tar,29167228416,True,46090,,,
\\sahale.biostr.washington.edu\data\Subjects\ZYE_0048\2021-12-08\6\widefield.tar,75598745088,True,119461,,,
\\sahale.biostr.washington.edu\data\Subjects\ZYE_0048\2021-12-10\1\widefield.tar,70022229504,True,110649,,,
\\sahale.biostr.washington.edu\data\Subjects\ZYE_0045\2021-09-21\1\widefield.tar,39538712064,True,62479,,,
\\sahale.biostr.washington.edu\data\Subjects\ZYE_0045\2021-09-22\1\widefield.tar,184080072192,True,290883,,,
\\sahale.biostr.washington.edu\data\Subjects\ZYE_0045\2021-09-23\2\widefield.tar,96866962944,True,153069,,,
\\sahale.biostr.washington.edu\data\Subjects\ZYE_0038\2021-07-21\1\widefield.tar,51692986880,True,97643,,,
\\sahale.biostr.washington.edu\data\Subjects\ZYE_0038\2021-07-21\2\widefield.tar,39130664448,True,73914,,,
\\sahale.biostr.washington.edu\data\Subjects\ZYE_0038\2021-09-01\1\widefield.tar,160886779392,True,254233,,,
\\sahale.biostr.washington.edu\data\Subjects\ZYE_0038\2021-09-02\2\widefield.tar,146985991680,True,232267,,,
\\sahale.biostr.washington.edu\data\Subjects\AL_0014\2022-08-08\1\widefield.tar,128783844864,True,203504,,,
\\sahale.biostr.washington.edu\data\Subjects\AL_0014\2022-08-09\2\widefield.tar,138402258432,True,218703,,,
\\sahale.biostr.washington.edu\data\Subjects\AL_0014\2022-08-15\1\widefield.tar,72019446272,True,113805,,,
\\sahale.biostr.washington.edu\data\Subjects\AL_0014\2022-08-17\1\widefield.tar,159801472512,True,252518,,,
\\sahale.biostr.washington.edu\data\Subjects\LK_0001\2021-03-08\1\widefield.tar,31601953280,True,59693,,,
\\sahale.biostr.washington.edu\data\Subjects\LK_0001\2021-03-09\5\widefield.tar,43224047104,True,81646,,,
\\sahale.biostr.washington.edu\data\Subjects\LK_0001\2021-04-06\2\widefield.tar,286064026112,True,540347,,,
\\sahale.biostr.washington.edu\data\Subjects\LK_0001\2021-04-07\1\widefield.tar,267944507904,True,506121,,,
\\sahale.biostr.washington.edu\data\Subjects\LK_0001\2021-04-13\3\widefield.tar,2532160000,True,4783,,,
\\sahale.biostr.washington.edu\data\Subjects\LK_0001\2021-04-13\5\widefield.tar,2524748288,True,4769,,,
\\sahale.biostr.washington.edu\data\Subjects\LK_0001\2021-04-22\1\widefield.tar,3229390336,True,6100,,,
\\sahale.biostr.washington.edu\data\Subjects\LK_0001\2021-04-22\3\widefield.tar,3268037120,True,6173,,,
\\sahale.biostr.washington.edu\data\Subjects\LK_0001\2021-04-22\5\widefield.tar,3049391616,True,5760,,,
\\sahale.biostr.washington.edu\data\Subjects\LK_0001\2021-09-16\1\widefield.tar,32276332032,True,51003,,,
\\sahale.biostr.washington.edu\data\Subjects\FD_001\2025-05-14\1\widefield.tar,30468963840,True,48147,,,
\\sahale.biostr.washington.edu\data\Subjects\FD_001\2025-05-20\1\widefield.tar,85002628608,True,134321,,,
\\sahale.biostr.washington.edu\data\Subjects\FD_001\2025-05-30\1\widefield.tar,29520981504,True,46649,,,
\\sahale.biostr.washington.edu\data\Subjects\FD_001\2025-06-11\3\widefield.tar,51386592768,True,81201,,,
\\sahale.biostr.washington.edu\data\Subjects\FD_001\2025-07-27\1\widefield.tar,54307112448,True,85816,,,
\\sahale.biostr.washington.edu\data\Subjects\FD_001\2025-07-28\1\widefield.tar,65219667456,True,103060,,,
\\sahale.biostr.washington.edu\data\Subjects\FD_001\2025-08-13\1\widefield.tar,108242118144,True,171044,,,
\\sahale.biostr.washington.edu\data\Subjects\FD_001\2025-08-18\1\widefield.tar,91647997440,True,144822,,,
\\sahale.biostr.washington.edu\data\Subjects\FD_001\2025-08-22\1\widefield.tar,113815469568,True,179851,,,
\\sahale.biostr.washington.edu\data\Subjects\FD_001\2025-10-03\1\widefield.tar,96563836416,True,152590,,,
\\sahale.biostr.washington.edu\data\Subjects\FD_001\2025-10-08\1\widefield.tar,25751834112,True,40693,,,
\\sahale.biostr.washington.edu\data\Subjects\FD_001\2025-10-08\4\widefield.tar,99990621696,True,158005,,,
\\sahale.biostr.washington.edu\data\Subjects\FD_001\2025-10-09\1\widefield.tar,28753356288,True,45436,,,
\\sahale.biostr.washington.edu\data\Subjects\FD_001\2025-10-09\3\widefield.tar,91711913472,True,144923,,,
\\sahale.biostr.washington.edu\data\Subjects\FD_001\2025-10-10\2\widefield.tar,20123426304,True,31799,,,
\\sahale.biostr.washington.edu\data\Subjects\FD_001\2025-10-10\4\widefield.tar,92831393280,True,146692,,,
\\sahale.biostr.washington.edu\data\Subjects\FD_001\2025-10-13\1\widefield.tar,26938394112,True,42568,,,
\\sahale.biostr.washington.edu\data\Subjects\FD_001\2025-10-13\3\widefield.tar,90730391040,True,143372,,,
\\sahale.biostr.washington.edu\data\Subjects\FD_001\2025-10-16\1\widefield.tar,31385304576,True,49595,,,
\\sahale.biostr.washington.edu\data\Subjects\ZYE_0077\2024-04-28\1\widefield.tar,22989522432,True,36328,,,
\\sahale.biostr.washington.edu\data\Subjects\ZYE_0077\2024-05-04\2\widefield.tar,30262027776,True,47820,,,
\\sahale.biostr.washington.edu\data\Subjects\ZYE_0077\2024-05-17\1\widefield.tar,103436391936,True,163450,,,
\\sahale.biostr.washington.edu\data\Subjects\ZYE_0077\2024-05-30\3\widefield.tar,31668813312,True,50043,,,
\\sahale.biostr.washington.edu\data\Subjects\ZYE_0077\2024-07-22\1\widefield.tar,142275190272,True,224823,,,
\\sahale.biostr.washington.edu\data\Subjects\AL_0051\2026-07-29\2\widefield.tar,69433736704,True,110614,,,
\\sahale.biostr.washington.edu\data\Subjects\XL_009\2026-06-03\1\widefield.tar,121628413440,True,192197,,,
\\sahale.biostr.washington.edu\data\Subjects\XL_009\2026-06-17\1\widefield.tar,93950240256,True,148460,,,
\\sahale.biostr.washington.edu\data\Subjects\XL_009\2026-07-23\1\widefield.tar,45832226304,True,72424,,,
\\sahale.biostr.washington.edu\data\Subjects\ZYE_0093\2025-06-02\2\widefield.tar,133295304192,True,210633,,,
\\sahale.biostr.washington.edu\data\Subjects\ZYE_0093\2025-06-03\1\widefield.tar,42746537472,True,67548,,,
\\sahale.biostr.washington.edu\data\Subjects\ZYE_0093\2025-06-14\1\widefield.tar,43705910784,True,69064,,,
\\sahale.biostr.washington.edu\data\Subjects\ZYE_0056\2021-12-18\1\widefield.tar,29541864960,True,46682,,,
\\sahale.biostr.washington.edu\data\Subjects\ZYE_0056\2022-01-10\1\widefield.tar,132982052352,True,210138,,,
\\sahale.biostr.washington.edu\data\Subjects\FD_012\2026-02-10\1\widefield.tar,103259198976,True,163170,,,
\\sahale.biostr.washington.edu\data\Subjects\FD_012\2026-02-11\1\widefield.tar,108383239680,True,171267,,,
\\sahale.biostr.washington.edu\data\Subjects\FD_012\2026-02-12\1\widefield.tar,93670528512,True,148018,,,
\\sahale.biostr.washington.edu\data\Subjects\FD_012\2026-02-13\1\widefield.tar,75676583424,True,119584,,,
\\sahale.biostr.washington.edu\data\Subjects\FD_012\2026-02-15\1\widefield.tar,72787705344,True,115019,,,
\\sahale.biostr.washington.edu\data\Subjects\FD_012\2026-02-16\1\widefield.tar,76832134656,True,121410,,,
\\sahale.biostr.washington.edu\data\Subjects\FD_012\2026-02-16\3\widefield.tar,5187360768,True,8217,,,
\\sahale.biostr.washington.edu\data\Subjects\FD_012\2026-02-17\1\widefield.tar,84209057280,True,133067,,,
\\sahale.biostr.washington.edu\data\Subjects\FD_012\2026-02-20\1\widefield.tar,118232004096,True,186830,,,
\\sahale.biostr.washington.edu\data\Subjects\FD_012\2026-02-21\1\widefield.tar,111461967360,True,176132,,,
\\sahale.biostr.washington.edu\data\Subjects\FD_012\2026-02-22\1\widefield.tar,114776108544,True,181369,,,
\\sahale.biostr.washington.edu\data\Subjects\FD_012\2026-02-23\1\widefield.tar,115624103424,True,182709,,,
\\sahale.biostr.washington.edu\data\Subjects\FD_012\2026-02-24\1\widefield.tar,98159838720,True,155112,,,
\\sahale.biostr.washington.edu\data\Subjects\FD_012\2026-03-02\1\widefield.tar,107037206016,True,169140,,,
\\sahale.biostr.washington.edu\data\Subjects\FD_012\2026-03-03\1\widefield.tar,115088727552,True,181863,,,
\\sahale.biostr.washington.edu\data\Subjects\FD_012\2026-04-15\1\widefield.tar,121577154048,True,192116,,,
\\sahale.biostr.washington.edu\data\Subjects\FD_012\2026-04-20\1\widefield.tar,126789158400,True,200352,,,
\\sahale.biostr.washington.edu\data\Subjects\FD_012\2026-04-21\1\widefield.tar,191350289408,False,302371,197404,1/Basler_acA2440-75um__23040354__20260421_161727110_99999.tiff,
\\sahale.biostr.washington.edu\data\Subjects\FD_012\2026-04-23\1\widefield.tar,192299276288,False,303870,194063,1/Basler_acA2440-75um__23040354__20260423_160521622_99999.tiff,
\\sahale.biostr.washington.edu\data\Subjects\FD_012\2026-05-05\1\widefield.tar,126363262464,True,199679,,,
\\sahale.biostr.washington.edu\data\Subjects\FD_012\2026-05-06\1\widefield.tar,130003312128,True,205431,,,
\\sahale.biostr.washington.edu\data\Subjects\ZYE_0080\2024-04-29\2\widefield.tar,29079264768,True,45951,,,
\\sahale.biostr.washington.edu\data\Subjects\AL_0035\2024-08-12\1\widefield.tar,143465547264,True,226704,,,
\\sahale.biostr.washington.edu\data\Subjects\AL_0035\2024-08-14\1\widefield.tar,179614176768,True,283826,,,
\\sahale.biostr.washington.edu\data\Subjects\AL_0035\2024-08-16\1\widefield.tar,126138607104,True,199324,,,
\\sahale.biostr.washington.edu\data\Subjects\AL_0035\2024-08-22\1\widefield.tar,129462873600,True,204577,,,
\\sahale.biostr.washington.edu\data\Subjects\AL_0035\2024-08-29\1\widefield.tar,127437811200,True,201377,,,
\\sahale.biostr.washington.edu\data\Subjects\AL_0035\2024-09-04\1\widefield.tar,150357087744,True,237594,,,
\\sahale.biostr.washington.edu\data\Subjects\AL_0035\2024-09-10\1\widefield.tar,145750703616,True,230315,,,
\\sahale.biostr.washington.edu\data\Subjects\AL_0035\2024-12-05\1\widefield.tar,41725779456,True,65935,,,
\\sahale.biostr.washington.edu\data\Subjects\AL_0035\2024-12-09\1\widefield.tar,149788804608,True,236696,,,
\\sahale.biostr.washington.edu\data\Subjects\AL_0035\2024-12-19\2\widefield.tar,131862572544,True,208369,,,
\\sahale.biostr.washington.edu\data\Subjects\AL_0035\2025-01-08\1\widefield.tar,233308706304,True,368674,,,
\\sahale.biostr.washington.edu\data\Subjects\AL_0035\2025-01-11\1\widefield.tar,117675744768,True,185951,,,
\\sahale.biostr.washington.edu\data\Subjects\AL_0035\2025-01-12\1\widefield.tar,106182882816,True,167790,,,
\\sahale.biostr.washington.edu\data\Subjects\AL_0035\2025-01-19\1\widefield.tar,187434714624,True,296184,,,
\\sahale.biostr.washington.edu\data\Subjects\AL_0035\2025-01-25\1\widefield.tar,169686941184,True,268139,,,
\\sahale.biostr.washington.edu\data\Subjects\AL_0035\2025-04-11\1\widefield.tar,125613356544,True,198494,,,
\\sahale.biostr.washington.edu\data\Subjects\AL_0035\2025-04-14\1\widefield.tar,128922435072,True,203723,,,
\\sahale.biostr.washington.edu\data\Subjects\AL_0035\2025-04-24\1\widefield.tar,244069381632,True,385678,,,
\\sahale.biostr.washington.edu\data\Subjects\AL_0035\2025-04-25\1\widefield.tar,181512672768,True,286826,,,
\\sahale.biostr.washington.edu\data\Subjects\AL_0035\2025-04-25\2\widefield.tar,181512672768,True,286826,,,
\\sahale.biostr.washington.edu\data\Subjects\AL_0035\2025-04-27\1\widefield.tar,189171838464,True,298929,,,
\\sahale.biostr.washington.edu\data\Subjects\AL_0035\2025-05-01\1\widefield.tar,118668025344,True,187519,,,
\\sahale.biostr.washington.edu\data\Subjects\AL_0035\2025-05-08\1\widefield.tar,115821547008,True,183021,,,
\\sahale.biostr.washington.edu\data\Subjects\AL_0035\2025-05-10\1\widefield.tar,122172648960,True,193057,,,
\\sahale.biostr.washington.edu\data\Subjects\AL_0035\2025-05-11\1\widefield.tar,70241189376,True,110995,,,
\\sahale.biostr.washington.edu\data\Subjects\AL_0035\2025-05-24\1\widefield.tar,153477582336,True,242525,,,
\\sahale.biostr.washington.edu\data\Subjects\AB_0005\2021-03-29\2\widefield.tar,64896422400,True,122583,,,
\\sahale.biostr.washington.edu\data\Subjects\AB_0005\2021-03-30\1\widefield.tar,172251364864,True,325366,,,
\\sahale.biostr.washington.edu\data\Subjects\AL_0048\2026-06-05\2\widefield.tar,23694874112,True,37748,,,
\\sahale.biostr.washington.edu\data\Subjects\AL_0048\2026-06-07\1\widefield.tar,51576585728,True,82166,,,
\\sahale.biostr.washington.edu\data\Subjects\AL_0048\2026-06-11\1\widefield.tar,4249611776,True,6770,,,
\\sahale.biostr.washington.edu\data\Subjects\AL_0048\2026-06-11\2\widefield.tar,20920387072,True,33328,,,
\\sahale.biostr.washington.edu\data\Subjects\AL_0048\2026-06-11\3\widefield.tar,8024044032,True,12783,,,
\\sahale.biostr.washington.edu\data\Subjects\AL_0048\2026-06-11\4\widefield.tar,3331896832,True,5308,,,
\\sahale.biostr.washington.edu\data\Subjects\AL_0048\2026-06-11\5\widefield.tar,12898855424,True,20549,,,
\\sahale.biostr.washington.edu\data\Subjects\AL_0048\2026-06-11\6\widefield.tar,18659368448,True,29726,,,
\\sahale.biostr.washington.edu\data\Subjects\AL_0048\2026-06-12\4\widefield.tar,39626204672,True,63128,,,
\\sahale.biostr.washington.edu\data\Subjects\AL_0048\2026-06-20\1\widefield.tar,50766837248,True,80876,,,
\\sahale.biostr.washington.edu\data\Subjects\AL_0048\2026-06-20\2\widefield.tar,34349029888,True,54721,,,
\\sahale.biostr.washington.edu\data\Subjects\AL_0048\2026-06-24\2\widefield.tar,120553231872,True,190498,,,
\\sahale.biostr.washington.edu\data\Subjects\AL_0048\2026-06-24\5\widefield.tar,55929768448,True,89101,,,
\\sahale.biostr.washington.edu\data\Subjects\AL_0048\2026-07-01\4\widefield.tar,121280355840,True,191647,,,
\\sahale.biostr.washington.edu\data\Subjects\AL_0048\2026-07-01\6\widefield.tar,59310625280,True,94487,,,
\\sahale.biostr.washington.edu\data\Subjects\AL_0048\2026-07-10\3\widefield.tar,257381002752,True,406713,,,
\\sahale.biostr.washington.edu\data\Subjects\AL_0048\2026-07-14\1\widefield.tar,142241423872,True,226603,,,
\\sahale.biostr.washington.edu\data\Subjects\AL_0048\2026-07-15\1\widefield.tar,195134381568,True,308351,,,
\\sahale.biostr.washington.edu\data\Subjects\AL_0048\2026-07-21\1\widefield.tar,188313601536,True,300000,,,
\\sahale.biostr.washington.edu\data\Subjects\AL_0048\2026-07-29\2\widefield.tar,68846198272,True,109678,,,
\\sahale.biostr.washington.edu\data\Subjects\ZYE_0064\2022-04-14\1\widefield.tar,38899551744,True,61469,,,
\\sahale.biostr.washington.edu\data\Subjects\ZYE_0013\2020-11-11\3\widefield.tar,69989856768,True,132204,,,
\\sahale.biostr.washington.edu\data\Subjects\ZYE_0060\2022-03-23\2\widefield.tar,144202796544,True,227869,,,
\\sahale.biostr.washington.edu\data\Subjects\ZYE_0060\2022-03-24\1\widefield.tar,157962462720,True,249612,,,
\\sahale.biostr.washington.edu\data\Subjects\ZYE_0060\2022-03-25\1\widefield.tar,157230276096,True,248455,,,
\\sahale.biostr.washington.edu\data\Subjects\ZYE_0060\2022-03-26\1\widefield.tar,142178999808,True,224671,,,
\\sahale.biostr.washington.edu\data\Subjects\AL_0046\2026-02-11\1\widefield.tar,36698562048,True,57991,,,
\\sahale.biostr.washington.edu\data\Subjects\AL_0046\2026-02-12\1\widefield.tar,220384378368,True,348251,,,
\\sahale.biostr.washington.edu\data\Subjects\AL_0046\2026-02-18\1\widefield.tar,76032867840,True,120147,,,
\\sahale.biostr.washington.edu\data\Subjects\AL_0046\2026-02-18\3\widefield.tar,154372406784,True,243939,,,
\\sahale.biostr.washington.edu\data\Subjects\AL_0046\2026-02-19\1\widefield.tar,80664565248,True,127466,,,
\\sahale.biostr.washington.edu\data\Subjects\AL_0046\2026-02-19\2\widefield.tar,62571265536,True,98875,,,
\\sahale.biostr.washington.edu\data\Subjects\AL_0046\2026-02-22\1\widefield.tar,237278461440,True,374947,,,
\\sahale.biostr.washington.edu\data\Subjects\AL_0046\2026-03-02\1\widefield.tar,92707992064,True,146497,,,
\\sahale.biostr.washington.edu\data\Subjects\AL_0046\2026-03-03\1\widefield.tar,95185528320,True,150412,,,
\\sahale.biostr.washington.edu\data\Subjects\AL_0046\2026-03-04\1\widefield.tar,92640910848,True,146391,,,
\\sahale.biostr.washington.edu\data\Subjects\AL_0046\2026-03-05\3\widefield.tar,79458387456,True,125560,,,
\\sahale.biostr.washington.edu\data\Subjects\ZYE_0084\2024-04-29\1\widefield.tar,28360367616,True,44815,,,
\\sahale.biostr.washington.edu\data\Subjects\ZYE_0052\2021-12-15\1\widefield.tar,34230517248,True,54091,,,
\\sahale.biostr.washington.edu\data\Subjects\ZYE_0052\2021-12-18\2\widefield.tar,138743987712,True,219243,,,
\\sahale.biostr.washington.edu\data\Subjects\ZYE_0052\2021-12-19\4\widefield.tar,119245800960,True,188432,,,
\\sahale.biostr.washington.edu\data\Subjects\ZYE_0052\2021-12-20\1\widefield.tar,186831625728,True,295231,,,
\\sahale.biostr.washington.edu\data\Subjects\ZYE_0052\2021-12-21\1\widefield.tar,132206833152,True,208913,,,
\\sahale.biostr.washington.edu\data\Subjects\ZYE_0052\2021-12-22\4\widefield.tar,137740316160,True,217657,,,
\\sahale.biostr.washington.edu\data\Subjects\ZYE_0052\2021-12-31\1\widefield.tar,149913472512,True,236893,,,
\\sahale.biostr.washington.edu\data\Subjects\ZYE_0052\2022-01-04\1\widefield.tar,134896369152,True,213163,,,
\\sahale.biostr.washington.edu\data\Subjects\ZYE_0058\2022-01-28\1\widefield.tar,38720875520,True,53371,,,
\\sahale.biostr.washington.edu\data\Subjects\ZYE_0058\2022-01-29\1\widefield.tar,210177059328,True,289698,,,
\\sahale.biostr.washington.edu\data\Subjects\ZYE_0058\2022-01-30\1\widefield.tar,231283421696,True,318790,,,
\\sahale.biostr.washington.edu\data\Subjects\ZYE_0058\2022-01-31\1\widefield.tar,238871468032,True,329249,,,
\\sahale.biostr.washington.edu\data\Subjects\ZYE_0058\2022-02-01\1\widefield.tar,227076949504,True,312992,,,
\\sahale.biostr.washington.edu\data\Subjects\ZYE_0058\2022-02-02\2\widefield.tar,228953102848,True,315578,,,
\\sahale.biostr.washington.edu\data\Subjects\ZYE_0058\2022-02-04\1\widefield.tar,232315088384,True,320212,,,
\\sahale.biostr.washington.edu\data\Subjects\ZYE_0058\2022-03-08\2\widefield.tar,42549726720,True,67237,,,
\\sahale.biostr.washington.edu\data\Subjects\ZYE_0058\2022-03-09\1\widefield.tar,254283290112,True,401818,,,
\\sahale.biostr.washington.edu\data\Subjects\ZYE_0058\2022-03-10\1\widefield.tar,234162396672,True,370023,,,
\\sahale.biostr.washington.edu\data\Subjects\ZYE_0058\2022-03-11\1\widefield.tar,186659495424,True,294959,,,
\\sahale.biostr.washington.edu\data\Subjects\ZYE_0097\2025-07-07\1\widefield.tar,30879038976,True,48795,,,
\\sahale.biostr.washington.edu\data\Subjects\ZYE_0097\2025-07-08\1\widefield.tar,111227186688,True,175761,,,
\\sahale.biostr.washington.edu\data\Subjects\ZYE_0097\2025-07-09\1\widefield.tar,111025946112,True,175443,,,
\\sahale.biostr.washington.edu\data\Subjects\ZYE_0097\2025-07-15\1\widefield.tar,102858616320,True,162537,,,
\\sahale.biostr.washington.edu\data\Subjects\ZYE_0097\2025-07-16\1\widefield.tar,152628954624,True,241184,,,
\\sahale.biostr.washington.edu\data\Subjects\ZYE_0097\2025-07-18\1\widefield.tar,142620083712,True,225368,,,
\\sahale.biostr.washington.edu\data\Subjects\ZYE_0097\2025-07-19\1\widefield.tar,128705373696,True,203380,,,
\\sahale.biostr.washington.edu\data\Subjects\ZYE_0097\2025-07-20\1\widefield.tar,126846113280,True,200442,,,
\\sahale.biostr.washington.edu\data\Subjects\ZYE_0097\2025-07-22\1\widefield.tar,128923700736,True,203725,,,
\\sahale.biostr.washington.edu\data\Subjects\ZYE_0097\2025-07-26\1\widefield.tar,149934355968,True,236926,,,
\\sahale.biostr.washington.edu\data\Subjects\ZYE_0097\2025-11-18\1\widefield.tar,46691612160,True,73782,,,
\\sahale.biostr.washington.edu\data\Subjects\ZYE_0097\2025-11-18\8\widefield.tar,26269490688,True,41511,,,
\\sahale.biostr.washington.edu\data\Subjects\ZYE_0079\2024-04-29\1\widefield.tar,28971050496,True,45780,,,
\\sahale.biostr.washington.edu\data\Subjects\ZYE_0079\2024-05-04\2\widefield.tar,14569059840,True,23022,,,
\\sahale.biostr.washington.edu\data\Subjects\test\2025-02-03\3\widefield.tar,530947584,True,839,,,
\\sahale.biostr.washington.edu\data\Subjects\test\2025-04-30\3\widefield.tar,36694789632,True,58458,,,
\\sahale.biostr.washington.edu\data\Subjects\test\2025-11-04\1.tar,5484321280,True,8737,,,
\\sahale.biostr.washington.edu\data\Subjects\test\2025-11-05\1\1.tar,10444501504,True,16639,,,
\\sahale.biostr.washington.edu\data\Subjects\test\2025-12-03\1.tar,17021040128,True,27116,,,
\\sahale.biostr.washington.edu\data\Subjects\test\2026-02-17\1\widefield.tar,1189092864,True,1879,,,
\\sahale.biostr.washington.edu\data\Subjects\ZYE_0041\2021-09-02\2\widefield.tar,203848478208,True,322121,,,
\\sahale.biostr.washington.edu\data\Subjects\ZYE_0041\2021-09-02\7\widefield.tar,138379476480,True,218667,,,
\\sahale.biostr.washington.edu\data\Subjects\ZYE_0041\2021-09-03\1\widefield.tar,47814888960,True,75557,,,
\\sahale.biostr.washington.edu\data\Subjects\ZYE_0041\2021-09-03\2\widefield.tar,175507729920,True,277337,,,
\\sahale.biostr.washington.edu\data\Subjects\FD_005\2025-08-15\5\widefield.tar,24898776576,True,39345,,,
\\sahale.biostr.washington.edu\data\Subjects\FD_005\2025-08-18\1\widefield.tar,73859089920,True,116712,,,
\\sahale.biostr.washington.edu\data\Subjects\FD_005\2025-11-04\2\widefield.tar,80479778304,True,127174,,,
\\sahale.biostr.washington.edu\data\Subjects\FD_005\2025-11-26\1\widefield.tar,76054384128,True,120181,,,
\\sahale.biostr.washington.edu\data\Subjects\FD_005\2025-12-19\1\widefield.tar,117125813760,True,185082,,,
\\sahale.biostr.washington.edu\data\Subjects\FD_005\2025-12-29\1\widefield.tar,93690146304,True,148049,,,
\\sahale.biostr.washington.edu\data\Subjects\FD_005\2026-01-02\1\widefield.tar,97070102016,True,153390,,,
\\sahale.biostr.washington.edu\data\Subjects\FD_005\2026-01-29\3\widefield.tar,74239421952,True,117313,,,
\\sahale.biostr.washington.edu\data\Subjects\FD_005\2026-01-30\1\widefield.tar,76747968000,True,121277,,,
\\sahale.biostr.washington.edu\data\Subjects\FD_005\2026-02-01\1\widefield.tar,27506677248,True,43466,,,
\\sahale.biostr.washington.edu\data\Subjects\FD_005\2026-02-01\2\widefield.tar,43318617600,True,68452,,,
\\sahale.biostr.washington.edu\data\Subjects\FD_005\2026-02-05\1\widefield.tar,61276491264,True,96829,,,
\\sahale.biostr.washington.edu\data\Subjects\FD_005\2026-02-06\1\widefield.tar,115559241216,False,182606,118124,1/Basler_acA2440-75um__23040354__20260206_153636802_99999.tiff,
\\sahale.biostr.washington.edu\data\Subjects\FD_005\2026-02-10\1\widefield.tar,25087993344,True,39644,,,
\\sahale.biostr.washington.edu\data\Subjects\FD_005\2026-02-10\2\widefield.tar,36983336448,True,58441,,,
\\sahale.biostr.washington.edu\data\Subjects\FD_008\2026-02-09\1\widefield.tar,37983843840,True,60022,,,
\\sahale.biostr.washington.edu\data\Subjects\FD_008\2026-06-15\1\widefield.tar,60256998912,True,95218,,,
\\sahale.biostr.washington.edu\data\Subjects\FD_008\2026-06-16\1\widefield.tar,62849711616,True,99315,,,
\\sahale.biostr.washington.edu\data\Subjects\FD_008\2026-06-17\2\widefield.tar,58299016704,True,92124,,,
\\sahale.biostr.washington.edu\data\Subjects\FD_008\2026-06-18\1\widefield.tar,84932384256,True,134210,,,
\\sahale.biostr.washington.edu\data\Subjects\FD_008\2026-06-20\1\widefield.tar,104761542144,True,165544,,,
\\sahale.biostr.washington.edu\data\Subjects\FD_008\2026-06-21\1\widefield.tar,94792539648,True,149791,,,
\\sahale.biostr.washington.edu\data\Subjects\FD_008\2026-06-22\1\widefield.tar,102123265536,True,161375,,,
\\sahale.biostr.washington.edu\data\Subjects\FD_008\2026-06-23\1\widefield.tar,129329978880,True,204367,,,
\\sahale.biostr.washington.edu\data\Subjects\FD_008\2026-06-25\1\widefield.tar,111746741760,True,176582,,,
\\sahale.biostr.washington.edu\data\Subjects\FD_008\2026-06-26\1\widefield.tar,113981271552,True,180113,,,
\\sahale.biostr.washington.edu\data\Subjects\ZYE_0046\2021-10-02\1\widefield.tar,30474026496,True,48155,,,
\\sahale.biostr.washington.edu\data\Subjects\ZYE_0046\2021-10-06\1\widefield.tar,48069920256,True,75960,,,
\\sahale.biostr.washington.edu\data\Subjects\ZYE_0046\2021-11-22\1\widefield.tar,174909070848,True,276391,,,
\\sahale.biostr.washington.edu\data\Subjects\ZYE_0046\2021-11-23\2\widefield.tar,87909225984,True,138914,,,
\\sahale.biostr.washington.edu\data\Subjects\ZYE_0046\2021-11-23\4\widefield.tar,13726760448,True,21691,,,
\\sahale.biostr.washington.edu\data\Subjects\ZYE_0046\2021-11-24\1\widefield.tar,196947445248,True,311216,,,
\\sahale.biostr.washington.edu\data\Subjects\ZYE_0046\2021-11-24\3\widefield.tar,36569464320,True,57787,,,
\\sahale.biostr.washington.edu\data\Subjects\ZYE_0046\2021-11-27\2\widefield.tar,430101106176,True,679645,,,
\\sahale.biostr.washington.edu\data\Subjects\ZYE_0046\2021-11-29\1\widefield.tar,346362244608,True,547321,,,
\\sahale.biostr.washington.edu\data\Subjects\ZYE_0046\2021-11-30\6\widefield.tar,124664741376,True,196995,,,
\\sahale.biostr.washington.edu\data\Subjects\ZYE_0046\2021-12-01\1\widefield.tar,163064987136,True,257675,,,
\\sahale.biostr.washington.edu\data\Subjects\ZYE_0031\2021-03-20\1\widefield.tar,33436352000,True,63158,,,
\\sahale.biostr.washington.edu\data\Subjects\ZYE_0031\2021-03-21\3\widefield.tar,49263533568,True,93054,,,
\\sahale.biostr.washington.edu\data\Subjects\ZYE_0031\2021-03-31\1\widefield.tar,77408451072,True,146217,,,
\\sahale.biostr.washington.edu\data\Subjects\ZYE_0031\2021-04-13\3\widefield.tar,2456454656,True,4640,,,
\\sahale.biostr.washington.edu\data\Subjects\ZYE_0031\2021-04-13\5\widefield.tar,2808510976,True,5305,,,
\\sahale.biostr.washington.edu\data\Subjects\ZYE_0031\2021-04-22\1\widefield.tar,3251096064,True,6141,,,
\\sahale.biostr.washington.edu\data\Subjects\ZYE_0031\2021-04-22\3\widefield.tar,3166920192,True,5982,,,
\\sahale.biostr.washington.edu\data\Subjects\ZYE_0031\2021-04-22\5\widefield.tar,3512094208,True,6634,,,
\\sahale.biostr.washington.edu\data\Subjects\ZYE_0031\2021-04-22\7\widefield.tar,4273382912,True,8072,,,
\\sahale.biostr.washington.edu\data\Subjects\ZYE_0031\2021-06-28\1\widefield.tar,94581917184,True,178656,,,
\\sahale.biostr.washington.edu\data\Subjects\ZYE_0031\2021-09-29\3\widefield.tar,38057885184,True,60139,,,
\\sahale.biostr.washington.edu\data\Subjects\ZYE_0031\2021-09-30\1\widefield.tar,75305111040,True,118997,,,
\\sahale.biostr.washington.edu\data\Subjects\ZYE_0031\2021-09-30\2\widefield.tar,162358746624,True,256559,,,
\\sahale.biostr.washington.edu\data\Subjects\ZYE_0009\2020-08-14\4\widefield.tar,99632361984,True,179847,,,
\\sahale.biostr.washington.edu\data\Subjects\ZYE_0009\2020-08-15\1\widefield.tar,206335575552,True,381628,,,
\\sahale.biostr.washington.edu\data\Subjects\ZYE_0009\2020-08-16\1\widefield.tar,189509332992,True,322137,,,
\\sahale.biostr.washington.edu\data\Subjects\ZYE_0009\2020-08-17\1\widefield.tar,225509617152,True,383332,,,
\\sahale.biostr.washington.edu\data\Subjects\ZYE_0009\2020-08-18\1\widefield.tar,227348017152,True,386457,,,
\\sahale.biostr.washington.edu\data\Subjects\ZYE_0009\2020-08-20\2\widefield.tar,111720129536,True,185705,,,
\\sahale.biostr.washington.edu\data\Subjects\ZYE_0009\2020-08-25\1\widefield.tar,108863637504,True,186023,,,
\\sahale.biostr.washington.edu\data\Subjects\ZYE_0009\2020-08-26\1\widefield.tar,103499274240,True,175933,,,
\\sahale.biostr.washington.edu\data\Subjects\ZYE_0009\2020-08-30\1\widefield.tar,213390884352,True,362732,,,
\\sahale.biostr.washington.edu\data\Subjects\ZYE_0009\2020-08-31\1\widefield.tar,160207296000,True,272328,,,
\\sahale.biostr.washington.edu\data\Subjects\ZYE_0009\2020-09-01\1\widefield.tar,94098955776,True,178434,,,
\\sahale.biostr.washington.edu\data\Subjects\ZYE_0009\2020-09-02\1\widefield.tar,155688067584,True,264646,,,
\\sahale.biostr.washington.edu\data\Subjects\ZYE_0009\2020-09-03\1\widefield.tar,157347628032,True,267467,,,
\\sahale.biostr.washington.edu\data\Subjects\ZYE_0009\2020-09-04\1\widefield.tar,111174079488,True,188979,,,
\\sahale.biostr.washington.edu\data\Subjects\ZYE_0009\2020-09-10\1\widefield.tar,160653080064,True,292156,,,
\\sahale.biostr.washington.edu\data\Subjects\ZYE_0009\2020-09-26\1\widefield.tar,82174711296,True,155220,,,
\\sahale.biostr.washington.edu\data\Subjects\ZYE_0009\2021-01-20\1\widefield.tar,85114513920,True,160773,,,
\\sahale.biostr.washington.edu\data\Subjects\ZYE_0090\2024-06-25\2\widefield.tar,29614640640,True,46797,,,
\\sahale.biostr.washington.edu\data\Subjects\ZYE_0090\2024-07-16\1\widefield.tar,134642603520,True,212762,,,
\\sahale.biostr.washington.edu\data\Subjects\ZYE_0090\2024-07-16\3\widefield.tar,60294968832,True,95278,,,
\\sahale.biostr.washington.edu\data\Subjects\ZYE_0090\2024-07-17\1\widefield.tar,162351785472,True,256548,,,
\\sahale.biostr.washington.edu\data\Subjects\ZYE_0090\2024-07-27\1\widefield.tar,141218993664,True,223154,,,
\\sahale.biostr.washington.edu\data\Subjects\ZYE_0090\2024-07-27\3\widefield.tar,58258515456,True,92060,,,
\\sahale.biostr.washington.edu\data\Subjects\ZYE_0090\2024-08-10\10\widefield.tar,60665808384,True,95864,,,
\\sahale.biostr.washington.edu\data\Subjects\ZYE_0090\2024-08-10\5\widefield.tar,111918239232,True,176853,,,
\\sahale.biostr.washington.edu\data\Subjects\ZYE_0090\2024-08-11\4\widefield.tar,128042798592,True,202333,,,
\\sahale.biostr.washington.edu\data\Subjects\ZYE_0090\2024-08-11\6\widefield.tar,61959949824,True,97909,,,
\\sahale.biostr.washington.edu\data\Subjects\ZYE_0090\2024-08-12\1\widefield.tar,178513681920,True,282087,,,
\\sahale.biostr.washington.edu\data\Subjects\ZYE_0090\2024-08-12\3\widefield.tar,60784780800,True,96052,,,
\\sahale.biostr.washington.edu\data\Subjects\ZYE_0090\2024-08-13\1\widefield.tar,24093814272,True,38073,,,
\\sahale.biostr.washington.edu\data\Subjects\ZYE_0090\2024-08-13\3\widefield.tar,149555289600,True,236327,,,
\\sahale.biostr.washington.edu\data\Subjects\ZYE_0090\2024-08-13\5\widefield.tar,92928216576,True,146845,,,
\\sahale.biostr.washington.edu\data\Subjects\ZYE_0090\2024-08-14\1\widefield.tar,139264808448,True,220066,,,
\\sahale.biostr.washington.edu\data\Subjects\ZYE_0090\2024-08-14\3\widefield.tar,85327271424,True,134834,,,
\\sahale.biostr.washington.edu\data\Subjects\ZYE_0090\2024-08-15\1\widefield.tar,88381951488,True,139661,,,
\\sahale.biostr.washington.edu\data\Subjects\ZYE_0090\2024-08-15\3\widefield.tar,85143117312,True,134543,,,
\\sahale.biostr.washington.edu\data\Subjects\ZYE_0090\2024-08-16\1\widefield.tar,108466773504,True,171399,,,
\\sahale.biostr.washington.edu\data\Subjects\ZYE_0090\2024-08-16\3\widefield.tar,127318205952,True,201188,,,
\\sahale.biostr.washington.edu\data\Subjects\ZYE_0090\2024-08-18\3\widefield.tar,101327795712,True,160118,,,
\\sahale.biostr.washington.edu\data\Subjects\ZYE_0090\2024-08-18\5\widefield.tar,95936699904,True,151599,,,
\\sahale.biostr.washington.edu\data\Subjects\ZYE_0090\2024-08-19\1\widefield.tar,113922418176,True,180020,,,
\\sahale.biostr.washington.edu\data\Subjects\ZYE_0090\2024-08-19\3\widefield.tar,81476488704,True,128749,,,
\\sahale.biostr.washington.edu\data\Subjects\ZYE_0090\2024-08-20\1\widefield.tar,110195037696,True,174130,,,
\\sahale.biostr.washington.edu\data\Subjects\ZYE_0090\2024-08-20\3\widefield.tar,84785567232,True,133978,,,
\\sahale.biostr.washington.edu\data\Subjects\ZYE_0090\2024-08-21\1\widefield.tar,106483478016,True,168265,,,
\\sahale.biostr.washington.edu\data\Subjects\ZYE_0090\2024-08-21\3\widefield.tar,92358667776,True,145945,,,
\\sahale.biostr.washington.edu\data\Subjects\ZYE_0090\2024-09-08\1\widefield.tar,121332880896,True,191730,,,
\\sahale.biostr.washington.edu\data\Subjects\ZYE_0090\2025-02-02\1\widefield.tar,56399887872,True,89123,,,
\\sahale.biostr.washington.edu\data\Subjects\ZYE_0090\2025-02-02\3\widefield.tar,62746560000,True,99152,,,
\\sahale.biostr.washington.edu\data\Subjects\ZYE_0090\2025-02-25\1\widefield.tar,142001174016,True,224390,,,
\\sahale.biostr.washington.edu\data\Subjects\ZYE_0090\2025-03-06\5\widefield.tar,144525540864,True,228379,,,
\\sahale.biostr.washington.edu\data\Subjects\ZYE_0090\2025-03-14\3\widefield.tar,148123823616,True,234065,,,
\\sahale.biostr.washington.edu\data\Subjects\ZYE_0090\2025-04-26\1\widefield.tar,35956882944,True,56819,,,
\\sahale.biostr.washington.edu\data\Subjects\ZYE_0090\2025-04-26\3\widefield.tar,28908400128,True,45681,,,
\\sahale.biostr.washington.edu\data\Subjects\ZYE_0090\2025-04-26\5\widefield.tar,32735135232,True,51728,,,
\\sahale.biostr.washington.edu\data\Subjects\ZYE_0090\2025-05-02\2\widefield.tar,159536948736,True,252100,,,
\\sahale.biostr.washington.edu\data\Subjects\ZYE_0090\2025-05-03\1\widefield.tar,79795686912,True,126093,,,
\\sahale.biostr.washington.edu\data\Subjects\ZYE_0090\2025-05-03\2\widefield.tar,12947744256,True,20460,,,
\\sahale.biostr.washington.edu\data\Subjects\ZYE_0090\2025-05-03\4\widefield.tar,36349871616,True,57440,,,
\\sahale.biostr.washington.edu\data\Subjects\ZYE_0090\2025-05-03\6\widefield.tar,118456659456,True,187185,,,
\\sahale.biostr.washington.edu\data\Subjects\ZYE_0090\2025-05-05\1\widefield.tar,119643852288,True,189061,,,
\\sahale.biostr.washington.edu\data\Subjects\ZYE_0090\2025-06-04\2\widefield.tar,117775099392,True,186108,,,
\\sahale.biostr.washington.edu\data\Subjects\ZYE_0090\2025-06-04\4\widefield.tar,113906597376,True,179995,,,
\\sahale.biostr.washington.edu\data\Subjects\ZYE_0090\2025-06-05\1\widefield.tar,143071925760,True,226082,,,
\\sahale.biostr.washington.edu\data\Subjects\ZYE_0090\2025-06-06\1\widefield.tar,115517154816,True,182540,,,
\\sahale.biostr.washington.edu\data\Subjects\ZYE_0090\2025-06-07\1\widefield.tar,146131035648,True,230916,,,
\\sahale.biostr.washington.edu\data\Subjects\ZYE_0090\2025-06-07\2\widefield.tar,121045575168,True,191276,,,
\\sahale.biostr.washington.edu\data\Subjects\ZYE_0090\2025-06-08\1\widefield.tar,126777767424,True,200334,,,
\\sahale.biostr.washington.edu\data\Subjects\ZYE_0090\2025-06-10\1\widefield.tar,129658418688,True,204886,,,
\\sahale.biostr.washington.edu\data\Subjects\ZYE_0090\2025-06-10\2\widefield.tar,145213429248,True,229466,,,
\\sahale.biostr.washington.edu\data\Subjects\ZYE_0090\2025-06-11\1\widefield.tar,134323656192,True,212258,,,
\\sahale.biostr.washington.edu\data\Subjects\ZYE_0090\2025-06-12\1\widefield.tar,117051139584,True,184964,,,
\\sahale.biostr.washington.edu\data\Subjects\ZYE_0090\2025-06-12\2\widefield.tar,115114673664,True,181904,,,
\\sahale.biostr.washington.edu\data\Subjects\ZYE_0090\2025-06-13\1\widefield.tar,123365537280,True,194942,,,
\\sahale.biostr.washington.edu\data\Subjects\ZYE_0090\2025-06-16\1\widefield.tar,126962554368,True,200626,,,
\\sahale.biostr.washington.edu\data\Subjects\ZYE_0090\2025-06-16\2\widefield.tar,114279968256,True,180585,,,
\\sahale.biostr.washington.edu\data\Subjects\ZYE_0090\2025-06-17\1\widefield.tar,109128082944,True,172444,,,
\\sahale.biostr.washington.edu\data\Subjects\ZYE_0090\2025-06-19\2\widefield.tar,106546128384,True,168364,,,
\\sahale.biostr.washington.edu\data\Subjects\ZYE_0090\2025-06-22\1\widefield.tar,73378137600,True,115952,,,
\\sahale.biostr.washington.edu\data\Subjects\ZYE_0090\2025-06-22\2\widefield.tar,87873787392,True,138858,,,
\\sahale.biostr.washington.edu\data\Subjects\FD_011\2026-01-22\1\widefield.tar,5038609920,True,7962,,,
\\sahale.biostr.washington.edu\data\Subjects\FD_011\2026-01-28\4\widefield.tar,32562372096,True,51455,,,
\\sahale.biostr.washington.edu\data\Subjects\FD_011\2026-02-11\1\widefield.tar,112004937216,True,176990,,,
\\sahale.biostr.washington.edu\data\Subjects\FD_011\2026-02-12\1\widefield.tar,71580894720,True,113112,,,
\\sahale.biostr.washington.edu\data\Subjects\FD_011\2026-02-13\1\widefield.tar,77923137024,True,123134,,,
\\sahale.biostr.washington.edu\data\Subjects\FD_011\2026-02-15\1\widefield.tar,72611778048,True,114741,,,
\\sahale.biostr.washington.edu\data\Subjects\FD_011\2026-02-16\2\widefield.tar,79032491520,True,124887,,,
\\sahale.biostr.washington.edu\data\Subjects\FD_011\2026-02-17\1\widefield.tar,74291314176,True,117395,,,
\\sahale.biostr.washington.edu\data\Subjects\FD_011\2026-02-18\1\widefield.tar,90367145472,True,142798,,,
\\sahale.biostr.washington.edu\data\Subjects\FD_011\2026-02-18\3\widefield.tar,20021540352,True,31638,,,
\\sahale.biostr.washington.edu\data\Subjects\FD_011\2026-02-19\1\widefield.tar,86241080832,True,136278,,,
\\sahale.biostr.washington.edu\data\Subjects\FD_011\2026-02-20\1\widefield.tar,115719028224,True,182859,,,
\\sahale.biostr.washington.edu\data\Subjects\FD_011\2026-02-21\1\widefield.tar,113708520960,True,179682,,,
\\sahale.biostr.washington.edu\data\Subjects\FD_011\2026-02-22\1\widefield.tar,104650163712,True,165368,,,
\\sahale.biostr.washington.edu\data\Subjects\FD_011\2026-02-23\1\widefield.tar,115552593408,True,182596,,,
\\sahale.biostr.washington.edu\data\Subjects\FD_011\2026-02-24\1\widefield.tar,103736987136,True,163925,,,
\\sahale.biostr.washington.edu\data\Subjects\FD_011\2026-02-25\1\widefield.tar,236548814336,False,373794,243808,1/Basler_acA2440-75um__23040354__20260225_105203738_99999.tiff,
\\sahale.biostr.washington.edu\data\Subjects\FD_011\2026-02-28\1\widefield.tar,231219482112,False,365372,239222,1/Basler_acA2440-75um__23040354__20260228_162243153_99999.tiff,
\\sahale.biostr.washington.edu\data\Subjects\FD_011\2026-03-02\2\widefield.tar,220096571392,False,347796,227198,2/Basler_acA2440-75um__23040354__20260302_115422982_99999.tiff,
\\sahale.biostr.washington.edu\data\Subjects\FD_011\2026-03-03\1\widefield.tar,220903129088,False,349070,228206,1/Basler_acA2440-75um__23040354__20260303_151737958_99999.tiff,
\\sahale.biostr.washington.edu\data\Subjects\FD_011\2026-04-02\1\widefield.tar,101841022464,True,160929,,,
\\sahale.biostr.washington.edu\data\Subjects\FD_011\2026-04-03\1\widefield.tar,97720653312,True,154418,,,
\\sahale.biostr.washington.edu\data\Subjects\FD_011\2026-04-06\1\widefield.tar,186102605312,False,294079,191421,1/Basler_acA2440-75um__23040354__20260406_114010697_99999.tiff,
\\sahale.biostr.washington.edu\data\Subjects\FD_011\2026-04-09\2\widefield.tar,115775233536,False,182947,119419,2/Basler_acA2440-75um__23040354__20260409_115037754_99999.tiff,
\\sahale.biostr.washington.edu\data\Subjects\FD_011\2026-04-13\1\widefield.tar,189805273600,False,299929,196078,1/Basler_acA2440-75um__23040354__20260413_115218052_99999.tiff,
\\sahale.biostr.washington.edu\data\Subjects\FD_011\2026-04-14\2\widefield.tar,136096851456,True,215060,,,
\\sahale.biostr.washington.edu\data\Subjects\FD_011\2026-05-23\1\widefield.tar,99274888704,True,156874,,,
\\sahale.biostr.washington.edu\data\Subjects\FD_011\2026-05-25\1\widefield.tar,99952018944,True,157944,,,
\\sahale.biostr.washington.edu\data\Subjects\FD_011\2026-07-16\1\widefield.tar,49804512768,True,78701,,,
\\sahale.biostr.washington.edu\data\Subjects\ZYE_0055\2022-01-02\1\widefield.tar,71959328256,True,113710,,,
\\sahale.biostr.washington.edu\data\Subjects\ZYE_0055\2022-01-03\1\widefield.tar,126529064448,True,199941,,,
\\sahale.biostr.washington.edu\data\Subjects\ZYE_0055\2022-01-06\1\widefield.tar,142101794304,True,224549,,,
\\sahale.biostr.washington.edu\data\Subjects\ZYE_0055\2022-01-07\1\widefield.tar,42777546240,True,67597,,,
\\sahale.biostr.washington.edu\data\Subjects\ZYE_0055\2022-01-07\2\widefield.tar,28238863872,True,44623,,,
\\sahale.biostr.washington.edu\data\Subjects\ZYE_0055\2022-01-07\4\widefield.tar,145042564608,True,229196,,,
\\sahale.biostr.washington.edu\data\Subjects\ZYE_0055\2022-01-10\1\widefield.tar,170370399744,True,269219,,,
\\sahale.biostr.washington.edu\data\Subjects\ZYE_0055\2022-01-23\2\widefield.tar,154024349184,True,243389,,,
\\sahale.biostr.washington.edu\data\Subjects\ZYE_0055\2022-01-24\3\widefield.tar,143214312960,True,226307,,,
\\sahale.biostr.washington.edu\data\Subjects\ZYE_0089\2024-05-23\1\widefield.tar,153235840512,True,242143,,,
\\sahale.biostr.washington.edu\data\Subjects\ZYE_0089\2024-07-08\1\widefield.tar,144145841664,True,227779,,,
\\sahale.biostr.washington.edu\data\Subjects\ZYE_0089\2024-07-09\1\widefield.tar,175616577024,True,277509,,,
\\sahale.biostr.washington.edu\data\Subjects\ZYE_0089\2024-07-09\3\widefield.tar,35760705024,True,56509,,,
\\sahale.biostr.washington.edu\data\Subjects\ZYE_0089\2024-07-10\1\widefield.tar,115233646080,True,182092,,,
\\sahale.biostr.washington.edu\data\Subjects\ZYE_0089\2024-07-10\3\widefield.tar,70751884800,True,111802,,,
\\sahale.biostr.washington.edu\data\Subjects\ZYE_0089\2024-07-11\5\widefield.tar,158511760896,True,250480,,,
\\sahale.biostr.washington.edu\data\Subjects\ZYE_0089\2024-07-11\7\widefield.tar,85941751296,True,135805,,,
\\sahale.biostr.washington.edu\data\Subjects\ZYE_0089\2024-07-12\2\widefield.tar,162746672640,True,257172,,,
\\sahale.biostr.washington.edu\data\Subjects\ZYE_0089\2024-07-12\4\widefield.tar,60945520128,True,96306,,,
\\sahale.biostr.washington.edu\data\Subjects\ZYE_0089\2024-07-16\1\widefield.tar,129723600384,True,204989,,,
\\sahale.biostr.washington.edu\data\Subjects\ZYE_0089\2024-07-17\1\widefield.tar,125076715008,True,197646,,,
\\sahale.biostr.washington.edu\data\Subjects\ZYE_0089\2025-04-30\5\widefield.tar,28855242240,True,45597,,,
\\sahale.biostr.washington.edu\data\Subjects\ZYE_0089\2025-05-01\1\widefield.tar,104593841664,True,165279,,,
\\sahale.biostr.washington.edu\data\Subjects\ZYE_0089\2025-05-02\1\widefield.tar,158267487744,True,250094,,,
\\sahale.biostr.washington.edu\data\Subjects\ZYE_0089\2025-05-02\5\widefield.tar,96151229952,True,151938,,,
\\sahale.biostr.washington.edu\data\Subjects\ZYE_0089\2025-05-02\6\widefield.tar,27831320064,True,43979,,,
\\sahale.biostr.washington.edu\data\Subjects\ZYE_0089\2025-05-03\1\widefield.tar,141586036224,True,223734,,,
\\sahale.biostr.washington.edu\data\Subjects\ZYE_0089\2025-05-03\2\widefield.tar,114787499520,True,181387,,,
\\sahale.biostr.washington.edu\data\Subjects\ZYE_0089\2025-05-04\1\widefield.tar,89043260928,True,140706,,,
\\sahale.biostr.washington.edu\data\Subjects\ZYE_0089\2025-05-05\1\widefield.tar,14620319232,True,23103,,,
\\sahale.biostr.washington.edu\data\Subjects\ZYE_0089\2025-05-07\1\widefield.tar,41292289536,True,65250,,,
\\sahale.biostr.washington.edu\data\Subjects\ZYE_0089\2025-05-07\3\widefield.tar,44927909376,True,70995,,,
\\sahale.biostr.washington.edu\data\Subjects\ZYE_0067\2022-08-15\2\widefield.tar,69453566464,True,131191,,,
\\sahale.biostr.washington.edu\data\Subjects\ZYE_0067\2022-10-23\2\widefield.tar,171853757952,True,271563,,,
\\sahale.biostr.washington.edu\data\Subjects\ZYE_0067\2022-10-26\3\widefield.tar,194292082176,True,307020,,,
\\sahale.biostr.washington.edu\data\Subjects\AL_0041\2025-10-08\2\widefield.tar,11590952448,True,18316,,,
\\sahale.biostr.washington.edu\data\Subjects\AL_0041\2025-10-16\1\widefield.tar,47094093312,True,74418,,,
\\sahale.biostr.washington.edu\data\Subjects\AL_0041\2025-10-17\1\widefield.tar,57423810048,True,90741,,,
\\sahale.biostr.washington.edu\data\Subjects\AL_0041\2025-10-28\1\widefield.tar,47080803840,True,74397,,,
\\sahale.biostr.washington.edu\data\Subjects\AL_0041\2025-11-03\1\widefield.tar,143040284160,True,226032,,,
\\sahale.biostr.washington.edu\data\Subjects\AL_0041\2025-11-05\1\1.tar,30766049792,True,49013,,,
\\sahale.biostr.washington.edu\data\Subjects\AL_0041\2025-11-05\2\2.tar,1714283008,True,2731,,,
\\sahale.biostr.washington.edu\data\Subjects\AL_0041\2025-11-05\3\widefield.tar,92385398272,True,147178,,,
\\sahale.biostr.washington.edu\data\Subjects\AL_0041\2025-11-07\1\widefield.tar,117167581184,True,185148,,,
\\sahale.biostr.washington.edu\data\Subjects\AL_0041\2025-11-12\1\widefield.tar,97562139136,True,155425,,,
\\sahale.biostr.washington.edu\data\Subjects\AL_0041\2025-11-12\2\widefield.tar,93342031360,True,148702,,,
\\sahale.biostr.washington.edu\data\Subjects\AL_0041\2025-11-20\2\widefield.tar,128347823616,True,202815,,,
\\sahale.biostr.washington.edu\data\Subjects\AL_0041\2025-11-21\1\widefield.tar,116258201088,True,183711,,,
\\sahale.biostr.washington.edu\data\Subjects\AL_0041\2025-11-21\3\widefield.tar,33722985984,True,53289,,,
\\sahale.biostr.washington.edu\data\Subjects\AL_0041\2025-12-02\1\widefield.tar,69476421120,True,110682,,,
\\sahale.biostr.washington.edu\data\Subjects\AL_0041\2025-12-02\2\widefield.tar,71695383040,True,114217,,,
\\sahale.biostr.washington.edu\data\Subjects\AL_0041\2025-12-10\1\widefield.tar,100912865792,True,160763,,,
\\sahale.biostr.washington.edu\data\Subjects\AL_0041\2026-01-28\1\widefield.tar,17768658432,True,28078,,,
\\sahale.biostr.washington.edu\data\Subjects\AL_0041\2026-01-28\3\widefield.tar,114729278976,True,181295,,,
\\sahale.biostr.washington.edu\data\Subjects\AL_0041\2026-02-07\2\widefield.tar,83059481088,True,132321,,,
\\sahale.biostr.washington.edu\data\Subjects\AL_0041\2026-02-07\3\widefield.tar,24644602368,True,39261,,,
\\sahale.biostr.washington.edu\data\Subjects\AL_0041\2026-02-09\3\widefield.tar,84743632384,True,135004,,,
\\sahale.biostr.washington.edu\data\Subjects\AL_0041\2026-02-10\1\widefield.tar,138029476352,True,219893,,,
\\sahale.biostr.washington.edu\data\Subjects\AL_0041\2026-02-10\2\widefield.tar,86948156928,True,138516,,,
\\sahale.biostr.washington.edu\data\Subjects\AL_0041\2026-02-17\1\widefield.tar,153899048448,True,243191,,,
\\sahale.biostr.washington.edu\data\Subjects\AL_0041\2026-02-19\2\widefield.tar,146498078208,True,231496,,,
\\sahale.biostr.washington.edu\data\Subjects\AL_0041\2026-02-21\3\widefield.tar,83097143808,True,132381,,,
\\sahale.biostr.washington.edu\data\Subjects\AL_0041\2026-02-21\4\widefield.tar,84403412480,True,134462,,,
\\sahale.biostr.washington.edu\data\Subjects\AL_0041\2026-02-24\1\widefield.tar,125717140992,True,198658,,,
\\sahale.biostr.washington.edu\data\Subjects\AL_0041\2026-02-27\1\widefield.tar,141174313472,True,224903,,,
\\sahale.biostr.washington.edu\data\Subjects\AL_0041\2026-02-27\2\widefield.tar,14589283840,True,23242,,,
\\sahale.biostr.washington.edu\data\Subjects\AL_0041\2026-02-28\2\widefield.tar,143093856768,True,227961,,,
\\sahale.biostr.washington.edu\data\Subjects\AL_0041\2026-02-28\4\widefield.tar,34644682240,True,55192,,,
\\sahale.biostr.washington.edu\data\Subjects\AL_0041\2026-03-05\3\widefield.tar,59276101120,True,94432,,,
\\sahale.biostr.washington.edu\data\Subjects\AL_0041\2026-03-06\2\widefield.tar,53643641344,True,85459,,,
\\sahale.biostr.washington.edu\data\Subjects\AL_0041\2026-03-10\2\widefield.tar,33543047680,True,53437,,,
\\sahale.biostr.washington.edu\data\Subjects\AL_0041\2026-03-10\3\widefield.tar,28712176128,True,45741,,,
\\sahale.biostr.washington.edu\data\Subjects\AL_0041\2026-03-10\4\widefield.tar,32791048704,True,52239,,,
\\sahale.biostr.washington.edu\data\Subjects\AL_0041\2026-03-16\2\widefield.tar,96124678656,True,153135,,,
\\sahale.biostr.washington.edu\data\Subjects\AL_0041\2026-03-19\1\widefield.tar,106373332480,True,169462,,,
\\sahale.biostr.washington.edu\data\Subjects\AL_0041\2026-03-23\2\widefield.tar,26015525376,True,41445,,,
\\sahale.biostr.washington.edu\data\Subjects\AL_0041\2026-03-23\3\widefield.tar,30135826944,True,48009,,,
\\sahale.biostr.washington.edu\data\Subjects\AL_0041\2026-03-23\5\widefield.tar,54930450944,True,87509,,,
\\sahale.biostr.washington.edu\data\Subjects\AL_0041\2026-03-24\1\widefield.tar,93584328192,True,149088,,,
\\sahale.biostr.washington.edu\data\Subjects\AL_0041\2026-03-24\6\widefield.tar,39699019264,True,63244,,,
\\sahale.biostr.washington.edu\data\Subjects\AL_0041\2026-04-07\4\widefield.tar,15069483520,True,24007,,,
\\sahale.biostr.washington.edu\data\Subjects\AL_0041\2026-04-07\5\widefield.tar,11814796800,True,18822,,,
\\sahale.biostr.washington.edu\data\Subjects\AL_0041\2026-04-07\6\widefield.tar,15326845440,True,24417,,,
\\sahale.biostr.washington.edu\data\Subjects\AL_0041\2026-04-13\2\widefield.tar,25267920384,True,40254,,,
\\sahale.biostr.washington.edu\data\Subjects\AL_0041\2026-04-13\3\widefield.tar,37781359104,True,60189,,,
\\sahale.biostr.washington.edu\data\Subjects\AL_0041\2026-04-13\4\widefield.tar,36996719104,True,58939,,,
\\sahale.biostr.washington.edu\data\Subjects\AL_0041\2026-04-13\5\widefield.tar,51785613824,True,82499,,,
\\sahale.biostr.washington.edu\data\Subjects\AL_0041\2026-04-13\6\widefield.tar,28000978432,True,44608,,,
\\sahale.biostr.washington.edu\data\Subjects\AL_0041\2026-04-13\7\widefield.tar,24572415488,True,39146,,,
\\sahale.biostr.washington.edu\data\Subjects\AL_0041\2026-04-15\2\widefield.tar,117080882688,True,185011,,,
\\sahale.biostr.washington.edu\data\Subjects\AL_0041\2026-04-16\1\widefield.tar,164328752640,True,259672,,,
\\sahale.biostr.washington.edu\data\Subjects\AL_0041\2026-04-22\1\widefield.tar,75846100992,False,119851,29969,1/Basler_acA2440-75um__23040354__20260422_161403623_9999.tiff,
\\sahale.biostr.washington.edu\data\Subjects\AL_0041\2026-04-22\3\widefield.tar,106548026880,True,168367,,,
\\sahale.biostr.washington.edu\data\Subjects\AL_0041\2026-04-23\1\widefield.tar,29590593024,True,46759,,,
\\sahale.biostr.washington.edu\data\Subjects\AL_0041\2026-04-23\3\widefield.tar,104742557184,True,165514,,,
\\sahale.biostr.washington.edu\data\Subjects\AL_0041\2026-05-26\1\widefield.tar,247253159424,True,390709,,,
\\sahale.biostr.washington.edu\data\Subjects\AL_0041\2026-05-27\1\widefield.tar,273784641024,True,432634,,,
\\sahale.biostr.washington.edu\data\Subjects\AL_0036\2024-12-13\1\widefield.tar,162653013504,True,257024,,,
\\sahale.biostr.washington.edu\data\Subjects\AL_0036\2024-12-17\1\widefield.tar,110813314560,True,175107,,,
\\sahale.biostr.washington.edu\data\Subjects\AL_0036\2024-12-19\1\widefield.tar,175982353920,True,278087,,,
\\sahale.biostr.washington.edu\data\Subjects\AL_0036\2025-01-08\1\widefield.tar,209834436096,True,331580,,,
\\sahale.biostr.washington.edu\data\Subjects\AL_0036\2025-01-11\1\widefield.tar,106742939136,True,168675,,,
\\sahale.biostr.washington.edu\data\Subjects\AL_0036\2025-01-12\1\widefield.tar,108237688320,True,171037,,,
\\sahale.biostr.washington.edu\data\Subjects\AL_0036\2025-01-15\1\widefield.tar,94567325184,True,150654,,,
\\sahale.biostr.washington.edu\data\Subjects\AL_0036\2025-01-16\2\widefield.tar,174053481984,True,275039,,,
\\sahale.biostr.washington.edu\data\Subjects\AL_0036\2025-01-16\5\widefield.tar,49526066688,True,78261,,,
\\sahale.biostr.washington.edu\data\Subjects\AL_0036\2025-02-26\1\widefield.tar,76894785024,True,121509,,,
\\sahale.biostr.washington.edu\data\Subjects\AL_0036\2025-02-27\3\widefield.tar,26733989376,True,42245,,,
\\sahale.biostr.washington.edu\data\Subjects\default\2025-03-05\3\widefield.tar,5194318336,True,8275,,,
\\sahale.biostr.washington.edu\data\Subjects\ZYE_0083\2024-04-30\4\widefield.tar,31947259392,True,50483,,,
